{"polygon_x":{"0":[148.3977966309,158.9612121582,168.6780548096,178.3379821777,187.9345397949,196.5140991211,206.2618865967,216.3514862061,199.5040283203,191.8713684082,183.5138702393,174.9752197266,164.2950592041,155.185043335,145.3084411621,133.666885376],"1":[1.1787308455,25.9662208557,50.6483917236,76.0644378662,100.6855773926,125.3848266602,149.734664917,174.4949035645,174.5651550293,150.740814209,125.6810379028,101.1080093384,75.9973907471,50.9199676514,26.1308574677,0.6169645786],"2":[283.6134338379,285.2637329102,287.0138244629,289.1041259766,290.9156494141,292.3861083984,294.2144165039,295.6234130859,309.3493041992,308.7104492188,307.2991333008,305.4761352539,303.811920166,302.2998657227,300.8290405273,299.2373962402],"3":[285.5580749512,285.8284912109,285.4712524414,285.7093200684,285.650604248,285.3378601074,285.4459533691,285.210723877,302.4926757812,301.9855651855,301.9934692383,301.9893493652,301.565826416,301.0323791504,301.2276916504,301.1713256836],"4":[9.2456970215,16.1664047241,23.1228408813,30.2738838196,37.2390785217,44.177734375,51.8941497803,60.11668396,47.2498512268,39.958442688,33.5667114258,27.9588222504,21.1882476807,14.6353578568,7.3433408737,0.1961179376],"5":[274.3252868652,275.4172668457,276.8045043945,277.798614502,279.5997009277,280.5667419434,280.9527587891,280.2632446289,296.9120788574,295.853515625,294.7381896973,294.0445251465,293.3471984863,292.0842285156,291.4002075195,289.9969787598],"6":[85.5499649048,91.111076355,95.6318054199,100.1047363281,105.4487991333,110.1609344482,115.2923965454,120.4935379028,106.4675521851,101.806930542,97.1671676636,92.854598999,88.6555175781,83.9815368652,79.2378158569,74.4691314697],"7":[0.0616438389,4.8760905266,9.3164310455,14.4411258698,19.0040607452,24.3250751495,29.5181312561,35.3750076294,38.1969871521,32.1206932068,26.3766212463,21.771572113,17.3780670166,12.5522632599,8.0536174774,2.1185762882],"8":[287.2106323242,287.5175170898,288.2251281738,289.0732421875,290.0273132324,290.9354858398,291.2281494141,291.3701782227,307.3382873535,307.3209838867,306.6036376953,305.7984924316,305.0305786133,303.9003295898,303.3910827637,302.0519104004],"9":[299.0953979492,300.4687194824,301.1427307129,302.0018310547,303.252746582,303.9008178711,304.7245178223,305.1908874512,320.3335571289,319.5124816895,318.5867919922,318.3631286621,317.3433227539,315.9588317871,314.9810180664,313.326751709]},"polygon_y":{"0":[472.1865844727,480.8627929688,492.567199707,504.1166992188,515.3192749023,528.2172851562,540.8190917969,554.8334960938,568.7180175781,555.4575195312,544.1157836914,533.5072631836,521.295715332,509.8319702148,499.2548217773,486.8542175293],"1":[93.2307434082,92.3763885498,92.3423156738,92.4636154175,91.9255981445,90.8765258789,90.6211776733,90.8094329834,128.7252655029,128.3492126465,128.1804504395,128.0172576904,128.16065979,128.1673431396,128.5814056396,128.0952301025],"2":[902.6079101562,895.5075683594,888.521484375,881.715637207,874.7748413086,867.8009033203,861.1181640625,854.9408569336,859.4592285156,866.2096557617,873.4839477539,880.8214111328,887.2457885742,893.9613037109,900.916015625,907.8349609375],"3":[585.6147460938,584.184753418,580.9686279297,578.7153930664,576.4888305664,572.2614135742,569.758972168,566.5823364258,567.2618408203,569.7083129883,572.4137573242,576.2598266602,578.7407226562,581.2828369141,583.7880249023,586.6109008789],"4":[384.4719848633,387.6622924805,390.7161254883,394.5830688477,398.3038330078,402.0138244629,406.1323852539,411.6031494141,429.9288635254,425.0541381836,420.0281982422,416.3524780273,412.6410522461,408.908996582,404.468536377,401.2008056641],"5":[647.5676269531,642.635559082,637.1486816406,631.6104736328,626.6654052734,621.2805786133,617.0068969727,611.4515380859,614.3047485352,619.8258056641,625.3455200195,630.8893432617,635.7730102539,641.1636962891,646.1646118164,652.6726074219],"6":[425.5162353516,429.2540893555,433.2634277344,436.9445495605,440.848236084,444.3304443359,448.0536193848,451.7897338867,467.691192627,463.5122070312,459.6432189941,456.1151733398,452.4230957031,448.4806518555,444.9085998535,441.5493774414],"7":[144.464630127,143.8168640137,143.5622711182,142.1941375732,141.3286437988,140.2949981689,139.6386108398,139.8713989258,161.3330383301,164.0095672607,165.8644256592,166.7053527832,167.4772644043,169.0856933594,170.932800293,172.0746002197],"8":[539.2210693359,532.3587036133,526.0785522461,518.7774047852,513.3213500977,505.5734863281,499.7547912598,494.5092773438,497.5579528809,503.7079467773,510.768371582,517.4467163086,522.9424438477,529.674987793,535.125793457,542.342590332],"9":[790.9084472656,783.4002685547,777.2338867188,770.3333740234,763.7230834961,757.0205078125,750.0463256836,743.4296875,745.3472900391,752.1954956055,759.9960327148,766.7341308594,773.0658569336,780.1794433594,786.8482666016,794.7401123047]},"text":{"0":"CEDRON","1":"RUSALEM","2":"Cidtron","3":"de","4":"LEE","5":"Roude","6":"DU","7":"jor","8":"Rinse","9":"Terrone"},"score":{"0":0.9833589196,"1":0.9867255688,"2":0.7799795866,"3":0.944104135,"4":0.9693934917,"5":0.9602836967,"6":0.9673404694,"7":0.960359633,"8":0.9599362016,"9":0.6124562621}}