{"polygon_x":{"0":[535.9853515625,540.6856689453,544.9077758789,549.9437255859,554.7650756836,559.2282714844,562.8837280273,566.9315185547,567.1730957031,563.5535888672,558.6760864258,554.0264282227,549.0814819336,544.2748413086,540.2483520508,535.6615600586],"1":[290.1308898926,295.3467712402,300.7828369141,305.9290771484,311.3782653809,316.9103393555,322.1951599121,327.1290893555,326.6185302734,321.7677001953,316.078338623,310.6302185059,304.8500976562,299.377166748,294.2944946289,288.7510375977],"2":[551.2904052734,555.3739624023,559.9818115234,565.7944335938,571.4232177734,577.1588745117,581.928894043,586.5648193359,585.121887207,583.3558959961,576.2683105469,571.1181640625,565.7230224609,560.0879516602,554.8598022461,549.7371826172],"3":[424.3301696777,431.5606994629,439.1414794922,447.0126342773,454.9494934082,462.4377441406,469.1813964844,476.6162109375,477.7434997559,470.1983032227,462.8922119141,455.2098083496,447.3479919434,439.5363769531,432.0698547363,424.3094482422],"4":[367.5902709961,372.0875549316,375.957611084,380.500213623,384.9996337891,389.6200256348,393.459777832,396.9241638184,399.2519836426,394.930480957,390.3466186523,385.5328674316,380.9801635742,377.0584716797,372.8406066895,367.7395324707],"5":[601.6466064453,608.5394897461,612.8576049805,618.5604858398,623.9926147461,629.2667236328,634.7467651367,639.7576293945,638.7206420898,634.1667480469,627.9518432617,622.1813964844,616.4771118164,612.5874023438,609.0130615234,601.6513671875],"6":[399.2911071777,403.0938110352,406.1347961426,409.8683166504,412.7020874023,416.0574951172,419.1461791992,421.6624755859,422.8072814941,420.2523193359,416.6263122559,413.3938598633,409.9111328125,406.611328125,402.457244873,399.566192627],"7":[481.0577392578,483.3281860352,484.3890991211,486.2697753906,487.9477233887,489.2416687012,490.4260253906,492.3385314941,492.538269043,491.0030517578,489.7489624023,488.0230102539,485.0128479004,482.7619628906,481.231628418,478.7629394531],"8":[520.31640625,522.0638427734,523.831237793,526.8139648438,528.8188476562,531.2927246094,533.4815063477,536.4421386719,536.6636962891,534.8176879883,532.7740478516,530.0021972656,526.8026123047,524.5055541992,522.3919677734,519.9560546875],"9":[568.3548583984,571.6253051758,573.701965332,577.0303955078,579.6577148438,582.3815917969,584.9436645508,586.7369995117,586.1278686523,583.9917602539,580.682434082,578.3405151367,575.7817993164,573.3102416992,570.8663330078,568.3999633789]},"polygon_y":{"0":[120.1790313721,120.3101959229,120.5713729858,120.6869506836,120.8050231934,120.6526489258,120.9901046753,120.6454391479,138.0319366455,137.82472229,137.3950042725,137.0422821045,136.864151001,136.8938598633,136.8868713379,136.9513244629],"1":[157.119354248,157.8280181885,157.9233093262,157.8479309082,158.1177978516,158.088973999,157.8287200928,157.5034484863,174.4159698486,173.6720275879,173.2019042969,173.0310974121,172.5198516846,172.5237884521,172.6397094727,172.6678314209],"2":[173.6812744141,173.681930542,173.6978912354,173.6086883545,173.5616912842,173.0672912598,172.6493835449,171.7522277832,206.1170959473,206.0347900391,205.4103088379,205.5496826172,205.5909729004,205.2624664307,205.5833435059,205.998550415],"3":[120.2095870972,120.0788955688,119.6998672485,119.5262145996,119.4925079346,119.4699478149,119.5182876587,118.9279098511,137.0420684814,136.6256866455,136.3952636719,136.55809021,136.6645202637,136.8951263428,137.2237701416,137.451965332],"4":[119.0085220337,119.1066131592,119.2936630249,119.3324661255,119.4297485352,119.2528381348,119.3049926758,119.1603469849,135.7460327148,135.7193756104,135.7093658447,135.6217651367,135.4984436035,135.5218353271,135.9108276367,136.0528869629],"5":[173.0686798096,172.7449035645,173.0476379395,173.4540405273,173.9241638184,174.3657226562,174.8473815918,174.7215423584,210.1587677002,211.5003662109,211.2588500977,210.5806884766,210.2380218506,209.9699707031,209.6447906494,209.3869628906],"6":[119.1897125244,119.2076034546,119.4270706177,119.4749069214,119.6196136475,119.6731491089,119.8691864014,120.3003234863,138.9026794434,138.954208374,138.9334411621,138.8523254395,138.3426055908,137.8106842041,137.2537078857,136.7610473633],"7":[121.6008758545,121.802947998,122.1303710938,121.9373397827,121.6968994141,121.2928085327,121.3995819092,121.527557373,137.3400268555,137.1376800537,136.8671875,136.5297698975,136.3416748047,136.0979919434,136.0402679443,136.1193084717],"8":[119.8646240234,120.7756881714,120.8040771484,121.2957382202,121.2743377686,120.6886978149,121.8066329956,121.4019699097,136.158782959,136.3054962158,136.2968597412,136.164855957,135.8406524658,135.8633728027,135.6201629639,135.0752563477],"9":[119.93724823,120.5995864868,121.1989440918,121.5994873047,122.0391998291,122.2680587769,122.9073791504,123.0739517212,142.8141326904,142.5266113281,141.2719573975,140.5841827393,140.0032043457,139.6224517822,139.1267547607,138.9953308105]},"text":{"0":"Sone","1":"Merse","2":"&H","3":"Lamadi","4":"Pars","5":"15","6":"Inp","7":"a","8":"de","9":"5T"},"score":{"0":0.9175302982,"1":0.9141743183,"2":0.6714435816,"3":0.9129255414,"4":0.6818902493,"5":0.6829715371,"6":0.9097489119,"7":0.6504190564,"8":0.9001983404,"9":0.8573409319}}