{"polygon_x":{"0":[790.619140625,804.734375,818.9722290039,832.828125,846.4724731445,860.9631347656,874.9622192383,889.8507080078,886.5960083008,869.7583618164,856.60546875,844.2675170898,831.3023681641,817.8728637695,804.5258789062,790.0227050781],"1":[856.6451416016,862.9223022461,867.6372680664,872.5775146484,877.1334838867,882.6865234375,887.3759765625,892.057800293,891.4205322266,887.2902832031,881.9225463867,876.1539306641,871.4281616211,867.3145141602,863.5615234375,857.1288452148],"2":[905.2221069336,919.5738525391,932.6036376953,946.4782714844,960.3088378906,974.1563720703,988.0131835938,999.8981933594,999.8180541992,987.0688476562,972.9885253906,959.6460571289,946.0052490234,932.3764038086,918.4636230469,902.8493652344]},"polygon_y":{"0":[586.2323608398,586.0078125,584.8809204102,584.8656616211,585.1748046875,584.6727905273,584.9181518555,586.1382446289,651.3604736328,652.7354736328,653.5967407227,653.5574951172,653.0329589844,652.7419433594,653.0654296875,652.8372802734],"1":[586.5828857422,585.7444458008,585.9067993164,586.0676269531,586.1802978516,586.5229492188,586.4515991211,586.9978027344,626.5616455078,625.9234008789,625.2243652344,624.4343261719,624.7533569336,625.2647705078,625.4830932617,625.2922363281],"2":[585.565246582,584.9163208008,585.3236083984,585.4215087891,585.55078125,585.8930053711,586.6801757812,587.0078735352,652.9094238281,652.2866210938,651.8181762695,651.5770263672,651.4772949219,651.8622436523,651.6250610352,651.9344482422]},"text":{"0":"D.","1":"r","2":"W"},"score":{"0":0.9854539633,"1":0.4942432046,"2":0.9850155115}}