{"polygon_x":{"0":[908.5092773438,923.2465209961,937.4071655273,950.7022705078,963.1741943359,975.907043457,988.6710205078,999.8233032227,999.9111938477,988.3116455078,975.4805908203,962.60546875,949.3283691406,936.5832519531,923.0887451172,908.5541992188],"1":[928.4998168945,939.4178466797,950.7834472656,961.048034668,971.6723632812,981.4420166016,991.2789306641,999.9234619141,999.9586181641,991.4694213867,981.8988647461,971.3414916992,960.8319091797,950.5708007812,939.182800293,928.1466674805]},"polygon_y":{"0":[848.5007324219,848.1152954102,848.3752441406,848.3989868164,847.7980957031,847.6758422852,847.9147949219,847.7568359375,891.3566894531,892.3278808594,892.8317260742,893.5736694336,893.5704956055,893.2750854492,893.1092529297,892.8298950195],"1":[890.25390625,889.9862060547,890.3789672852,891.1463623047,890.9662475586,890.8074951172,891.8142700195,891.8773803711,928.7142944336,929.7590332031,930.2010498047,930.537109375,930.4110107422,930.4627685547,930.9479370117,931.26171875]},"text":{"0":"Ash","1":"Hec"},"score":{"0":0.987934947,"1":0.9723306894}}