{"polygon_x":{"0":[79.8091278076,91.9582366943,104.3918991089,117.6877212524,130.4846801758,142.7425994873,155.8709869385,169.3424835205,169.818359375,157.0902099609,143.9074401855,130.9425964355,117.7235565186,104.8267745972,91.9568481445,79.4756164551],"1":[585.3201904297,603.3834838867,622.5931396484,641.7674560547,661.3688964844,680.9548339844,700.6368408203,720.1824951172,720.9810791016,702.5562744141,682.1082763672,661.681640625,641.9005126953,622.776550293,603.4057006836,584.3198242188],"2":[290.3740844727,321.2109680176,353.484954834,385.3112792969,418.202545166,450.8862304688,483.1035766602,516.0674438477,517.0777587891,484.161529541,452.8293457031,419.5486450195,386.6524658203,353.9922790527,320.8851318359,289.9575500488],"3":[321.6126098633,338.6547851562,355.7699279785,372.5865478516,389.8102416992,407.365447998,424.8750610352,439.8843688965,440.1363525391,424.9278564453,406.7904052734,388.5311889648,371.1649169922,353.7305297852,336.4747314453,319.4842834473],"4":[509.5993652344,520.6441040039,532.6086425781,544.7678222656,557.3562011719,569.6143188477,581.5173950195,591.3103027344,589.9564208984,580.5407104492,568.5044555664,555.9088745117,543.900390625,531.8373413086,519.494934082,507.9882202148],"5":[491.810760498,504.9559020996,517.095703125,529.3029174805,541.8061523438,554.1669921875,566.7554931641,579.1151123047,578.6426391602,565.9120483398,553.2374267578,540.6426391602,528.2537841797,515.4926147461,502.9906616211,491.0081787109],"6":[177.3265228271,197.5210571289,219.3668212891,242.2819213867,263.8049926758,284.5773010254,306.7655944824,328.5574951172,330.0862121582,307.6782836914,285.6990966797,264.5612182617,243.0147399902,221.6257019043,199.4266052246,178.7641296387],"7":[170.8639831543,184.3703308105,197.3095397949,209.8458862305,222.5040588379,234.959274292,247.3795928955,260.7165527344,260.2043762207,246.1717529297,233.5592651367,220.8516540527,207.8112030029,195.3257446289,182.5394592285,169.5994415283],"8":[389.6995239258,405.9731445312,422.3772583008,439.273651123,456.9929199219,474.3189086914,492.4541015625,506.6116943359,505.811920166,490.9005126953,473.4089660645,456.7263183594,439.8579406738,422.5488891602,405.2723999023,388.6102600098],"9":[87.021484375,93.7385635376,102.462600708,109.6792526245,117.5837860107,126.3248748779,133.7970581055,141.869644165,108.9549102783,101.0091400146,92.8852005005,85.4394226074,77.6008758545,70.1873474121,61.5010108948,52.6297340393],"10":[364.1062011719,382.7180175781,403.1365356445,423.2381896973,443.0160522461,462.1774597168,482.2878723145,502.9158935547,504.2492675781,484.1282348633,464.3417663574,443.2647705078,423.1752319336,403.4973449707,383.3572387695,363.8789672852],"11":[506.7202453613,520.6585083008,534.2105712891,548.5572509766,562.5987548828,576.7543334961,590.9450683594,605.3557128906,606.3865966797,592.830871582,577.8568115234,563.5352172852,549.3929443359,535.2064208984,521.3703613281,506.9762573242],"12":[444.4455566406,450.8956604004,456.5047607422,461.9960327148,467.9287414551,474.0414733887,479.346862793,485.6918640137,484.4935302734,478.8902282715,472.290802002,466.3283996582,460.8235473633,454.8656005859,449.1790771484,442.5332641602],"13":[322.5455322266,332.0315551758,341.0516662598,349.8389892578,359.2708740234,368.3385620117,377.5841064453,385.9087524414,387.4287109375,379.1693725586,369.6728515625,360.3734130859,350.5859680176,340.6109313965,331.0694580078,320.2244262695],"14":[1.2907762527,3.7275173664,5.8408384323,7.8877778053,10.2368602753,12.4700832367,14.5652532578,17.159072876,17.5696792603,14.5008459091,12.1281251907,9.8899869919,7.7118897438,5.4827127457,3.8071751595,1.2056057453]},"polygon_y":{"0":[400.6053161621,399.5955200195,399.5910949707,400.3153686523,400.2356567383,400.7832336426,401.3253173828,402.7424316406,455.3348083496,455.884979248,455.2709655762,455.393371582,454.5629882812,454.4752197266,453.9261474609,454.1104431152],"1":[514.2737426758,514.2335205078,515.2866210938,515.0393066406,514.9772949219,515.0926513672,514.3428344727,514.040222168,551.5784912109,551.6810913086,551.3198242188,551.7316894531,551.9385986328,552.1992797852,552.6984863281,551.9782104492],"2":[319.0582580566,317.0133056641,316.9629821777,317.3889160156,317.2053222656,317.0592041016,317.3021850586,318.0619812012,370.4318237305,369.5827026367,368.4343261719,368.6058044434,369.1654663086,368.4732055664,368.1198730469,368.8898010254],"3":[514.3061523438,514.7742919922,514.8757324219,514.5133666992,514.4552612305,514.1723632812,514.1989746094,513.4064941406,551.2958374023,552.0183105469,552.5880126953,551.9066162109,552.0848388672,551.8737182617,551.5243530273,552.3779907227],"4":[547.8051147461,548.4408569336,549.3261108398,550.3076171875,550.4701538086,550.6731567383,550.7113037109,551.0497436523,588.5520629883,588.1291503906,587.8828735352,587.5969238281,587.4033813477,587.7413330078,587.7810058594,586.1270751953],"5":[512.8850097656,512.798828125,514.0565185547,514.3455200195,514.932800293,515.2993164062,515.8588256836,516.5902099609,551.6876831055,551.9031982422,551.3297119141,551.2385253906,551.3463745117,551.3181152344,551.5611572266,550.9069213867],"6":[395.9521179199,399.4952697754,400.252532959,397.9707336426,398.1143188477,399.2834777832,399.1232299805,397.4909973145,460.1455078125,462.1284790039,463.4642944336,462.5916137695,461.4039306641,461.4566040039,461.664276123,462.02734375],"7":[317.1258850098,316.7043457031,318.0690307617,318.7117919922,319.1217346191,319.4454956055,320.0568237305,320.7872314453,373.86328125,373.1363220215,372.3333435059,371.4285888672,370.6151123047,369.7280273438,368.8950195312,369.4942932129],"8":[548.29296875,549.6586914062,550.2554931641,549.3283691406,548.9779052734,548.9932250977,548.696105957,547.3405761719,587.5303955078,587.5659790039,587.141784668,587.2357788086,587.2398681641,587.8348999023,588.3012695312,587.2542114258],"9":[162.9829711914,166.6499633789,171.3517456055,175.5968933105,179.5860137939,184.7932128906,189.9637451172,197.0542602539,244.1890869141,238.3292388916,234.1741333008,229.1302490234,224.7447509766,220.3618469238,215.8345336914,212.1530456543],"10":[409.8313903809,410.072265625,410.1113586426,410.0108337402,410.6790466309,411.0658569336,410.2615356445,411.1286621094,452.6073608398,453.2761230469,452.3567199707,452.604095459,452.2120666504,451.0647277832,452.2994689941,452.0445556641],"11":[405.047668457,405.1377868652,405.4301757812,405.1588134766,405.1260986328,404.5389099121,404.3165588379,404.9776916504,452.7020263672,454.1341552734,453.6422729492,453.7585144043,453.3993530273,453.5971374512,454.0512390137,453.1915588379],"12":[518.2312011719,518.3266601562,518.8805541992,519.2627563477,519.0307006836,519.5922851562,519.6651611328,520.9043579102,551.8187866211,552.5736083984,552.4007568359,551.9750366211,551.7508544922,551.732421875,552.0109863281,551.7307128906],"13":[551.8630371094,550.8354492188,551.2326660156,550.5438842773,549.876953125,549.7719726562,548.6190185547,548.7431640625,587.7303466797,587.9736938477,587.2992553711,587.2261352539,587.1137695312,587.5158081055,587.5941162109,587.4855957031],"14":[421.7466430664,421.5347595215,422.0455627441,422.3421936035,421.9052124023,421.709777832,421.5154724121,422.0693359375,453.4012145996,454.3938598633,453.8305664062,453.1625366211,453.3044433594,453.311920166,453.3245849609,453.442199707]},"text":{"0":"Bir","1":"Saba&","2":"RUGEL","3":"Road","4":"Sea","5":"Mar","6":"Eyub","7":"EN","8":"Dead","9":"N","10":"Joab's","11":"Well","12":"to","13":"the","14":"9"},"score":{"0":0.9847505093,"1":0.9615552425,"2":0.9792420864,"3":0.9880574942,"4":0.9782696962,"5":0.9847495556,"6":0.9741761088,"7":0.957229197,"8":0.9873850346,"9":0.9746875167,"10":0.9685758948,"11":0.9798272848,"12":0.9813594818,"13":0.981844008,"14":0.4683167636}}