{"polygon_x":{"0":[46.1832885742,62.5479812622,79.4307098389,95.7616500854,112.8255615234,129.6063995361,146.1493225098,162.3091278076,163.6074981689,146.9445800781,130.421081543,113.2883834839,96.775680542,80.2811279297,63.7151527405,47.0492553711],"1":[174.9621887207,202.2492980957,230.9382629395,259.3756713867,287.6782836914,315.1785583496,343.6864013672,371.5066833496,371.4510498047,343.9248657227,315.1121826172,286.9562683105,258.907043457,231.2392883301,202.6208343506,173.6651611328],"2":[423.7372436523,457.7520141602,494.8057556152,531.6602783203,569.1326904297,605.9844970703,643.0498657227,681.4655761719,682.258605957,644.4482421875,607.8049316406,570.6426391602,533.6591186523,496.8788146973,458.4743652344,422.0976257324],"3":[457.6132202148,473.847076416,491.4182128906,508.6219482422,526.1149902344,542.6003417969,559.8700561523,577.2691650391,576.9119873047,559.9608154297,542.9831542969,525.4279785156,508.6276550293,491.4774780273,474.4387817383,456.5953369141],"4":[383.0970458984,392.9341125488,402.2901916504,411.1303405762,419.9434814453,428.3864135742,437.6700134277,447.2261352539,446.4772949219,437.5458068848,428.5207824707,419.828338623,410.936126709,402.1350708008,392.7281188965,383.5385437012],"5":[436.4781188965,470.0566101074,505.4305725098,540.630859375,576.3980712891,611.4450683594,647.5111083984,682.2075195312,682.1932373047,646.4303588867,612.2252197266,576.3295288086,541.4279785156,506.2089538574,470.3996276855,435.3853759766],"6":[0.3340514898,4.7945480347,8.7081317902,12.787112236,16.3430042267,20.5278511047,25.6063041687,30.1260986328,29.8586273193,25.685546875,21.2379074097,16.8108253479,12.7366352081,8.8978204727,5.0734639168,0.2606810629],"7":[122.2827606201,159.4892883301,198.8240814209,238.234954834,277.2157287598,316.4102478027,355.7135314941,398.6064453125,396.8453674316,356.9999694824,320.0601196289,280.7582702637,240.0609436035,199.3503112793,160.2392425537,121.0871200562],"8":[77.3420639038,121.4355621338,171.3572845459,221.4799499512,272.8005065918,321.8016967773,370.9411315918,422.3791809082,422.3161621094,374.2529602051,324.9369506836,275.2210083008,223.8215942383,171.3578491211,121.8965148926,75.1487426758],"9":[288.3976135254,343.1756286621,399.4703674316,455.6837768555,512.0942382812,570.9192504883,628.0568237305,686.1910400391,685.552734375,627.3591918945,571.1877441406,512.9474487305,457.2035217285,400.825958252,343.3583984375,286.3232727051],"10":[143.4351959229,161.0872497559,180.4878082275,199.9635314941,219.1830596924,237.8633117676,257.080078125,275.0852050781,275.400604248,256.6114501953,237.4240722656,218.4754333496,199.8060760498,180.212677002,160.9792327881,141.760848999]},"polygon_y":{"0":[55.1743736267,53.1569747925,50.528175354,48.8279151917,48.1446495056,46.4397773743,43.9560508728,44.1870803833,96.0994262695,97.1551818848,97.5808258057,97.1868133545,97.4000549316,97.4107971191,97.0955734253,97.9666519165],"1":[42.6408462524,43.6114959717,44.8715591431,45.8046417236,46.577003479,47.8503837585,48.1672058105,48.7658882141,98.0436248779,98.0073394775,98.0100402832,97.4784927368,97.393409729,97.1692047119,97.0110015869,96.3961486816],"2":[162.4429168701,160.1709289551,159.790512085,160.1347503662,159.2260894775,158.4324798584,158.4343566895,159.7932434082,224.2334594727,225.2826843262,224.8736419678,224.4966125488,225.311920166,225.4070892334,225.2596130371,224.9545593262],"3":[41.2339859009,41.2063026428,41.4420547485,41.6143188477,41.695602417,41.9205436707,41.4860153198,42.1761169434,97.13306427,98.3074569702,98.4378662109,98.1272277832,98.2473449707,97.8401489258,97.272857666,96.8353347778],"4":[40.4745483398,40.1582107544,41.4297828674,41.9871864319,42.4301986694,43.0842132568,44.9997520447,47.3208808899,97.7813339233,99.0193099976,99.9706420898,99.6592407227,99.1234970093,99.1350402832,98.8365249634,98.1775512695],"5":[258.3917541504,256.9154052734,257.4929199219,257.0869140625,256.9433898926,256.5936584473,256.507232666,257.915435791,317.4750976562,317.9398803711,317.0427856445,317.3485107422,317.3436889648,317.3748779297,317.853302002,317.717590332],"6":[59.1425323486,58.7787857056,59.1846618652,59.07837677,58.5803222656,57.9121322632,57.6164703369,57.8415908813,95.6804962158,95.7648925781,95.502784729,95.6169509888,95.9896774292,96.4702529907,96.7764892578,97.0497741699],"7":[163.6425018311,163.0902709961,161.7104187012,162.0187225342,161.952331543,162.3160095215,162.8065643311,163.9940643311,228.0686645508,227.2715454102,227.0927124023,228.2769622803,227.0698852539,225.3070220947,227.2100067139,227.6973266602],"8":[254.6590881348,253.6636962891,253.4955749512,253.0801086426,253.1243896484,252.854888916,253.2063598633,253.8804931641,321.0747680664,320.1231689453,319.3135375977,319.7133789062,318.6754760742,318.4944763184,319.3140563965,319.15625],"9":[350.5891723633,349.4203491211,348.8351745605,348.1780700684,348.690246582,348.4795532227,347.7110290527,349.3429870605,405.7236328125,406.2440185547,405.9136657715,407.1076049805,406.8587036133,406.5163574219,406.3903808594,406.5817871094],"10":[351.8896789551,351.0821838379,350.5139160156,350.1702270508,350.2687988281,350.5469360352,351.5359802246,352.0312194824,404.7411499023,405.0508422852,404.9965209961,404.7984619141,404.2119750977,404.721862793,405.2369995117,405.1639404297]},"text":{"0":"and","1":"Names","2":"OPHEL","3":"Red","4":"in","5":"OPHLA","6":"S","7":"ZION,","8":"XYSTUS,","9":"DOLOROSA","10":"VHA"},"score":{"0":0.991701901,"1":0.9928123355,"2":0.988683641,"3":0.9923297763,"4":0.9897168875,"5":0.9886061549,"6":0.9832037687,"7":0.9473633766,"8":0.9854735136,"9":0.9888328314,"10":0.9878786206}}