{"polygon_x":{"0":[933.095703125,942.0280761719,948.0254516602,954.1944580078,961.2735595703,968.1289672852,975.0906982422,982.2838745117,979.8071289062,973.1641235352,966.1008300781,958.9850463867,952.20703125,945.6607055664,938.3151245117,929.2150878906],"1":[812.5291748047,830.0817260742,846.2051391602,863.2624511719,880.3619384766,897.5841674805,914.8787841797,928.0236206055,927.8736572266,911.5343017578,895.4152832031,877.7755737305,861.5954589844,844.5402832031,828.0337524414,810.2739868164]},"polygon_y":{"0":[774.9895629883,775.2362060547,775.4251098633,775.7895507812,776.163269043,776.2830200195,776.4757080078,776.356262207,824.2254638672,824.3818359375,824.4096679688,824.2927246094,824.5090332031,824.8623657227,825.3815307617,825.0218505859],"1":[778.5497436523,778.3245849609,778.7291870117,778.7415161133,778.3218383789,777.4637451172,776.1567382812,775.7470092773,823.958984375,824.7208251953,825.4776611328,826.1992797852,826.5796508789,826.7279663086,826.3522338867,825.7248535156]},"text":{"0":"W.","1":"Trely"},"score":{"0":0.9182819724,"1":0.5589361191}}