{"polygon_x":{"0":[540.4139404297,555.2095947266,569.8181762695,584.3735961914,598.7656860352,613.0161132812,627.2217407227,642.05859375,642.1733398438,627.6356201172,612.9116210938,598.2824707031,583.5173950195,568.9812011719,554.7370605469,539.7794189453],"1":[3.4223105907,45.5888595581,88.0425720215,131.8439941406,177.4677429199,220.6603088379,266.984161377,307.7135620117,290.2643127441,249.884552002,207.9013366699,168.2118835449,123.781578064,81.3176422119,40.5359268188,0.1290470958],"2":[936.0593261719,945.5664672852,954.6259155273,963.6871948242,972.9694213867,981.813659668,990.7783203125,999.592590332,999.4550170898,990.5435180664,981.3977661133,972.3297119141,963.5568237305,954.5068359375,945.4836425781,935.8900146484],"3":[357.3905944824,378.529510498,401.6480712891,426.3790283203,449.6130981445,473.0743103027,496.4005126953,522.9709472656,502.5302124023,480.6431884766,451.5072021484,426.4318847656,403.7498474121,378.1858825684,353.0323791504,331.4742736816]},"polygon_y":{"0":[298.2023620605,299.2557067871,299.9860839844,300.0156555176,300.2008972168,300.0358276367,300.0219421387,300.0458068848,339.6552124023,339.7225646973,339.5240783691,338.9863586426,338.6843261719,338.3526000977,338.2555541992,338.1541137695],"1":[40.1931915283,43.2216339111,49.6117019653,55.2541503906,62.0890960693,71.0790710449,83.9296875,96.247718811,132.2683258057,120.5292358398,109.2173843384,100.1827392578,91.1018295288,83.5361633301,78.7130813599,74.7248306274],"2":[424.0110473633,423.4605102539,423.1227416992,423.1059265137,423.2621459961,423.3140869141,423.0054016113,422.7543334961,453.6307983398,453.6871948242,453.6677246094,453.0723571777,453.2209472656,453.5975646973,453.8231201172,453.5239868164],"3":[101.9455871582,115.7276306152,130.4945678711,145.4842376709,159.9487457275,173.1270751953,186.6107788086,200.4398345947,229.3768157959,217.6971130371,202.8024902344,188.8744354248,177.813873291,165.8198394775,154.8756256104,142.9471130371]},"text":{"0":"Lave","1":"oclent","2":"197","3":"Tomo"},"score":{"0":0.9537404776,"1":0.9702115059,"2":0.9717928171,"3":0.9066913724}}