{"polygon_x":{"0":[854.0334472656,871.2651977539,889.0467529297,906.8779907227,924.075378418,941.7841186523,959.4682617188,976.3482055664,977.2002563477,960.0170898438,942.4255371094,924.9361572266,907.4150390625,889.6010742188,872.288269043,854.4174804688],"1":[539.1157226562,567.1284179688,596.1740112305,625.239074707,654.4987792969,682.9468383789,711.2298583984,740.189453125,739.924987793,711.2934570312,683.3377685547,654.2155761719,625.2471313477,596.358581543,567.1932373047,538.2926025391],"2":[66.6717300415,80.3616256714,94.6496887207,109.2596054077,123.3385620117,137.3583831787,151.1905059814,165.4648132324,166.2908630371,152.3175964355,138.6211853027,124.3408660889,110.2917175293,96.0815429688,82.0248031616,68.0642929077],"3":[237.4938964844,258.637878418,282.4697570801,305.7695007324,328.9700317383,352.0057678223,374.8497924805,396.9467163086,398.4987792969,375.4829101562,353.7985229492,330.554473877,307.7257995605,285.2904968262,261.9915466309,238.2755737305],"4":[444.9024963379,455.480682373,465.6304626465,475.1903076172,484.9629516602,494.7982788086,504.7754516602,515.3599853516,515.7369995117,505.4995422363,495.428527832,485.4727478027,475.6890258789,465.9227905273,456.3001098633,445.7518005371],"5":[166.454284668,190.3188171387,212.7795257568,236.4862060547,259.697479248,283.0479431152,306.4702453613,330.3357543945,329.9957275391,304.8380126953,282.0299072266,258.9479064941,235.716003418,211.3822937012,187.8669433594,165.349899292],"6":[158.5097808838,165.5775756836,173.2653503418,180.5367126465,187.2070159912,194.1806640625,201.0902252197,208.6042480469,209.8645782471,202.0622253418,195.2049560547,188.2598266602,181.3278961182,174.1212768555,167.0023498535,159.6145324707],"7":[776.6905517578,789.2701416016,802.2650146484,815.7192382812,828.7438354492,841.6168823242,854.7593994141,867.2314453125,867.4578857422,854.7197875977,841.9470214844,829.260925293,816.5577392578,803.5228271484,790.7397460938,776.8447265625],"8":[329.8439941406,342.2061767578,355.6006469727,368.9604492188,382.5241699219,395.8148803711,409.1721191406,421.893157959,421.9159545898,408.9684448242,395.8322753906,382.4174194336,369.1244812012,355.532989502,343.149230957,329.3102722168],"9":[835.6518554688,840.2733764648,844.3893432617,848.9362182617,852.9216918945,857.2960205078,861.0938720703,865.4731445312,865.6102905273,861.5866699219,857.1004638672,852.5369873047,848.0938110352,843.8529052734,839.6378173828,834.96875],"10":[147.8830413818,160.5148162842,173.762512207,187.7069091797,201.2102508545,214.5661621094,227.6710357666,240.8473815918,241.8506164551,228.5963134766,215.6903381348,202.2169647217,188.5891418457,175.1477661133,162.013092041,148.3346252441],"11":[335.3949584961,347.7603759766,360.0513305664,372.0903015137,384.5911865234,397.0260620117,409.6243896484,421.4901123047,420.8919677734,408.3116455078,395.5853881836,383.1170349121,370.712890625,358.3986206055,346.1296081543,333.8332519531],"12":[97.7578735352,103.1334228516,108.2954864502,113.3604507446,118.41456604,123.57862854,128.6475219727,134.3449249268,134.6335601807,129.4017181396,124.1563491821,118.4168243408,113.4160461426,108.2768249512,103.0330200195,97.4902420044],"13":[934.5008544922,942.0485839844,949.7005615234,957.7639160156,965.7291259766,973.7536621094,981.5081176758,990.1102294922,990.5053100586,982.4641113281,974.8446044922,966.1967773438,958.6139526367,950.466003418,942.4970092773,934.974609375],"14":[760.6897583008,770.118347168,779.5003662109,788.948425293,797.7383422852,806.6724243164,815.6589355469,824.5763549805,825.2004394531,816.3245849609,807.2189331055,798.3284912109,789.2349853516,779.7817382812,770.3450927734,760.7430419922],"15":[426.7035522461,443.3908691406,460.0594482422,476.8200683594,493.9853210449,510.9261779785,527.5078125,544.0192260742,544.4819946289,527.3667602539,510.4354553223,493.7535400391,477.0045471191,459.5375366211,443.0629882812,426.1683654785],"16":[551.2978515625,561.6831054688,572.2750854492,582.0068969727,592.2832641602,602.143371582,612.3650512695,623.1605224609,622.2525634766,612.3473510742,601.867980957,592.0815429688,582.0330200195,571.4914550781,561.3046264648,550.4519042969],"17":[0.5130712986,15.8381271362,30.4352455139,46.0249862671,60.9693756104,75.9248275757,90.1005554199,105.2911071777,104.5943145752,89.8510437012,75.0630874634,60.3663482666,45.1388168335,30.1647529602,15.3387947083,0.1990583837],"18":[113.9047241211,121.3447494507,128.3230285645,135.5818786621,142.6619873047,149.752456665,157.0508422852,164.6157989502,163.707611084,156.4806213379,149.6088867188,141.7943572998,134.5054626465,127.0892410278,119.4949417114,112.2542495728],"19":[0.0470349379,14.6797504425,29.3955802917,44.1621246338,60.0112991333,75.9625396729,92.4151763916,109.96925354,110.3326034546,93.9369049072,76.8174057007,60.7133026123,44.4551467896,29.155330658,14.668513298,0.0980975404],"20":[943.8197021484,952.7320556641,961.3366088867,969.6484375,977.6856689453,985.4064941406,992.7495727539,999.8656616211,999.9039306641,992.7161865234,984.9683227539,977.2890625,968.9360351562,960.958984375,952.2703857422,943.0206298828],"21":[639.1278686523,663.7556152344,687.7001342773,711.9029541016,736.6720581055,760.4838867188,783.6751708984,802.9003295898,805.680847168,782.0052490234,758.5382080078,734.3341064453,710.1038818359,685.667175293,661.2869262695,638.0477294922],"22":[876.3458862305,894.1588134766,912.6448974609,930.7625732422,948.5739746094,966.0526123047,984.6513671875,999.9543457031,999.9713745117,984.831237793,967.0356445312,948.9954223633,930.6593017578,913.3255615234,894.9810180664,876.3248291016]},"polygon_y":{"0":[145.9495544434,144.6365203857,144.9075317383,144.2069091797,143.6619415283,143.2045593262,143.2560424805,143.8330230713,188.7321624756,188.867477417,188.8977813721,189.1974487305,188.9512786865,189.5686645508,190.2610015869,190.0019226074],"1":[67.3575668335,67.0768127441,66.7028503418,67.1274719238,67.9142837524,68.9559020996,67.7742843628,70.106086731,123.4925384521,124.1063232422,124.7034912109,124.8513412476,124.9195556641,124.8474960327,124.3232650757,123.8670425415],"2":[275.5257568359,275.1983032227,274.8422546387,274.1817932129,273.9962463379,273.6037597656,273.346282959,273.8044433594,320.7953491211,320.9487609863,320.9710388184,321.369354248,321.1742858887,321.644744873,322.0846557617,322.4394226074],"3":[72.6861190796,71.6355285645,70.420249939,69.4828186035,69.7948379517,69.0706558228,69.0069351196,69.3300018311,124.9791717529,124.3362579346,124.3271942139,124.4081115723,124.4487304688,124.6968460083,124.956451416,125.0189208984],"4":[70.0552062988,69.2152175903,68.9987258911,68.5758590698,68.2124252319,67.8078079224,67.8510665894,67.6547393799,123.1122665405,123.4489059448,123.0241012573,123.0383453369,123.3067398071,123.52784729,123.8467483521,123.9013671875],"5":[509.7871398926,510.1452026367,510.8083496094,510.7008666992,510.3741455078,510.1677246094,510.0717468262,509.3684387207,553.5378417969,553.871887207,555.9586791992,555.8363037109,556.0380249023,555.9257202148,555.6397705078,554.8108520508],"6":[73.0573348999,72.0419998169,72.008430481,72.1112518311,72.2243652344,72.3894958496,72.7659378052,73.4618988037,125.8139648438,125.5710678101,125.6326293945,125.6039733887,125.2655181885,125.4545288086,125.5190124512,125.5708465576],"7":[399.9616088867,399.2033691406,399.3801574707,398.792388916,398.447265625,398.2803649902,398.3716125488,399.4926757812,446.2504882812,446.4344787598,446.4018554688,446.05859375,445.974609375,446.3821716309,446.901550293,446.9338378906],"8":[400.2346801758,399.9046020508,399.9946594238,399.3789672852,399.3638305664,399.4811401367,399.0806274414,399.587097168,447.2349853516,447.0599060059,447.2484741211,447.0094299316,446.8217163086,447.0875854492,447.2465515137,447.0629272461],