{"polygon_x":{"0":[505.2709655762,544.6764526367,582.8800048828,622.6220703125,661.7786254883,700.807434082,739.0388183594,779.0740356445,778.7253417969,739.6962890625,700.5908813477,660.857421875,622.0596923828,582.2496948242,542.9949951172,504.1034545898],"1":[583.3590698242,619.2124023438,654.5837402344,689.7911376953,725.6859130859,760.6862792969,795.676574707,831.8575439453,831.1186523438,795.018371582,760.166015625,724.2320556641,688.9252929688,653.6280517578,618.1052246094,582.306640625],"2":[501.0234069824,532.5031738281,564.8167724609,597.66015625,631.0721435547,663.6555175781,695.9215087891,728.845703125,728.5296630859,696.5588378906,663.3079833984,630.3824462891,597.7940063477,564.5303955078,531.9163208008,500.2601623535],"3":[566.4439697266,597.9715576172,629.2524414062,661.3302001953,693.3161621094,724.8450927734,756.1418457031,788.9617919922,789.7118530273,758.4592285156,726.9522094727,694.3222045898,662.4057617188,630.5591430664,598.7983398438,567.0856323242],"4":[0.0100054266,23.2724590302,51.3625106812,77.3063583374,103.2573852539,130.9802398682,159.9245605469,189.3659667969,187.9908447266,159.0538024902,131.1288146973,102.4149780273,74.8003616333,48.4619941711,22.1821556091,0.0108705917],"5":[849.8383178711,862.1822509766,874.7513427734,887.188659668,899.440612793,911.4110717773,923.6633911133,935.6571044922,935.2647705078,923.9462280273,911.3909912109,898.1031494141,886.0338745117,873.853515625,861.7168579102,849.3612670898],"6":[792.4606323242,822.7841796875,852.4487915039,882.6903686523,912.826171875,942.5902709961,973.3801879883,999.9442138672,999.8870849609,972.0333862305,942.7991943359,911.9550170898,881.8894042969,852.3819580078,822.7210083008,792.5127563477],"7":[506.2077026367,516.6925048828,526.6779174805,536.66796875,546.7667236328,556.7725219727,566.6390380859,576.5621337891,575.2740478516,565.3522338867,555.5377807617,545.1500854492,535.2055664062,524.4943847656,514.0865478516,503.2950439453],"8":[202.3825073242,218.6375427246,234.1423797607,249.4911193848,265.0731506348,280.3210754395,295.6700439453,312.2254333496,310.5077514648,293.5332641602,277.7787475586,262.0953063965,247.2828063965,231.8120422363,216.3932495117,200.388671875]},"polygon_y":{"0":[353.8218383789,353.4328613281,354.2999267578,354.7969055176,354.0556335449,353.1356506348,352.6217041016,353.6454772949,410.7342529297,411.9130859375,412.7422485352,413.1077880859,412.7812194824,411.9462280273,412.3031616211,411.2640075684],"1":[263.1493225098,264.5907897949,264.3866882324,264.6335449219,265.127532959,265.3015441895,263.8212280273,265.7330932617,321.7746582031,324.7853088379,324.6188964844,324.4082946777,324.8811645508,324.3182678223,323.4533081055,321.3705444336],"2":[172.2585144043,171.0746459961,171.6279754639,171.2684783936,170.5324554443,169.7669219971,169.8724975586,170.723739624,227.9203491211,228.4438476562,228.1625061035,228.2847442627,228.717956543,227.9778137207,227.8811950684,227.170425415],"3":[41.7471733093,42.4442367554,42.9300537109,42.6349411011,43.5225143433,44.1140327454,42.7938537598,42.9918327332,96.6252746582,97.8847579956,98.5758132935,99.021987915,99.4143981934,98.7649459839,98.0996322632,97.5051498413],"4":[781.0052490234,781.4819335938,780.6563720703,780.944152832,781.3831787109,781.2844848633,780.6586303711,782.5914916992,825.2740478516,825.4946899414,825.3087768555,825.1465454102,824.8440551758,824.6954956055,824.7052612305,823.4374389648],"5":[263.039276123,261.827911377,262.159362793,262.9403991699,263.0505065918,263.6706848145,264.7210083008,266.5856628418,319.8527832031,320.4711608887,321.6989746094,322.3092651367,321.8704528809,321.7573852539,321.5416259766,320.4059143066],"6":[43.1307182312,43.7759056091,43.7246017456,43.227596283,44.4826087952,44.7023544312,44.1444473267,45.0953712463,96.4753799438,97.1655578613,97.4364471436,96.8458557129,97.7400512695,97.6720809937,96.5658111572,95.8062057495],"7":[262.387878418,262.8921813965,263.7124328613,264.1698608398,264.7213134766,265.2377929688,266.0668640137,267.9700012207,318.8655700684,319.802520752,320.3222045898,320.2246704102,320.0328063965,319.6969604492,319.7347412109,319.1119995117],"8":[779.4414672852,780.4997558594,781.868347168,781.9263916016,782.3773803711,782.9619750977,784.1016235352,784.9255981445,836.0444335938,833.013671875,831.5371704102,830.0549316406,829.7204589844,827.8829345703,825.6521606445,825.3824462891]},"text":{"0":"Mediaval","1":"Josephus","2":"Biblical","3":"Ancient","4":"Saunders","5":"&c.","6":"Remain","7":"In","8":"Grogg"},"score":{"0":0.9897734523,"1":0.9896321297,"2":0.9901493788,"3":0.9873948097,"4":0.9863331914,"5":0.9893344045,"6":0.9901232123,"7":0.9884799123,"8":0.9848507643}}