{"polygon_x":{"0":[299.3639526367,334.4300842285,370.4561767578,406.1666259766,443.1543579102,478.0258483887,514.0811767578,548.7334594727,550.5313720703,515.9450073242,479.1593017578,442.7255554199,407.1268005371,369.8200683594,333.8499755859,297.8984069824],"1":[597.7475585938,649.3319091797,702.7490844727,757.8167114258,812.756652832,867.0111694336,918.5681762695,970.069519043,973.9953613281,918.7727050781,866.4606323242,810.5697021484,757.1131591797,702.9981689453,650.0232543945,597.0861816406]},"polygon_y":{"0":[0.0652894527,0.3878551424,0.1955202818,0.1274360269,0.1084683686,0.0924484506,0.0559058189,0.0099993125,46.3632774353,40.8292236328,38.267665863,35.7763824463,34.3064537048,33.2310066223,34.2775382996,35.2786331177],"1":[0.0601365268,0.1508292258,0.0976784229,0.0465364419,0.0622779541,0.1089486331,0.0735373199,0.0189177673,35.8317871094,38.5429916382,39.587890625,37.4551353455,35.7769775391,37.4868927002,35.5075263977,39.6846809387]},"text":{"0":"Murray","1":"Albemarre"},"score":{"0":0.4795546532,"1":0.4965656102}}