{"polygon_x":{"0":[156.6574249268,182.3693084717,208.3488769531,235.3372497559,261.5052490234,287.4159545898,314.606262207,341.5065002441,343.0912475586,315.3692321777,289.0323486328,262.9716796875,237.1454772949,210.9434509277,184.5086975098,157.0176086426],"1":[382.9985046387,419.2549133301,450.8728637695,479.014831543,510.1802978516,540.7283935547,571.2951049805,605.2364501953,581.6051025391,545.9005126953,516.0047607422,483.6142272949,453.5981445312,421.5145568848,389.3917236328,355.9522094727],"2":[69.6867218018,76.8901748657,82.962020874,89.8248672485,96.7433242798,103.7483139038,111.5577087402,119.102935791,106.840675354,97.5261688232,90.588180542,84.2180328369,77.4935760498,71.5108413696,64.8315200806,56.2026901245],"3":[6.9487552643,29.513376236,50.2062683105,70.8307189941,90.165725708,109.4002532959,129.1190795898,148.2929077148,149.8533172607,128.8378448486,109.2115707397,90.8449172974,70.4795379639,50.9683685303,30.1777763367,9.0621128082],"4":[211.0861816406,273.9790344238,334.9436950684,400.1668701172,465.0150756836,530.7738037109,595.4581298828,657.496887207,627.49609375,565.2759399414,507.046081543,439.2871398926,379.9635314941,315.537689209,251.0864562988,183.6954498291],"5":[3.7438497543,8.6945619583,13.2044792175,17.6188030243,21.8929653168,26.0396728516,30.8320903778,36.1607513428,30.0243263245,25.5193538666,20.8308639526,16.5289211273,12.2065916061,8.6408843994,4.4771108627,0.0794607848],"6":[2.8097162247,14.2974281311,25.4905033112,37.9522285461,50.0836143494,62.6461410522,78.0937805176,92.6366043091,83.6688613892,66.0856552124,53.012512207,44.2712097168,32.4495506287,21.4400863647,10.6259737015,0.0152865928]},"polygon_y":{"0":[902.7862548828,903.6426391602,903.7854614258,903.1086425781,903.7167358398,904.1320800781,904.0057983398,904.4130859375,951.3126220703,951.3760375977,951.6252441406,951.8016967773,952.2262573242,952.8502197266,952.7183837891,952.2637939453],"1":[815.4718017578,837.0272216797,860.1569824219,879.7298583984,898.5712890625,917.7355957031,936.2645263672,961.0232543945,994.6148681641,971.6029052734,952.1440429688,935.0688476562,916.3099365234,896.8895874023,876.6389160156,854.8701171875],"2":[625.4798583984,627.8383178711,630.0227661133,631.8568115234,634.0903320312,636.479675293,638.9821166992,641.5850219727,685.3293457031,682.5776367188,680.2116699219,677.921875,676.1475830078,674.3901367188,672.5643310547,670.5970458984],"3":[916.3440551758,915.7994995117,914.9590454102,914.0123901367,914.1005859375,913.8040161133,914.0290527344,913.6663208008,954.5350341797,954.6268310547,954.5054931641,953.5109863281,954.7143554688,953.9655151367,954.435546875,953.8428955078],"4":[674.6505126953,702.8154907227,733.095703125,762.9228515625,797.3314819336,838.2940063477,876.8608398438,913.9566650391,958.7203979492,913.9625244141,880.4007568359,844.1558837891,809.2763671875,775.3662719727,746.2006225586,718.2022094727],"5":[607.0641479492,607.9848632812,609.1410522461,610.2689208984,611.4281616211,612.6546020508,613.852722168,615.09375,658.3341064453,658.0319213867,656.5072631836,654.631652832,653.2535400391,652.549987793,651.9979248047,651.4108886719],"6":[684.4117431641,685.8203735352,688.7108154297,690.9713134766,693.5904541016,696.033996582,700.9835205078,707.4741210938,740.4323730469,735.8327636719,730.3856811523,728.2193603516,725.3835449219,722.2650146484,719.2614135742,715.2199707031]},"text":{"0":"Grotta","1":"Tombs","2":"M","3":"Jan'","4":"CEMETERY","5":"E","6":"Un"},"score":{"0":0.9557299614,"1":0.9856361151,"2":0.7275833488,"3":0.9139874578,"4":0.9844980836,"5":0.6447850466,"6":0.6605787277}}