{"polygon_x":{"0":[292.2726135254,299.6809082031,305.9430541992,312.2736206055,318.8692932129,325.6672973633,332.3180847168,339.808380127,306.9247131348,301.3487854004,295.3463439941,288.6535949707,282.2514038086,275.3118591309,269.0323181152,261.0916442871],"1":[710.9247436523,731.4740600586,751.1030273438,772.1884765625,791.5524902344,812.3914794922,832.4635009766,852.9372558594,852.6844482422,833.180480957,812.5612792969,792.2133789062,772.1569824219,751.9653320312,731.7508544922,710.577331543],"2":[363.3640136719,388.6284179688,411.172668457,435.4002075195,459.0629577637,482.3953552246,506.081237793,532.1000976562,535.2855224609,508.7030334473,484.375793457,460.4815673828,436.4912109375,411.7835693359,388.3223876953,364.7479553223],"3":[412.9635620117,430.4470214844,446.0696716309,463.1806945801,480.0074462891,496.5049743652,512.6378173828,529.1956176758,531.2763671875,514.1083374023,497.5352783203,481.5736083984,465.2188110352,448.4344177246,432.0232849121,414.8425292969],"4":[548.897644043,570.9616699219,593.6168823242,616.8802490234,639.5783691406,662.7059936523,685.9174804688,708.1223144531,709.0845336914,686.6878662109,663.7478027344,640.4864501953,617.4840698242,594.8801879883,571.5081787109,548.1676635742],"5":[203.2935791016,212.0210418701,220.7245788574,229.9989013672,238.5020599365,247.5981750488,256.6413574219,265.6685791016,231.0015869141,223.1705474854,216.0667114258,207.9457397461,199.6503601074,190.4778137207,182.210357666,174.5910949707],"6":[884.6624755859,896.5014038086,906.6234130859,917.3803100586,927.9896240234,938.1405029297,949.3597412109,962.7100830078,947.7080078125,934.7946777344,923.669128418,912.39453125,901.207824707,889.9956054688,877.5197753906,865.7501220703],"7":[802.8142089844,818.338684082,833.6098632812,848.7578125,863.6520996094,878.4644165039,893.3966064453,907.6182861328,905.7670898438,891.2600097656,876.2112426758,861.0660400391,846.2310791016,831.2322998047,816.2381591797,801.1407470703],"8":[894.3975219727,903.4241943359,911.1862182617,919.7498168945,928.1527709961,936.8096923828,943.8216552734,954.1455688477,973.1904296875,966.7847290039,958.7043457031,949.9660644531,941.8703613281,933.5096435547,925.2560424805,916.8151855469],"9":[767.58203125,778.07421875,787.4892578125,797.5531005859,807.6141967773,817.3284912109,827.9110107422,839.2200317383,831.2788085938,819.7170410156,809.0599975586,797.8757324219,787.1954956055,777.073425293,766.6909179688,756.0480957031],"10":[720.589050293,738.1625976562,754.2255249023,771.1253662109,787.4233398438,804.3693847656,820.8881225586,837.5292358398,838.048034668,821.7233886719,805.1849365234,788.020690918,771.6356201172,755.108581543,738.8979492188,721.2380981445],"11":[734.6633911133,748.4522705078,761.6593017578,776.1392211914,788.8009643555,799.6805419922,810.1211547852,819.8682250977,823.6093139648,810.2495727539,800.1384277344,787.61328125,775.0776367188,761.848815918,750.2304077148,736.5607299805],"12":[839.7827148438,846.6790771484,853.6912841797,860.4456787109,866.1018066406,872.7653808594,879.5303344727,886.9487915039,897.1741943359,890.5174560547,882.8762207031,876.2341918945,869.6115722656,863.1666259766,856.9794921875,849.9624023438],"13":[169.2506103516,203.0985870361,236.5958862305,270.4488525391,304.8659057617,339.8394165039,373.3226928711,405.9145812988,404.7539672852,373.1938476562,337.8062744141,303.2540283203,269.1344299316,235.5950317383,201.2606811523,168.0003204346],"14":[38.9446716309,66.4849853516,94.0238876343,121.5930862427,148.7217102051,176.0262298584,203.5422058105,230.4696350098,228.7610168457,202.0808258057,175.31980896,147.6189575195,120.8082733154,93.3952484131,66.2699203491,38.2033538818],"15":[825.7311401367,831.5182495117,837.2008666992,843.7366333008,849.0014648438,855.2612304688,860.7696533203,866.2932739258,867.1296386719,861.9786987305,856.3912353516,850.3516845703,844.551940918,838.8857421875,834.0396728516,829.051574707],"16":[595.3206787109,623.8574829102,649.6295166016,669.026550293,682.5225219727,701.3380126953,714.6286010742,732.2266235352,756.3001708984,737.8151855469,722.3509521484,703.4876098633,686.207824707,668.380065918,653.4637451172,639.3182983398],"17":[842.434753418,852.9792480469,864.9649047852,877.2755126953,888.9544677734,900.1976928711,910.8006591797,922.7879638672,920.7084960938,912.9306030273,900.8441162109,888.6273803711,877.4126586914,866.3178710938,854.8212890625,840.6840820312],"18":[177.6030731201,204.4982910156,226.4376068115,250.3564605713,274.2444763184,294.71484375,317.632019043,341.5544433594,347.4067382812,323.5639038086,298.6631469727,274.8597412109,251.4241638184,227.2192077637,203.8745880127,179.0320129395]},"polygon_y":{"0":[199.7289428711,217.2537231445,234.4644012451,252.1728363037,270.3446350098,288.7677612305,306.7732849121,324.0838623047,337.451751709,319.7124633789,300.6760253906,282.9968261719,264.6546630859,246.285949707,229.2469482422,211.4386901855],"1":[548.8571777344,549.0267944336,549.9911499023,550.3239135742,550.6518554688,551.4666137695,551.8935546875,552.4128417969,596.9993896484,596.5100097656,596.5568847656,596.3166503906,596.4682617188,596.3361816406,596.8654785156,596.0997924805],"2":[816.8186035156,816.3717651367,816.994140625,817.724609375,817.4721679688,817.8074951172,816.7636108398,815.1939697266,863.6129760742,865.4876708984,865.2250976562,865.2056884766,865.3786621094,865.3081665039,865.3558349609,865.2464599609],"3":[871.8447875977,871.5862426758,871.4751586914,870.7815551758,869.8657836914,869.5797119141,869.5593261719,869.411315918,911.5426635742,912.0599365234,911.8852539062,912.6303710938,913.459777832,913.7465820312,914.6059570312,914.4782714844],"4":[547.6072998047,547.1231689453,547.2862548828,547.2905883789,547.0087280273,546.7102050781,547.6370849609,548.1241455078,596.7451171875,597.003112793,597.0023193359,596.7276000977,597.2081298828,597.1104736328,596.2026367188,596.1166992188],"5":[0.3149708509,18.5369625092,37.8749542236,56.1547393799,73.9428710938,92.4299316406,112.2846603394,131.4601135254,146.1420898438,124.4994354248,106.7871551514,87.5133972168,69.373550415,49.0638694763,32.0120773315,14.8526773453],"6":[588.0726318359,594.4979248047,599.5894775391,605.3006591797,610.4563598633,614.6246948242,620.6059570312,626.1064453125,662.6430664062,656.5570678711,653.3490600586,647.2832641602,641.8478393555,635.3711547852,628.7624511719,624.0709228516],"7":[446.888671875,447.5067443848,449.0432434082,449.947052002,450.084564209,451.2579040527,452.535949707,452.7791748047,494.635345459,494.76171875,493.9564208984,493.3465881348,492.8480529785,492.693939209,493.0218811035,492.1857299805],"8":[807.9169311523,798.1062011719,788.850402832,778.3947143555,768.8412475586,757.8826904297,747.4115600586,738.32421875,757.8567504883,767.1175537109,776.6950683594,785.9793701172,795.8806152344,805.8601074219,816.2607421875,826.993347168],"9":[822.6375732422,827.9331054688,832.6583862305,837.0539550781,840.9616088867,844.4602050781,848.6957397461,852.7114868164,880.2381591797,876.4450683594,871.7197265625,867.4255371094,863.5555419922,857.9979858398,852.6626586914,847.8253173828],"10":[933.4136352539,932.591003418,932.7552490234,933.3059082031,932.8946533203,931.3779296875,931.9100341797,931.5481567383,961.6744384766,961.4859008789,961.7921142578,961.6058349609,962.0543823242,962.1303710938,961.7327270508,962.62890625],"11":[905.8874511719,905.725402832,905.9704589844,905.5212402344,905.5583496094,905.2490234375,904.5712890625,904.0361328125,933.7945556641,934.2406005859,934.2388305664,934.0441894531,934.3107910156,934.342956543,934.3726196289,934.6563110352],"12":[846.4577636719,844.3602294922,841.8226318359,839.5895385742,837.1872558594,834.6363525391,832.7633666992,830.364074707,856.2271728516,859.1302490234,862.3715820312,864.2261352539,866.5469970703,868.564453125,871.3474121094,873.8050537109],