{"polygon_x":{"0":[522.119934082,533.7810668945,546.0615234375,557.9863891602,570.5737915039,583.063293457,595.2568969727,606.572265625,607.3127441406,595.5941772461,583.1425170898,570.8908691406,558.5592041016,546.4039306641,534.4310302734,521.8150024414],"1":[373.2290649414,386.7811279297,400.1684875488,413.5570678711,426.6571655273,440.2167053223,454.3434143066,468.5541381836,472.1505432129,458.8550109863,445.9327392578,431.7462158203,418.0639953613,404.0798339844,390.1251220703,375.9786682129],"2":[549.4353027344,586.51171875,624.4359130859,665.3558959961,703.9813842773,739.078125,776.7656860352,814.9552001953,821.7900390625,784.8076171875,745.8795166016,708.1517333984,671.4527587891,633.7844848633,595.7095947266,556.4279785156],"3":[754.6869506836,776.4732666016,797.8827514648,819.5069580078,840.9547119141,862.2299194336,884.2357177734,903.8219604492,903.5466918945,882.0074462891,861.067199707,839.1876831055,818.1991577148,796.6992797852,775.5010986328,754.3939819336],"4":[905.7689208984,919.8776245117,933.0246582031,946.5014038086,959.9155273438,973.2681274414,986.7487792969,999.6380615234,999.228515625,985.5194091797,972.1337280273,958.8369140625,945.2225341797,932.0368652344,919.0352783203,905.1336669922],"5":[818.4354248047,835.5248413086,851.5479125977,867.2947998047,882.7633666992,898.6810302734,914.280090332,929.5532836914,928.6431274414,913.1784057617,897.5632324219,881.5888671875,865.7778320312,849.2727661133,833.1812744141,817.2001953125],"6":[64.4775772095,83.788520813,101.9569549561,119.5970535278,138.5849761963,155.4456481934,171.0117950439,189.688079834,161.6356201172,144.9702301025,127.1504058838,110.5666046143,93.9101028442,73.1622390747,53.1858520508,34.4825973511],"7":[707.1404418945,723.7912597656,740.4066162109,757.8638916016,774.7357177734,791.7522583008,807.8767089844,825.3385009766,828.8900756836,811.5401611328,795.2897949219,778.1875,761.7153320312,745.0145874023,727.7074584961,711.2586669922],"8":[429.051574707,445.1864929199,461.1152648926,477.1535949707,493.7086181641,509.724609375,526.2965087891,544.8352050781,549.9869384766,532.0346679688,515.4328613281,498.394317627,482.2903747559,466.1489868164,449.8184509277,433.7415161133],"9":[424.0595703125,440.9169921875,457.3587036133,473.6335754395,490.2078552246,506.0264587402,521.5858764648,538.645324707,544.3662109375,527.4548950195,511.3772277832,494.1421203613,478.1362609863,461.7225952148,445.4562683105,430.3981323242],"10":[577.9268188477,597.3450317383,616.228515625,634.684753418,653.5848999023,671.716003418,691.0610351562,709.7193603516,708.3837280273,689.6925048828,670.455871582,651.1422729492,632.9448242188,613.6070556641,594.8237304688,576.3048706055],"11":[540.5982666016,550.6830444336,561.2689819336,571.7143554688,582.3417358398,594.0235595703,604.8129272461,616.3521728516,620.5374755859,609.2887573242,598.74609375,587.6881103516,576.9213867188,565.8458862305,555.9728393555,544.6781005859],"12":[692.9742431641,708.4652099609,723.2032470703,738.7610473633,753.60546875,768.6401977539,783.811340332,799.5916137695,807.4056396484,791.6836547852,776.7124023438,761.1340942383,745.9570922852,730.3854980469,715.3659667969,699.6338500977],"13":[871.5234985352,873.7055053711,875.6418457031,877.198425293,878.4957275391,880.036315918,881.7810058594,884.8233642578,856.4924316406,854.6127929688,852.2710571289,850.2359008789,847.8277587891,845.5749511719,843.8711547852,840.7919311523],"14":[730.6187744141,744.1552734375,758.1027832031,772.2079467773,786.7131347656,800.85546875,814.8140869141,826.318359375,826.0588989258,813.1079101562,798.4880371094,785.376953125,771.7567138672,757.7922363281,743.9728393555,730.0118408203],"15":[922.160949707,923.3940429688,925.6188964844,927.7976074219,930.3096923828,931.3657226562,933.1622924805,935.6829833984,906.1351928711,904.701171875,902.1155395508,901.1452636719,899.8619384766,898.0831298828,896.6989135742,894.2756347656],"16":[896.823425293,912.4600219727,926.7801513672,941.2673339844,955.5024414062,969.8927001953,984.6062011719,999.489074707,999.8162231445,985.6782226562,970.7989501953,956.6372070312,942.2445678711,927.5639648438,912.3079833984,898.153137207],"17":[57.3739585876,69.6893539429,82.0401000977,94.0087051392,107.1093292236,121.2434310913,132.3123016357,144.1829376221,164.689163208,152.371307373,138.9900817871,126.8628540039,113.9228973389,99.9331665039,86.6952133179,74.1403884888],"18":[771.2088623047,768.7243041992,765.3182983398,764.0548095703,763.2587890625,762.7030029297,761.6995239258,761.4217529297,790.1245117188,790.6948242188,792.0462646484,792.8714599609,793.5108032227,794.0179443359,795.1719970703,796.3272094727],"19":[262.9717712402,279.1916503906,293.1904296875,308.8052062988,322.892578125,338.2764282227,352.7731933594,367.6128845215,371.6585083008,357.7077941895,341.9973449707,327.3420715332,312.1475830078,296.9664916992,281.3979797363,267.2332458496],"20":[554.9818115234,578.3301391602,598.2144775391,621.3402709961,642.4114379883,663.3517456055,682.4145507812,703.1586914062,707.6268310547,685.2574462891,664.8967895508,646.0207519531,624.1353759766,601.3634033203,578.9495239258,558.8529663086],"21":[897.3582763672,900.6798706055,903.0021972656,905.0739135742,907.3043823242,909.8079833984,911.5407714844,913.1493530273,886.7269287109,886.8871459961,884.6672973633,882.4449462891,879.6466064453,876.348815918,873.0073242188,868.880859375],"22":[134.1899414062,157.6938934326,178.7064971924,202.9225006104,224.8467102051,249.7343139648,276.7163391113,302.3981323242,271.9931945801,243.3289337158,219.8901672363,201.0299987793,175.2648773193,151.711730957,130.5314483643,111.4143218994],"23":[306.6973266602,321.9006958008,336.4176025391,350.1215820312,363.4791259766,378.1240844727,392.951965332,410.2307434082,427.91796875,412.9410400391,397.111541748,380.7359008789,365.4294433594,350.0380859375,335.818939209,320.0146789551],"24":[251.5814208984,281.2756652832,312.4088134766,346.0299987793,376.8086242676,409.7217102051,437.852142334,473.1534423828,476.7333679199,445.159362793,414.2156982422,382.303527832,351.7693786621,319.1729431152,286.005065918,255.2866973877],"25":[143.3662719727,148.7885437012,156.0558929443,163.7450561523,172.6209411621,182.0294952393,189.8161621094,197.4812011719,218.9638366699,210.0632324219,202.3627929688,194.1737670898,186.1374206543,178.291015625,171.1430969238,165.4558410645]},"polygon_y":{"0":[46.5455665588,46.4627838135,46.8602371216,46.7710266113,46.2679481506,46.2783088684,45.988193512,45.984046936,74.3679656982,73.9974365234,74.4435653687,74.7972946167,75.0269241333,75.510925293,76.2287063599,76.2638778687],"1":[532.6923217773,531.3884887695,528.80859375,525.3231201172,521.8089599609,519.1173706055,516.4916381836,512.6331176758,545.244934082,547.8272094727,550.7838745117,553.3322753906,556.1943969727,559.0712280273,562.0400390625,564.2731933594],"2":[948.1422119141,944.3291625977,939.0936279297,932.6260375977,925.828918457,919.0961303711,912.0770874023,906.0271606445,940.1134033203,945.4510498047,952.6052856445,958.5894165039,964.6928710938,971.2353515625,978.3516845703,994.1553955078],"3":[160.5068054199,161.129989624,160.8236541748,160.1456604004,161.0900726318,161.5981903076,161.8166809082,161.3303222656,200.6139373779,200.411239624,200.3039550781,200.3497009277,200.2592468262,200.5495300293,200.2953948975,200.0390319824],"4":[161.5730285645,161.7279663086,162.5765075684,162.5296630859,162.5576171875,162.9422302246,163.8047485352,164.1568756104,200.7758178711,200.6403198242,199.655090332,199.9281158447,200.2074279785,200.2483520508,199.899017334,199.8994750977],"5":[200.3036193848,200.5309448242,200.7207489014,199.9745178223,199.454498291,199.4782409668,199.9228668213,199.6000976562,232.2962646484,232.3665771484,232.6468811035,232.6884460449,232.429473877,232.2317352295,232.0739593506,231.9136962891],