{"polygon_x":{"0":[882.5845336914,896.3057861328,909.4147949219,922.5178222656,935.4169921875,948.7197875977,962.2180175781,975.3216552734,976.1752319336,962.0111083984,949.1657714844,936.3270263672,923.5688476562,910.4116821289,897.8521728516,883.9413452148],"1":[823.8135986328,823.1938476562,822.7224121094,822.6571044922,822.278503418,821.5005493164,820.2523803711,820.3553466797,860.9514160156,861.1173095703,861.0427856445,862.1395874023,861.9451904297,861.4737548828,862.5803222656,863.5240478516]},"polygon_y":{"0":[878.8797607422,877.655090332,877.1973266602,877.0017089844,876.5289916992,876.2751464844,875.8369140625,875.2636108398,908.3548583984,908.6133422852,909.2186279297,909.3436279297,909.5648803711,910.27734375,911.2210083008,910.9853515625],"1":[986.0626831055,979.9434814453,973.75390625,966.1754760742,960.1706542969,953.1955566406,946.8242797852,939.2534790039,936.9409179688,944.5622558594,951.0668334961,958.5848999023,965.5844726562,972.9611206055,977.7502441406,983.8253173828]},"text":{"0":"2624","1":"E"},"score":{"0":0.9682355523,"1":0.458085686}}