{"polygon_x":{"0":[225.22215271,240.1617584229,257.8479309082,276.3180847168,293.4846191406,311.5231933594,329.1090087891,346.3428039551,350.5029296875,333.014831543,315.0325317383,296.6929321289,279.0769348145,260.9428100586,242.0997314453,226.0504760742],"1":[24.6705970764,56.7777709961,90.8005981445,124.8051300049,158.7092285156,192.3873291016,225.7311248779,260.2084960938,267.2807312012,232.1258392334,198.352432251,164.3385009766,130.2574157715,96.4939193726,63.0102233887,29.5805187225],"2":[226.9794311523,248.8982543945,270.9729614258,293.9640808105,315.4485473633,336.8596191406,358.5068969727,381.4706115723,386.0185241699,363.7225036621,342.2222900391,319.6407470703,298.168182373,276.5140991211,253.8986816406,230.9045715332],"3":[107.6299591064,115.4279174805,122.3775482178,129.8713378906,137.2020111084,144.6381530762,151.7159118652,159.9889831543,162.6038513184,154.6871490479,146.8788299561,139.8235931396,132.6712341309,125.8880615234,118.2405090332,110.3468933105],"4":[860.0415649414,865.4034423828,869.5163574219,875.0192260742,878.8881835938,884.1488647461,890.4708251953,897.7307739258,851.6860351562,846.5408325195,840.7329711914,835.0455322266,829.4848632812,823.7651977539,815.6460571289,809.3411865234],"5":[172.4588928223,178.9805908203,185.4204406738,192.0522460938,197.801361084,204.5166778564,211.1920318604,219.4293365479,222.9111328125,215.7207489014,208.2777099609,201.4006958008,194.71824646,189.1213226318,182.7055358887,175.9088134766],"6":[805.8849487305,802.6007080078,802.9141235352,802.0634765625,800.5135498047,798.8747558594,797.5447998047,797.8948364258,843.8146972656,845.0939941406,846.5885009766,847.0757446289,848.7603149414,851.2250366211,852.0725097656,853.3517456055]},"polygon_y":{"0":[974.7406005859,974.9230957031,973.5522460938,971.1713867188,968.8598022461,967.4212646484,964.6071777344,961.4916381836,989.9970092773,993.7020874023,997.015625,998.372253418,999.3662109375,999.7114257812,999.8402099609,999.8226928711],"1":[743.039855957,739.8211669922,736.8079223633,732.1304931641,728.2177734375,723.5487060547,717.7583007812,713.7610473633,748.3227539062,754.1549072266,759.5521240234,763.7663574219,768.1716918945,771.6265869141,774.7850341797,777.3492431641],"2":[943.0701293945,940.354309082,937.9898071289,935.7252197266,932.8646850586,930.1550292969,927.2623291016,924.1910400391,953.8264160156,956.0711669922,958.9169311523,960.9923706055,964.1089477539,966.6616821289,969.6838378906,973.1963500977],"3":[958.806640625,958.4911499023,958.060546875,957.4143066406,956.6098022461,956.0300292969,955.2468261719,954.3630371094,984.5915527344,984.2931518555,984.8049316406,985.24609375,985.5032348633,985.798828125,986.3776855469,986.6008300781],"4":[435.5067443848,496.4846801758,555.8737792969,613.8033447266,675.438293457,733.6846923828,792.1251831055,849.7111816406,856.4791259766,795.4895629883,736.2468261719,679.2108764648,615.9418945312,560.1012573242,498.4211425781,437.9564819336],"5":[949.7161865234,949.4664306641,948.7359008789,947.8948974609,946.6970214844,945.8673706055,945.0629882812,944.5830078125,974.8120727539,975.2300415039,976.170715332,976.893371582,977.7563476562,978.3505859375,979.5507202148,979.8402099609],"6":[337.114440918,286.3235168457,237.3114776611,188.1083374023,140.1651916504,92.0381622314,45.1695175171,0.0202230532,0.0199489482,37.3138999939,88.1336975098,134.1104278564,183.5648345947,229.1129150391,269.6370239258,322.1398620605]},"text":{"0":"Terench","1":"HYTTA","2":"STANNE","3":"CH.","4":"WHISON","5":"OF","6":"CEMET"},"score":{"0":0.9520727396,"1":0.9857574701,"2":0.970195353,"3":0.9529079795,"4":0.9712501764,"5":0.9135894775,"6":0.9574130177}}