{"polygon_x":{"0":[75.0740661621,86.4089813232,97.9709625244,109.3142242432,120.5151443481,131.8769226074,142.47706604,153.9013214111,148.574432373,135.4560394287,124.0470275879,113.1890106201,102.5245742798,91.0166931152,79.4900665283,68.1264190674],"1":[217.9431915283,238.4418029785,260.4623718262,281.9488220215,303.0631103516,324.056060791,344.9362487793,366.6784973145,366.9899902344,345.1737060547,324.0056152344,302.2152099609,280.968963623,259.7162475586,238.6156616211,217.2590484619],"2":[818.5124511719,829.8131713867,842.0004272461,853.5919799805,864.2868652344,875.8044433594,887.5522460938,898.6597290039,916.7623901367,906.08984375,893.8420410156,882.7139892578,871.4102172852,859.2485351562,848.6419677734,836.7774047852],"3":[437.9028015137,443.9590454102,450.0032958984,455.885345459,462.0957946777,468.2750244141,474.366607666,480.4828491211,472.5675964355,466.175201416,458.9125976562,453.0859069824,447.4509887695,441.5813903809,435.6850585938,428.9642333984],"4":[823.7627563477,827.9995727539,834.4350585938,840.2716064453,845.3052368164,850.8765258789,856.3922729492,863.0138549805,881.7505493164,876.8176879883,871.3372802734,865.7912597656,859.5966186523,853.9389648438,848.1323852539,841.9916992188],"5":[908.9196777344,920.022277832,930.8532714844,941.5249023438,953.352355957,964.1925048828,974.9478149414,987.8107299805,999.9899902344,992.3513793945,981.510559082,970.8926391602,960.2513427734,948.9028320312,938.1397094727,925.8461914062],"6":[918.6096191406,931.1346435547,943.9619140625,955.7987060547,967.25390625,978.7711181641,990.2716064453,999.924987793,999.9438476562,989.7066650391,978.3912353516,966.9133300781,955.2391357422,943.5023193359,931.8046875,919.0216064453],"7":[253.2755432129,265.4104919434,277.7262573242,290.4996337891,303.0711669922,316.2327270508,329.1976318359,341.2375488281,340.5383605957,328.0779418945,315.0694580078,302.1102905273,289.7326049805,276.701385498,264.561920166,251.6085205078],"8":[739.5095825195,753.6529541016,767.8034057617,782.1619873047,797.0211791992,811.6649780273,826.4650878906,842.5971679688,843.1121826172,827.3050537109,812.4633178711,797.5854492188,783.3507080078,769.1555786133,754.9993896484,739.6049804688],"9":[348.5520019531,372.6006469727,396.3526916504,419.8437805176,443.6049194336,467.0658874512,492.7001342773,518.4126586914,517.8457641602,495.0145874023,468.6576538086,443.9953918457,419.753112793,395.4896850586,371.4739379883,347.2114868164],"10":[741.5103759766,754.7955932617,767.6937255859,781.2623291016,795.1881103516,808.6630859375,822.0765380859,835.8507080078,855.0317993164,842.5032958984,828.4589233398,815.0808105469,801.7846679688,788.5877075195,776.0100097656,761.998840332],"11":[61.9703102112,73.4971237183,84.0728302002,95.9863433838,112.2152862549,127.1227645874,141.6538543701,157.4430999756,116.7878570557,105.4585189819,91.574180603,75.2756347656,59.2396354675,46.2687492371,33.9431838989,21.8688106537],"12":[841.4948120117,863.4848632812,885.8612060547,908.7933349609,931.0582275391,953.1953125,974.3936157227,996.2928466797,999.9899902344,981.647644043,959.7967529297,938.4495849609,917.5213623047,895.0782470703,872.2403564453,851.8887329102],"13":[246.1518859863,255.8963012695,265.9000854492,275.614074707,285.805480957,295.5369873047,305.8913574219,315.2327575684,313.5933227539,304.301574707,293.2647094727,283.0721130371,272.8664855957,261.7886657715,251.4203796387,241.7839355469],"14":[638.4978637695,661.9979858398,683.8311157227,706.842956543,730.2630004883,755.6674194336,779.9591064453,801.2891845703,825.2981567383,804.0368652344,778.7717285156,754.4660644531,730.1055908203,703.8184204102,681.0049438477,655.221862793],"15":[0.6463104486,9.8329849243,18.6567840576,27.5149745941,36.1735877991,45.5439720154,55.7450828552,64.5804519653,73.2868118286,64.9828262329,54.8471908569,43.9534416199,35.8134040833,27.3619728088,18.1394672394,8.1094751358],"16":[761.0485839844,768.2388916016,776.6705932617,783.9769897461,791.1821899414,799.2833862305,807.2329101562,816.1884155273,834.7104492188,826.2854003906,817.8325805664,811.1099243164,802.9684448242,795.1895141602,787.2730102539,780.3698730469],"17":[369.9286499023,375.7624511719,381.1561584473,387.2276611328,392.9874267578,399.3634643555,404.8246459961,409.8750610352,408.6841430664,403.8988037109,397.9713439941,392.0575561523,386.4060058594,380.6319885254,375.094909668,369.9869995117],"18":[768.7088012695,776.6262207031,784.4921875,791.9518432617,799.0424804688,806.5280151367,814.6593017578,823.5479125977,832.4060058594,825.5599975586,817.4296875,807.8170776367,800.8338012695,793.2050170898,784.814453125,777.2672119141],"19":[907.3592529297,918.3607177734,931.1794433594,943.2007446289,955.6684570312,966.740234375,979.2157592773,992.7924804688,999.9899902344,991.8200683594,981.1773681641,971.3524169922,961.8175048828,950.1794433594,939.1573486328,926.5374755859],"20":[416.365020752,441.1453857422,465.944519043,489.4853515625,512.4399414062,536.5731201172,558.3684692383,578.9049072266,602.6962890625,580.0039672852,557.0612792969,532.7783813477,510.590637207,488.4122924805,468.8461303711,448.4903259277],"21":[688.0584106445,707.9709472656,726.3216552734,744.3572387695,762.7590332031,781.9318847656,804.5919189453,823.3753662109,851.6446533203,831.4114379883,812.1967773438,793.5910644531,774.1675415039,754.6542358398,736.2646484375,719.0680541992],"22":[242.5314178467,255.8622436523,266.7962036133,278.3130493164,290.4663696289,301.9561157227,313.3227539062,311.7547607422,311.2774353027,310.3791503906,300.3953857422,288.487121582,277.4135742188,264.6340942383,254.5872650146,243.2266845703]},"polygon_y":{"0":[463.9765014648,465.0657958984,465.6114501953,464.9429321289,464.5668945312,464.9909667969,465.2243652344,465.4682006836,522.4476928711,522.3467407227,522.1114501953,522.3943481445,522.3570556641,522.9149780273,523.5234985352,522.5028076172],"1":[795.8210449219,796.7944335938,797.5485229492,798.5209960938,799.0106201172,799.9606933594,799.7252807617,799.4666748047,830.4825439453,829.548828125,829.8974609375,830.2163696289,830.6865234375,830.314453125,830.7862548828,830.8670654297],"2":[662.8002929688,654.8255615234,643.8090820312,634.4855957031,626.1989746094,618.4990234375,608.0411376953,599.1212158203,624.6235351562,633.0887451172,641.9602050781,651.7778930664,660.1472167969,669.1051635742,678.4903564453,688.3325195312],"3":[461.3141174316,461.7431640625,462.3659057617,462.7592163086,462.8872375488,462.7832641602,462.8268432617,463.3370666504,513.4887695312,513.4621582031,513.1508178711,512.3813476562,512.2041015625,512.1030883789,512.0760498047,511.9368286133],"4":[722.1037597656,715.5569458008,709.5227050781,704.9026489258,700.8909912109,696.3018188477,692.1810302734,686.9284667969,709.655090332,715.1622314453,719.6666259766,724.0795898438,728.6917724609,733.2803344727,738.4979858398,744.3250732422],"5":[583.1636962891,574.5594482422,564.8962402344,555.6266479492,545.2523193359,536.6923217773,527.5438232422,518.8273925781,544.0989379883,555.8344726562,564.4458618164,574.2339477539,583.0532226562,592.1895751953,602.0215454102,611.8827514648],"6":[244.268661499,244.4678344727,243.9114379883,244.0477294922,243.6157989502,243.6314239502,242.9950256348,242.9989624023,272.2233886719,272.8971557617,272.592590332,272.4198303223,272.3786621094,272.4771728516,272.6365661621,272.6473693848],"7":[303.6567993164,303.0959777832,303.0180358887,302.5528564453,303.0484924316,302.6994018555,302.477935791,302.6622009277,346.4717102051,345.8979797363,345.8533325195,345.7726745605,346.1598510742,346.4370117188,346.5738525391,346.3645019531],"8":[428.9161682129,428.2666320801,428.924621582,427.9060668945,426.9273376465,426.478302002,425.816619873,425.4459228516,461.6039733887,461.7412719727,462.8115844727,463.2388000488,463.8905029297,464.4502258301,464.5643920898,464.9534912109],