{"polygon_x":{"0":[290.6921081543,314.7524719238,339.313079834,362.5413818359,386.7074279785,410.7323913574,435.9361572266,460.0930480957,459.6504516602,434.722442627,410.7815551758,386.6034240723,362.4825439453,338.1432800293,314.3552856445,288.2005615234],"1":[56.0369873047,67.8321533203,77.9404373169,87.2870635986,96.4249420166,105.6471633911,114.5662307739,123.8113021851,120.1460342407,109.4650192261,99.3484039307,89.0920181274,79.189666748,69.9120483398,59.9677963257,51.2793884277],"2":[562.5228881836,587.8579711914,613.4727783203,640.0744018555,665.8637084961,691.8055419922,718.1145019531,746.404296875,745.9968261719,720.0495605469,693.7134399414,667.4378662109,640.6036376953,613.8208618164,587.8455200195,561.4682617188],"3":[762.0469970703,774.8029785156,788.0530395508,801.4859008789,814.5908203125,828.2631835938,841.2346801758,853.8249511719,854.1417236328,841.0388183594,828.1008911133,815.0817871094,801.8809814453,788.7518310547,775.6657714844,762.1685791016],"4":[185.0607299805,195.863494873,206.5294036865,217.3936767578,227.694519043,238.6298522949,249.2984008789,259.4045410156,257.9395141602,247.6075744629,236.5923461914,225.6194152832,214.8480224609,203.9352111816,192.9562530518,181.6341552734],"5":[871.5307006836,886.6387939453,901.9714355469,916.7446289062,932.0716552734,947.0275878906,962.9223632812,978.205078125,978.7747802734,963.825378418,947.9505004883,932.9228515625,917.7644042969,902.7602539062,887.474609375,871.9131469727],"6":[340.2442626953,354.3737487793,368.5351257324,382.7963867188,397.1925354004,411.7105712891,426.0838317871,440.1109619141,438.4017944336,423.4265441895,408.9355163574,394.6329345703,380.0733642578,364.3716430664,349.9780578613,335.362121582],"7":[715.0263671875,734.6019897461,757.255859375,779.6520385742,801.4267578125,821.4940185547,841.4312744141,861.3735351562,864.5126342773,846.0729980469,823.1173706055,800.7243652344,778.962097168,756.9869995117,735.8206787109,713.6342773438],"8":[367.3309936523,430.4154968262,492.8427734375,555.1305541992,618.4776611328,682.3439941406,745.119140625,807.9918823242,809.4713134766,744.6451416016,682.9550170898,619.530090332,556.1318359375,493.065246582,430.0950622559,366.7784423828],"9":[530.3853759766,540.8333740234,551.5935058594,561.3577880859,571.0646972656,581.7230834961,591.4066162109,600.5434570312,596.5284423828,585.9204101562,574.416015625,564.5658569336,553.6987304688,544.0750732422,533.7243041992,523.6293945312]},"polygon_y":{"0":[764.0056152344,764.4577636719,764.6224365234,764.59765625,764.0414428711,763.410949707,763.3224487305,764.0534667969,816.4771728516,817.1403808594,817.8826904297,817.5373535156,817.0549316406,817.283996582,817.2573242188,817.0618896484],"1":[451.3847351074,451.4593200684,451.9512634277,451.9960021973,451.1920471191,450.6500854492,450.9063110352,450.8094482422,539.854675293,539.5974121094,540.3043212891,540.7503051758,541.5817871094,542.8493652344,543.6131591797,543.7874755859],"2":[171.7503356934,171.8201904297,172.3581695557,172.7467498779,172.8501739502,173.6145324707,174.1988372803,174.7392578125,217.2549438477,216.9847869873,217.512512207,217.9190368652,217.9212036133,217.9064331055,218.0890655518,217.446762085],"3":[254.1017150879,253.8098754883,253.9193725586,253.4307250977,253.1371154785,253.1067047119,252.7191467285,252.932434082,286.8182067871,287.1538696289,287.1031799316,287.1532897949,287.0068969727,287.6458435059,287.9620056152,288.5701904297],"4":[482.1441955566,481.3461608887,480.909576416,480.4016418457,480.0082092285,479.3126831055,479.3381347656,480.4978027344,538.0949707031,538.8302001953,538.8842773438,539.0446777344,538.8218994141,538.9828491211,539.3076782227,539.5424804688],"5":[59.5671081543,58.0561904907,57.9190254211,58.4205207825,58.1698188782,57.9710426331,57.6796188354,57.852394104,108.5027313232,108.9921722412,108.3867340088,108.6000213623,108.5035324097,108.8164672852,109.2265319824,109.039390564],"6":[480.4194946289,479.3688659668,479.012298584,478.9800720215,479.4143371582,479.3656921387,479.5574951172,480.9783630371,538.6680908203,539.3474121094,538.828125,537.7177734375,537.2791137695,537.2448120117,537.3220214844,538.6197509766],"7":[501.9813842773,501.8223876953,502.4795532227,503.0047912598,501.9688415527,503.5037231445,504.108215332,506.0538330078,546.7429199219,546.8839111328,547.0818481445,547.1165161133,546.8583984375,546.5238037109,546.6873168945,546.4818725586],"8":[62.6215019226,61.8342781067,61.2935791016,60.7705993652,60.5394058228,59.429473877,58.7833862305,60.8249282837,111.7136459351,111.1654052734,111.2520523071,111.8674850464,112.1805496216,111.8312988281,112.8181915283,112.6766891479],"9":[478.4522705078,479.0246276855,478.9717407227,478.4641723633,477.9918212891,478.1698303223,478.2133789062,478.6984863281,559.8694458008,559.723449707,559.3967285156,558.5236816406,559.0918579102,559.9993896484,560.3447265625,560.9221191406]},"text":{"0":"Tomb","1":"C","2":"Cistern","3":"2609","4":"au","5":"ES","6":"mn","7":"Cistern","8":"RUSSIAN","9":"P"},"score":{"0":0.9886713028,"1":0.9901102185,"2":0.9773420691,"3":0.9878239632,"4":0.9902982116,"5":0.9834849238,"6":0.9501761198,"7":0.9671751261,"8":0.9843116403,"9":0.9136053324}}