{"polygon_x":{"0":[650.1019287109,669.2899169922,688.6764526367,707.8869628906,727.2897338867,746.6284179688,765.344543457,785.3688964844,786.1199951172,766.1294555664,747.1062011719,727.3279418945,707.2708740234,688.0618286133,668.3428344727,649.4170532227],"1":[731.7746582031,759.612121582,786.9832763672,813.5496826172,841.3668823242,869.6129760742,897.3706665039,926.4672241211,913.1053466797,885.5617675781,857.5866088867,828.9813232422,799.6563720703,771.1182861328,742.0325927734,711.9365844727],"2":[631.5145263672,642.6221313477,654.0385742188,665.1235351562,676.9110717773,688.1472167969,699.6185913086,710.5908813477,711.0737304688,699.8294677734,688.6188964844,676.8807373047,665.8126220703,654.4623413086,643.5881958008,631.8120117188],"3":[508.8436584473,521.0426025391,532.6291503906,544.6610107422,557.624206543,569.576965332,581.5447998047,593.6090698242,594.1895751953,581.1123046875,568.946105957,556.2642211914,543.7791748047,531.4387207031,519.805847168,507.2768554688],"4":[956.0072021484,961.3262329102,966.553894043,972.1259155273,978.5999145508,984.1478881836,989.7205200195,995.34765625,994.962890625,989.7990722656,983.7581787109,977.9338378906,972.1129150391,966.60546875,961.0731201172,954.908996582],"5":[0.2668004632,2.9268388748,4.0223255157,5.1013278961,7.2370524406,7.7069540024,8.1636123657,12.2235527039,70.0628509521,69.5847930908,68.3021850586,65.3651733398,62.0234718323,59.5347366333,54.8009643555,51.5295829773],"6":[139.6106109619,146.4740600586,153.8204650879,161.1959838867,168.5899658203,176.0959625244,183.3244934082,190.4328765869,190.2797088623,182.9491577148,175.1978912354,167.4879302979,160.2495117188,152.7478485107,145.7774505615,137.8698120117],"7":[593.7612304688,603.477355957,612.6530151367,622.3010864258,632.4232177734,641.8486328125,651.2045288086,660.2506103516,659.5871582031,650.8778076172,640.3110351562,630.7069702148,621.0187988281,611.4092407227,601.754699707,591.8480224609],"8":[662.9541625977,669.8548583984,677.4313354492,684.5077514648,691.2763061523,698.4779052734,705.5990600586,713.0886230469,688.55078125,680.9069213867,673.3355712891,665.5548095703,657.8829956055,650.1480102539,642.0911254883,633.1831665039],"9":[663.962097168,673.6115722656,682.3068847656,691.4447631836,700.6547851562,709.6771240234,719.4719238281,728.4801025391,728.0814208984,719.2271728516,709.7443847656,700.4033813477,691.0589599609,681.296875,672.2677612305,662.5743408203],"10":[0.3062822223,17.6854324341,35.6708908081,53.877456665,72.0395202637,89.954460144,107.2026062012,124.1669845581,125.7773513794,109.2044448853,91.0584335327,72.8769073486,54.5229492188,36.5118179321,18.6745567322,0.4051908553],"11":[10.7622060776,18.4148216248,24.183506012,31.6099376678,36.3325614929,44.0290756226,53.2202758789,60.5821800232,87.1861724854,81.7876739502,76.0397644043,70.0181808472,62.8694839478,55.3402557373,47.7546348572,41.6097335815],"12":[1.1338374615,12.2914905548,22.3696670532,33.0502243042,43.5818786621,53.0818328857,62.4917297363,71.4891662598,72.1855926514,62.9528465271,52.3629341125,42.4117889404,32.0454025269,21.3600349426,11.1953258514,0.4146041274],"13":[598.9223022461,605.3124389648,611.1960449219,617.6076660156,624.15234375,631.6152954102,638.0192871094,644.9088134766,644.5362548828,638.6006469727,630.4869384766,624.280090332,618.0077514648,611.9115600586,605.8531494141,598.7988891602],"14":[290.8008728027,298.9271240234,308.0142822266,317.37890625,326.9851074219,335.2408447266,343.3064575195,353.9770202637,341.5987548828,332.8570251465,324.1353759766,316.5418395996,308.3180236816,300.4617919922,292.8881225586,286.3899230957],"15":[233.7602996826,240.0294342041,246.2394866943,253.895904541,260.0068359375,267.895324707,275.5752563477,283.1905822754,325.6213989258,317.9387512207,311.6044006348,303.531829834,295.3336486816,288.7415771484,281.0685424805,273.6510009766],"16":[75.2018585205,80.2503509521,85.3842163086,90.2457122803,96.8391342163,101.2077789307,106.4492645264,111.9534759521,112.8916473389,105.5155944824,100.8259429932,95.1485595703,89.2969360352,84.0149383545,79.0009765625,74.3829956055],"17":[81.9354934692,94.5155029297,106.6442871094,119.2405853271,132.3624572754,145.5956878662,157.6262512207,169.721862793,169.3519897461,158.085144043,145.9131469727,132.3223724365,119.5776290894,107.2598419189,94.9988632202,81.8861846924],"18":[8.0473690033,18.8364067078,29.0299835205,39.2506561279,48.8321456909,58.8435554504,68.4989776611,77.7667007446,76.6932754517,67.6295089722,57.6608963013,48.2138442993,38.6118240356,29.2790489197,18.317817688,5.7632379532]},"polygon_y":{"0":[337.7184448242,337.4792785645,337.4585266113,338.2305908203,338.333984375,338.623840332,338.1871032715,338.5702514648,373.0395202637,373.04296875,373.6198120117,373.7338256836,373.8807373047,374.0301208496,374.4273376465,373.8566589355],"1":[789.6240844727,799.1064453125,808.7493896484,815.9671630859,823.0170288086,829.3515625,833.9841308594,837.7980957031,882.7899169922,877.9528198242,872.7069702148,866.6552734375,859.6975097656,851.9505615234,843.0703125,833.0325317383],"2":[862.3494873047,861.7191162109,861.2584838867,860.9152832031,860.9359741211,860.8239135742,860.5198974609,859.9036865234,892.7044067383,892.4859619141,892.3627929688,892.6276855469,892.5859375,892.9437866211,893.4295043945,893.4097900391],"3":[336.7028198242,336.1283874512,337.409942627,337.8328857422,338.1222839355,337.8091430664,338.0254516602,338.8772888184,373.7606811523,374.2886047363,373.9909667969,373.7250061035,373.6795043945,373.9032287598,374.1297912598,374.0695495605],"4":[356.5032348633,356.67578125,356.9321289062,356.9691467285,356.4844055176,356.332244873,355.954284668,356.4520263672,394.8449707031,394.8709716797,394.6398620605,394.4332275391,394.6968078613,394.7923583984,394.9595336914,394.8758239746],"5":[954.9005737305,948.1737670898,940.6923828125,934.2965698242,925.9268798828,917.7639770508,910.2403564453,905.8697509766,924.2904663086,928.9989624023,934.3497314453,940.8062133789,949.5946044922,955.3046264648,963.5344238281,970.8800048828],"6":[353.6726379395,353.9963378906,354.3595581055,354.700012207,354.7342224121,355.277557373,355.5144958496,355.5790405273,385.219909668,384.8098144531,384.1166687012,383.6473083496,383.5363464355,383.3674316406,382.9406738281,382.4479370117],"7":[378.6773376465,378.8656311035,379.7393188477,380.1512145996,380.0590515137,380.4097900391,380.4916992188,381.5541992188,414.4484863281,415.0111694336,414.6110229492,414.253692627,414.0714111328,414.1172790527,414.1766052246,413.8094482422],"8":[752.4344482422,757.3060302734,762.3502197266,767.5802001953,772.8455200195,778.9147338867,784.4935302734,793.4672851562,825.0195922852,820.2117919922,815.5434570312,810.4982910156,805.2261962891,800.0159912109,795.0856933594,788.7144775391],"9":[378.9159545898,378.0549621582,378.2730712891,377.8895568848,377.1679992676,376.6049194336,376.3792419434,376.2895507812,413.5522460938,413.753112793,413.5631103516,413.3850708008,413.5534362793,413.7367248535,414.4083251953,414.823425293],"10":[297.9327087402,296.201751709,296.0648498535,295.4536437988,294.9493103027,294.318359375,294.013885498,293.5333557129,328.1256103516,328.3036804199,328.4908752441,329.3226928711,329.0975952148,329.5910949707,330.046661377,330.0698852539],"11":[421.3756103516,419.5883178711,417.8092041016,416.2443237305,414.1820678711,411.9472961426,409.0601806641,406.5758666992,472.942199707,474.8744506836,477.6808166504,479.7550964355,482.1035766602,484.9715881348,489.2158813477,492.8317260742],"12":[359.5717773438,358.770904541,358.477355957,359.1090087891,358.089630127,358.7614440918,359.6488647461,361.0407104492,396.1942749023,396.0820922852,395.1577148438,394.8576049805,395.0552062988,395.2799072266,395.8307189941,395.9921875],"13":[342.2374267578,340.9482116699,340.5061645508,340.484375,339.9797363281,339.0628356934,338.0239257812,337.6799926758,373.0274963379,373.7936706543,373.8446044922,374.1105651855,374.2991943359,374.5437011719,374.7099609375,374.525177002],