{"polygon_x":{"0":[5.1701359749,11.8363771439,19.9303417206,28.6751003265,37.3941650391,46.4209518433,55.4201431274,63.6493377686,61.8043060303,54.2913780212,45.1150894165,36.7328796387,28.3300743103,19.8065242767,11.8066806793,4.5669264793],"1":[774.3863525391,804.9732666016,835.6751708984,868.6102294922,900.959777832,932.4805297852,964.1199951172,998.1887207031,998.5824584961,966.1945800781,934.3920898438,901.5493774414,869.3231811523,837.4915771484,805.3063354492,773.7395019531],"2":[352.4844360352,354.7602539062,355.5277709961,355.5952758789,355.9730529785,357.952331543,360.0700073242,359.4093017578,424.6801147461,425.1813049316,425.2694396973,427.1292419434,427.4963378906,428.8009338379,428.2136535645,428.6122131348],"3":[870.8828125,883.6446533203,896.2083740234,909.0120849609,920.6243896484,932.9547729492,945.348449707,958.0227050781,958.5437011719,945.1080322266,932.7921142578,920.9115600586,909.1138916016,896.9030761719,884.0298461914,870.142578125],"4":[0.620067358,13.7317380905,25.9816970825,39.4102134705,52.343208313,64.7176055908,77.1304779053,89.8089981079,90.6064987183,77.9800186157,64.7876815796,52.0744552612,38.997631073,26.3126220703,13.6987581253,0.4438420832],"5":[88.8544311523,100.6341171265,110.3086471558,121.081451416,132.15574646,143.1990203857,154.133392334,164.3042907715,163.7569885254,153.1463928223,142.6213684082,131.6042785645,120.5285720825,109.9795837402,99.7319030762,88.0646438599],"6":[168.340133667,188.7887268066,208.939239502,230.3261108398,250.7462463379,271.2598266602,293.3626708984,310.7002563477,311.9617919922,293.3283691406,272.1368713379,250.7543640137,230.3092193604,209.2778930664,188.5585632324,167.8747253418],"7":[401.3830871582,403.2551574707,403.490447998,402.8579711914,404.8792724609,406.7127685547,409.5953979492,412.9859924316,474.3512573242,468.8877563477,466.7861633301,465.5937194824,464.0413818359,464.231628418,463.457611084,462.0392150879],"8":[130.7666320801,209.1207580566,296.1538085938,383.4933166504,469.2568664551,557.7756958008,641.3771972656,727.7343139648,734.2990722656,638.663269043,555.0292358398,475.8175048828,382.4249572754,298.7885742188,216.713394165,130.7469940186]},"polygon_y":{"0":[594.2877807617,594.0122070312,594.9995117188,594.5429077148,594.2496337891,594.3409423828,594.1287841797,595.1187744141,655.8714599609,656.0495605469,655.8822631836,656.2681884766,656.7031860352,656.7113037109,656.725769043,656.6408691406],"1":[1.5870867968,1.8097294569,2.3071625233,2.5706636906,2.8459038734,3.0581321716,3.2206761837,3.0489885807,51.4098548889,51.6731719971,51.899017334,51.3826370239,52.1410903931,51.7285194397,51.5973205566,51.4388275146],"2":[949.7968139648,938.9588623047,928.6320800781,918.0604248047,906.7894287109,893.6306762695,883.0219116211,872.2771606445,869.1805419922,882.5993652344,895.8975219727,911.2103271484,925.1500854492,939.2927246094,948.8269042969,958.7572631836],"3":[782.4685668945,782.0269775391,782.0533447266,781.8087158203,781.6656494141,781.7586669922,780.9536132812,781.2594604492,812.5573730469,812.9096679688,812.8927001953,813.6480102539,814.1090087891,814.6698608398,815.1580810547,815.771484375],"4":[327.8518676758,327.7526245117,327.6201171875,327.337677002,327.2171630859,327.5814819336,326.7695617676,326.8865356445,356.5444335938,356.7063903809,356.4049072266,356.9749755859,356.844543457,357.3704223633,357.0418701172,357.5528564453],"5":[3.3011403084,2.7561500072,2.6431217194,2.7453615665,2.3546180725,2.317691803,2.1416018009,1.359095335,43.6272354126,43.4779205322,43.4705886841,43.2937698364,43.369972229,43.8338699341,44.3198204041,44.1839828491],"6":[0.7744406462,1.3116890192,2.2849481106,2.8696682453,3.1753664017,3.5649049282,4.2349619865,4.0364284515,45.6558990479,44.7339706421,45.7692260742,45.4372596741,45.7432136536,45.4996261597,45.3708877563,45.1129570007],"7":[735.2304077148,723.333190918,713.5338745117,702.0252685547,688.2620239258,678.7383422852,669.2039794922,660.7319335938,666.9593505859,678.5524902344,691.1151123047,699.2585449219,710.0031738281,720.0306396484,729.2346191406,741.3522338867],"8":[593.848449707,595.5335083008,590.9805297852,590.4460449219,590.225769043,590.0151367188,588.5988769531,591.1315307617,653.7449951172,655.2368164062,654.7264404297,653.9376831055,655.1888427734,654.1909790039,655.2356567383,657.5335693359]},"text":{"0":"L","1":"Gathsem","2":"P","3":"229","4":"losect","5":"Old","6":"Cistern","7":"H","8":"GOTHA"},"score":{"0":0.9818384647,"1":0.9874726534,"2":0.8898184896,"3":0.9119819403,"4":0.7456040978,"5":0.986838758,"6":0.9779627919,"7":0.7291193008,"8":0.8809920549}}