{"polygon_x":{"0":[669.4729614258,678.141784668,686.5760498047,694.8333129883,702.618347168,711.4771118164,720.1234130859,728.3627929688,730.8056030273,721.549621582,712.8961791992,704.7163085938,696.848449707,688.2650146484,680.3044433594,671.1046142578],"1":[831.3907470703,854.7397460938,879.1772460938,902.3626098633,925.833984375,949.6837158203,973.9094238281,998.7546386719,998.3466796875,974.4489746094,949.9169921875,925.5530395508,902.0543212891,877.8820800781,854.2139282227,830.0321044922],"2":[457.4738769531,466.1154785156,473.8019104004,481.2552185059,488.2875366211,496.4027709961,504.5620727539,512.2277832031,516.9147949219,508.5952453613,500.2479553223,492.1981811523,484.0579223633,475.8397216797,467.495880127,458.852722168],"3":[53.5093307495,61.7345581055,70.9862213135,80.7175827026,90.6567764282,100.2705535889,108.7236709595,118.7154312134,119.4962310791,110.2160949707,101.2933959961,90.9928131104,81.8125305176,73.2508468628,63.9252548218,54.9789733887],"4":[425.1591186523,445.4804077148,467.9062194824,489.9359130859,511.2042236328,533.1054077148,554.6852416992,575.4073486328,577.5340576172,556.2310791016,534.0783081055,512.311706543,490.0375671387,467.5096435547,444.9755554199,423.8375854492],"5":[247.7710571289,255.0461120605,263.4223022461,272.9380493164,281.7308349609,290.7788085938,299.6258850098,308.9399414062,312.761138916,302.1372070312,292.5838928223,283.0855102539,273.897857666,265.0238647461,256.6540527344,247.7644958496],"6":[873.5382080078,880.6109619141,887.3352050781,893.6109619141,900.2901611328,906.9945678711,913.5369873047,920.4443359375,921.7516479492,914.4771728516,907.9131469727,900.9945678711,894.3309936523,888.0772705078,881.6369018555,874.3001708984]},"polygon_y":{"0":[319.922668457,320.0072631836,319.7649230957,318.6292724609,317.7923278809,317.0949707031,315.632232666,315.3945617676,379.3100280762,379.5082092285,380.0992126465,380.6070251465,381.6818847656,382.8656616211,383.9125366211,384.7575683594],"1":[565.6135253906,565.4904785156,565.9774169922,566.4311523438,566.6782226562,567.2131958008,568.1959228516,567.4429931641,606.3643798828,606.3212890625,606.7214355469,606.219543457,606.3225097656,606.3953857422,607.0571289062,606.9170532227],"2":[390.5467224121,388.7603759766,387.943572998,386.3678283691,384.6223754883,382.4923706055,380.108581543,378.7451171875,442.4904174805,444.8732910156,446.7831726074,448.1967163086,449.9630126953,451.9431762695,454.2456054688,455.508392334],"3":[498.1908874512,497.6198730469,497.4638671875,496.134979248,495.0231323242,494.3333740234,493.7105102539,493.6905517578,560.2935180664,560.8106689453,561.4483032227,562.1633300781,563.1429443359,564.5935668945,565.7196044922,566.3845214844],"4":[808.3798828125,809.0117797852,809.1362304688,809.1185913086,809.0939941406,808.8385009766,808.5452880859,808.6071777344,841.2384033203,840.4323730469,840.6525878906,841.3695678711,841.392578125,841.2177124023,841.9702148438,841.985534668],"5":[445.9576416016,445.8578186035,445.8037109375,444.9724731445,443.8387756348,443.1420593262,442.4520874023,442.5859069824,511.6302490234,512.3187255859,513.0980224609,514.3657226562,515.01171875,516.5205688477,517.0823974609,517.5251464844],"6":[241.8651123047,241.6287384033,242.0980834961,241.8070068359,240.5473937988,239.645980835,239.7006988525,239.6820373535,311.2100830078,311.8110351562,311.363861084,311.1343383789,311.029876709,311.4848022461,312.4010925293,313.8272094727]},"text":{"0":"R","1":"Cistern","2":"E","3":"L","4":"Anseern","5":"L","6":"S"},"score":{"0":0.9703031182,"1":0.9712538719,"2":0.9785015583,"3":0.985958755,"4":0.6861957312,"5":0.9490249157,"6":0.8032832146}}