{"polygon_x":{"0":[675.8116455078,688.7970581055,701.9763183594,715.3210449219,728.4063110352,741.3306274414,754.2883300781,767.7637939453,766.8756103516,754.0319213867,740.7290649414,727.6898193359,714.6434326172,700.4668579102,687.2512207031,673.7476196289],"1":[784.6264038086,812.6602783203,841.3997802734,869.3797607422,897.3040161133,924.6890258789,953.0374145508,981.3914794922,980.8397216797,953.6213378906,925.2260742188,896.8342285156,869.0838012695,840.3909912109,811.8646850586,783.0679931641],"2":[0.0381721705,12.030872345,25.4477157593,38.5693283081,52.1297111511,65.3722229004,79.6969146729,94.0153121948,94.2137908936,79.9225540161,65.627204895,52.2620811462,38.5313339233,25.595407486,11.9912776947,0.0315668657],"3":[17.7253284454,16.1785049438,14.6749296188,14.3267526627,12.4651765823,11.4508676529,10.7627353668,9.0819129944,50.0704498291,51.3635787964,51.9738197327,53.2895889282,54.4967803955,56.3573646545,57.3374214172,59.3708839417]},"polygon_y":{"0":[642.7531738281,642.2275390625,641.6586303711,641.760559082,642.1354980469,642.1839599609,641.9294433594,642.1927490234,689.1052856445,688.846496582,688.7515258789,688.6038818359,688.293762207,688.7088623047,688.6489257812,688.9962158203],"1":[643.1063232422,642.5667724609,643.4528198242,644.0733642578,644.5798339844,644.8723144531,645.4802246094,646.4154052734,690.4921875,689.4658813477,689.8513793945,689.9388427734,689.8897705078,689.7130737305,690.0564575195,689.7265625],"2":[14.6659355164,13.690486908,12.1460142136,11.4651260376,11.319231987,11.3009538651,10.8910884857,11.9138717651,48.9122314453,49.8257865906,49.8380432129,49.5890350342,49.3057861328,49.271446228,49.1881866455,49.6083221436],"3":[912.7700805664,908.8078613281,905.094909668,901.3725585938,897.0163574219,892.2575683594,888.4074707031,884.7238769531,876.7377319336,881.1442871094,886.0706176758,890.606628418,895.319152832,899.8890380859,904.3342285156,909.4091186523]},"text":{"0":"Old","1":"Cisterns","2":"one","3":"E"},"score":{"0":0.9758509398,"1":0.9824650884,"2":0.9792335629,"3":0.4520890415}}