{"polygon_x":{"0":[621.5341186523,653.0895385742,685.1598510742,716.8487548828,749.1344604492,781.0729370117,814.0136108398,845.6010742188,846.0751953125,813.6728515625,781.1666870117,749.1387329102,716.9234619141,684.8908081055,652.7604980469,620.2397460938],"1":[507.9927368164,520.0088500977,531.7062988281,543.0443115234,554.4633178711,566.1736450195,577.6900024414,588.8008422852,588.8598632812,577.4273071289,566.1742553711,554.7119750977,543.137878418,531.8421020508,520.2793579102,508.3775024414],"2":[82.1919174194,141.9164581299,200.2215423584,259.1722412109,318.2872009277,377.6260681152,436.0383911133,497.4456481934,496.8983459473,435.5954284668,377.0791015625,317.3775024414,259.091003418,200.8321380615,141.8860168457,82.4740905762],"3":[911.1696777344,924.8260498047,937.7845458984,950.1870117188,962.6522216797,975.4186401367,988.0939331055,999.7460327148,999.3809814453,986.6368408203,974.4735107422,961.6815795898,948.8337402344,936.2390136719,923.7568359375,910.5669555664],"4":[579.1903076172,635.7144165039,689.8399658203,746.052734375,800.4462890625,855.8609619141,911.3637695312,969.6264038086,971.5289916992,913.9190673828,857.8198242188,801.8780517578,747.8400878906,691.7368164062,636.5606079102,579.3125610352],"5":[924.0745849609,936.673034668,948.2301025391,959.2340698242,969.6295776367,980.0783691406,990.8754882812,999.9365844727,999.8840332031,989.9133300781,979.3232421875,968.9898681641,958.2775268555,947.1374511719,935.9715576172,922.7716064453],"6":[904.7275390625,919.8300170898,934.125,948.7396240234,961.9030761719,975.4095458984,989.1803588867,999.9602050781,999.9283447266,987.7930908203,973.8962402344,960.595703125,946.7763671875,932.8442382812,919.0177001953,903.5068359375],"7":[110.3847351074,163.240524292,214.9185791016,267.1771850586,317.7910766602,369.9537353516,421.1031799316,473.5233154297,473.9169311523,421.7298583984,369.5250244141,317.067565918,266.1340942383,214.691986084,162.9126586914,110.5790786743],"8":[567.9088134766,572.6740722656,578.1151733398,582.9559936523,587.2850952148,592.231628418,598.1640014648,603.0980224609,616.6744995117,612.7525634766,609.2705688477,605.1400756836,601.4124145508,594.9095458984,587.6215820312,580.6766967773]},"polygon_y":{"0":[861.5406494141,860.8103027344,859.997253418,860.0338134766,859.5317382812,859.298034668,859.1702270508,860.4993896484,905.1586303711,905.2995605469,904.576965332,904.6923828125,904.5576171875,904.7333374023,905.0618896484,905.4796142578],"1":[861.6268920898,861.3208007812,860.9279785156,860.9827880859,860.8648681641,860.7740478516,861.1884155273,861.0728759766,905.3125,905.5565185547,905.276550293,904.989074707,904.9077758789,905.2798461914,905.5784912109,905.3540649414],"2":[620.6206665039,618.9464111328,618.6840209961,617.9118652344,617.5170288086,616.5745849609,616.0651245117,617.2748413086,669.4973754883,669.0002441406,668.5253295898,668.8306884766,668.518737793,668.5805664062,669.3340454102,669.6441040039],"3":[918.3443603516,918.2165527344,919.0637207031,919.6857299805,920.3541259766,921.6256103516,923.6311035156,925.9656982422,965.3291015625,965.8204345703,964.8373413086,964.2081298828,963.1694946289,962.6071166992,961.5778198242,960.12109375],"4":[617.3708496094,616.194519043,615.5595703125,615.2584228516,614.6408691406,613.7727050781,612.7554931641,614.4465332031,666.4373168945,666.5073242188,666.5935058594,666.8637084961,666.8995361328,666.5729370117,667.2215576172,666.7442626953],"5":[804.0061035156,804.5889282227,804.9658813477,805.9556884766,805.9543457031,806.705871582,807.5543823242,808.2139892578,855.80078125,855.359375,855.2629394531,854.8104858398,854.7491455078,854.3443603516,854.3228149414,853.5171508789],"6":[881.8734741211,882.0488891602,882.5829467773,883.4361572266,883.2168579102,884.1517333984,885.4207763672,886.5774536133,924.5841064453,924.841796875,923.5581054688,922.9181518555,922.8479003906,922.2473144531,922.2952880859,921.8635253906],"7":[862.9327392578,861.893371582,861.4058837891,860.5667114258,860.3217163086,858.9403076172,858.3154296875,859.3897094727,906.8285522461,906.555847168,906.44140625,906.9627685547,907.2747802734,907.1832275391,908.2924804688,908.9016723633],"8":[906.9237670898,908.6597290039,908.9693603516,908.8909912109,908.2303466797,906.164855957,904.5513916016,903.8854980469,938.6550292969,940.285949707,941.0316162109,943.4801025391,944.5987548828,946.0998535156,948.2994384766,950.3311157227]},"text":{"0":"HEROD","1":"OF","2":"MOSLEM","3":"Bir","4":"CEMETE","5":"UI","6":"SER","7":"MOUNMENT","8":"E"},"score":{"0":0.9877055287,"1":0.9863773584,"2":0.9888641834,"3":0.9880556464,"4":0.9860960841,"5":0.9653668404,"6":0.9450311661,"7":0.9892204404,"8":0.8392316699}}