{"polygon_x":{"0":[844.9609375,858.53125,872.2366333008,886.0610961914,899.1754150391,913.375,927.04296875,942.2437133789,919.6617431641,904.9046630859,888.7399902344,874.3189086914,860.2131347656,846.0455322266,831.2247314453,816.7769775391],"1":[759.5751342773,791.5709228516,825.8992919922,860.2090454102,894.5513305664,929.2041625977,963.4329833984,997.7715454102,997.5583496094,963.2681884766,929.9519042969,894.7777099609,860.5432128906,825.7946166992,791.5100708008,757.4475097656],"2":[898.2041015625,911.8905639648,925.9721679688,940.0800170898,954.2250976562,968.8146362305,983.1881103516,998.5034179688,999.2347412109,984.3081054688,969.7854003906,954.8263549805,940.5400390625,926.4766845703,912.1011352539,897.854309082],"3":[929.5455932617,938.0736694336,944.7811889648,952.4462890625,959.9741210938,967.8273925781,975.6105957031,983.9716796875,984.8489379883,976.9540405273,968.8218994141,960.7008056641,952.9624023438,945.3841552734,937.1424560547,929.0698852539],"4":[677.7525634766,717.9844970703,757.9259033203,797.8969726562,837.1715698242,877.4562988281,916.9927978516,957.6996459961,957.3883056641,917.5715332031,878.2382202148,838.2202148438,798.2762451172,758.0038452148,718.5465087891,677.362121582],"5":[890.9342041016,902.1920166016,911.4714355469,921.4702148438,931.42578125,941.8627929688,951.3619995117,963.5523071289,936.1832275391,926.4572143555,914.2178344727,903.5803222656,892.2132568359,882.1996459961,871.0497436523,861.3421630859],"6":[833.0538330078,840.9921875,847.767578125,855.1727294922,860.5910644531,866.3647460938,871.9232788086,879.3381347656,854.9736328125,848.3743286133,840.7632446289,833.3671875,826.7299804688,820.4100341797,814.1027832031,805.758972168],"7":[516.9104614258,522.7580566406,530.0280151367,536.5955810547,541.3746337891,546.5186767578,550.9626464844,554.5595092773,491.7009277344,489.0029907227,482.5473327637,477.9374694824,473.6517944336,469.2530822754,464.6337585449,458.5119628906],"8":[950.8442382812,959.2070922852,967.5828857422,975.6024169922,982.3679199219,989.8121337891,995.5196533203,999.9658813477,987.6766357422,980.882019043,971.4901733398,964.4097900391,955.2252807617,945.7846069336,937.5402832031,928.1948242188],"9":[946.6306152344,947.6019287109,949.1085205078,950.0087890625,951.6454467773,951.9128417969,953.6212768555,955.7422485352,934.3041992188,932.2022094727,930.2407836914,928.1634521484,925.5712280273,923.134765625,920.9518432617,918.6313476562],"10":[816.7304077148,827.0908203125,836.643371582,846.9550170898,856.1640014648,866.5053710938,877.044128418,887.5810546875,889.2830810547,878.3564453125,867.2796630859,856.7461547852,846.7152099609,837.4996948242,827.1643066406,815.6848754883],"11":[920.7940673828,930.2010498047,940.4680175781,950.7932128906,961.8322753906,971.8918457031,982.3735351562,993.5885620117,993.1794433594,981.7271728516,971.5638427734,961.2521972656,950.9833374023,940.9301757812,930.8179321289,921.3693847656],"12":[856.9215087891,876.2942504883,892.3334960938,912.8295898438,934.9910888672,956.5905151367,976.8067016602,999.2788696289,978.7207641602,951.1555175781,930.5150756836,910.4626464844,890.568359375,871.5319213867,852.6832275391,833.0365600586],"13":[398.9172973633,399.4441223145,401.9361572266,403.2486572266,405.6943054199,408.0746459961,409.2739562988,411.7598266602,345.2839660645,344.3728027344,342.1124572754,340.1388549805,337.092590332,335.2218017578,333.5897216797,330.8025817871],"14":[13.0068130493,23.8724117279,34.4521865845,45.4488830566,55.5410423279,65.6353607178,77.7350921631,88.239730835,80.7837982178,70.6015167236,57.8478927612,47.7064590454,36.9275894165,26.4146327972,15.6256332397,4.6195263863],"15":[227.6441802979,231.983215332,237.8429412842,243.5017547607,249.3894195557,254.7760009766,261.3286437988,270.7494812012,200.7101287842,198.9080657959,194.3006286621,189.0991821289,182.4401550293,178.492980957,174.0202026367,168.3604736328],"16":[967.7391967773,974.333984375,979.0855712891,984.1635742188,988.8627929688,992.9555664062,996.7737426758,999.9669799805,986.6797485352,983.264831543,975.5316772461,969.896484375,964.5758666992,959.9478759766,954.0153808594,947.8981933594],"17":[968.0825805664,972.711730957,978.8781738281,983.7584228516,988.3742675781,993.280090332,997.4644775391,999.9899902344,990.6029663086,986.7911376953,980.6683349609,975.2247314453,968.5712890625,962.6382446289,957.0435791016,949.9020385742],"18":[745.3809204102,756.9677124023,769.0099487305,781.5136108398,793.8274536133,806.57421875,817.6254272461,828.9935913086,832.1284179688,820.1434326172,807.8826293945,794.9358520508,782.4979248047,770.9761962891,759.1773681641,745.4953613281],"19":[960.7730102539,965.7573852539,970.6525268555,974.8251342773,980.4056396484,985.2355957031,990.2525634766,995.0863037109,999.7409057617,993.630859375,988.9572143555,984.4154052734,979.5433349609,974.6345214844,969.4381103516,964.3897094727]},"polygon_y":{"0":[162.7368927002,176.5204772949,190.6398925781,204.0973052979,216.2974395752,228.2076873779,241.4318695068,255.7049713135,277.7490234375,264.0022277832,250.8186187744,237.9630889893,225.4076385498,211.4768981934,197.5223999023,181.7934265137],"1":[906.0607299805,906.2662353516,904.638671875,904.4116821289,904.2789306641,905.1267089844,905.4973144531,906.0950317383,954.231628418,954.2603149414,953.5293579102,952.8510742188,953.4086914062,953.6150512695,953.1118164062,954.3301391602],"2":[666.9555664062,666.3506469727,666.5102539062,666.0527954102,666.1721801758,665.6812744141,664.9865112305,665.1236572266,709.0539550781,709.3499145508,708.8592529297,707.8308105469,709.4398193359,709.1266479492,709.2651977539,709.8966064453],"3":[961.6168823242,961.3692626953,961.6364746094,961.7305908203,961.6977539062,962.3024902344,962.0006103516,961.864074707,992.1904296875,992.4611816406,992.3154296875,992.6622314453,992.7803955078,993.0510864258,993.1652832031,992.4939575195],"4":[816.0743408203,815.2456054688,814.4153442383,813.8994750977,813.2369384766,812.8321533203,812.4866333008,813.7731933594,865.9884643555,865.8153686523,864.4448852539,864.9979248047,865.3470458984,865.3270263672,865.3732910156,864.6086425781],"5":[253.1578369141,266.371887207,276.7276306152,286.4833984375,295.5610046387,305.2223510742,314.6755065918,323.5240478516,347.9932861328,337.9772644043,327.0840454102,317.1304626465,306.7428894043,296.9862670898,287.4100952148,277.8064880371],"6":[205.0133056641,212.659072876,218.9034423828,226.8634338379,232.3644256592,240.042175293,248.2882080078,257.2752075195,277.4931030273,270.161529541,262.1016235352,253.4885864258,247.3289337158,240.1768798828,233.9937744141,226.9510498047],"7":[638.1069335938,646.9027709961,655.9005126953,663.4172973633,671.0469970703,680.2601318359,689.5927734375,698.5545654297,713.4381103516,705.0456542969,697.0639648438,687.7556762695,680.7404174805,673.6364746094,664.7186279297,655.8956298828],"8":[251.8628845215,261.6898803711,271.5786437988,279.2789916992,286.8347167969,295.5654296875,303.8226013184,314.7746276855,337.4937438965,328.6682434082,321.1567993164,312.8135375977,305.5380554199,296.9433288574,289.2309265137,277.359375],"9":[0.0340785608,0.6141320467,1.0872294903,1.6030144691,3.6305046082,4.922059536,7.0674142838,11.3926229477,28.2867736816,25.4708061218,22.4175338745,19.4642677307,16.8099575043,14.0565414429,11.9471693039,9.4300861359],"10":[666.9195556641,668.4625854492,668.5230712891,668.5056152344,668.1098022461,667.5708007812,666.8466186523,667.3724365234,708.0440673828,707.3558959961,707.1278076172,707.2360839844,707.1381225586,707.9251098633,708.5762939453,708.4984130859],"11":[533.875793457,533.2606201172,533.9772949219,534.8031616211,534.7872924805,535.4405517578,536.3055419922,536.5747680664,579.635925293,580.2166137695,579.9107666016,579.3977050781,578.7012329102,578.953125,579.4091186523,578.7448120117],