{"polygon_x":{"0":[534.4029541016,556.7521972656,580.5640258789,603.9859008789,627.3790893555,651.0875854492,674.3630371094,698.9722900391,699.2633056641,675.4241333008,651.4862060547,627.9094848633,603.8402099609,580.3759765625,556.9713134766,533.631652832],"1":[0.0419445299,17.7491378784,37.2269134521,56.8794975281,76.3783416748,96.588760376,115.9093170166,137.5482025146,136.7295074463,116.7308502197,96.850692749,76.881187439,56.8857421875,37.3283958435,17.8746376038,0.041004274],"2":[681.4752197266,705.251953125,728.0784912109,751.9863891602,774.2730102539,796.3604125977,819.9829711914,844.2520141602,844.765625,822.8972167969,799.1357421875,775.0640869141,751.7135009766,727.9455566406,704.2919311523,680.4047851562],"3":[820.7265625,819.6701049805,819.6385498047,818.547668457,819.1926269531,818.6754150391,819.3881225586,820.8848876953,871.1950073242,870.5560302734,869.9028930664,870.7015380859,869.6140136719,869.4921264648,869.4200439453,869.2119140625],"4":[503.954284668,522.8497924805,541.8165893555,560.9898071289,579.7509155273,598.2363891602,618.0054931641,636.266418457,636.622253418,618.1331787109,598.5108032227,579.5493164062,560.6697998047,541.534362793,522.3892211914,503.4708251953],"5":[821.7048339844,821.4771118164,820.051574707,818.2675170898,817.5366210938,815.9111328125,814.4705200195,812.1843261719,870.7461547852,870.1636962891,870.4300537109,871.4606933594,871.9396362305,872.0099487305,873.7791748047,874.7867431641],"6":[425.4985046387,445.123046875,463.7043457031,482.8614807129,502.51953125,521.4948120117,541.5153808594,558.0147705078,559.0490722656,539.7104492188,521.0244140625,501.7557067871,482.3069458008,463.0630493164,443.9811401367,424.1591186523],"7":[797.9765625,796.8199462891,795.4120483398,794.5330810547,794.1358032227,793.0024414062,793.1054077148,793.7059936523,849.8200073242,850.9916992188,851.4399414062,851.9599609375,852.6895751953,852.9914550781,854.0612182617,853.9309692383],"8":[117.0973587036,139.6284790039,160.3751525879,182.2838439941,204.3682250977,226.9385070801,247.9362640381,267.7624816895,269.6362915039,248.2547302246,226.349395752,204.2500152588,182.3522949219,160.4827880859,138.8861541748,116.8330307007],"9":[120.2358322144,123.0813140869,124.0225296021,127.337097168,132.1308135986,135.4558105469,138.6100006104,144.4929199219,205.5921783447,207.5375976562,205.5808868408,203.2850799561,201.4009246826,197.2927093506,190.6936340332,186.3699493408],"10":[859.3177490234,855.6658935547,855.7783203125,855.4540405273,855.1099243164,854.4784545898,853.2307128906,850.3850708008,800.7073974609,800.7571411133,800.2222290039,800.9367675781,802.2894897461,803.8054199219,805.5046386719,805.3483886719],"11":[52.9123725891,62.2140197754,70.7048034668,79.5187072754,88.3955688477,96.8224487305,105.3732376099,115.2999954224,114.7401885986,104.9233551025,96.5022201538,87.7850799561,78.982635498,70.6133041382,61.377620697,51.9154281616],"12":[294.0606994629,306.142578125,317.7556152344,329.0181274414,340.7392578125,352.5148925781,364.3307800293,376.1312561035,376.7975463867,365.5371704102,353.19921875,341.6326599121,329.8214111328,318.2218017578,306.3682861328,294.6468505859],"13":[568.5247192383,577.0946655273,583.796875,590.7166137695,597.5551757812,605.662109375,613.6179199219,621.3419189453,622.5270996094,614.7665405273,605.809387207,598.287902832,591.2669677734,583.8601074219,576.8120117188,568.323059082],"14":[629.4107666016,636.8090209961,643.7222900391,651.0340576172,657.8394775391,665.5982666016,672.7442016602,681.4091796875,681.1030273438,672.8786621094,665.3378295898,658.4838867188,651.8500976562,644.891418457,637.6413574219,629.7735595703],"15":[702.3352050781,737.1560058594,773.3841552734,810.0454101562,844.6102294922,879.8369140625,914.5202636719,950.5158691406,949.7521362305,915.1010131836,880.0614013672,844.6198730469,809.6324462891,773.8431396484,738.4957275391,703.7277832031],"16":[2.6852333546,9.7716188431,16.2474193573,22.7541351318,28.8195991516,35.3629074097,41.6210479736,47.8807983398,47.3267707825,40.951499939,34.2371330261,27.7120685577,21.7068252563,15.4413042068,8.9722166061,1.3806563616],"17":[595.4579467773,639.1614379883,683.7360839844,728.0608520508,771.8482666016,816.1217041016,860.9836425781,907.1753540039,907.9473876953,862.6579589844,818.0892333984,774.1655273438,729.2904052734,684.8614501953,640.3765869141,596.7707519531],"18":[8.6145219803,15.0433139801,20.4017219543,26.5713977814,32.42786026,39.0023002625,45.365978241,51.1504516602,52.0323257446,46.196269989,39.9819221497,33.8175582886,27.816783905,22.1356372833,16.7161426544,10.5119018555],"19":[836.6491699219,835.5993652344,836.7493896484,838.0728149414,839.3530273438,840.9305419922,843.151184082,845.3161010742,795.7748413086,795.8698730469,791.7697143555,790.3928222656,789.0299072266,787.1038208008,786.8870849609,784.9578857422],"20":[818.7359619141,819.3565673828,818.1832275391,816.4558105469,817.063659668,815.6494140625,815.404296875,815.8069458008,867.5021362305,868.9000854492,868.7317504883,869.4130859375,869.8187866211,870.1984863281,870.3395996094,870.6176147461],"21":[100.3151397705,123.2308502197,144.3127288818,166.0804138184,187.7718353271,209.4027557373,231.03956604,254.6907653809,255.4702148438,232.5901031494,210.475692749,187.7569732666,166.1468505859,143.7850799561,123.3609848022,100.4270324707],"22":[451.1968383789,473.3083496094,492.5582885742,512.9415283203,531.5280151367,550.3944091797,569.4161376953,585.115234375,587.772277832,568.9553222656,548.0421142578,529.6503295898,510.9597473145,491.6265563965,472.8627319336,453.1860656738],"23":[801.1146240234,804.3915405273,804.9509277344,807.1785888672,807.9660644531,809.4786376953,809.2353515625,809.2723388672,862.1524658203,858.9935302734,858.9670410156,858.7244873047,856.9780883789,856.2500610352,855.7862548828,852.3391723633],"24":[397.3849182129,426.5581970215,454.4495849609,483.0121154785,511.3065795898,539.5444335938,567.5618896484,591.6882324219,596.6381225586,566.9046020508,540.1456298828,509.6026611328,482.1569213867,453.8969726562,425.6124267578,397.0942993164],"25":[647.5161132812,656.7722167969,663.6792602539,670.2141113281,677.0506591797,685.0421142578,691.3200683594,698.0556640625,699.7170410156,693.2886352539,683.9934692383,676.0180664062,668.5209960938,661.5510253906,654.5373535156,646.8677978516],"26":[448.7294921875,508.4255981445,566.8737182617,624.9049072266,681.8301391602,741.330871582,795.9052124023,858.310546875,859.0769042969,794.3792724609,738.6408081055,681.2213134766,624.1382446289,566.6640625,509.4458312988,450.7933349609],"27":[827.5234985352,826.1264038086,826.4331054688,826.5720214844,827.0437011719,827.0198974609,826.5692749023,827.4722900391,773.8646240234,775.2731933594,776.3617553711,776.0946044922,774.9906005859,774.2153320312,773.7177124023,771.6340332031]},"polygon_y":{"0":[402.0653686523,401.3860473633,401.839050293,402.133605957,402.0235595703,402.5996704102,403.228302002,403.3880310059,444.9151000977,443.9978637695,444.5965270996,444.1924438477,444.3295288086,443.7284545898,443.6535949707,443.9868164062],"1":[495.3195800781,494.5645141602,494.1674194336,493.065032959,492.3740844727,491.8281860352,491.3755493164,491.7828674316,521.358581543,520.7390136719,521.3920898438,521.6717529297,521.9575195312,522.1586914062,522.4703369141,523.5225830078],"2":[475.7543640137,475.6918029785,476.7764892578,478.4392700195,479.1017456055,480.186920166,480.9671630859,481.2510986328,527.0679931641,526.2912597656,526.2034912109,526.0951538086,525.9661865234,525.9520874023,526.7950439453,526.2698974609],"3":[467.0401000977,461.1456298828,454.2149658203,447.6760559082,440.6838378906,434.3648071289,428.0514526367,424.1368408203,418.2668762207,424.9995727539,431.5008544922,440.505859375,446.1704101562,452.1518554688,460.9700012207,467.4599609375],