{"polygon_x":{"0":[61.3733825684,73.3126144409,84.7178192139,96.4868927002,108.4525146484,120.2522201538,131.9811401367,142.9621582031,142.3252258301,131.2182769775,119.5332489014,108.0111694336,96.4287567139,84.3275299072,73.0558547974,60.9071159363],"1":[959.7321777344,966.0076904297,970.7796630859,976.0747680664,981.3582763672,986.6121826172,992.1151733398,997.2023925781,999.8323974609,994.0953369141,988.9586181641,983.5059814453,977.7888183594,972.5268554688,966.7783203125,959.8852539062],"2":[912.0046386719,924.8087158203,937.8040771484,949.7326049805,962.134765625,973.9478759766,986.5391845703,999.0880737305,999.450378418,986.4892578125,974.3975219727,961.6899414062,949.5322265625,937.7230224609,924.7262573242,910.201171875],"3":[843.4460449219,852.9097900391,861.0477294922,870.1065063477,879.044921875,888.0941772461,896.2864990234,904.3894042969,904.2703857422,896.2504882812,887.5654296875,878.483215332,869.9552001953,861.4615478516,853.405090332,843.8296508789]},"polygon_y":{"0":[704.2530517578,704.2865600586,703.8100585938,703.9356079102,704.2748413086,704.3713378906,704.4732055664,704.3954467773,736.3869628906,736.330871582,736.0367431641,736.0015869141,735.7736816406,736.0065307617,736.3919677734,736.2281494141],"1":[572.4483642578,571.1538085938,571.3540039062,570.6358642578,569.9769897461,569.0742797852,568.3960571289,567.2935180664,620.3848266602,620.9775390625,620.9169921875,620.5286254883,620.7514648438,621.5666503906,622.7113647461,623.8805541992],"2":[622.5777587891,621.7299804688,621.8018188477,621.5249023438,620.9317016602,621.6461791992,622.0321655273,623.7123413086,671.7145385742,673.5057373047,673.7381591797,673.8315429688,673.9470214844,673.751159668,674.1895141602,673.8248291016],"3":[626.5499267578,624.4086303711,622.9368896484,622.1446533203,621.3857421875,620.6889648438,619.392578125,621.0773925781,672.5098266602,674.2102661133,674.4760742188,674.6786499023,674.5647583008,674.434753418,674.9205322266,674.6135253906]},"text":{"0":"2351","1":"T","2":"the","3":"of"},"score":{"0":0.9801999331,"1":0.9780168533,"2":0.9406201839,"3":0.9774786234}}