{"polygon_x":{"0":[0.0134191429,32.5102310181,68.7878952026,104.3605422974,140.4097900391,177.1614074707,215.1300201416,251.179901123,252.0130310059,213.6372680664,177.0209655762,140.3405151367,103.1937408447,67.8176269531,31.8816452026,0.0438318215],"1":[0.095948495,32.5628318787,67.2067337036,101.011390686,136.2420349121,171.2494659424,207.0463409424,243.1563415527,243.0477905273,207.2650146484,171.9939880371,136.8937683105,101.2997894287,67.4383087158,33.3345184326,0.1553227752],"2":[488.2707519531,490.5105285645,491.2915039062,492.4580383301,493.9329833984,495.6295776367,497.4285888672,501.0363464355,530.3126220703,529.8444213867,528.6295166016,526.9959716797,526.0103149414,524.354309082,523.3305053711,521.2559814453]},"polygon_y":{"0":[422.0086669922,423.3941955566,423.0131530762,423.5903930664,423.7646789551,423.645904541,422.9874267578,424.7114562988,480.9349365234,481.2641906738,481.5316162109,479.561340332,477.8177490234,476.3000488281,477.7740478516,476.1821899414],"1":[324.5151977539,324.2125854492,323.7883911133,324.3017883301,324.8690490723,324.2169189453,323.2734985352,324.9439086914,376.3032226562,375.934753418,376.3598632812,377.0661010742,376.9635009766,376.7646484375,377.5195922852,377.0484008789],"2":[64.7886047363,61.7824211121,56.6670913696,53.077507019,49.4304885864,45.1487197876,41.6154556274,38.7929725647,49.0877456665,52.6880607605,55.6864318848,59.9546508789,63.6201171875,67.5996246338,71.8417205811,73.0547103882]},"text":{"0":"Property","1":"Russian","2":"E"},"score":{"0":0.9727628827,"1":0.9775241613,"2":0.5910279155}}