{"polygon_x":{"0":[816.1456298828,838.6696777344,863.3251342773,886.9422607422,910.5846557617,934.2833251953,958.9852294922,982.9110717773,981.3973999023,957.6076660156,933.5204467773,909.5959472656,886.177734375,862.5244140625,838.5238647461,814.4990234375],"1":[13.9264755249,41.3552932739,71.2713775635,100.2578277588,129.7888336182,158.6565093994,187.5718383789,216.4761505127,215.9234313965,188.2131347656,158.6078796387,129.3259887695,100.2989578247,70.6416244507,41.4440727234,12.4885282516],"2":[61.475730896,76.2821884155,90.0736312866,103.8842391968,117.5223693848,131.1683807373,145.2345428467,159.7275238037,175.6619262695,161.0824737549,146.7438354492,132.7760620117,118.8546676636,105.1076812744,92.6630020142,80.9734039307],"3":[14.923494339,20.3458442688,26.6808986664,33.0447769165,39.1388931274,45.1494407654,50.7158355713,56.441696167,77.2799987793,71.7353286743,65.7870635986,60.3305435181,55.0737724304,49.2243652344,44.0703811646,38.7580413818]},"polygon_y":{"0":[441.7829589844,442.1351928711,443.0204467773,443.1009216309,442.639831543,443.1105041504,444.2117919922,443.4719848633,487.2900390625,487.4875488281,487.5893554688,487.6698608398,487.5763549805,487.7236328125,488.2106018066,487.6599121094],"1":[172.7099761963,172.0151672363,172.3563537598,172.8039855957,173.3442687988,173.8807983398,174.4178009033,175.2789306641,218.0960083008,217.9061126709,218.432800293,218.5905303955,218.9467773438,219.4043579102,220.3311920166,219.6713256836],"2":[77.2645339966,64.7349700928,54.5257263184,46.257648468,39.2446174622,32.3174552917,25.5851097107,19.9281768799,46.1181297302,53.3395423889,59.6739044189,67.1921310425,75.8317947388,84.4691009521,93.3427581787,104.2799301147],"3":[119.1349945068,114.0344390869,109.3125152588,104.4136962891,100.1771392822,95.5857162476,90.5269470215,86.7161178589,111.3553237915,117.2841644287,122.975769043,127.7095413208,132.6504211426,137.5879058838,142.3327178955,147.2680511475]},"text":{"0":"Cistern","1":"Cisterns","2":"Gaza","3":"To"},"score":{"0":0.9550817609,"1":0.9802408218,"2":0.9863280654,"3":0.98503232}}