{"polygon_x":{"0":[12.4832077026,15.4199705124,17.871421814,20.5097942352,23.951417923,26.1469097137,28.5855388641,30.3366966248,23.4230632782,19.6333045959,15.4453487396,12.8943386078,9.9876289368,6.6677846909,4.4731001854,0.4090389609]},"polygon_y":{"0":[43.6984405518,44.8438682556,45.8445587158,46.6324996948,47.3154029846,48.2309799194,49.780544281,51.2080917358,73.3742980957,71.6798706055,69.9498596191,68.6528778076,67.8939666748,67.0958099365,66.5199432373,65.8402862549]},"text":{"0":"8"},"score":{"0":0.7064425349}}