{"polygon_x":{"0":[111.1075439453,134.9716644287,159.8950195312,185.226348877,210.66796875,235.1408233643,259.5712585449,284.7247009277,284.9150390625,260.6402282715,235.8172302246,210.1494598389,184.9854431152,159.6209869385,134.7750549316,109.3519592285],"1":[364.2090148926,376.2823791504,388.3500366211,400.7623291016,413.5089416504,425.9652404785,438.3623046875,451.1791687012,450.8665161133,438.787689209,425.961151123,413.4122924805,401.173034668,388.9110717773,376.6898803711,364.0464782715]},"polygon_y":{"0":[73.5705871582,73.6052093506,74.3494262695,74.6738586426,74.6637573242,75.6704101562,76.5307617188,77.3790817261,118.5686950684,118.3521957397,118.430770874,118.1915283203,117.9370040894,117.8175811768,117.9950714111,117.5336532593],"1":[58.8543510437,58.5963287354,58.6705322266,58.6360588074,58.5283432007,58.1922607422,58.2826576233,57.7559890747,90.3264694214,90.2945556641,90.1555480957,90.0243377686,90.2909698486,90.5286712646,90.5088729858,90.5905456543]},"text":{"0":"Cistern","1":"2382"},"score":{"0":0.9832399487,"1":0.9802984595}}