{"polygon_x":{"0":[745.712890625,755.8643798828,767.2122802734,778.8063964844,789.4888305664,800.3377685547,810.5794677734,821.2268066406,819.2440795898,808.6481323242,797.552734375,786.0490722656,775.9997558594,764.5032348633,753.5407714844,741.788269043],"1":[219.1786804199,241.732711792,265.1678771973,288.330078125,311.6894226074,334.8558044434,357.695892334,381.0449829102,380.4531860352,357.0927734375,333.9696655273,310.7997436523,287.6658325195,264.6287841797,241.1785888672,218.0955352783],"2":[663.7393798828,677.4871826172,690.4747924805,704.4046020508,718.1879882812,731.5050048828,744.8745727539,759.7330322266,768.7665405273,754.3131103516,740.7462158203,726.9621582031,713.1360473633,698.9377441406,684.6331176758,671.0832519531],"3":[388.2695007324,401.5602416992,414.1637878418,427.1042480469,440.081451416,453.2911376953,466.072845459,480.6354980469,483.7576904297,471.0599975586,457.7393188477,444.2503051758,431.6366577148,418.6123657227,404.6005554199,390.2069396973],"4":[69.8921279907,83.1679458618,96.1451568604,109.7920150757,123.4649047852,136.9452819824,150.0993804932,164.0414123535,163.4397888184,150.0313110352,136.9677124023,123.0925598145,109.6436691284,96.0061569214,82.9966278076,68.7828140259],"5":[404.9811401367,436.1479492188,467.6922302246,497.6729736328,527.8996582031,558.4339599609,588.3881835938,621.5935668945,621.1075439453,589.3090209961,558.2250366211,527.3521118164,497.189453125,466.3282775879,434.7251586914,403.6748962402],"6":[241.4958496094,251.4460449219,260.7387695312,270.7264709473,280.8547058105,291.5385131836,301.3714904785,311.1431274414,311.5503234863,301.8280639648,291.9884643555,282.2310180664,272.1675109863,261.9945373535,252.2173309326,242.0997314453],"7":[14.4332962036,22.9973373413,31.237241745,39.9271202087,48.4424552917,56.4175338745,65.3420791626,74.2602081299,73.2445297241,64.6144180298,55.8752059937,47.0875549316,38.6496505737,29.9557571411,21.6262893677,12.8507061005],"8":[380.788269043,403.0397338867,424.7504882812,447.2141113281,469.1256408691,490.6158752441,512.4088745117,533.2813720703,533.6019897461,512.7562255859,490.4443664551,468.5277099609,447.201965332,425.2358398438,403.778717041,381.4898071289],"9":[257.2282104492,264.4204101562,272.0765075684,280.0342712402,287.8279724121,295.7612304688,304.0181884766,312.2741394043,309.8345947266,301.3036499023,293.729888916,286.1899719238,279.0848388672,271.4362487793,264.217010498,256.0906982422],"10":[311.0812988281,312.2088317871,313.498260498,315.5902099609,318.8435058594,323.8911437988,329.1695861816,334.8612976074,357.5538330078,352.2109375,347.3590393066,343.0726928711,339.8393554688,338.0577087402,336.6617126465,335.950012207],"11":[334.2518310547,341.5841064453,349.5907592773,358.5409240723,366.2002563477,374.6438903809,383.1550598145,391.2700195312,392.6141052246,383.5955505371,375.2066650391,366.1002807617,358.4982910156,349.5958251953,340.6988525391,331.6018066406],"12":[779.5093994141,779.6915283203,779.4395751953,778.9242553711,778.4353637695,777.7836914062,777.3052368164,776.1629638672,751.7951660156,750.1992797852,751.3780517578,752.5617675781,753.2732543945,753.9798583984,754.6755371094,754.806640625],"13":[644.1290283203,663.4823608398,682.2811889648,700.8579101562,719.8904418945,739.3236083984,758.4851074219,774.8874511719,775.6276855469,757.1093139648,738.3099365234,719.0067138672,699.8971557617,680.643371582,661.3397216797,641.7590942383],"14":[440.1899719238,453.6506347656,466.6516113281,479.7096557617,492.8213500977,506.3482055664,519.9709472656,535.3471679688,540.1483764648,526.1616210938,512.1553344727,498.318359375,484.578918457,471.5369262695,457.9096984863,443.6498718262],"15":[185.8821258545,207.5086669922,229.4349975586,251.4167785645,273.4070739746,295.5343322754,317.6051635742,339.2971801758,337.8848266602,317.6411437988,295.2026977539,272.7694091797,250.775604248,228.9566955566,206.4990844727,185.4979705811],"16":[515.614074707,534.0720214844,554.6103515625,574.98828125,594.5234375,614.7310180664,633.2924804688,655.0795898438,662.4370117188,641.8531494141,622.0140380859,601.1063232422,580.8814697266,560.5283203125,540.4779663086,520.553894043],"17":[147.5812072754,162.6936035156,177.5917053223,193.0488586426,207.6789550781,222.6947021484,238.143737793,252.864364624,252.5531005859,237.8170166016,222.1075134277,207.2886505127,192.4898529053,177.3391113281,162.0315856934,146.4669494629],"18":[379.8781738281,389.7079772949,398.9710998535,409.7577209473,420.3505859375,430.9303588867,440.505859375,450.5493164062,450.4854736328,440.9964294434,430.2323913574,419.697265625,409.6550292969,399.8831787109,389.7475585938,379.3518676758],"19":[782.9135742188,793.742980957,803.6287841797,813.8135375977,823.9318847656,833.4725341797,844.3868408203,856.0622558594,853.7328491211,843.3857421875,832.4625244141,821.9969482422,811.8153076172,800.8208618164,790.8983154297,780.4588623047],"20":[887.6667480469,894.5355834961,900.2711181641,906.5536499023,912.9654541016,919.3287353516,925.5083007812,931.4637451172,931.0084228516,924.5538330078,917.4318847656,911.2578735352,904.7360839844,898.6705932617,892.5437011719,884.9294433594],"21":[0.0810815245,9.3592758179,18.4888343811,28.6123580933,38.5930595398,48.8309326172,58.7277450562,67.6458435059,66.2674255371,56.1089782715,46.9054336548,37.3351211548,27.8310985565,18.5449371338,9.0393695831,0.0313289873],"22":[342.3012695312,370.7495727539,397.306854248,424.4770507812,452.120513916,480.4535217285,507.3697509766,534.3983764648,533.3765258789,507.0287780762,478.4027404785,450.5725097656,423.0427856445,395.5073242188,367.9649353027,340.2095947266],"23":[350.6591491699,357.5254821777,363.600402832,370.6602478027,377.503326416,384.9247436523,391.7860717773,397.4972229004,397.6249694824,391.2987670898,384.4356079102,377.7252502441,371.4419250488,364.8132019043,358.1156616211,350.5825195312],"24":[569.4633789062,581.5078125,593.8154907227,606.4827880859,619.1306152344,631.7017822266,644.2264404297,656.8734741211,656.2470703125,644.0770263672,631.8283691406,618.3684692383,606.1797485352,593.6185302734,580.9132080078,568.3649902344],"25":[455.2972717285,470.6146240234,485.785949707,500.7427368164,516.3173828125,531.0081787109,545.5110473633,559.3365478516,562.5689086914,547.9915771484,532.7805175781,516.7634887695,501.162109375,485.7195739746,470.0176391602,455.0795898438],"26":[537.8610839844,558.2919311523,578.1712036133,597.0169677734,615.9179077148,634.0838012695,652.3967895508,670.5358276367,671.6527099609,653.1646118164,633.0952148438,615.8623046875,597.0489501953,578.739074707,556.5880737305,538.46484375],"27":[0.1057143584,9.111987114,18.1451568604,27.4657821655,36.7245025635,45.7204627991,54.2752876282,62.6077346802,62.0225715637,54.3829421997,45.3764305115,35.8747634888,26.5565834045,17.6143627167,8.6706380844,0.0617617033],"28":[776.315612793,778.1499023438,777.6284179688,777.1302490234,777.1835327148,775.6851806641,775.5748291016,769.60546875,740.1516723633,741.6126708984,743.9916381836,745.2172851562,744.7738647461,744.2734375,744.6582641602,743.9852905273],"29":[914.6817016602,914.0227661133,910.798034668,905.1964111328,898.6265869141,890.6940307617,883.3142700195,873.66796875,905.671875,917.7978515625,925.7842407227,931.5678710938,936.9852294922,941.0731201172,944.6619262695,947.4298706055],"30":[273.3502807617,290.6520690918,308.8200073242,327.789642334,344.96875,362.2366333008,380.0149536133,400.828918457,405.1318969727,386.8918457031,368.8655090332,350.403503418,332.2593688965,314.2296142578,296.3598632812,278.0660400391],"31":[654.0831298828,657.200012207,659.2786254883,661.6673583984,664.3765869141,665.6228027344,665.0805053711,663.6206665039,695.9276123047,694.4477539062,692.9266967773,691.9411621094,690.2770385742,688.8753662109,687.8884887695,685.0736083984],