{"polygon_x":{"0":[718.6801147461,738.1435546875,758.3140869141,777.6819458008,796.8596191406,816.575378418,836.5539550781,856.4703979492,856.0616455078,836.6918945312,817.1755371094,797.2942504883,777.7479248047,757.9302368164,738.542175293,717.6433105469],"1":[402.4940185547,417.9223937988,432.3017578125,446.912689209,461.6489868164,475.7216186523,490.4237365723,504.2955932617,503.3303222656,489.4662780762,475.1825561523,460.2297668457,444.9869384766,430.1972961426,415.8107910156,401.2768859863],"2":[515.5045166016,539.9944458008,567.4354248047,594.6462402344,622.3430786133,649.674987793,677.380859375,702.6422729492,703.5991210938,676.5408935547,649.5147705078,622.2689819336,594.5260620117,567.287902832,539.9565429688,512.6104125977],"3":[664.0529785156,673.1762084961,682.7161254883,691.9777832031,702.0698242188,712.2399902344,721.903137207,732.1270141602,735.6436767578,726.2387084961,716.5541992188,707.1444091797,697.0278320312,687.1861572266,677.4567260742,667.2762451172],"4":[597.1728515625,619.1319580078,642.3986816406,666.0358886719,688.6028442383,710.1951904297,734.0414428711,755.0378417969,757.0457763672,734.3507080078,711.7561035156,688.3088378906,665.9795532227,642.5609130859,620.4007568359,596.982421875],"5":[621.7026367188,633.2523803711,645.012512207,656.8834228516,668.4509887695,679.9777832031,691.0820922852,701.9855957031,703.1228027344,691.7064208984,679.6457519531,668.3023071289,656.4092407227,644.9120483398,632.8659667969,620.9642333984]},"polygon_y":{"0":[829.1657104492,829.2078857422,828.8948974609,829.2454833984,829.3586425781,830.1158447266,830.6936645508,831.9342651367,877.9237060547,877.7881469727,877.4652099609,876.8960571289,876.5915527344,876.6628417969,876.7514648438,876.1181640625],"1":[0.8851801157,2.1067013741,3.0749592781,3.6349077225,4.0210342407,4.8903040886,5.5649118423,4.9239869118,43.2550582886,44.078212738,44.5114822388,44.2290649414,43.8063812256,43.7243614197,43.7199630737,42.6145019531],"2":[826.7423095703,825.5435180664,824.9951171875,826.2728271484,824.9300537109,825.6008300781,826.0195922852,826.7493286133,878.6237792969,879.1751708984,878.2168579102,878.0233764648,877.8929443359,877.7035522461,877.9543457031,877.7191162109],"3":[197.7966156006,197.3572387695,195.5843353271,194.7939147949,193.5681762695,191.8835296631,190.3662109375,189.0168609619,214.450668335,215.2507019043,217.0586242676,218.8671264648,220.0182189941,222.2276153564,224.7957763672,227.1030578613],"4":[932.624206543,932.5827026367,933.6317138672,933.6204833984,934.3485107422,934.4579467773,935.305847168,935.0428466797,986.5829467773,986.7123413086,987.4223632812,987.5765991211,987.8815917969,987.759765625,988.6807250977,987.5021362305],"5":[528.8405761719,528.9014282227,529.7991333008,529.9676513672,530.3934326172,531.158996582,531.3221435547,531.1168212891,562.653137207,563.680480957,563.1735229492,562.8272094727,562.7445678711,563.0931396484,563.1477661133,563.4424438477]},"text":{"0":"POOL","1":"Cave","2":"LOWER","3":"242C","4":"Birket","5":"2389"},"score":{"0":0.9857811332,"1":0.984906733,"2":0.9812612534,"3":0.9393718839,"4":0.9630411863,"5":0.4735294878}}