{"polygon_x":{"0":[450.7678527832,460.9569091797,471.604675293,481.8229675293,492.6430664062,503.3473205566,514.0924682617,524.6604003906,523.8853759766,513.9348144531,503.1672668457,492.6337280273,482.1284179688,471.374786377,460.6259155273,450.4675292969],"1":[153.1998291016,171.1145935059,188.9947662354,206.9060974121,225.1177978516,242.6332397461,260.3067321777,278.6059265137,279.3065795898,262.1438598633,243.9970550537,225.4203643799,207.0847473145,188.7395324707,170.659362793,152.0742340088],"2":[351.7735595703,358.5618591309,364.0532836914,370.7315368652,378.8593139648,387.510925293,395.9335021973,404.2703552246,458.6956787109,453.7142944336,449.4749450684,444.1190795898,437.7705688477,431.3762817383,425.0338745117,417.9985961914],"3":[190.310043335,214.4676818848,240.5429382324,266.6488952637,292.9641113281,319.4726257324,347.1631469727,376.7563171387,374.3121948242,344.594543457,318.4679870605,291.7065124512,265.5473937988,238.2153930664,213.222366333,188.9935455322],"4":[260.7663879395,278.2262268066,297.3797302246,315.1282653809,333.6630859375,352.4218444824,371.5894775391,389.7683410645,392.4205932617,373.5083618164,353.0136413574,332.942565918,314.3204040527,295.6883239746,276.8474731445,258.5370788574],"5":[405.2582397461,410.2559204102,415.5606689453,423.7402038574,430.5825805664,436.494934082,442.936126709,450.5836486816,513.5867919922,508.8141479492,505.0024414062,500.9298400879,494.9261169434,490.2161254883,486.1674804688,481.2836303711],"6":[157.3896179199,170.4228210449,182.2606506348,194.6059875488,207.4381103516,221.5224304199,233.7326812744,246.0611877441,246.1232757568,233.5479431152,219.7551116943,206.7958984375,193.6608581543,181.4512329102,167.9312896729,156.0259857178],"7":[934.6800537109,944.7321166992,955.6897583008,964.983215332,974.1486206055,982.9102172852,991.5482177734,999.7993164062,999.9470214844,992.3260498047,983.6606445312,974.9105834961,965.9375,957.0229492188,947.4927368164,935.4609375],"8":[36.6707687378,48.6666908264,61.1249198914,74.1737976074,87.4072265625,100.726852417,113.6382675171,125.8856201172,125.5556335449,114.5554733276,100.8453445435,87.2151031494,74.1124267578,61.8868865967,49.2528457642,34.6004295349],"9":[920.1032104492,930.4501342773,941.4028930664,951.7662963867,963.521484375,974.4418945312,985.7154541016,998.1424560547,997.8753662109,985.064453125,973.3016967773,962.3217773438,951.7614135742,940.9161376953,929.4912109375,919.7397460938],"10":[1.3026275635,71.3440551758,141.3271942139,210.1647796631,278.8416137695,352.7864990234,420.6503601074,497.8682250977,508.3713378906,438.6823730469,363.3961791992,288.7431335449,213.7789306641,141.9291534424,70.9029464722,3.7273492813]},"polygon_y":{"0":[685.4938354492,685.1575927734,685.001159668,685.1737060547,685.4682617188,685.5399169922,684.9236450195,685.1459350586,715.842956543,715.7268676758,715.8117675781,716.0534057617,715.9007568359,716.0893554688,716.5324707031,716.5993652344],"1":[411.9507446289,411.4932250977,412.0252685547,412.19921875,412.2572631836,412.9758300781,412.4744262695,411.4212646484,448.9237060547,449.0574951172,448.8073730469,449.4491882324,448.9624023438,449.8038024902,450.129699707,451.4673156738],"2":[633.2054443359,626.2449951172,617.8950195312,606.3631591797,595.1771240234,583.1828613281,571.9716796875,561.1951293945,586.6309204102,599.2339477539,612.3587646484,624.2189331055,635.2358398438,646.6434326172,657.9548339844,669.9647216797],"3":[273.3629760742,272.7711791992,272.3747558594,272.9516296387,272.9459838867,272.4575195312,273.1431274414,273.441192627,319.9624328613,319.5843200684,318.7047729492,318.5805053711,318.2174072266,317.5426025391,318.0436401367,317.4978027344],"4":[446.8307800293,449.1795654297,449.7231445312,450.1805114746,449.5072937012,449.385345459,449.2970581055,449.0647583008,487.9498596191,487.357421875,487.6162109375,488.1848754883,488.0635375977,487.708984375,487.8399047852,488.1089782715],"5":[380.1525878906,378.6683349609,373.431640625,369.1857910156,362.6137084961,354.903717041,347.0783996582,342.6575317383,387.9754943848,396.7496948242,402.6474609375,408.258026123,415.6998901367,422.4547119141,429.2773742676,437.5841674805],"6":[450.0548095703,449.3884277344,449.7975463867,450.3120727539,450.3228149414,449.5384216309,449.0574951172,448.5425109863,487.074005127,486.4767150879,486.2121276855,485.9564208984,486.0651855469,486.9967651367,487.0649719238,487.3572998047],"7":[338.7114868164,338.05859375,338.2525634766,338.0146789551,337.798034668,338.1957397461,337.2360534668,337.80859375,377.2268066406,378.6444091797,379.2820739746,379.4833984375,379.534942627,380.0018615723,381.4116821289,382.4647521973],"8":[447.3244018555,447.2233581543,447.6125793457,447.3417358398,446.9904174805,447.6455993652,446.9292602539,447.2163085938,485.5579223633,485.1931762695,485.572479248,484.2668457031,483.8882751465,483.7930297852,484.5746459961,485.6852722168],"9":[395.3065795898,395.5561828613,395.2918701172,395.6849975586,395.4351501465,394.9998474121,394.094543457,395.1062316895,438.971862793,439.9291992188,440.2430725098,439.3503417969,440.2109069824,440.2579040527,440.2263793945,438.9799194336],"10":[370.4675292969,361.7006225586,356.4043884277,356.2322387695,356.4291687012,356.2038879395,355.9437561035,354.0979614258,417.1836853027,413.8197631836,409.5349121094,407.9940185547,407.5533447266,408.2440795898,415.0948486328,426.6354064941]},"text":{"0":"2101","1":"PIOL","2":"L.","3":"HOCEL","4":"MADh","5":"E","6":"WAs","7":"STe","8":"THA","9":"Zeh","10":"TerromsW"},"score":{"0":0.9658858776,"1":0.964772284,"2":0.971749723,"3":0.9817220569,"4":0.9599402547,"5":0.8480166793,"6":0.9416444898,"7":0.7351677418,"8":0.8471064568,"9":0.7905935645,"10":0.5421335101}}