{"polygon_x":{"0":[268.333984375,286.5111694336,305.1448364258,324.192565918,342.7904052734,360.9900512695,379.2459411621,398.3166809082,398.2907714844,380.2977294922,361.3128967285,342.4512329102,323.6940307617,304.5830078125,285.8131713867,266.4900817871],"1":[897.864074707,913.1961669922,928.3062133789,942.7069091797,957.234375,971.5466308594,985.7429199219,999.8283691406,999.857421875,986.4334716797,972.1611328125,957.502746582,943.0379638672,928.7126464844,913.9763183594,898.0899658203],"2":[187.5115356445,196.6520385742,205.2129516602,214.626373291,223.5942840576,232.7938690186,241.6770935059,250.7894134521,249.6535949707,241.184677124,231.620513916,222.7227020264,214.0638122559,205.152053833,196.1648864746,186.8126525879],"3":[139.3751068115,151.1419372559,162.7784576416,174.6180725098,186.2673797607,197.4334411621,209.1831817627,220.971862793,219.6991577148,208.1342163086,197.3010864258,185.3226623535,174.0007629395,162.4133605957,151.4589538574,139.4462585449],"4":[327.1449584961,336.6351318359,345.0285339355,353.6689453125,362.7714233398,371.5674438477,379.824798584,388.8869018555,387.7429504395,379.520324707,370.9221801758,362.4476623535,354.3483886719,345.7046508789,337.1835021973,328.225982666],"5":[871.1810302734,891.5251464844,910.0842285156,928.1217041016,946.0076904297,964.3139648438,982.5045776367,999.7968139648,999.686340332,981.5316162109,963.4193115234,945.3341064453,926.87890625,908.5242919922,890.1248168945,871.2127685547],"6":[258.955657959,267.5108947754,275.7178344727,283.8133239746,292.2171630859,300.6830444336,309.0623779297,316.9477233887,315.8017883301,307.8540039062,299.2915039062,291.129119873,283.3393859863,274.8796386719,266.713684082,257.8616638184],"7":[9.3565979004,15.911072731,21.8801612854,28.4326000214,34.6483268738,40.787311554,46.7377548218,52.8551445007,52.301448822,46.639175415,40.1464080811,34.0435791016,27.741985321,21.2756061554,15.1593694687,9.4358615875],"8":[223.130279541,228.6777954102,233.4379272461,239.6104125977,245.0080871582,251.9906921387,257.9248657227,262.0078735352,262.4268188477,257.730255127,251.7841491699,245.4023895264,239.8490753174,234.3323974609,228.9594268799,222.8770599365],"9":[449.4834899902,474.2746582031,500.076171875,525.8664550781,551.1963500977,576.2769165039,606.5994873047,624.7541503906,629.3278808594,602.4510498047,575.0515136719,550.5461425781,524.5714111328,500.1307678223,473.8211669922,447.6342163086],"10":[434.5567321777,446.5470581055,458.0525512695,469.7025756836,481.4108276367,493.4991760254,505.7262878418,518.4815673828,518.6960449219,507.0382995605,493.9678955078,482.1509094238,470.9616088867,458.9518432617,446.6810302734,435.8922119141]},"polygon_y":{"0":[0.1973317266,0.3143432736,0.4328762889,0.4827726483,0.6626061201,0.6888955832,0.657404542,0.5593139529,29.3885974884,29.315120697,29.8968143463,30.0140285492,30.1878509521,30.211353302,29.7590045929,30.143995285],"1":[306.313293457,305.3529968262,305.7885742188,305.8908081055,306.2012939453,305.8479003906,306.9914550781,307.8371276855,346.4897155762,346.697052002,346.2357788086,346.5188293457,346.5953063965,346.5116577148,347.0816650391,346.649230957],"2":[34.7962379456,35.6708106995,36.342376709,36.7674827576,36.8173408508,37.105506897,37.429397583,38.0342521667,67.6896743774,67.6938171387,67.6325912476,67.6659088135,67.691619873,67.7364044189,67.4828948975,67.001739502],"3":[0.2943315208,0.3679308295,0.5521259904,0.5314949751,0.7435136437,0.8925318122,1.4540815353,1.2668762207,30.6494045258,31.0838165283,31.1885566711,31.1607837677,31.1449966431,31.1896915436,31.1094303131,31.0529975891],"4":[29.098493576,29.8863010406,30.0272483826,29.7073783875,29.3137531281,29.7057304382,29.7627487183,29.5583248138,70.0939102173,70.7794036865,70.57421875,70.1512527466,70.1457901001,70.2864990234,70.1129608154,70.8564147949],"5":[801.7040405273,801.83984375,801.8309326172,802.4593505859,803.1539916992,803.4215698242,804.525390625,805.6456298828,844.0550537109,844.0950927734,843.9105224609,843.6561279297,843.6312866211,843.8952026367,843.2907104492,842.4837646484],"6":[33.5391807556,33.2348327637,33.4110069275,33.2618675232,33.4421653748,33.3503646851,32.7841186523,33.1121864319,66.7857513428,66.7540512085,66.5599899292,66.4113311768,66.3543548584,65.9403839111,66.2129516602,66.307975769],"7":[10.1361703873,10.7635421753,11.2094230652,11.62266922,11.2942752838,11.2689113617,11.2613792419,11.3855314255,48.7458953857,48.7612609863,48.4872627258,48.3467102051,48.3077392578,48.4551696777,48.5822219849,48.7909393311],"8":[4.0137591362,3.0736396313,2.0146415234,1.0911254883,0.8457642198,0.6453496218,0.3273716867,0.1660794765,30.5228385925,30.4564189911,30.6131134033,30.5469398499,30.6608486176,31.007850647,31.688325882,31.030544281],"9":[290.39453125,290.2855529785,289.2169799805,289.1592407227,289.1625976562,288.8956604004,286.5190124512,288.2946777344,337.2294921875,337.0197753906,336.9272155762,337.7069396973,337.0869445801,338.0133666992,337.7160339355,336.8111877441],"10":[0.1438966095,0.1408818811,0.0924454555,0.0714827254,0.0976631418,0.2225207388,0.1906518489,0.0177829601,29.3554401398,29.2455196381,28.5670318604,28.9219551086,28.8559913635,29.2666397095,29.5392227173,29.3773155212]},"text":{"0":"Sectiony","1":"Ciste","2":"See","3":"Line","4":"38","5":"Cister","6":"Pl.","7":"A","8":"of","9":"Windmi","10":"AB"},"score":{"0":0.9818198681,"1":0.9655128121,"2":0.9864127636,"3":0.9896062016,"4":0.981500864,"5":0.9660314918,"6":0.9837955236,"7":0.9831269979,"8":0.987852335,"9":0.9535343647,"10":0.6262016892}}