{"polygon_x":{"0":[648.9569091797,660.7958984375,672.5897216797,684.8309326172,696.852355957,708.8530883789,720.8049316406,733.7036132812,735.5303955078,722.7182617188,710.7119750977,698.8259277344,686.9177856445,675.1784667969,663.1105957031,650.6318359375],"1":[589.2180786133,600.7343139648,612.4944458008,624.5043945312,636.6134033203,648.9712524414,660.7517089844,672.3544921875,673.6247558594,662.0784912109,650.1690063477,638.1416015625,625.7015380859,613.6724243164,602.0543212891,589.3765258789],"2":[156.680770874,189.7141113281,223.0225982666,257.3519592285,291.5378417969,325.4021911621,359.8867492676,395.133605957,394.2302246094,359.6438598633,324.9011535645,291.7074890137,258.2683105469,224.6692810059,191.1445617676,156.247543335],"3":[304.3929138184,325.9356994629,346.6236572266,368.4796142578,390.4322814941,411.6920776367,434.2668457031,451.2821655273,452.7050476074,435.2906799316,411.9566040039,390.3161010742,368.7890930176,347.8326416016,326.3203125,303.7074279785],"4":[133.8819274902,174.4131164551,215.9353485107,257.4983215332,299.2737121582,340.6833190918,382.876739502,433.0504760742,433.1116943359,391.1694641113,349.6328125,304.3018188477,260.973449707,218.5492706299,176.8409423828,134.6980438232],"5":[133.898147583,158.6330566406,182.0332183838,205.703125,229.123626709,251.7249755859,277.4344482422,303.9533081055,306.9046936035,279.4433898926,254.727722168,230.1832275391,205.2192077637,180.8540649414,156.6784210205,133.2406768799],"6":[847.2260742188,854.8909912109,864.4309082031,874.1638793945,878.7499389648,883.3295288086,888.5358886719,895.1447143555,840.1333007812,834.0610351562,826.1725463867,818.0496826172,813.2526855469,808.9905395508,806.9743652344,800.842590332],"7":[678.1138916016,698.8784179688,720.4460449219,742.9884033203,763.8122558594,784.224609375,806.1870727539,828.3242797852,829.6649169922,807.8576049805,786.2537841797,764.9333496094,744.2185058594,722.4437866211,700.5156860352,678.4496459961]},"polygon_y":{"0":[359.2475891113,358.936126709,358.1942443848,357.5234375,356.7508544922,355.7759399414,354.8045349121,354.0743713379,386.8715209961,386.7149353027,387.3044128418,388.1100769043,388.5052185059,389.556427002,390.3440551758,390.6015625],"1":[471.1658325195,470.5783081055,470.0690307617,469.5544128418,469.4531555176,468.9917602539,468.5180664062,468.0057373047,499.7100219727,499.1683959961,499.4010925293,499.5661010742,500.2117919922,500.9217834473,501.5485839844,501.6333312988],"2":[582.7709350586,583.3393554688,583.9563598633,584.5695800781,585.5124511719,585.918762207,585.1938476562,585.6079711914,635.1807861328,633.8912963867,633.4585571289,633.9587402344,634.4395751953,634.2046508789,634.2819213867,635.3131103516],"3":[364.925994873,365.4874267578,366.550567627,366.2844543457,366.6473388672,367.2465515137,368.3289794922,366.8443603516,407.1508178711,406.4619750977,406.5651245117,406.2965393066,406.8346862793,406.7776489258,407.6639404297,406.5734863281],"4":[510.0281066895,510.1632080078,510.1840820312,511.6091918945,511.7821655273,513.1067504883,513.3678588867,512.4431762695,560.188293457,560.6375732422,560.8841552734,561.6870117188,561.9151000977,561.2533569336,561.6029052734,562.0277099609],"5":[0.4505302012,0.5668711066,0.7381086946,0.877451539,1.0923565626,1.0029648542,1.0487040281,0.9388810396,38.9297714233,37.3819351196,37.3987426758,37.5766410828,38.3048095703,38.2731781006,37.6359634399,38.7239456177],"6":[191.8583068848,200.472442627,206.8128814697,213.3627319336,218.5089416504,224.9372558594,236.3528442383,245.0388183594,276.9552001953,269.5405578613,262.5625305176,253.9647827148,246.8891601562,237.7395935059,225.8396606445,216.2352600098],"7":[461.2592163086,461.2591247559,461.5943908691,461.3699035645,460.676940918,461.4503479004,462.3668823242,462.415435791,498.2010192871,498.8276977539,499.1539916992,499.3165588379,499.2295532227,499.3749389648,499.5178833008,499.2229614258]},"text":{"0":"2355","1":"2382","2":"Cottages","3":"Custert","4":"Montefiore","5":"Cistern","6":"O","7":"Gustern"},"score":{"0":0.9797967076,"1":0.9612137079,"2":0.981489718,"3":0.8858653307,"4":0.9671202898,"5":0.9657751322,"6":0.8475182056,"7":0.8057358861}}