{"polygon_x":{"0":[858.3978271484,865.3216552734,872.4401855469,880.4219970703,888.6030273438,896.15234375,903.7592773438,911.9277954102,947.8679199219,940.8338623047,933.6025390625,926.4749145508,918.9879760742,911.3763427734,904.0607299805,895.5231323242],"1":[0.3063701093,31.9515209198,64.7486572266,96.9194946289,130.2664794922,163.2966003418,196.180267334,227.9678497314,230.3775024414,197.2220001221,163.518157959,130.5046691895,97.2671661377,65.2554016113,33.0877723694,0.3600565791],"2":[772.1252441406,779.6501464844,786.9708251953,793.9411010742,801.7995605469,809.9047241211,816.9853515625,824.7255859375,868.5416259766,863.1309814453,856.6500854492,849.0068359375,841.6430664062,833.6443481445,825.2156982422,814.9529418945],"3":[667.1435546875,672.551940918,677.8854370117,682.8980712891,688.8815917969,693.2894897461,698.62109375,702.6571655273,757.9436645508,751.7758789062,747.1561279297,742.1922607422,737.3583374023,731.3444824219,725.6489257812,718.5696411133],"4":[434.5086364746,480.7122192383,526.5034179688,572.8236083984,619.9951171875,666.9807128906,714.0339355469,761.7028808594,762.3400878906,714.5791625977,667.5942993164,620.1474609375,573.2662353516,526.1801757812,479.5712585449,431.6726989746],"5":[926.2073974609,934.6633911133,943.3104858398,952.8234863281,963.0093383789,970.1312866211,976.8796386719,982.9456787109,999.9865112305,997.7103271484,994.1577758789,987.6611938477,984.2271728516,977.9215087891,972.0016479492,965.4611206055],"6":[883.8724365234,901.1901855469,919.4404296875,936.0834350586,953.0224609375,969.7237548828,985.6276855469,999.9622192383,999.9360351562,985.6195068359,969.1635131836,952.3433837891,935.4631347656,918.3299560547,901.7805175781,883.1802368164],"7":[846.3754272461,855.0147094727,859.2716064453,867.1470947266,875.8256835938,883.6992797852,892.5087890625,901.0848388672,971.4797363281,966.1989746094,955.4188232422,944.1442871094,933.6942138672,924.4010009766,913.5305175781,901.3402709961],"8":[308.4392089844,325.5551757812,341.3328857422,357.3137817383,371.8682556152,386.2544555664,402.6464233398,420.1426696777,421.9748535156,408.8801574707,389.9819335938,372.7604370117,356.9915161133,340.5963745117,325.1559448242,307.3395996094],"9":[280.155456543,294.9608154297,309.7239990234,325.4979858398,340.2263183594,355.6491699219,370.4318237305,385.6997680664,387.1779785156,371.5021057129,356.7790222168,340.9400634766,325.8920898438,310.5487365723,295.3038330078,279.9039306641]},"polygon_y":{"0":[683.69140625,674.1192626953,665.1207885742,654.2080078125,642.9049072266,631.7951049805,621.2485961914,609.7036743164,647.0958251953,656.8329467773,667.1896972656,677.6119384766,687.9724121094,697.6520996094,707.4434814453,717.6635131836],"1":[172.43359375,171.0643920898,170.7855224609,170.2812042236,170.1240844727,170.7150421143,170.0421142578,170.4084472656,238.598449707,239.5387268066,238.5605621338,239.3456726074,239.4301605225,239.304977417,240.2175292969,239.9726867676],"2":[807.7936401367,794.4976806641,781.4310302734,767.6942138672,753.1102905273,738.2077026367,722.966796875,705.2390136719,737.0806274414,752.6885375977,768.5178222656,782.5973510742,796.5626220703,809.3055419922,824.1196289062,840.5043945312],"3":[945.3882446289,935.9939575195,925.3939208984,916.9552612305,908.9011230469,900.9044189453,893.9095458984,882.6412353516,923.5905761719,935.0385742188,941.4715576172,947.9782714844,956.8962402344,965.3610839844,975.1611328125,985.3533935547],"4":[171.7854156494,171.2399139404,171.1395263672,171.8022766113,171.8193969727,171.3915100098,170.1167297363,173.2186279297,241.8436431885,242.9505310059,242.9365234375,242.3363342285,241.7754211426,241.1203613281,241.717300415,242.8311004639],"5":[594.5211181641,582.2893676758,572.0715332031,561.6613769531,550.2456054688,540.0112304688,530.2952880859,519.7561035156,554.2792358398,569.6058349609,580.2085571289,590.0261230469,598.2207641602,608.6865234375,619.4576416016,630.1317138672],"6":[304.8249511719,304.5464782715,305.4580078125,306.0514526367,306.7566223145,306.3060913086,307.3550415039,308.1086425781,350.1461486816,350.6044311523,350.636138916,350.7070617676,350.7450561523,350.8980712891,351.3153381348,350.7550354004],"7":[958.0859375,941.8546142578,922.6306762695,901.4526977539,881.1109619141,863.1290283203,843.7241210938,819.4790649414,845.3698120117,873.5994873047,893.7288818359,916.1508789062,932.6329345703,949.7650146484,969.1063842773,989.7917480469],"8":[68.1306915283,68.184173584,68.3492431641,67.9455871582,67.5141143799,66.5224151611,67.0963821411,67.1493225098,128.907989502,129.1607818604,128.4545593262,127.9962539673,128.7826843262,127.958404541,127.2889709473,126.3961791992],"9":[172.8541259766,172.7700500488,171.5134277344,171.6521606445,171.0438232422,170.5627746582,171.0290374756,170.9324645996,239.807434082,240.2850189209,240.1382598877,240.2062072754,239.7484130859,239.7280578613,239.334197998,239.1459655762]},"text":{"0":"OF","1":"LAGE","2":"MT","3":"E","4":"SILOAM","5":"CO","6":"Cister","7":"el","8":"OR","9":"OF"},"score":{"0":0.9888784289,"1":0.9832566381,"2":0.9899647832,"3":0.9875324368,"4":0.9694036841,"5":0.9597264528,"6":0.9798042774,"7":0.9468572736,"8":0.7470675707,"9":0.9803878069}}