{"polygon_x":{"0":[870.4244384766,887.7817382812,904.4837036133,921.244140625,938.1006469727,954.3070068359,971.8522949219,987.4146118164,985.2971801758,969.2333374023,953.2147216797,935.8922729492,919.0294799805,902.8751220703,886.087097168,868.841003418],"1":[617.537109375,632.142578125,645.98046875,659.6801147461,673.6505126953,687.8000488281,701.4232788086,714.6688842773,714.7211303711,701.4219970703,687.6536865234,673.9149169922,660.1740112305,646.0745849609,632.3972167969,618.1453857422],"2":[503.8562011719,526.4446411133,549.1711425781,572.7718505859,595.5234375,618.3897705078,641.6845092773,665.0362548828,664.2064208984,641.6069335938,617.8641357422,594.6790161133,571.908203125,548.5343017578,526.0989990234,503.5387878418],"3":[396.512512207,398.8035583496,405.1180419922,408.3262329102,413.8616333008,419.8167114258,424.6114501953,424.0070800781,488.6806640625,485.6998291016,481.1735229492,477.7085571289,473.5374450684,470.6154174805,466.1369628906,461.5603027344],"4":[446.388092041,466.8260192871,486.842590332,507.5761108398,528.0693969727,550.6561279297,577.8238525391,642.4162597656,685.2276611328,648.8160400391,619.2224121094,590.7094726562,567.4873657227,545.9083251953,527.1090698242,516.4483032227],"5":[603.484375,619.8546142578,648.3578491211,673.8990478516,690.5805053711,706.6321411133,722.311340332,755.632019043,848.3905639648,820.4213867188,795.8596191406,777.0388183594,756.1953735352,737.0962524414,710.9837646484,683.8228759766]},"polygon_y":{"0":[944.2133789062,946.2081298828,947.4157104492,947.7319335938,948.1164550781,948.9514770508,949.5865478516,948.7346191406,991.9669189453,992.3078613281,992.434753418,992.5886230469,992.6235961914,992.8768310547,992.6000976562,992.2333984375],"1":[874.7904052734,874.2554321289,874.0994873047,873.7744750977,873.7115478516,873.2837524414,873.2036743164,873.1932983398,907.2490234375,907.0966186523,906.9002685547,907.1204833984,907.3522338867,907.6321411133,908.0361938477,907.8482055664],"2":[33.8391151428,33.4294776917,34.4576568604,34.867477417,34.875125885,36.4286766052,38.6267242432,38.9333267212,78.5234909058,77.149269104,77.9912185669,77.9318313599,77.7946014404,77.7476654053,78.4487838745,78.243560791],"3":[725.7438964844,704.8422851562,677.7008056641,650.5274658203,625.6317749023,600.0330200195,571.2981567383,553.0604248047,562.7018432617,588.7249145508,613.9185791016,638.3649291992,662.8172607422,687.742980957,708.6138916016,734.0318603516],"4":[460.9946899414,416.6180419922,354.479095459,292.8236694336,236.7433929443,179.0655822754,108.8621063232,23.661190033,66.1352996826,125.5135726929,196.1300964355,267.7364807129,332.5755004883,390.3645629883,445.327911377,488.1980895996],"5":[434.9754638672,391.4775085449,330.6782836914,272.9493103027,225.8162689209,177.4798583984,134.6494750977,66.2554473877,62.6468505859,123.4460067749,188.0050048828,244.8336486816,301.1503601074,357.3232421875,411.6574707031,466.5905456543]},"text":{"0":"Cove","1":"2409","2":"Cistern","3":"OF","4":"OFFEY","5":"Batel"},"score":{"0":0.984962225,"1":0.9785410762,"2":0.9769928455,"3":0.8723160625,"4":0.6840215921,"5":0.9500172734}}