{"polygon_x":{"0":[842.7734375,860.1317138672,874.1882324219,890.9188232422,911.2612915039,927.559753418,943.6223144531,959.4176025391,925.5530395508,910.4799804688,894.8145751953,877.7111206055,859.7338256836,841.8347167969,826.5280761719,811.6143188477],"1":[546.1058959961,562.8243408203,579.1390380859,594.7756958008,611.0463867188,626.5610961914,642.5844726562,658.3249511719,658.8688964844,642.0251464844,626.2248535156,609.7878417969,593.979309082,577.8020019531,561.8695678711,545.9630737305],"2":[777.9149169922,786.8059692383,791.91015625,797.0849609375,801.8748779297,807.3887939453,810.9381103516,815.1390991211,782.7717285156,778.2434082031,772.645324707,767.6752319336,762.9668579102,757.4025878906,750.9185180664,741.2926025391],"3":[106.934173584,127.8453674316,149.2583465576,171.071395874,193.7498474121,215.4649200439,237.5505065918,257.6848754883,255.3791046143,235.6912231445,214.2448577881,193.2365264893,171.3673095703,149.5354003906,127.9261322021,106.0300369263],"4":[650.4254760742,664.6296386719,674.881652832,687.9251708984,701.7633056641,715.3798828125,729.1904296875,743.7668457031,713.3493652344,699.8236694336,687.2073974609,673.3227539062,659.3303222656,646.223815918,630.7482910156,614.2573242188],"5":[257.5132446289,266.8298034668,273.9240722656,281.3298950195,289.165435791,297.8911132812,305.6129150391,313.1345214844,312.9553222656,305.1284790039,296.9906616211,289.1232910156,280.6617431641,273.326751709,265.9329833984,257.6866760254],"6":[321.6738891602,337.116394043,351.9837646484,365.7189331055,379.4250793457,392.8337402344,405.8045959473,420.057220459,421.6884765625,406.7755432129,393.3503417969,379.4549865723,365.960723877,351.3013916016,337.4932556152,323.1436462402],"7":[275.6148986816,288.4502563477,300.7858581543,313.0679626465,325.7125854492,338.6079711914,350.7828369141,362.0615234375,361.5713806152,349.5119018555,337.0886535645,324.7072753906,312.3690795898,299.7874755859,288.0545043945,275.2425842285],"8":[77.7077102661,102.7546005249,126.8057632446,150.0984039307,174.1118011475,197.0791931152,220.9411010742,242.8526916504,244.1691741943,220.3814849854,196.8726806641,172.9483184814,149.4493408203,126.9307327271,102.9709243774,78.9949798584],"9":[73.2789154053,101.3525390625,130.7310791016,159.8722381592,188.0403289795,217.1797180176,245.5663757324,278.0725708008,275.6587219238,247.5695495605,218.4220581055,190.5105895996,160.9043579102,131.3550262451,103.4114685059,73.6311416626]},"polygon_y":{"0":[774.1396484375,802.4019775391,824.7539672852,851.3122558594,880.0987548828,902.6522216797,928.3104858398,953.5617675781,977.1177978516,952.4995117188,925.1956176758,898.0222167969,871.2342529297,844.9376220703,820.0723266602,790.9870605469],"1":[0.8384910226,0.856533289,0.8133019209,0.6516087651,0.7685096264,0.8213154078,0.9931561351,0.6776365042,34.0059204102,34.7207260132,34.5106658936,34.5206718445,34.3550643921,34.3289489746,35.1237106323,35.4759216309],"2":[574.871887207,601.1489257812,623.7742919922,647.2109375,671.63671875,695.8460083008,718.115234375,741.8724365234,754.6107177734,731.5472412109,706.2533569336,684.0906982422,660.0170288086,636.5083007812,612.2352905273,589.6917724609],"3":[472.3793029785,472.2271728516,472.9852905273,473.421295166,473.8493652344,475.5360107422,476.4499511719,475.9383850098,517.014831543,516.7755737305,516.5032348633,516.1837768555,515.5876464844,515.2252807617,516.4942626953,515.8374633789],"4":[401.2566833496,422.6347351074,444.7506713867,467.3847961426,488.3589477539,510.1094055176,530.490234375,549.1245117188,568.8469848633,549.6901855469,530.2948608398,511.3298950195,491.3114013672,471.2762145996,449.3947143555,429.4146728516],"5":[956.9008789062,955.8618164062,954.4585571289,954.328918457,953.7680053711,953.6538085938,952.6583862305,954.1069946289,999.5708007812,999.7870483398,999.797668457,999.7814331055,999.8205566406,999.8347167969,999.8275146484,999.6221313477],"6":[953.014831543,952.451171875,951.3695068359,950.7052001953,950.5375976562,950.3600463867,951.7956542969,956.3959350586,999.7005615234,999.7952270508,999.8575439453,999.8579101562,999.8513793945,999.8289794922,999.7728881836,999.6350708008],"7":[207.6036376953,207.6488494873,207.837097168,207.8226928711,207.9026794434,208.6709899902,208.6323242188,208.5216064453,237.8011322021,237.9696350098,237.7273406982,237.9660949707,238.1711425781,237.7497558594,238.0216827393,238.2332458496],"8":[949.8483886719,952.1221313477,953.645324707,954.7131347656,955.1295166016,954.8258056641,955.4633178711,954.1905517578,999.5971679688,999.6821289062,999.6884765625,999.6246948242,999.6235351562,999.6621704102,999.6670532227,999.265625],"9":[313.1744689941,313.725982666,313.9785766602,314.3161315918,314.4050598145,314.1553649902,313.2907409668,313.604095459,348.5784301758,348.9282531738,349.4244384766,350.5112304688,350.8460998535,352.2030334473,352.6401367188,353.3581542969]},"text":{"0":"Condut","1":"Cave","2":"Water","3":"Cister","4":"Lower","5":"of","6":"the","7":"2438","8":"House","9":"Cistern"},"score":{"0":0.9645637274,"1":0.9479715824,"2":0.9700137377,"3":0.9463124871,"4":0.9709374309,"5":0.9470534325,"6":0.9273234606,"7":0.8391101956,"8":0.9722674489,"9":0.5368318558}}