{"polygon_x":{"0":[245.1934051514,262.4636230469,280.3555603027,298.5210571289,316.6612548828,334.1506958008,352.9522094727,370.9869995117,371.3862304688,352.8353271484,334.4870605469,316.261505127,298.6469726562,280.3452148438,261.9741210938,243.8076019287],"1":[55.3350028992,78.8272476196,101.2884140015,124.8300247192,147.7079162598,170.4908905029,193.0565032959,215.9782409668,218.4606170654,195.3166046143,173.1811676025,149.7171783447,127.7297897339,105.3989105225,83.2001953125,58.7978439331],"2":[445.6633911133,455.7663574219,464.200378418,473.2028808594,481.9072875977,491.7038269043,501.4929199219,511.5721130371,510.3204345703,498.9753723145,489.1925048828,479.9371948242,471.0021362305,461.9296569824,452.6859741211,442.7529602051],"3":[437.134552002,443.9552001953,450.8125305176,459.0001831055,465.8499450684,473.4659118652,481.1558227539,488.8826293945,491.1419067383,482.5217895508,474.2922668457,466.6372680664,459.2254333496,451.9099121094,445.0246887207,437.6769714355],"4":[549.3671264648,559.9619140625,571.3451538086,582.8197021484,594.1192626953,606.0189208984,617.8161010742,630.7814941406,617.8615722656,605.7461547852,593.0446166992,583.4603881836,572.6286621094,561.9727783203,550.7227783203,538.5410766602],"5":[106.856300354,117.082069397,126.9323654175,137.2616577148,147.5328826904,157.6295471191,167.6472625732,178.2153167725,157.9475708008,144.8503417969,135.4783172607,126.3418655396,117.2252197266,108.3924942017,98.710319519,88.2079925537],"6":[0.0100208391,29.0448455811,60.4995193481,92.8303527832,126.5489807129,162.1914825439,196.0573425293,228.9235839844,231.6640014648,196.637588501,162.9602203369,129.5911865234,94.6536865234,62.4578399658,29.4816684723,0.0399838053],"7":[594.4483032227,602.1561279297,609.5536499023,617.5538330078,624.8414306641,632.2559814453,640.7058105469,649.0841674805,651.6732788086,644.5446166992,636.5148925781,628.8102416992,621.082824707,613.2215576172,606.2834472656,598.3715209961],"8":[137.5567474365,144.143661499,150.6500091553,157.8220825195,164.9128570557,173.0054626465,179.4274139404,186.5397491455,183.4403839111,175.7905426025,168.5249481201,161.4378967285,154.7696838379,148.5771789551,142.1963348389,134.4911804199],"9":[296.8480224609,303.6174316406,310.1190490723,317.5260314941,324.864654541,332.3812255859,339.1469726562,345.924041748,346.8831787109,339.3078613281,331.6613464355,323.5003051758,316.2851257324,309.1901855469,302.358795166,294.0692443848],"10":[602.4626464844,609.548828125,615.8713378906,622.1868286133,628.4235839844,635.65625,643.5137939453,650.0213012695,655.1860961914,649.2340087891,641.6711425781,633.9172973633,627.4077148438,620.6440429688,614.5219116211,607.1256103516],"11":[43.8616600037,71.5716247559,102.6952438354,134.3682250977,165.6259460449,198.8987426758,228.9830322266,260.1475830078,259.7060241699,230.7965087891,199.3559875488,167.5771484375,135.6653137207,104.8631210327,73.8768844604,41.9911155701],"12":[232.9593048096,254.4777679443,275.0931396484,296.6420288086,318.1944885254,339.8446350098,359.93359375,382.4391479492,384.2126159668,362.8137512207,341.9503479004,318.7966003418,297.7843017578,276.8325500488,256.7297668457,234.2340393066],"13":[256.4893188477,298.4610595703,338.6176757812,373.2596130371,409.0966491699,442.578125,475.1142578125,510.8942260742,513.4235839844,478.4478149414,443.2633666992,408.731048584,366.6605224609,330.9564208984,285.5063171387,239.0358581543],"14":[146.225402832,157.1955871582,168.9665527344,180.677734375,192.5500183105,204.98046875,216.6169128418,227.2911224365,229.6430358887,219.8851928711,207.8525695801,196.8327178955,184.1168060303,172.4798278809,159.6976928711,148.660369873],"15":[763.3232421875,769.4193115234,775.2562866211,781.8005981445,787.5949707031,793.9144287109,799.8778686523,805.9584960938,806.5252685547,800.5594482422,794.5928955078,788.8070068359,782.8675537109,777.1762695312,771.7247924805,764.7532958984]},"polygon_y":{"0":[588.5765380859,589.0769042969,589.7011108398,589.3498535156,589.0469360352,588.6710205078,588.5206298828,588.2504882812,628.8944702148,629.1002807617,629.1396484375,629.2590332031,628.712097168,629.129699707,629.5113525391,629.1793212891],"1":[112.7649841309,111.3012008667,110.9349365234,110.3150558472,109.6791000366,108.7530822754,108.6092834473,108.591835022,150.4840698242,150.8621520996,151.0915222168,151.7822723389,152.4551391602,152.6589202881,153.8384094238,154.2451782227],"2":[496.0743713379,494.9901733398,495.1932373047,495.6065063477,496.6166381836,496.7750244141,496.0740966797,495.2764587402,550.5835571289,551.9291381836,552.3400878906,552.3555297852,552.1677246094,552.3385009766,552.7479248047,554.1532592773],"3":[337.7825927734,336.9435424805,337.5188598633,337.5616455078,337.1525268555,336.3856506348,336.0415039062,336.0634765625,396.9531860352,398.2134399414,398.9270629883,399.1612548828,399.5167541504,399.4106750488,399.9928283691,402.0531921387],"4":[734.6988525391,734.9681396484,735.3665161133,735.6069946289,735.9462890625,735.0839233398,734.9182128906,737.2280273438,807.1046142578,805.7204589844,804.7695922852,804.1223754883,803.9677734375,803.5778198242,803.0725097656,801.6746826172],"5":[679.3294677734,681.1069335938,683.2030029297,684.5891723633,686.1706542969,688.0083007812,690.0540771484,691.6107177734,760.7169189453,758.5892333984,756.1518554688,753.9739990234,752.1255493164,750.7690429688,749.4317626953,747.7349853516],"6":[195.6989746094,195.7386016846,196.3221740723,196.1125488281,194.5071258545,194.1305389404,193.3558502197,192.6926422119,238.436126709,238.2800598145,238.1905517578,239.0951385498,239.4363555908,239.8065490723,240.110244751,240.3943786621],"7":[339.5828552246,338.1634521484,337.3114013672,336.9361877441,335.4307861328,334.2492675781,333.5867919922,333.3239746094,388.9125061035,389.7015380859,389.879486084,390.2564697266,390.6329956055,391.2781982422,392.0933227539,392.6249389648],"8":[486.9805297852,486.6324157715,487.0603942871,487.4133300781,487.3381347656,487.291015625,487.9217529297,488.4346008301,554.0242919922,553.4237670898,553.1866455078,553.0693969727,552.6047363281,552.2310180664,550.670715332,549.9219360352],"9":[494.8507080078,494.4671630859,495.3178100586,495.7556762695,495.511932373,495.0897216797,494.9801940918,495.085144043,549.007019043,549.4887084961,549.2645874023,548.9530639648,549.007019043,548.9108886719,549.1229858398,549.5749511719],"10":[500.9201049805,500.410736084,500.1876831055,499.7881469727,499.1351013184,498.0417480469,496.910949707,496.1487121582,546.2088623047,546.5634765625,546.5065307617,546.448059082,546.7493286133,547.3622436523,547.6459960938,548.2786254883],"11":[156.846496582,157.1300811768,156.5499725342,156.0243988037,155.6182556152,154.5519104004,154.8025054932,154.3276672363,193.0698852539,191.1479797363,192.7275848389,193.3722839355,193.0973205566,193.9521179199,194.5362701416,195.8321533203],"12":[109.6665344238,109.8443603516,109.3735046387,109.0128326416,108.8860473633,109.3195724487,108.255355835,107.9794464111,153.4774932861,153.025604248,152.425201416,151.7069854736,150.8528137207,150.6117401123,150.3735046387,151.60546875],"13":[189.5303497314,189.5333862305,189.8555908203,189.2669067383,190.1904907227,189.7731781006,190.4446563721,190.0107116699,238.8085632324,239.1233825684,238.5846099854,238.3934020996,238.3469543457,238.0018005371,238.2658996582,238.0330047607],"14":[194.7559509277,194.5700378418,194.5799560547,194.955078125,194.8926544189,194.3962097168,193.6028137207,193.8727416992,237.2371826172,237.0899047852,237.6283111572,237.4453887939,237.8670501709,237.8417358398,237.9181213379,238.8753356934],"15":[335.5789794922,335.0543823242,335.0320739746,334.9098510742,334.5033569336,334.0405578613,333.7194213867,334.3564453125,392.7511291504,392.8819580078,392.3599243164,392.1849060059,392.4232177734,392.9641418457,393.4572143555,394.0934448242]},"text":{"0":"Tomb","1":"DUNG","2":"E","3":"E","4":"N","5":"N","6":"LATLOF","7":"R","8":"1","9":"E","10":"D","11":"POTTER'S","12":"GATE","13":"PESEEES",