{"polygon_x":{"0":[583.2816162109,604.8435058594,626.832824707,648.9334106445,670.8330078125,692.6796875,714.4416503906,736.9220581055,738.3017578125,716.102355957,694.2368164062,672.1896972656,650.084777832,628.3486328125,606.1088867188,583.2690429688],"1":[454.7863769531,482.1772766113,509.7254638672,537.1264648438,564.4113769531,591.7459106445,619.3786010742,647.3347167969,648.2046508789,620.2569580078,593.0795898438,565.7680053711,538.2297363281,510.8380737305,483.0771484375,454.7706298828],"2":[714.5831298828,742.5979003906,770.2084960938,797.7669677734,824.5983886719,852.0534667969,879.4919433594,909.0827026367,909.1311645508,880.8519287109,853.8958740234,826.3050537109,798.5328369141,771.0531616211,743.1271362305,714.3504638672],"3":[374.6215515137,387.6361083984,400.3860473633,413.3825378418,426.1397705078,438.9588928223,451.7457580566,465.3355712891,465.992767334,453.006652832,440.096496582,427.1545410156,414.1854858398,401.3539123535,388.3712768555,375.2698974609],"4":[686.858215332,700.0338745117,713.7060546875,727.2664794922,740.7666625977,754.3594360352,768.1739501953,781.5173339844,781.9238891602,768.4858398438,755.1726074219,741.8408813477,728.600769043,714.8298339844,701.5837402344,687.0551147461],"5":[821.4935913086,837.0651245117,852.3782958984,867.9892578125,883.5646972656,898.8873901367,914.3551635742,930.0115356445,931.6317138672,916.4504394531,900.7901000977,885.4251708984,869.5288085938,853.9825439453,838.6660766602,822.0690307617],"6":[828.9957275391,835.5178833008,842.4635009766,849.1984863281,856.3522338867,863.5886230469,870.1213989258,875.998840332,898.8275756836,891.8034667969,884.4524536133,877.8255615234,870.3739013672,864.0336914062,856.6256103516,850.7348632812],"7":[918.6865844727,929.1904296875,940.8519897461,952.6904296875,964.1275024414,975.7306518555,987.3377685547,999.3536987305,999.6418457031,988.0663452148,976.5869140625,964.9167480469,953.69140625,942.1195068359,930.900390625,919.3156738281],"8":[13.5567846298,23.9463653564,34.105255127,44.3112373352,54.0539970398,63.7630653381,73.3977584839,83.7546920776,85.1657028198,74.6299133301,64.7449493408,54.7624206543,45.0768814087,35.0116157532,25.5023536682,14.9259386063],"9":[508.5729370117,517.5223999023,526.5994873047,535.6597290039,544.7674560547,553.4244384766,562.1649780273,570.6438598633,571.0528564453,562.4655761719,553.2042236328,544.5215454102,535.6527709961,526.9180908203,518.0220947266,509.1431884766],"10":[93.2292633057,98.4711837769,104.3969116211,110.0642852783,115.2036437988,120.5391082764,125.8031311035,132.09425354,132.7850799561,127.7844924927,121.8440704346,116.6154098511,111.2208557129,105.7862243652,100.1931304932,94.6792678833],"11":[770.6267700195,778.3735351562,785.8965454102,794.3920898438,802.5325927734,811.0631103516,818.8812866211,825.9475097656,848.6762695312,840.4059448242,832.6920166016,824.9887695312,816.5051879883,808.7445678711,800.0286865234,793.2678833008],"12":[783.8037109375,791.3923339844,798.7010498047,806.5584716797,813.4769287109,820.8246459961,828.2766113281,835.7939453125,836.4242553711,829.5173339844,821.944519043,814.6351318359,807.2679443359,799.8953857422,792.6354370117,784.638671875],"13":[663.7650146484,670.2033081055,676.8514404297,683.8364257812,689.9895629883,696.5341796875,703.1545410156,709.9254150391,709.8801269531,703.1694335938,696.5435791016,690.3270263672,684.2030029297,677.9252929688,671.4185791016,664.2858276367],"14":[614.0941772461,636.4946289062,659.4024047852,683.0350341797,706.1618652344,729.0234985352,752.3990478516,775.7827148438,776.4181518555,753.2236328125,730.3389892578,706.9622802734,683.8327026367,660.2667236328,637.1096801758,614.2470703125],"15":[764.8623657227,768.5207519531,771.487487793,775.1447753906,778.3261108398,781.8969116211,785.2935791016,788.0612182617,789.7928466797,785.8201904297,782.6642456055,779.0295410156,775.9329833984,772.362121582,769.4088134766,764.9973144531]},"polygon_y":{"0":[538.614440918,539.0778808594,539.1262817383,538.8450927734,538.2653198242,537.1945800781,536.2142944336,536.3170166016,575.6547851562,575.856628418,576.2244873047,576.5223999023,577.053894043,577.408996582,578.0736083984,578.3217773438],"1":[734.42578125,734.1148681641,733.8674926758,733.005065918,732.4237670898,731.5472412109,730.5303344727,730.3403320312,769.4158325195,769.4491577148,769.6586914062,770.1335449219,770.5861816406,770.998046875,771.5335083008,771.767578125],"2":[727.1935424805,727.1533203125,726.6472167969,726.1849365234,725.4879150391,724.8002929688,724.1460571289,724.0966796875,763.4390258789,763.5442504883,763.9249267578,764.2715454102,764.8074951172,765.5057373047,766.0191650391,766.1898193359],"3":[47.1709213257,47.1039733887,47.1367950439,46.7829933167,46.3886680603,45.7217330933,45.5509338379,44.7772636414,73.737411499,73.7837982178,74.2656555176,74.3873214722,74.5342559814,74.606262207,74.6970291138,74.8398742676],"4":[800.0710449219,799.6461181641,799.1015625,798.3685302734,798.5126953125,797.8560791016,797.6899414062,797.8573608398,835.2269287109,834.8908691406,834.8835449219,835.0433349609,835.2288818359,835.3189697266,835.7939453125,836.2838134766],"5":[533.9912719727,533.6909790039,533.6192626953,532.6802978516,532.0104370117,531.4528808594,531.0943603516,531.4854736328,573.1519165039,573.0083007812,573.3498535156,573.8491821289,573.9476928711,574.4272460938,575.3193359375,575.1883544922],"6":[203.7157897949,194.9291229248,186.9864044189,179.133895874,170.7127075195,162.1297912598,153.1460876465,144.6904296875,159.5839233398,167.7743530273,177.0442810059,185.4616394043,193.8460083008,202.3341369629,211.2178344727,219.8427124023],"7":[726.6066894531,726.3348388672,725.7353515625,725.7161865234,725.5263671875,725.3689575195,725.1431884766,725.2067871094,760.1320800781,760.7305908203,760.9429931641,760.7369384766,760.8765869141,761.3012084961,761.7663574219,761.6889038086],"8":[904.9987182617,904.5239868164,904.5201416016,904.2282714844,903.9092407227,903.4731445312,903.4007568359,903.4790039062,935.7907714844,935.8031005859,936.1693725586,936.4966430664,936.7175292969,937.041015625,937.3560791016,937.3142089844],"9":[539.1898193359,538.8377685547,539.4274291992,539.7949829102,539.9678344727,540.2789916992,540.1444091797,541.0178222656,578.8719482422,578.8767089844,578.6340332031,578.5546264648,578.5880737305,578.6541748047,579.1004638672,579.6731567383],"10":[901.9343261719,901.9794311523,901.9137573242,901.8686523438,901.7809448242,901.3753662109,901.7122802734,901.6659545898,935.2977294922,935.1158447266,934.9063720703,935.0568237305,935.4788208008,935.6009521484,935.3540649414,935.1383056641],"11":[276.4272766113,266.6169433594,257.6267089844,248.217086792,238.7843933105,228.4185791016,218.0662536621,208.2040405273,225.0831756592,234.2544708252,244.3600616455,254.0861663818,264.3065795898,273.8215942383,283.9248962402,294.3348388672],"12":[622.9427490234,622.0256958008,622.2670898438,621.9771728516,621.7638549805,621.760925293,621.7581787109,621.9614868164,649.7368164062,649.5512695312,649.1419067383,649.4129638672,649.6514282227,650.1766357422,650.4212646484,650.5988769531],"13":[732.1768188477,731.9970092773,731.9156494141,731.692565918,731.580078125,731.3473510742,731.1695556641,731.6779174805,767.8975830078,767.5622558594,767.1018066406,767.0761108398,767.2668457031,767.3775634766,767.3586425781,767.513671875],"14":[623.1694335938,621.6649780273,619.9146728516,619.3961181641,618.7824707031,618.6965332031,619.1699829102,619.65234375,652.3135986328,652.2048950195,652.5759887695,652.9775390625,653.4488525391,653.7230834961,653.4545288086,653.176940918],"15":[535.2219848633,535.2906494141,535.7308959961,535.3393554688,535.2517089844,534.8981323242,534.7447509766,534.9010009766,574.1159667969,573.7142333984,573.5847167969,573.6495361328,573.8975830078,573.9554443359,573.7245483398,573.7837524414]},"text":{"0":"Maastab","1":"CLAUDE","2":"CONDER","3":"BRIDGE","4":"1873.","5":"10,000","6":"WALL","7":"R.E.","8":"Seite","9":"Jm","10":"9.)","11":"OPHEL","12":"von",