{"polygon_x":{"0":[745.5007324219,763.6998901367,781.2801513672,799.2235107422,816.4093017578,834.2620239258,852.1801757812,869.7493896484,872.1904296875,853.9320068359,836.2667236328,818.5775756836,800.7430419922,782.8228759766,765.110168457,747.0179443359],"1":[648.5362548828,660.7064819336,673.1958007812,685.7464599609,698.4154663086,711.0389404297,723.1607055664,736.0592041016,737.5001220703,724.6569824219,712.7053833008,700.4676513672,688.103515625,675.760559082,663.0705566406,650.4977416992],"2":[645.4175415039,655.6805419922,665.291809082,675.6995849609,685.8456420898,696.0595092773,706.4243164062,716.5959472656,716.5291748047,706.8205566406,696.4373779297,686.4391479492,676.483215332,666.4749145508,656.336730957,645.7300415039],"3":[673.3154296875,681.6317749023,690.0653076172,699.2864990234,708.1329956055,717.4852905273,725.9481201172,734.622253418,721.7078857422,712.0083618164,702.8278198242,693.4251708984,684.3505249023,675.8160400391,667.1339111328,658.2601928711],"4":[459.6567077637,459.9071044922,460.3356628418,460.3800964355,460.42578125,460.7664794922,460.9303283691,461.0642089844,435.9943237305,435.3429870605,435.3969726562,435.8633117676,435.8648681641,435.8050842285,435.2862243652,434.5136108398],"5":[869.8942871094,878.2862548828,886.93359375,896.1064453125,904.8259887695,913.776550293,922.7368164062,931.4459228516,933.8943481445,925.1192626953,916.1341552734,907.2333374023,898.2805175781,889.3801269531,880.6334228516,871.6286621094],"6":[515.1236572266,515.2626953125,515.6151733398,515.5047607422,515.8131103516,516.3024291992,516.8949584961,517.1657104492,491.021484375,489.7208251953,489.3838806152,489.5894775391,489.6369018555,489.509765625,489.3840332031,489.0635681152],"7":[461.9319152832,461.8313293457,462.3786010742,462.4436950684,462.4189453125,462.9292602539,462.7073364258,463.1025390625,435.8678588867,435.9111328125,436.2720947266,436.9443054199,436.7059631348,436.7059020996,436.6476135254,437.0100097656],"8":[513.3845825195,527.0419921875,539.3325805664,552.8197631836,565.9296264648,579.0677490234,592.2401123047,604.1032714844,605.0436401367,592.364440918,579.1007080078,565.6991577148,552.7811889648,540.340637207,527.2928466797,513.6567382812],"9":[878.1240844727,890.0451660156,901.7497558594,914.0878295898,925.8934936523,937.9803466797,949.6546020508,961.6905517578,963.6843261719,951.41015625,939.4315185547,927.6472167969,915.7172241211,903.7171630859,892.0518798828,879.3367919922],"10":[953.8266601562,960.393737793,966.7467041016,972.3793945312,978.6177978516,984.6904296875,990.959777832,997.5592651367,999.9173583984,994.0620117188,988.0917358398,981.8762207031,975.6870117188,969.4110717773,963.5200195312,956.8186035156],"11":[460.1715087891,460.7540893555,461.0746459961,460.9278869629,460.7817077637,460.961151123,461.4371337891,461.5108032227,438.1466369629,437.7622070312,437.7711791992,437.6296386719,437.4531555176,437.1016235352,436.7886047363,436.7415161133],"12":[610.1077270508,614.8194580078,618.885925293,624.0827026367,628.649597168,634.1651000977,637.8551635742,641.7621459961,642.1068725586,639.4274902344,634.7299804688,628.9320068359,624.3688354492,620.1319580078,615.8753662109,611.6596069336]},"polygon_y":{"0":[763.4937744141,762.6343994141,761.6049804688,760.3155517578,759.0145874023,757.9521484375,756.5010986328,755.9747314453,783.9860839844,784.2077636719,785.2948608398,786.5369873047,787.7554321289,788.7973632812,789.7178955078,791.1555175781],"1":[770.0760498047,768.8959960938,768.0176391602,767.1493530273,766.1377563477,764.9526977539,764.3698120117,764.2084960938,791.8092041016,791.9149780273,792.4986572266,793.5281982422,794.2808837891,795.4888305664,797.1772460938,798.5360717773],"2":[5.1980776787,5.06873703,4.6589603424,4.6475133896,4.619594574,4.1765007973,4.1853628159,4.0654163361,33.8142242432,33.5096130371,33.406539917,33.4098892212,33.2632751465,32.9661636353,33.1636505127,33.6173171997],"3":[802.139831543,807.7979736328,813.1048583984,819.1500244141,824.8375854492,831.1967773438,837.2634887695,844.5501708984,868.5692749023,863.0368652344,856.8145141602,850.8558349609,844.5330200195,838.5830078125,832.8327026367,827.7422485352],"4":[536.8929443359,548.8778076172,561.8330688477,574.0953979492,586.88671875,600.8709716797,612.2145996094,625.3626098633,622.1330566406,609.7106933594,597.9216308594,586.1506347656,573.7520751953,561.7067871094,550.2124633789,537.7296142578],"5":[258.5932006836,258.0394287109,257.2507324219,256.1405639648,255.3525543213,254.4361114502,253.7198486328,252.9225769043,281.4380493164,281.4176330566,282.0873718262,283.0780334473,283.678314209,284.7055358887,285.7205810547,286.3231201172],"6":[623.2930297852,633.0188598633,644.412109375,654.5090332031,664.8454589844,675.8927001953,686.2556152344,697.1112060547,697.6225585938,686.5185546875,675.6334838867,665.6286621094,655.1599121094,644.6477050781,634.7997436523,622.9833984375],"7":[666.6993408203,681.7982177734,697.6744995117,712.4962158203,727.4606323242,743.2595214844,757.3985595703,773.0201416016,772.086730957,757.001953125,742.594909668,727.1470947266,711.9247436523,696.779296875,682.0731201172,665.8336791992],"8":[3.8564147949,3.4998078346,3.3352675438,3.0121872425,3.080893755,2.7477841377,2.761023283,2.4239006042,33.0146827698,32.7407455444,32.7102966309,32.4518508911,32.0043106079,32.1747245789,31.7330322266,31.791721344],"9":[755.0343017578,754.3872680664,753.8107910156,752.9168701172,752.3601074219,751.4525756836,750.7080688477,750.6421508789,778.5490722656,778.4044799805,779.0756835938,779.4183959961,780.0296630859,780.8132324219,781.7420043945,782.3718261719],"10":[903.0866088867,902.7035522461,902.8018188477,902.4194335938,901.6912231445,901.4051513672,901.9771728516,902.3196411133,936.7798461914,937.0328369141,937.4182128906,938.0789794922,938.3889160156,939.2268066406,939.7537841797,939.5490722656],"11":[627.2531738281,631.9440307617,637.9478149414,643.6353759766,648.4808349609,653.2684326172,658.2824707031,663.6252441406,664.9595947266,657.5157470703,652.7862548828,647.6973876953,642.697265625,637.7331542969,633.3662719727,628.014465332],"12":[4.3684191704,4.9430527687,4.8557395935,4.9302825928,5.0725593567,5.0393276215,4.7640113831,4.4551401138,32.4326896667,32.4566116333,32.1541557312,32.0324172974,31.9140777588,31.5254135132,31.6190986633,31.5760116577]},"text":{"0":"UNKNOWN","1":"SCARP","2":"DAVID","3":"2500","4":"BIRKFT","5":"2540","6":"2380","7":"SULTAN","8":"TOWER","9":"DEPTH","10":"(Z","11":"EL","12":"OF"},"score":{"0":0.9824245572,"1":0.9855656028,"2":0.9786473513,"3":0.9834444523,"4":0.9745229483,"5":0.9838346243,"6":0.9715614319,"7":0.9744790196,"8":0.9726614952,"9":0.9842526317,"10":0.9699273705,"11":0.9719085693,"12":0.9342256188}}