{"polygon_x":{"0":[791.7052001953,812.4547119141,833.387512207,854.0069580078,874.5246582031,894.9487915039,915.9376220703,936.3907470703,936.1652832031,914.6831665039,894.4153442383,873.6903076172,852.6427612305,831.9346923828,811.0712280273,790.4755859375],"1":[343.8945007324,369.8330688477,394.1987915039,418.9661865234,445.0372314453,470.2004394531,496.1573791504,522.0671386719,520.3310546875,495.3784484863,469.6989440918,444.5624084473,418.8430786133,393.2409057617,367.3721618652,341.9136962891],"2":[594.7832641602,614.9033203125,633.190612793,652.1898193359,670.6353759766,689.4533691406,706.9735107422,726.2244873047,721.3276367188,701.8480834961,683.2345581055,664.1619873047,645.1578369141,625.6486206055,606.0631103516,587.1682739258],"3":[204.2832183838,217.4613647461,230.5311737061,243.5973358154,256.7761230469,269.6535949707,282.9128417969,296.9754333496,307.7376708984,293.8175048828,281.4329528809,267.8735351562,254.0767822266,241.2437744141,227.6258850098,214.7731933594],"4":[211.2711486816,216.9499053955,222.6086578369,227.7707672119,233.2585906982,239.022644043,244.2995605469,248.875,249.7351074219,245.4328918457,239.5898590088,233.8211212158,227.939666748,221.9480895996,216.6376953125,211.1981964111],"5":[231.8013000488,256.2793273926,282.3705749512,308.1491699219,333.6168823242,358.719909668,384.4312744141,409.6099853516,411.1360473633,386.7304992676,361.9755859375,336.7541809082,311.9974060059,286.0690002441,260.7155151367,236.569229126],"6":[258.0608825684,270.3310241699,282.3785705566,294.2123718262,306.2308959961,317.9410095215,330.0529174805,341.9482727051,339.6574707031,328.1080627441,315.8007202148,303.8873596191,292.1452026367,279.8434448242,268.1659240723,256.0277099609],"7":[378.1488037109,388.7196350098,398.6003417969,408.9233398438,418.968536377,429.2601928711,440.337677002,450.535949707,458.3069152832,448.0690002441,437.5695800781,427.6268005371,416.7866516113,406.3110961914,395.9808959961,385.811706543],"8":[869.5388793945,885.7880859375,901.6280517578,917.3955688477,933.053894043,948.8482666016,964.7931518555,980.1553955078,979.3447875977,964.26953125,948.4807739258,932.5736083984,916.9975585938,901.4501342773,885.6007080078,869.3307495117],"9":[718.3900146484,727.8073730469,736.9243164062,746.169921875,755.2708740234,764.778503418,773.4127807617,783.5738525391,765.8420410156,755.9280395508,746.1306762695,735.3876953125,725.3668823242,715.5670166016,705.6988525391,695.8154296875],"10":[423.5008239746,448.9119873047,477.3756713867,505.8294067383,535.2132568359,564.6645507812,592.6573486328,620.0682983398,606.8659667969,578.1862792969,551.7832641602,525.5579833984,497.8283996582,469.3858337402,441.9624328613,414.1742553711],"11":[795.8984985352,798.5954589844,801.8602294922,804.6026611328,807.6019287109,810.9758911133,814.3173217773,817.3104858398,799.3089599609,795.3682861328,792.0770263672,789.3068847656,785.7953491211,782.4174804688,778.1928710938,774.1469726562],"12":[827.3303222656,834.2597045898,842.3020019531,850.5614013672,858.9814453125,866.3345947266,873.2606201172,882.1979370117,865.4688110352,857.7286376953,849.0026855469,840.3803710938,831.7340698242,824.1193847656,815.2429199219,807.3295898438],"13":[328.3770751953,340.1453857422,351.9274597168,365.138092041,378.2409362793,390.6753234863,402.4048156738,414.6857299805,413.8307189941,401.3251342773,388.6544799805,375.8177185059,363.4541625977,350.9570922852,338.4956054688,326.1698608398],"14":[280.6142883301,291.7232971191,303.9024658203,317.0187988281,328.5288085938,341.7264404297,353.2363586426,365.255279541,373.6701965332,362.03515625,350.0516967773,337.0922241211,324.7602539062,312.3381347656,300.7207946777,289.4438476562],"15":[730.3754272461,753.0077514648,776.2653808594,799.7108154297,823.5222167969,847.8979492188,871.0366821289,895.3952636719,884.6343994141,861.1560668945,838.2009887695,815.7537231445,792.6113891602,768.9382324219,746.0725097656,722.5400390625],"16":[233.9250946045,240.196395874,246.6958770752,253.8653411865,261.1936645508,265.5612182617,271.9888305664,278.4461975098,285.6333618164,280.0903625488,274.0200805664,268.2458496094,262.2604675293,256.007232666,249.8666687012,243.4660491943],"17":[307.2862243652,311.9604492188,317.2611083984,322.440826416,327.0278625488,331.6979370117,337.117980957,342.7412414551,348.7666015625,343.7739562988,339.0458679199,334.3276977539,329.844909668,325.1972045898,319.901550293,313.919128418],"18":[347.0501708984,350.7554931641,354.5177612305,359.135925293,362.9171447754,367.0852355957,371.293182373,375.5249633789,381.1580810547,377.6546936035,373.716003418,370.1644287109,366.4111633301,362.6737670898,358.1542358398,354.0444641113],"19":[418.4777832031,439.1250305176,459.4682617188,480.0848999023,501.3653564453,522.4435424805,542.496887207,564.0540771484,565.2279052734,544.2201538086,523.3090820312,501.6648864746,480.6127929688,459.365814209,438.5842590332,417.4191894531],"20":[851.9909667969,872.953125,894.7624511719,916.2553710938,935.8698120117,951.6134033203,964.9606933594,972.1967163086,928.3987426758,914.4228515625,900.8204345703,885.2573242188,866.286315918,844.1268920898,819.9434814453,800.2727661133],"21":[410.951965332,430.6414794922,451.5603637695,472.1737976074,494.242401123,514.3244018555,532.8912963867,553.2445678711,554.3814697266,533.9514160156,514.4336547852,493.633605957,472.6695251465,452.8025817871,433.072265625,412.9801940918],"22":[271.143371582,292.1034545898,311.341796875,331.3732910156,351.8575744629,369.5968322754,390.124206543,410.4030151367,414.2120666504,390.3197631836,371.062286377,349.5246582031,330.528137207,310.8273620605,292.8700561523,270.9659118652]},"polygon_y":{"0":[822.8562011719,822.494140625,823.1799316406,823.3349609375,823.2333374023,823.5641479492,823.46484375,824.1159057617,861.6219482422,861.6268310547,862.4276733398,862.6341552734,861.9439086914,862.1968994141,862.5255737305,861.6868896484],"1":[27.525434494,25.4090805054,24.8034286499,23.2659435272,24.8077163696,24.4648342133,25.8367424011,25.4171600342,60.6497116089,60.5598754883,59.9019546509,60.4781684875,61.7867469788,63.2052993774,65.6133117676,67.8898010254],"2":[374.2784118652,379.8381958008,382.2311096191,384.5520629883,387.9489135742,391.3631896973,392.6553649902,394.703704834,426.7803955078,423.8349914551,421.7169494629,421.0745849609,418.8460998535,416.4393615723,414.0984802246,409.3536071777],"3":[465.2881164551,460.319152832,455.2772827148,449.7655639648,445.3303833008,440.7819824219,435.9385986328,430.244140625,456.144744873,461.6598510742,466.1591186523,471.572265625,477.4165344238,482.5715332031,488.0104064941,493.7537841797],"4":[29.3666915894,28.7737560272,28.5943450928,28.3878154755,28.0767211914,28.0737400055,27.6931095123,27.127746582,58.2224273682,57.8340950012,58.2088050842,58.5435943604,58.9011306763,58.9907531738,59.2049865723,59.201133728],"5":[206.0690917969,201.5313720703,198.1847991943,194.5211181641,191.2184906006,188.1210632324,186.0292663574,183.3521881104,212.6029052734,215.9282531738,219.2139892578,222.9931488037,226.9459686279,231.5862426758,236.588470459,241.0165557861],"6":[24.2009658813,25.2593975067,25.9294319153,26.4965553284,26.7157840729,27.0585842133,27.7410488129,28.1473846436,59.5301895142,60.3326797485,59.7313919067,59.6779251099,59.1517944336,59.0236816406,58.6217193604,58.3149719238],"7":[401.1797790527,398.533996582,396.3050842285,393.9634399414,391.024810791,388.8667297363,386.3778076172,382.9098815918,410.696105957,413.3498840332,416.2904052734,419.3089599609,422.6253662109,425.5663452148,428.8251342773,431.3861694336],"8":[507.7994995117,508.569519043,509.4745483398,510.0105285645,510.4559631348,511.3163757324,511.6270751953,511.6394042969,549.2271728516,549.6302490234,549.1086425781,548.9498291016,548.5781860352,548.27734375,548.458190918,548.0528564453],