{"polygon_x":{"0":[818.6790771484,837.5603027344,857.0190429688,876.345703125,895.6525878906,915.359375,934.8494873047,953.8361816406,954.4400634766,935.2668457031,916.2550048828,896.5122070312,876.7546386719,857.6990356445,838.4781494141,818.4274291992],"1":[949.6853027344,949.3267822266,949.1753540039,948.9444580078,948.3420410156,947.5305786133,946.8059692383,947.3793945312,918.6093139648,918.5043334961,918.508972168,918.6228027344,918.7584228516,918.9990844727,919.6347045898,920.3604125977],"2":[939.6789550781,940.8684692383,942.435546875,943.2069091797,944.9685668945,946.5808105469,948.2407226562,949.1705322266,921.0122070312,920.0403442383,918.1218261719,915.848449707,913.7999267578,911.8847045898,909.4639892578,907.0434570312],"3":[853.9141845703,870.8984985352,887.9224243164,905.1544799805,921.9382324219,939.2833251953,956.3323974609,973.9487304688,973.673034668,956.5363769531,939.372253418,922.4448242188,905.4720458984,888.6408691406,872.014831543,854.0770874023],"4":[783.2269897461,800.9652709961,818.7336425781,836.3344726562,854.1037597656,872.032409668,889.2828979492,907.3180541992,907.1582641602,889.9176025391,871.725402832,853.6767578125,835.8608398438,817.7637939453,799.6767578125,782.1093139648],"5":[948.7847900391,944.5472412109,938.2971191406,931.7325439453,926.8570556641,919.0560913086,911.0773925781,902.7954711914,871.8708496094,880.9002075195,889.80859375,897.2053222656,903.1412353516,909.2019042969,913.8048706055,916.966003418],"6":[796.4385986328,804.1384277344,812.6423339844,821.0782470703,829.3581542969,836.8798828125,844.4683227539,851.4864501953,853.9479980469,846.3035888672,837.515625,830.2090454102,821.6177978516,813.2707519531,804.5185546875,796.1181030273],"7":[606.2011108398,624.6396484375,643.5324707031,662.6288452148,681.120300293,699.2044067383,718.2622680664,737.3602294922,737.3549804688,718.4454956055,699.832824707,680.9489746094,661.9769287109,642.9680175781,624.2829589844,605.6102294922],"8":[701.7493896484,744.9038696289,784.3706054688,823.5809936523,864.4675292969,904.8345947266,943.4989013672,985.0912475586,981.0463867188,944.6115112305,904.4774169922,864.1326293945,824.1171875,782.7831420898,741.8309936523,700.8887939453]},"polygon_y":{"0":[80.4302825928,79.3134765625,79.2460784912,79.6138305664,79.1061477661,79.1469573975,79.3654785156,80.3522186279,119.3822097778,119.4577178955,119.8111419678,119.8164520264,120.2584838867,120.5131835938,120.6167678833,120.1856384277],"1":[732.7084960938,736.6778564453,742.681640625,747.8012084961,754.0160522461,759.2865600586,764.6226806641,770.9859619141,768.525390625,762.2994995117,757.1353759766,751.8897094727,746.9232788086,742.1167602539,736.1647949219,730.4680175781],"2":[640.4117431641,652.2979736328,665.133605957,678.1176147461,691.0831298828,702.8819580078,716.3265380859,729.0923461914,732.9049072266,719.7876586914,707.0000610352,694.9722900391,682.0000610352,669.8861694336,657.1651611328,645.6585693359],"3":[137.0242156982,137.2200164795,137.0015106201,137.8568267822,137.5227966309,137.5896911621,137.6443481445,138.4634246826,175.5763397217,175.115814209,175.1832580566,175.5868377686,175.9715270996,176.1555328369,175.5589447021,174.6670532227],"4":[530.4998168945,530.5379638672,531.1466064453,531.4444580078,531.6503295898,531.686340332,531.7998657227,533.5770263672,573.6072387695,573.4235229492,573.3708496094,573.6975097656,573.3266601562,573.5241699219,574.0914916992,573.6970214844],"5":[776.7241210938,796.707824707,820.1352539062,837.8844604492,859.0341796875,878.5039672852,898.2262573242,920.5948486328,913.6114501953,892.494140625,871.3146362305,850.7188720703,830.4708862305,809.0201416016,790.2147216797,770.2384033203],"6":[142.7232666016,142.7132263184,142.9099884033,142.3059234619,142.4105987549,142.1417388916,142.0342102051,142.4999542236,175.3608703613,175.0948791504,175.0443725586,174.9219360352,175.9062194824,175.696182251,175.4931030273,175.2210235596],"7":[87.1934204102,86.7248153687,87.1608276367,87.397857666,88.5689620972,89.5887832642,90.448638916,91.3592529297,128.0021362305,128.6021575928,128.3095092773,128.5118255615,128.251953125,128.1780853271,128.0603942871,128.2519683838],"8":[186.674407959,186.7439880371,187.1424713135,186.269241333,186.6723022461,186.5145568848,186.1513671875,186.3783874512,222.4111938477,223.0143737793,224.8591766357,224.068145752,223.2919616699,223.1352233887,224.0184783936,223.4962615967]},"text":{"0":"Birket","1":"de","2":"Route","3":"Sullan","4":"Ruine","5":"Bethlchee","6":"es-","7":"Ruine","8":"Etanginfeieur)"},"score":{"0":0.9874948859,"1":0.9700592756,"2":0.9788615108,"3":0.9121359587,"4":0.9857774377,"5":0.9717024565,"6":0.7317911386,"7":0.9878679514,"8":0.9346008301}}