{"polygon_x":{"0":[543.7542724609,549.9550170898,554.594909668,559.8701782227,564.9227905273,570.5880126953,575.8014526367,579.3690185547,580.8250732422,576.6057128906,570.1701660156,564.5932006836,558.1807861328,552.6669921875,546.7196655273,541.7136230469]},"polygon_y":{"0":[3.1186561584,2.8591008186,3.079000473,3.2112095356,3.2073273659,3.2435793877,3.1373519897,3.684262991,25.4620189667,25.7197399139,26.002122879,26.0895175934,25.8909397125,26.0731124878,25.3467273712,25.5620670319]},"text":{"0":"277"},"score":{"0":0.5347654819}}