{"polygon_x":{"0":[235.6717681885,251.0805053711,265.8992919922,280.2406921387,294.5634765625,309.3244934082,324.5231628418,339.8240661621,328.0317382812,311.7282714844,296.3069152832,282.1870117188,268.1295471191,253.6698608398,238.6001739502,223.6012878418],"1":[375.2803344727,395.5571899414,415.7092285156,435.5557861328,456.002532959,476.6246337891,497.788848877,518.951965332,513.4927978516,491.5095214844,470.610534668,449.5757751465,428.5153503418,407.9027709961,386.6934509277,365.5053100586],"2":[286.4097290039,378.2719726562,471.6000366211,570.0780029297,662.3991699219,751.5448608398,849.8969116211,970.6094970703,987.4923095703,855.7225952148,759.3744506836,660.8223876953,571.9884643555,480.6446838379,387.6741943359,286.1683959961],"3":[900.9920654297,912.8790283203,925.1892089844,935.8879394531,948.6685791016,957.3381347656,972.7288818359,985.2907714844,999.4827270508,983.3460693359,972.6290283203,961.7700195312,950.3030395508,940.4932861328,928.5487060547,922.0291748047],"4":[68.5417785645,78.193862915,89.8786087036,100.2675018311,111.9215011597,122.1766281128,132.5113067627,143.2584075928,144.5519104004,132.83984375,121.9563980103,110.025642395,99.2715530396,89.3310928345,78.9023895264,66.9005508423]},"polygon_y":{"0":[571.1489257812,576.173828125,581.8919067383,587.9293212891,593.9940795898,599.6263427734,605.2692260742,611.3980712891,645.5749511719,637.2153930664,630.6281738281,624.5795898438,618.0322875977,611.5379638672,605.3262329102,599.9132080078],"1":[631.7280273438,638.6750488281,644.4862060547,649.640625,653.8741455078,657.5157470703,660.0078735352,660.4522705078,694.4487915039,691.8557128906,688.3377075195,684.3712768555,679.2477416992,673.840637207,667.2729492188,659.7100219727],"2":[771.9166259766,769.3944091797,767.3920898438,766.2432861328,765.1567382812,765.3292236328,763.7757568359,761.2553710938,875.994934082,875.9552001953,879.0587158203,879.7998046875,881.5807495117,882.4466552734,884.4982299805,883.9666748047],"3":[764.2189941406,761.0999755859,758.9673461914,758.3187866211,754.9502563477,753.5733642578,752.3381347656,749.59375,878.4106445312,877.9036865234,877.6773071289,876.9067993164,877.6776733398,879.2993774414,879.2351074219,881.018737793],"4":[771.5899047852,771.3049926758,771.2327880859,770.905456543,771.1345214844,771.6229858398,771.4700927734,771.1449584961,876.1260375977,877.112121582,877.1762695312,878.1000366211,878.3538818359,877.5823974609,876.7009887695,877.1243286133]},"text":{"0":"MON","1":"DROWT","2":"SURVE","3":"I","4":"E"},"score":{"0":0.9820165038,"1":0.9742729664,"2":0.9771912098,"3":0.4996062517,"4":0.9804035425}}