{"polygon_x":{"0":[5.492146492,39.4781723022,74.2705917358,110.408821106,145.2403564453,180.1531982422,215.7622528076,253.9083251953,254.4279174805,216.4697418213,181.4151153564,146.7209320068,111.5126419067,76.0891418457,41.3545265198,4.5961408615],"1":[363.7169189453,374.9539489746,387.1788330078,399.666595459,412.059387207,424.6341247559,436.7067871094,448.6975708008,447.9822998047,436.0357055664,423.6926574707,411.5140075684,399.5775756836,387.3862304688,375.1507263184,363.3434753418],"2":[448.8043823242,458.3753051758,468.0184936523,477.7940673828,487.6295776367,497.544921875,507.3310852051,517.3430175781,515.563293457,506.3449707031,496.0223388672,486.3128051758,476.9053344727,466.9138183594,457.111328125,447.523651123],"3":[917.7275390625,925.6038818359,933.8557128906,941.8909301758,949.236328125,956.8504638672,964.931640625,972.9096069336,971.5013427734,964.7869262695,957.0748901367,949.3671264648,941.2133178711,933.2354736328,925.0446166992,917.0490112305],"4":[130.5057373047,162.6082458496,194.2255401611,227.1218719482,259.8140258789,292.9129638672,325.4325866699,357.4381103516,356.434753418,325.5633544922,293.5598449707,260.8629150391,228.2107696533,195.7242736816,163.5718383789,130.5931396484],"5":[212.8352355957,220.5324401855,228.7461547852,237.5302734375,245.8250732422,253.884262085,262.0198974609,270.5370483398,271.503112793,262.709564209,254.4337463379,246.3316497803,237.8878173828,229.0191497803,220.7105712891,212.5305938721],"6":[659.821472168,667.8520507812,676.1200561523,684.9254760742,693.2459716797,702.0780029297,710.0869750977,718.2154541016,718.4064331055,710.0049438477,701.9338989258,693.4954223633,685.1245117188,676.5545043945,668.5437011719,660.4976806641],"7":[448.9750976562,455.4613037109,462.0539550781,469.2377319336,477.7385864258,484.9116516113,492.399017334,499.2613525391,482.5309753418,473.4306030273,464.3741455078,456.392364502,449.3673400879,441.4116210938,434.579498291,427.3272399902],"8":[392.6083984375,401.7947387695,412.1272583008,421.8870544434,432.2449951172,442.6439819336,453.8121032715,463.9706420898,465.4298400879,453.5076904297,442.5080871582,431.7893066406,421.8223571777,412.0162658691,402.5788574219,392.3190917969],"9":[0.0303211138,7.7057037354,15.6833934784,23.2862186432,31.7945594788,40.25806427,49.6276626587,58.3150787354,58.2003593445,49.4659805298,39.7690582275,31.4505958557,23.2159538269,15.4177398682,7.4526815414,0.0462551378],"10":[686.7351074219,697.4018554688,708.2465820312,719.4649658203,729.8548583984,740.3930053711,751.0374755859,762.2109985352,763.1658935547,752.4559326172,741.7058105469,731.0067749023,720.0338134766,709.4707641602,698.4243774414,687.6541748047],"11":[533.5390625,543.5595703125,553.6324462891,564.0188598633,574.0403442383,584.2413330078,594.4594116211,605.001953125,606.3955078125,596.2600708008,585.8748779297,575.4758911133,565.0030517578,554.5162353516,543.9110717773,532.86328125],"12":[451.7767944336,462.7773742676,473.981628418,484.8524169922,495.8046264648,504.3827819824,514.0286254883,525.9774169922,505.4926147461,495.1519775391,483.3718261719,473.5743408203,462.938659668,452.76171875,442.7210083008,431.6788330078],"13":[624.9991455078,625.3960571289,626.8062744141,628.0786743164,629.2241210938,629.5068359375,629.8049316406,630.6246948242,589.1459960938,590.6352539062,592.0108642578,590.7634277344,588.7808227539,588.12109375,586.7733154297,584.5101928711],"14":[843.5474243164,850.6279296875,857.6903076172,863.9767456055,869.5401611328,876.8717041016,883.1029663086,889.4128417969,890.6298217773,883.0339355469,876.5389404297,870.2301025391,864.6402587891,858.2449951172,851.9784545898,843.5798339844],"15":[919.807434082,930.4222412109,941.7286376953,953.3977050781,964.8568115234,975.6832275391,986.6549682617,998.2843017578,997.9921875,986.8045654297,976.0704956055,965.0845947266,954.0147705078,942.8282470703,931.8295898438,919.9411621094],"16":[401.0288696289,407.365447998,413.6300048828,420.289642334,426.5948791504,432.9284973145,439.6788024902,445.6016540527,422.4199829102,416.0957336426,410.3215026855,404.6976013184,398.131072998,391.8441467285,384.8129272461,376.6127319336],"17":[14.8398733139,25.8032455444,39.953125,54.4316673279,68.5183868408,82.2956161499,95.6428222656,108.5257263184,108.5871734619,96.0596084595,81.4186706543,68.2192001343,54.48412323,40.5144348145,24.8689537048,14.2212285995],"18":[736.7579345703,743.546875,750.0383911133,756.0036621094,762.1414794922,768.5676269531,774.671081543,780.01171875,778.3128662109,770.6145019531,764.1041259766,757.9197998047,751.8539428711,746.2541503906,740.4918212891,733.0908813477],"19":[938.7446289062,944.1198730469,949.5330810547,953.9957275391,958.2885742188,963.2445068359,968.3568725586,975.3668823242,981.061340332,976.2899169922,971.9451904297,967.0871582031,962.6765136719,957.1800537109,951.7971191406,947.3914794922],"20":[649.3885498047,654.4578857422,661.3840332031,667.9956054688,674.6155395508,680.8138427734,687.2081298828,695.5054321289,680.5217285156,672.2283325195,665.1501464844,658.8531494141,652.0164794922,644.9603271484,637.8501586914,630.1974487305],"21":[655.2814941406,655.9243774414,657.119140625,658.9354248047,661.3083496094,663.4020996094,665.9136962891,669.2921142578,639.8882446289,636.8962402344,634.0658569336,630.4046020508,627.5513916016,624.0764160156,621.8126220703,619.6442871094],"22":[70.0816192627,80.4412994385,90.8562088013,101.4855499268,112.9201812744,124.2312164307,134.4654083252,145.8442230225,145.8936157227,135.3129272461,124.22290802,113.1508636475,102.8371887207,91.7691955566,81.7922363281,71.2121276855],"23":[0.1776661724,15.6081428528,31.2450942993,47.487487793,63.9600067139,80.8590087891,99.5999908447,121.5355606079,122.4861297607,105.0010223389,84.1930084229,65.4099121094,47.5866737366,31.0319786072,15.2729215622,0.1736861616],"24":[626.3147583008,627.8325805664,628.6184082031,629.1045532227,628.5211791992,627.7836914062,628.4400024414,628.0765380859,591.681640625,591.4547119141,591.2108764648,589.7740478516,589.390625,589.1970825195,588.4729614258,585.4635009766],"25":[650.4751586914,648.1300048828,648.5362548828,649.485534668,651.2515258789,653.3446655273,656.0687255859,657.7619628906,607.5025634766,606.1591186523,607.0516357422,607.2590332031,606.1708984375,605.6681518555,605.7413330078,604.4921875]},"polygon_y":{"0":[597.3401489258,596.021484375,595.9087524414,594.9665527344,594.3104248047,593.2232055664,593.0415039062,592.2062988281,642.8807983398,642.9183959961,642.5914916992,642.8472900391,642.6918945312,642.6043701172,642.9404296875,643.0125732422],"1":[724.3411254883,724.1557617188,724.5578613281,724.1437988281,724.3724365234,724.2962036133,723.796081543,723.7885742188,747.3485107422,746.623046875,746.86328125,746.9013671875,746.9254150391,746.9879760742,746.8229980469,746.2581787109],"2":[667.5119018555,667.7171630859,667.7242431641,667.5208129883,667.8615722656,668.0029296875,668.1567382812,668.5882568359,693.1168212891,692.5900268555,692.3205566406,692.0306396484,691.8321533203,691.8954467773,691.6546020508,691.0588989258],"3":[465.0407104492,465.2318115234,465.2148132324,465.022857666,464.5892944336,464.813293457,464.8645019531,464.7870483398,488.715637207,488.8564453125,488.7554626465,488.4298400879,488.2008056641,488.5013427734,488.4967041016,488.2159423828],"4":[498.1808776855,497.9766235352,498.0969238281,497.3928222656,497.0704956055,496.4737548828,495.7694702148,496.3215942383,540.5422363281,540.5977783203,540.7099609375,540.5260009766,540.8588867188,540.5913085938,542.0373535156,541.796081543],"5":[909.6834716797,909.7252197266,909.6242675781,909.5540771484,909.4903564453,909.1623535156,908.9116821289,908.4485473633,930.508972168,930.5160522461,930.5747070312,930.5785522461,930.0178222656,930.3107299805,930.1129760742,929.6978759766],