{"polygon_x":{"0":[504.1040649414,527.2838745117,550.7102661133,574.9182739258,598.2658691406,621.5906982422,645.6264648438,670.2915039062,671.7364501953,647.9512939453,623.7040405273,599.6157226562,575.9808349609,552.1597290039,528.4011230469,503.6825561523],"1":[262.8294677734,293.0136413574,324.0641784668,356.1527099609,387.2358398438,418.6032714844,450.5220947266,480.7807006836,482.3525390625,451.5061645508,419.9527282715,388.0887451172,356.5223693848,325.7125854492,294.0864257812,262.4151611328],"2":[158.1500091553,169.116027832,180.582611084,192.2540435791,203.2339477539,214.5305023193,225.7281494141,237.1563110352,237.9154205322,226.5663146973,215.0581359863,203.8371429443,192.6618804932,181.359588623,170.0293884277,158.1656951904],"3":[77.4283981323,86.1287307739,94.3177490234,102.8808517456,111.0961608887,119.4283599854,127.610206604,136.3634338379,137.5359802246,129.0862731934,119.8083877563,111.2919692993,102.848449707,94.6250762939,86.1953887939,77.3117675781],"4":[0.0159833767,7.600476265,14.8888263702,22.5988101959,30.141292572,37.9954719543,46.3829498291,54.9766159058,55.3006744385,46.7663192749,37.6744194031,29.7642726898,21.9501647949,14.5041313171,6.7819042206,0.0173927564],"5":[1.4652161598,11.9565734863,22.6941833496,32.8024902344,43.7835159302,56.3914031982,67.5344467163,72.7206573486,70.8226089478,65.1636276245,53.2483100891,42.5357475281,32.1544494629,21.8004074097,11.2160634995,0.4270598888],"6":[97.6696853638,111.5230407715,137.5602111816,168.0500793457,199.6679992676,227.4910583496,253.9168548584,303.7499389648,303.0328063965,259.2276611328,230.1895446777,199.6331787109,166.08543396,137.520690918,107.000289917,87.3182525635],"7":[67.5119171143,152.9826507568,230.9720611572,322.0905151367,395.7426147461,463.2487487793,550.2465820312,636.9065551758,650.5773925781,545.6692504883,463.231842041,390.4833679199,317.4946899414,236.0148773193,153.8338928223,91.2679214478]},"polygon_y":{"0":[199.4730834961,199.1917266846,198.655456543,198.763671875,198.309967041,197.2612304688,196.9510498047,197.0396118164,237.2201690674,237.1224365234,236.9052429199,237.4083099365,237.2532348633,237.5817260742,237.4230957031,237.6988220215],"1":[202.9331817627,202.3408508301,201.943572998,201.6996612549,201.1525726318,200.5011138916,199.3649597168,199.5385742188,239.6300506592,239.2978668213,239.5688171387,240.1236572266,240.0393066406,240.2396240234,240.3522644043,240.5243530273],"2":[203.9964447021,203.7216949463,203.3826599121,203.1085510254,202.8164520264,202.3007965088,201.8399047852,201.6603851318,241.120513916,241.2570953369,241.2623748779,241.0177307129,241.0730133057,241.3732910156,241.2627258301,241.8664245605],"3":[204.5909423828,204.0682220459,203.6691131592,203.8476257324,203.6713867188,203.6596679688,203.8671112061,203.3489990234,242.1885528564,242.0705413818,241.9496917725,242.2306518555,242.1450958252,242.2830505371,242.2904815674,242.0159606934],"4":[205.6284332275,204.5178833008,204.5568237305,204.7915649414,204.7651672363,205.145111084,205.6562805176,205.2498626709,241.8653259277,242.1075439453,241.5061950684,241.5047607422,241.3549957275,241.3684692383,241.606918335,241.3189544678],"5":[84.3533630371,85.6241989136,85.8938522339,86.4803466797,86.4234542847,86.0340805054,86.4146270752,88.1190567017,140.4910583496,140.9660644531,141.0134887695,141.8495788574,142.0957641602,141.4463348389,141.1483612061,140.2389221191],"6":[86.1675643921,86.3890457153,86.1165924072,85.7322235107,85.4585113525,84.7364196777,85.2067871094,84.7885818481,135.5302581787,139.0436248779,139.2831268311,140.0918426514,140.8691864014,140.9089508057,139.2038269043,140.3069458008],"7":[85.9735183716,87.464263916,86.0136795044,86.7862014771,86.175201416,85.2372817993,84.5562591553,84.3174667358,134.2603302002,133.9000244141,135.7157745361,135.4375610352,135.9873809814,138.0857849121,139.5701904297,141.1479034424]},"text":{"0":"SURVEY","1":"ORDNANCE","2":"THE","3":"OF","4":"CR","5":"IR","6":"HENRY","7":"HENRYJAMESE"},"score":{"0":0.9828704,"1":0.9864422083,"2":0.9809643626,"3":0.9721573591,"4":0.9781301022,"5":0.6707515717,"6":0.5386329889,"7":0.4611507654}}