{"polygon_x":{"0":[150.5645446777,160.3764648438,170.2212677002,180.3039703369,190.245803833,200.3815002441,210.6247253418,220.1737976074,219.6571960449,209.8612213135,199.7843780518,189.713470459,179.9233703613,169.6701965332,159.4526977539,149.1905822754],"1":[118.6945724487,131.6090698242,144.7462158203,157.9603729248,170.9981384277,183.9907531738,197.0104827881,210.444152832,210.6787414551,197.2616271973,183.9583435059,171.294128418,158.3325042725,145.5475158691,132.3517150879,118.8927841187],"2":[341.0717773438,349.0524597168,356.5854492188,364.1742248535,371.7627258301,379.7805786133,388.0825805664,395.9962158203,395.7086486816,388.2858886719,380.0266113281,372.3081665039,364.4252929688,356.5029907227,348.9091186523,340.993347168],"3":[166.7050323486,178.8810882568,191.5755310059,204.5215454102,217.452331543,230.0674285889,242.3104095459,254.7834014893,255.5576934814,243.210144043,230.6078186035,218.2475891113,205.6812438965,193.1965332031,180.4090270996,167.1251525879],"4":[55.9317817688,66.1589889526,76.086151123,86.7158889771,96.9353942871,107.0997314453,117.7016906738,127.9788513184,127.1016769409,117.1141052246,106.8763656616,96.3199768066,86.2124481201,75.744140625,66.0397949219,55.6213302612],"5":[171.9487915039,183.921585083,196.6854858398,209.1194915771,221.8305206299,234.2888641357,246.2870483398,258.3987121582,258.1355285645,245.2125244141,233.1437835693,220.5077972412,208.3436737061,195.8449554443,183.2902526855,170.6660766602],"6":[637.4698486328,647.7920532227,658.0231323242,668.2065429688,678.6589355469,689.1257324219,699.7077026367,709.9044189453,708.6020507812,698.2991943359,688.0115356445,677.2442016602,666.6170654297,655.9791259766,645.4758300781,635.0059814453],"7":[294.7978515625,300.4900512695,308.3717041016,315.7629699707,323.0445861816,330.1824951172,337.6343383789,344.2601318359,312.2207336426,304.5288391113,296.8108825684,291.559753418,285.1355895996,277.8838806152,270.5290527344,263.413848877],"8":[254.1807861328,264.231842041,274.3907470703,284.6245422363,295.4227905273,305.9945678711,316.8846130371,327.3741149902,325.791015625,315.5855712891,304.587310791,293.9044494629,283.3710021973,272.7061767578,262.0681762695,251.8143310547],"9":[49.6299514771,57.8399887085,66.4434204102,75.2797393799,84.2279434204,92.9168777466,101.3966217041,109.7787399292,110.6743621826,102.2754974365,93.7133483887,84.8282546997,75.973526001,67.1804199219,58.7229766846,50.1844329834],"10":[712.6722412109,722.1760253906,731.8974609375,741.2993164062,751.0631103516,760.8953857422,770.8045043945,780.5038452148,779.6893920898,769.7351074219,759.7732543945,750.0344848633,740.4005126953,730.325012207,720.3563842773,710.5972900391],"11":[66.8890075684,76.0494232178,84.7042388916,93.5934448242,102.6926498413,111.6650695801,120.5919265747,129.5921630859,130.2530517578,122.1400146484,112.9203338623,103.6938552856,94.5408325195,85.4915313721,77.1831207275,68.3775024414],"12":[401.3240356445,412.6092834473,423.7645874023,435.1032714844,447.0473022461,458.7239379883,470.5456848145,482.1659851074,480.6965332031,469.508026123,457.7783203125,446.2360839844,434.7100219727,423.2854003906,411.9078979492,400.162902832],"13":[493.2976989746,503.8626098633,514.0072021484,524.2305297852,533.9423828125,544.4737548828,555.1273803711,565.6145019531,565.7420654297,555.5837402344,544.5114746094,534.5438842773,524.1970214844,513.455078125,503.1774597168,492.4091796875],"14":[928.9318847656,938.86328125,948.5460205078,958.507019043,968.5397949219,978.645324707,988.6805419922,999.1799926758,997.633972168,987.7197875977,978.0107421875,968.0736083984,957.6390380859,947.8256835938,937.6293334961,927.8132324219],"15":[0.1489222348,4.9403920174,9.3132801056,14.1248645782,18.5708656311,23.5426712036,28.4193534851,34.600730896,35.9385375977,30.0060882568,24.029800415,19.0891246796,14.3446073532,9.9294366837,5.4304652214,0.288410306],"16":[62.7950706482,74.6502075195,87.0677261353,98.8707427979,110.8733978271,122.6107177734,134.7217102051,146.9024505615,146.436126709,134.6466674805,122.3609466553,110.0398254395,97.8721313477,85.7090759277,73.7975769043,61.5859260559],"17":[71.9901580811,77.9250640869,83.4970932007,89.6743469238,95.4047775269,101.3750762939,106.953666687,113.7305145264,115.0201568604,109.4982299805,103.392791748,97.3151397705,91.2199478149,85.3095550537,79.12449646,72.7741317749],"18":[289.1175842285,299.489654541,310.5115966797,321.368347168,332.4484558105,343.4009094238,353.3446044922,363.7645263672,364.4270629883,353.360168457,342.5897216797,331.559387207,320.8917541504,310.0251464844,299.3656005859,289.143951416],"19":[451.8306274414,457.7941894531,462.8669433594,468.6840209961,473.8605957031,480.0343322754,485.0604248047,490.4904785156,489.3095703125,484.0201416016,477.9378051758,472.7876586914,467.2359008789,461.6298217773,455.6220092773,450.3419799805],"20":[792.7335205078,802.6791992188,813.030456543,822.7243652344,832.3499755859,842.3566894531,851.9512329102,862.3497924805,861.1864013672,851.6105957031,841.1558837891,831.2722167969,821.4808349609,811.3154296875,801.3453369141,791.2572021484],"21":[318.1943359375,324.9613647461,332.0120239258,338.8776855469,346.0782470703,353.3784484863,360.9419250488,368.0110168457,367.4822387695,360.4098205566,352.6184082031,345.6641235352,338.5519714355,331.3213806152,324.3149414062,317.0637207031],"22":[59.4468002319,65.8737716675,73.2786254883,80.9819946289,88.4247589111,95.5995025635,102.5347213745,109.9866943359,111.3294372559,104.3022918701,96.9018478394,89.348449707,81.8195419312,74.4923324585,66.5290603638,59.193145752],"23":[406.3698120117,413.6758422852,420.6748046875,428.3017272949,435.766418457,442.9794616699,450.4940185547,458.3635253906,458.1980895996,450.483581543,442.9313964844,435.467376709,428.1654052734,420.6311645508,413.0760498047,406.1495666504],"24":[215.8099975586,225.243347168,234.6216430664,244.0849456787,253.5694885254,263.0855102539,272.2219543457,282.423034668,283.2203979492,273.6534118652,263.8814697266,254.4384918213,245.1136169434,235.8172912598,226.2810668945,216.6681518555],"25":[352.7661132812,358.5591125488,364.2719726562,370.5832214355,377.1664733887,384.3987426758,390.6447753906,396.9653930664,396.5201416016,390.5915527344,383.7555541992,377.176940918,370.6928710938,364.573638916,358.0071411133,351.357421875],"26":[956.1512451172,962.40234375,968.9569091797,975.3510131836,982.0482177734,988.3923950195,994.7331542969,999.9635009766,999.8770751953,993.7783813477,987.5255126953,981.2749023438,974.6078491211,967.7774047852,960.7615966797,954.9493408203],"27":[513.8430786133,528.7806396484,544.6952514648,560.8473510742,575.4746704102,591.0451660156,606.2506713867,622.4938354492,621.7876586914,606.2083740234,591.2003173828,575.5225830078,560.0168457031,544.0545654297,528.1622314453,512.1322021484],"28":[660.7716064453,678.5992431641,697.5259399414,716.5601806641,735.2347412109,754.0714111328,771.8486328125,791.3392333984,790.4752197266,771.942199707,752.9918823242,734.1368408203,715.5009765625,696.6016235352,677.6119995117,658.4271850586],"29":[916.5672607422,923.8526611328,932.4140625,941.1671142578,949.5281982422,958.0068969727,965.8737792969,973.4646606445,972.6594238281,964.3566894531,956.3430786133,948.6304931641,940.2425537109,931.6088867188,923.4890136719,915.3513183594],"30":[129.5105895996,140.0164489746,151.2915649414,162.396987915,173.1594696045,183.7755584717,194.7847747803,206.1664123535,206.7416992188,195.9086303711,184.7225952148,173.2707519531,162.2726135254,151.5294036865,140.4250488281,128.9393005371],"31":[147.7435455322,156.4016113281,165.8923034668,176.4549865723,186.4175415039,196.5348510742,206.2437744141,216.630645752,215.5777587891,206.0025634766,195.9981384277,185.9371948242,176.1100463867,165.8630065918,156.0087280273,146.462387085],