{"polygon_x":{"0":[752.7627563477,761.8646240234,771.7994384766,782.0588378906,791.9228515625,802.2437744141,812.3879394531,822.4783325195,821.5123291016,811.2713012695,801.3259277344,791.3375244141,781.5448608398,771.3081054688,761.0931396484,750.9459228516],"1":[111.9494171143,118.9646606445,126.5386810303,134.5900878906,142.0425720215,149.5391693115,156.4693145752,164.2177734375,165.5847930908,158.3664703369,150.7482299805,143.1864624023,135.5519561768,128.1429443359,120.4922103882,113.0854187012],"2":[0.0714860559,12.2466096878,25.2762432098,37.7186927795,50.3885993958,62.4674758911,74.9325408936,87.452507019,87.7218475342,75.7018432617,62.8932189941,50.7821273804,38.1982727051,25.9438934326,12.8685741425,0.1838935912],"3":[887.2287597656,896.1639404297,905.2091064453,914.6508178711,923.6622314453,932.8485717773,942.1577148438,950.8641357422,950.7834472656,941.7625732422,932.4381103516,923.2921142578,914.068359375,904.6401977539,895.7286987305,885.8965454102],"4":[817.3729248047,826.4420166016,835.5308837891,844.3735351562,853.2335205078,862.272277832,871.283203125,880.2137451172,879.309387207,870.1031494141,861.1251831055,852.3612060547,843.4692382812,833.9831542969,825.0568237305,815.3845825195],"5":[672.780090332,684.2465209961,696.3919067383,708.2313232422,720.0768432617,732.0949707031,743.5284423828,755.7408447266,754.7058105469,742.5638427734,730.3955078125,718.4528808594,706.8486328125,694.4273681641,681.9105224609,669.9661254883],"6":[608.9923706055,620.6357421875,633.7122802734,645.9439086914,658.7231445312,671.2667236328,683.3458251953,695.6900024414,694.6627807617,682.6522827148,670.5399169922,657.96484375,645.5523681641,632.7700195312,620.0576171875,608.2758178711],"7":[827.5903930664,837.8198852539,848.5183105469,860.0208129883,870.9384155273,881.8795776367,892.7938232422,903.6528930664,905.6502685547,894.2141723633,882.0609130859,871.3262939453,860.5347900391,849.7741699219,838.7932128906,827.5918579102],"8":[17.5022239685,25.7909030914,34.5596466064,43.7196388245,53.0297050476,62.5173225403,71.8698043823,78.0025634766,80.7977600098,71.9893188477,63.9878807068,54.8723258972,45.5573959351,36.4190216064,27.9696922302,18.9757709503],"9":[539.9439697266,548.647644043,558.3964233398,568.208984375,578.1237182617,588.0337524414,598.1708984375,608.9508056641,606.813659668,597.2762451172,587.5758056641,577.9651489258,568.0268554688,558.0643310547,548.2294311523,538.2709350586],"10":[736.7105102539,747.3501586914,757.5355224609,768.6126708984,779.1046142578,789.5034179688,799.7377929688,809.4180908203,809.0413818359,798.938293457,789.2716064453,779.2106933594,769.1305541992,758.6099853516,748.1812744141,737.1287841797],"11":[962.0697631836,968.2239990234,973.7780761719,979.3822021484,984.5309448242,989.7500610352,994.8734130859,999.8287353516,999.8840332031,995.108581543,989.8320922852,984.9335327148,979.6320800781,974.2348632812,968.7362670898,961.1821899414],"12":[176.0478515625,193.623626709,207.7431945801,221.7203979492,235.8637695312,250.1082458496,264.1015014648,277.782623291,278.7716064453,263.8889465332,249.1667785645,235.1182250977,220.6097259521,207.8040313721,194.0108642578,176.8673858643],"13":[81.6586227417,84.6460266113,86.7112121582,89.3609466553,91.4196777344,94.4341659546,96.7129211426,99.1002655029,100.4225158691,98.3840179443,95.4786529541,92.8721618652,90.3302307129,87.8460769653,85.7547836304,83.4078521729]},"polygon_y":{"0":[535.8584594727,536.0615844727,535.5484619141,535.1508178711,534.8359985352,534.7653198242,534.1434326172,534.2120361328,558.1337280273,558.4703979492,558.7854614258,559.0514526367,559.2661132812,559.6585693359,560.2489624023,560.1521606445],"1":[214.5987243652,214.8225250244,214.7299804688,214.5627746582,214.1869812012,213.5403747559,213.0732421875,212.8482055664,235.1828613281,235.3455505371,235.329864502,235.4570007324,235.3405914307,235.4277191162,235.8302001953,235.9932250977],"2":[21.0953712463,20.4735870361,20.4625854492,20.2749862671,20.1858940125,20.2255992889,19.7338829041,19.7783908844,52.8714561462,52.5507965088,52.6001205444,52.685131073,52.7463531494,52.6620788574,52.9229927063,53.3528175354],"3":[685.4859008789,685.2263183594,685.055480957,684.9357910156,684.7426757812,684.8420410156,684.6671142578,684.6123657227,709.1608276367,708.8996582031,708.9791259766,708.5956420898,708.5745849609,708.8182983398,709.2216796875,709.2800292969],"4":[876.991027832,876.8305053711,876.7746582031,876.9068603516,876.9219970703,877.0933837891,876.9830932617,877.0846557617,900.1624755859,900.2883911133,900.2489013672,900.2131347656,900.2779541016,900.4534912109,900.5150756836,900.2335205078],"5":[588.6100463867,588.9598999023,589.0745849609,589.1948242188,589.3920288086,589.8952636719,589.6907348633,589.9382324219,614.341003418,613.9193115234,613.3173828125,612.5089111328,611.9186401367,611.7303466797,611.5682373047,611.6521606445],"6":[743.84765625,743.3576660156,743.021484375,742.5598754883,742.4379882812,742.412109375,742.2052001953,742.9638061523,767.1990356445,766.8349609375,766.8367919922,766.9570922852,766.8011474609,766.8325195312,767.4683227539,767.6404418945],"7":[78.3251113892,78.4706115723,78.359046936,77.9107589722,77.4941711426,76.8128051758,76.2808456421,75.9246902466,99.2177429199,99.3878326416,99.3873443604,99.6288604736,99.8432769775,100.2034301758,100.2472000122,100.120223999],"8":[419.9264221191,419.0866699219,419.0216674805,418.4979553223,417.7493591309,417.3036499023,417.4135131836,417.3620605469,439.097869873,439.1260375977,439.0484924316,439.3568115234,440.0868225098,441.012512207,441.5094604492,442.0471801758],"9":[582.8258666992,582.9462280273,582.8709716797,582.7438354492,582.4788208008,582.022644043,581.74609375,581.4476928711,604.3846435547,604.4058227539,605.6053466797,605.5075683594,606.1270141602,606.5705566406,607.1614379883,606.6990966797],"10":[694.0495605469,693.5023193359,693.4408569336,692.8207397461,692.6430664062,692.4065551758,691.9766845703,691.3208007812,716.076171875,716.3138427734,716.1468505859,716.1967773438,716.1330566406,716.3414306641,716.7583618164,716.6236572266],"11":[301.1424560547,301.1832275391,301.4474182129,301.7773132324,301.4075012207,301.5736694336,301.5622558594,301.252166748,322.4905700684,323.0146789551,323.3836669922,323.2799682617,323.1878662109,323.4556884766,323.8564453125,324.4807739258],"12":[71.2740631104,71.6550216675,71.3951187134,71.4884338379,71.8642196655,71.6413040161,71.9330596924,71.6967315674,94.3059539795,94.0514526367,94.0094833374,93.6057281494,93.4897613525,93.5327835083,93.7426376343,93.8590087891],"13":[416.7903442383,417.0913391113,417.5035400391,417.7617797852,417.75390625,417.8213806152,417.659942627,417.7230529785,438.3166809082,438.3768920898,438.3699035645,438.4855957031,438.6774291992,438.8312072754,439.0324707031,438.7925720215]},"text":{"0":"Foalb","1":"2319","2":"EITH","3":"Buin","4":"Ruin","5":"Towbe","6":"Tombs","7":"2372.0","8":"2449.","9":"Rnvll","10":"Tomb","11":"245","12":"2222:","13":"2"},"score":{"0":0.9702023268,"1":0.5911625028,"2":0.9797186852,"3":0.9542649388,"4":0.970506072,"5":0.9348077774,"6":0.9578985572,"7":0.9435605407,"8":0.9108412266,"9":0.9268612862,"10":0.9492177963,"11":0.6778012514,"12":0.8466252089,"13":0.4959370792}}