{"polygon_x":{"0":[485.5019836426,506.4069824219,527.7663574219,549.5993041992,571.0001831055,592.5322265625,614.2722167969,636.1734619141,636.1641235352,614.8947753906,593.2852172852,571.992980957,550.5561523438,528.6463623047,506.885345459,485.072052002],"1":[485.6441955566,506.8742675781,528.8532104492,550.8417358398,572.5560913086,595.0135498047,617.2384033203,639.0861816406,639.0497436523,617.3015136719,595.2846679688,573.3154907227,551.3181152344,529.295715332,507.361328125,485.1571655273],"2":[666.6157226562,689.4674682617,713.2504272461,736.3544921875,759.9830322266,783.5904541016,807.496887207,830.5090332031,830.5845947266,807.200012207,783.6694335938,759.9899902344,736.4206542969,713.1243896484,689.8306274414,665.9595947266],"3":[670.3212890625,684.873046875,700.1141357422,715.9144287109,731.1273803711,746.3356933594,761.4385986328,776.3849487305,776.9974365234,761.5036010742,746.814453125,731.4849853516,716.6779785156,701.310546875,686.2849121094,670.263671875],"4":[484.9824523926,491.5249023438,496.5930175781,502.4984436035,507.9003295898,513.6691894531,519.7396850586,525.3493652344,525.5872802734,520.5769042969,514.6384887695,509.4168701172,503.8801879883,497.9039306641,492.0119018555,485.41015625],"5":[915.5249633789,927.8223266602,939.587890625,951.7556152344,963.6690673828,976.0157470703,988.4921264648,999.68359375,999.8952636719,988.7738037109,976.4704589844,964.6076660156,952.5081787109,940.5369873047,928.8615722656,914.9716186523],"6":[800.9610595703,826.1154785156,851.4472045898,877.3807373047,903.4562988281,928.9437866211,954.6737060547,981.4418945312,982.6474609375,956.3635253906,930.4926147461,904.5416870117,878.8153686523,852.5345458984,827.4120483398,801.3836669922],"7":[543.5434570312,573.0258789062,602.5269775391,632.3017578125,661.5941162109,690.7275390625,720.6062011719,750.7238769531,750.596862793,720.6297607422,691.2264404297,661.5414428711,632.3786621094,603.4468383789,573.8813476562,543.9276123047],"8":[781.246887207,796.3518676758,811.5751953125,827.0300292969,842.2020874023,856.6221923828,871.6446533203,886.9450683594,887.8576660156,872.3095092773,857.4264526367,842.5316162109,827.5987548828,812.5079956055,797.616027832,782.073059082],"9":[855.4797973633,876.9013671875,898.7125244141,920.436706543,941.3463134766,961.8108520508,982.2002563477,999.8586425781,999.9688720703,982.8950195312,962.9003295898,942.4243164062,920.2683105469,898.8055419922,877.5289916992,854.9560546875],"10":[843.7177734375,852.2928466797,860.1579589844,868.5527954102,876.6292724609,885.0030517578,893.05078125,900.9776611328,901.9197998047,893.4973144531,885.4232788086,876.8176269531,868.833984375,860.7064208984,852.8130493164,844.7601928711],"11":[846.1091308594,852.6465454102,858.7983398438,865.5697631836,871.7548217773,877.8469848633,883.8380126953,889.4516601562,890.9067382812,884.8662719727,878.7109985352,872.3326416016,866.0260009766,859.6386108398,853.0893554688,846.1998901367],"12":[740.6560668945,748.6703491211,757.6217651367,767.1613769531,776.2110595703,785.2715454102,794.5209350586,803.4274291992,804.0099487305,794.6831054688,785.8932495117,777.1911621094,768.170715332,759.2232666016,750.0096435547,740.5866699219],"13":[905.0499267578,907.5942993164,910.2750244141,913.2329101562,915.573425293,918.4290771484,921.0284423828,923.684387207,924.0573730469,921.6683349609,918.5827026367,916.0423583984,913.6963500977,911.2114257812,908.9630126953,905.9803466797]},"polygon_y":{"0":[118.6404876709,118.6931991577,118.53125,118.5664215088,118.3349304199,117.6219863892,117.4560699463,117.6128540039,154.0147705078,153.5492553711,153.4621124268,153.5310668945,153.580078125,153.8634033203,153.5561981201,153.0377349854],"1":[214.3406829834,214.1759643555,214.0319061279,214.0882720947,213.9766235352,213.525390625,212.9754333496,213.3006591797,250.0483703613,249.8204803467,249.5954284668,249.8479309082,249.5213623047,249.9532928467,249.8719024658,249.1687164307],"2":[214.0012207031,213.9636993408,213.6583862305,213.5890960693,213.1439971924,213.0970611572,212.6829376221,213.0729980469,250.6997375488,250.1200561523,250.0083770752,250.4181213379,250.1015625,250.1302947998,249.5745697021,249.8648071289],"3":[116.6160430908,116.6104736328,116.8841400146,116.8428649902,116.9251174927,116.8936157227,116.9941253662,117.2372436523,153.0145721436,152.8798828125,152.9136962891,152.9855651855,152.7364044189,153.0023803711,153.5682220459,153.2221374512],"4":[24.0865402222,23.9738044739,23.7964553833,23.5127429962,23.1176548004,22.8673362732,22.2338180542,21.2173957825,54.9894561768,54.7165107727,55.003490448,55.303276062,55.7172012329,55.9163703918,56.2136917114,56.6176795959],"5":[20.0283260345,19.9758796692,19.9194221497,19.7400684357,20.2219104767,19.7679328918,19.6154251099,19.6037311554,53.4122238159,53.2594490051,53.6114082336,53.4399719238,53.5554161072,54.2350387573,54.5606193542,54.3704071045],"6":[116.8936157227,116.2955322266,115.8568954468,115.9479141235,115.5723876953,115.1811981201,114.5864715576,114.9259262085,151.9872741699,151.8603210449,151.8491210938,151.9764404297,152.1482696533,152.1579437256,152.7015075684,152.027557373],"7":[21.7197761536,21.9699897766,21.5760631561,21.4755821228,21.254447937,20.7201786041,20.1390571594,20.6720809937,57.2261619568,56.653591156,56.5675735474,56.5650749207,56.8148002625,56.7219581604,56.8428878784,56.6111755371],"8":[20.0535182953,19.7171974182,19.8750095367,19.9223594666,20.1127738953,20.314365387,20.3341007233,19.9269485474,55.7919235229,55.6594390869,56.0244941711,55.7711219788,55.616569519,56.0294036865,56.2070999146,55.997013092],"9":[213.2153320312,213.6260070801,213.7484588623,213.4973449707,213.8059082031,213.9143066406,213.5360870361,214.3601989746,247.1994018555,248.2190856934,248.6569213867,248.5548706055,247.9174499512,248.6007385254,249.2235565186,248.9247894287],"10":[700.4517211914,702.9891357422,702.7094726562,701.9848022461,701.9317626953,701.1581420898,699.8306274414,700.0963134766,721.9745483398,721.9587402344,721.8988647461,721.9250488281,721.9802246094,722.2274780273,722.3638916016,722.4370727539],"11":[688.1112670898,687.9884033203,688.0407714844,688.1114501953,688.0264282227,687.5405273438,687.5593261719,687.6111450195,707.01953125,706.2927246094,706.0065917969,706.4153442383,706.8614501953,707.0368652344,707.4475708008,707.7126464844],"12":[945.5810546875,945.6353149414,945.7055053711,945.4940795898,945.3659057617,944.9852905273,944.4669189453,944.5063476562,968.0207519531,967.8035888672,967.7151489258,967.8129882812,967.6461791992,968.0200195312,968.2434692383,967.4479980469],"13":[700.081237793,700.3836669922,700.4476318359,700.5286865234,700.4674072266,700.3643798828,700.2523193359,700.1903076172,723.3591308594,722.8558959961,722.5733032227,722.6137695312,722.8041992188,722.9049072266,723.0004882812,723.1864013672]},"text":{"0":"SAPPER","1":"SAPPER","2":"THOMAS","3":"JOHN","4":"LE","5":"MCK","6":"DAVISON","7":"CORPORAL","8":"JOHN","9":"WISHA","10":"2608","11":"Sur","12":"2554","13":"5"},"score":{"0":0.9858685732,"1":0.9857318997,"2":0.9868576527,"3":0.9800747633,"4":0.9730994701,"5":0.9890753031,"6":0.9886237383,"7":0.9914162755,"8":0.9879712462,"9":0.984248817,"10":0.9395307899,"11":0.9657490253,"12":0.9435101151,"13":0.8445585966}}