{"polygon_x":{"0":[789.014831543,801.0326538086,813.4647216797,825.9318847656,838.6153564453,851.5780029297,863.6996459961,875.9462890625,875.315612793,863.069519043,850.450378418,838.1129150391,825.5015869141,812.6675415039,800.0885620117,787.0327758789],"1":[43.7802467346,53.2390289307,62.9134292603,72.4321746826,81.9770202637,91.6683044434,101.4111709595,110.9186630249,109.5167160034,99.9873352051,90.3835754395,80.6185760498,70.927192688,61.0476531982,51.5409507751,41.4767150879],"2":[43.0106124878,52.2147827148,61.9145889282,70.6880340576,79.8874816895,89.3290710449,98.677482605,107.4412918091,106.2287826538,97.1019744873,87.7675323486,77.9947662354,68.5119247437,58.8879737854,49.2878646851,39.6120910645],"3":[788.9104003906,800.5333862305,811.9685058594,823.5861206055,835.0311279297,846.7633666992,858.5739135742,869.3698730469,870.5649414062,859.3012695312,846.7890014648,834.9321289062,823.0222167969,810.9825439453,799.5588378906,787.4602661133],"4":[719.0051269531,726.1854248047,733.9096679688,741.7285766602,749.4868164062,757.4293212891,765.1578369141,772.6019287109,773.4313964844,765.914855957,758.0006103516,750.2624511719,742.3309326172,734.4448852539,726.7827148438,718.7788085938],"5":[218.9848327637,229.9513092041,239.9504852295,250.1764831543,260.583190918,271.9225463867,282.7880249023,292.7856750488,291.0328369141,280.4499816895,269.6531982422,259.1333007812,248.4545288086,237.4528808594,227.2707824707,216.4824829102],"6":[242.5171508789,251.9821777344,261.9343261719,271.6186828613,281.6611328125,291.7025756836,301.4484863281,310.8319702148,309.297088623,300.3904418945,290.4673461914,280.3695373535,270.5593566895,260.0280151367,250.4438171387,240.5730895996],"7":[797.4732055664,808.8809814453,820.4046630859,832.3674926758,844.4879760742,856.7161865234,868.1427001953,879.4445800781,879.6014404297,867.8521118164,855.9896850586,844.3227539062,832.3143920898,820.1937255859,808.3616943359,796.4520874023],"8":[466.715057373,478.5333862305,490.4238586426,502.3956298828,514.3244018555,526.7035522461,538.7639160156,550.870300293,550.5068969727,538.8432617188,526.3956298828,514.0225830078,501.9406433105,489.5480651855,477.397277832,465.2487182617],"9":[106.9635925293,119.0264434814,131.0292358398,143.1696777344,155.4199829102,168.0865631104,180.0170288086,191.2883911133,190.8882904053,179.5317993164,167.0028686523,154.6726074219,142.4046630859,129.6584472656,117.7323913574,105.2997894287],"10":[444.3187255859,457.4443969727,471.2659912109,484.8982543945,499.208984375,513.2935180664,527.166809082,541.3264160156,540.6478271484,526.1040649414,512.1326904297,498.2030944824,484.1025085449,470.1617736816,456.221282959,442.5202026367],"11":[207.3743591309,217.879119873,229.1860809326,240.1963043213,251.4707183838,262.4719238281,273.2291564941,284.0380249023,283.7984008789,273.466217041,261.9135742188,250.7342834473,239.9778900146,229.115524292,218.5178833008,207.7035827637],"12":[539.0509643555,551.0970458984,562.872253418,574.7951660156,586.6520996094,599.0044555664,611.2901611328,623.6502685547,622.8567504883,610.8189697266,598.3127441406,586.21875,574.2424316406,561.6840820312,549.7325439453,537.1824951172],"13":[418.9293823242,424.8545532227,430.6156921387,436.8528442383,443.4672241211,450.4261779785,456.887512207,463.001953125,461.3114013672,455.860748291,449.4353027344,442.6425476074,436.810760498,430.143737793,423.9333496094,417.3208618164],"14":[178.8696899414,186.1546173096,194.5588684082,202.6588592529,211.0733032227,219.543838501,227.9678192139,236.2639770508,234.5172729492,226.2169799805,218.2234191895,209.9152526855,201.6242370605,192.8904418945,184.614654541,176.5606689453],"15":[709.1429443359,720.2979736328,731.9663085938,743.6726074219,755.5921630859,767.8175048828,779.5618286133,791.6065673828,790.4223632812,779.1522216797,767.1314086914,755.1362304688,743.6004638672,731.6979980469,720.1553344727,708.4161376953],"16":[890.3489990234,902.8243408203,916.7719116211,930.9312744141,944.9488525391,959.6322021484,973.6795654297,987.0772705078,984.4771728516,971.9436645508,958.3555908203,944.3102416992,930.2993164062,917.0122680664,903.2749023438,889.6102905273],"17":[762.3641967773,780.2294921875,799.2251586914,817.2219238281,835.1242675781,853.7411499023,871.7462768555,888.9549560547,886.608581543,868.6394042969,850.8934326172,833.1578369141,815.2484130859,797.4492797852,779.0822753906,760.6506958008],"18":[636.024230957,647.9613647461,660.201965332,672.6013793945,685.2225341797,697.4603271484,709.78125,722.6233520508,722.1724853516,709.6292114258,697.1176147461,684.6741943359,672.3330688477,659.9621582031,647.4748535156,635.1646118164],"19":[551.3616333008,559.9750976562,569.4143676758,578.9301147461,589.6071166992,600.4139404297,610.8630371094,622.2724609375,622.577331543,610.7095947266,599.6351928711,589.0338745117,579.3636474609,569.6066894531,560.633972168,551.127746582],"20":[35.7504577637,46.7902755737,58.8812255859,71.2932357788,83.4684906006,95.4524993896,106.8912506104,119.0293045044,117.6276855469,106.2489776611,93.9363250732,82.1946258545,70.4034423828,57.6419410706,45.674331665,33.8640518188],"21":[58.3681793213,64.2153625488,70.2639923096,76.7878112793,83.2067718506,89.9490203857,96.1443939209,102.5271682739,101.1277770996,95.4416732788,89.0598144531,82.5284500122,76.2123260498,69.6477813721,63.2542076111,56.5687484741],"22":[491.4546508789,496.7824707031,502.416015625,508.5609130859,514.4697265625,521.3028564453,527.2222290039,533.7431640625,532.5220947266,526.7205810547,520.0209960938,514.165222168,508.0917358398,501.4630432129,495.2373046875,488.5541992188],"23":[782.2833251953,810.4214477539,838.1602783203,865.9805297852,894.0121459961,922.1130371094,949.6188964844,977.6288452148,975.4873657227,948.6736450195,920.3518066406,891.6345214844,863.8168334961,835.6572875977,807.4384155273,778.4539794922],"24":[494.6890258789,500.7925109863,507.9370727539,514.5806274414,520.989440918,527.537109375,534.3431396484,541.7837524414,540.8481445312,533.9586181641,527.2698974609,520.8167114258,514.3509521484,507.4186401367,500.1006469727,493.8005065918],"25":[833.2565307617,842.6305541992,856.3410644531,869.7772827148,881.2758789062,893.2739257812,904.7818603516,915.7885131836,916.6003417969,905.3668823242,893.5804443359,882.1163330078,870.6258544922,858.7490234375,846.6534423828,835.3339233398],"26":[227.2287597656,240.5029296875,255.1898498535,270.8558044434,295.7922668457,327.4090881348,349.4973144531,370.2398681641,358.732421875,345.7647399902,325.3888244629,294.7781982422,269.4342041016,251.9273376465,235.8261413574,220.3175048828]},"polygon_y":{"0":[840.616394043,840.455871582,840.2637329102,839.8983764648,839.6560668945,839.7207641602,839.6943359375,839.3679199219,860.6564941406,860.4546508789,860.4908447266,860.439453125,860.5086669922,860.6491699219,860.6134033203,860.5306396484],"1":[837.9920654297,837.8454589844,837.3907470703,837.3916625977,837.4450073242,837.6176757812,837.2418823242,837.9467163086,861.9838867188,861.7786254883,861.4301757812,861.3197021484,861.5933837891,861.4765625,861.4790039062,860.8145751953],"2":[417.3450317383,417.509765625,417.8837890625,418.1282043457,417.8831481934,418.3947143555,418.8265686035,419.1107788086,442.7635498047,442.1587524414,442.2161560059,442.0338745117,441.7861938477,441.7097473145,441.6877746582,441.390838623],"3":[567.4527587891,567.5787353516,567.8494873047,567.9721679688,568.0352172852,568.1661987305,568.3197631836,568.4689941406,589.1919555664,589.0631103516,589.0452880859,589.1727294922,588.9251708984,588.8336791992,588.7673950195,588.7505493164],"4":[301.9930725098,301.9867858887,302.071472168,301.8711853027,301.7325744629,301.4242858887,300.7582397461,300.8990783691,322.734375,322.6493530273,323.0092163086,322.9809570312,323.1961669922,323.3833312988,323.6854858398,323.8091430664],