{"polygon_x":{"0":[347.0174865723,358.6221923828,371.144744873,383.5260009766,396.2435913086,409.2576293945,421.9211425781,434.2562561035,432.2143554688,420.4940795898,407.6437072754,395.0848693848,382.6489257812,369.9404907227,357.6561889648,345.3753967285],"1":[370.7367248535,378.9079589844,386.8589477539,394.3686523438,402.2064819336,410.3227233887,417.9356079102,426.7398681641,425.4396362305,417.5697631836,409.5410461426,401.64453125,394.0081787109,385.8776245117,377.8644104004,369.8794250488],"2":[461.4964294434,468.6367797852,475.6745605469,482.956817627,490.1440734863,497.7696228027,504.7642211914,511.7176818848,512.5310668945,505.6360168457,498.1295166016,491.119934082,483.7485961914,476.7438049316,469.475769043,461.7959289551],"3":[479.6985473633,487.4573059082,494.9565429688,502.847442627,510.5643920898,518.4163818359,526.6881103516,534.5147705078,534.7689819336,527.5452270508,519.3939819336,511.6210632324,503.500213623,495.8197631836,488.0491333008,479.6020812988],"4":[718.6078491211,727.6290893555,737.3662109375,746.735168457,756.3385009766,766.0472412109,775.3149414062,784.5626831055,783.1710205078,774.0923461914,764.8611450195,755.4075927734,746.0153808594,736.1761474609,726.7078857422,716.8805541992],"5":[896.0396728516,906.7987060547,918.9113769531,930.2124633789,941.7630615234,953.0549316406,964.1210327148,975.9949951172,975.7923583984,964.6502075195,953.2259521484,942.296875,930.9107666016,919.4034423828,907.9353027344,895.6030273438],"6":[464.358215332,472.2080993652,479.4873352051,487.2117919922,494.986114502,502.4534912109,509.9438781738,517.3616943359,518.4451904297,510.8500671387,503.2016601562,495.7521362305,488.0953369141,480.5050048828,473.3456726074,465.2228393555],"7":[705.3863525391,717.5479736328,729.5557861328,741.3842773438,753.4276123047,766.0583496094,779.4246826172,790.7463989258,790.3522338867,778.3128662109,765.3247070312,752.0843505859,740.0052490234,727.7682495117,715.4763183594,703.419921875],"8":[341.1352233887,356.7518920898,372.2250061035,388.5478210449,404.6559143066,421.1103820801,437.0285644531,453.5000305176,452.140625,436.0048828125,419.5283813477,403.3276977539,387.555480957,371.057800293,354.8593444824,339.3229370117],"9":[297.5250549316,303.4273071289,309.4651489258,315.5939331055,322.2309570312,329.1878967285,335.6260681152,342.0347595215,339.9119873047,334.0649414062,327.6882324219,321.0819091797,314.7904968262,308.3693237305,302.0285339355,295.6698303223],"10":[286.3465881348,293.3318786621,300.2053833008,307.5109558105,314.9083862305,322.9192504883,330.0016479492,337.2329406738,335.2028198242,328.4179077148,320.8278198242,313.8002929688,306.5863647461,299.0828857422,292.0411376953,284.3693847656],"11":[844.6837158203,850.5235595703,856.5585327148,863.6450805664,869.63671875,876.0650024414,881.7989501953,887.6751098633,886.2215576172,880.5303955078,874.5309448242,868.5763549805,862.3375854492,856.2030639648,849.8670043945,842.8457641602],"12":[974.8386230469,979.3701782227,983.6624755859,987.0856933594,990.3594360352,993.5764160156,996.7224121094,999.8070678711,999.4865722656,995.8278808594,992.532409668,989.2205810547,985.8513793945,982.7182617188,978.3846435547,972.8443603516],"13":[981.9724121094,986.0458984375,989.0421142578,991.3192749023,993.2767333984,995.3656005859,997.1430664062,999.7399291992,999.6575927734,997.3677978516,995.7952880859,993.5827026367,991.2365722656,989.2401733398,986.3930664062,982.3843994141]},"polygon_y":{"0":[55.8622512817,55.9969367981,56.1261177063,56.2788772583,56.3422012329,56.340007782,56.6818809509,56.8391227722,80.5623550415,80.3478546143,79.9450836182,79.6937789917,79.291809082,78.9685974121,79.1001739502,79.0424804688],"1":[791.4801025391,791.9165039062,792.3395385742,792.2670898438,792.4838867188,792.4555053711,792.5512084961,792.5893554688,812.8630981445,812.5286865234,812.3654785156,811.9752197266,811.6851806641,811.7186279297,811.7992553711,811.6879272461],"2":[348.7286376953,348.7368469238,348.6157836914,348.4837036133,348.4907226562,348.123626709,347.8678894043,347.8376464844,369.7964172363,369.4330444336,369.6481323242,369.7713623047,369.8600463867,370.2719726562,370.6529541016,370.5163574219],"3":[625.3244628906,625.3940429688,625.3502197266,625.3361816406,625.2290649414,624.8943481445,624.1010742188,623.8557739258,647.39453125,647.2803955078,647.1492919922,647.1136474609,647.2302856445,647.4889526367,647.6928710938,647.4475097656],"4":[239.8184051514,240.2029571533,240.3668823242,240.2231750488,240.1709899902,240.233001709,240.3290100098,240.6653442383,264.9637145996,264.5153503418,264.5138244629,264.1903991699,264.1587219238,264.0313720703,263.862701416,263.7093505859],"5":[517.3389892578,517.8654174805,517.7271728516,517.8269042969,517.8664550781,518.2396240234,518.0246582031,517.991394043,540.4422607422,540.189453125,539.9827880859,540.2184448242,540.1948242188,540.2949829102,540.401550293,540.0169677734],"6":[827.0803833008,826.9942626953,826.5829467773,826.2385253906,826.0409545898,825.5975952148,825.1583862305,824.8395996094,847.4909667969,847.1442260742,847.160949707,847.4169311523,847.6073608398,847.8376464844,848.1918334961,848.7906494141],"7":[489.7615356445,490.7557678223,491.3841552734,491.3704833984,491.2214355469,491.5505371094,491.2608032227,490.9180297852,513.9713134766,514.416015625,514.6198120117,514.4848022461,514.6633911133,514.6880493164,514.8490600586,514.4296264648],"8":[394.245300293,394.2506713867,393.6236572266,393.175994873,392.914855957,392.8094787598,392.2340087891,392.6616210938,420.3815307617,420.0788879395,419.6199035645,419.2224731445,418.9485168457,418.5025634766,418.6693725586,419.0694885254],"9":[56.0385131836,55.8125,55.9702224731,56.0654830933,55.983165741,55.9030380249,55.6112251282,55.5922546387,78.6056747437,78.3282623291,78.2133712769,77.9902038574,77.987663269,78.0906906128,78.3702011108,78.2794036865],"10":[395.0674438477,394.3513793945,394.2709655762,394.1747741699,394.1146850586,394.1790466309,393.8290100098,393.9735412598,417.759765625,417.4507141113,417.1850280762,416.8802490234,416.8668212891,416.9891662598,417.4559936523,417.7947387695],"11":[517.7491455078,517.5764160156,518.2194213867,518.2802734375,518.2665405273,518.3518066406,518.3790893555,518.4534912109,540.3291625977,540.6651000977,540.3259277344,540.075012207,540.2686767578,539.9826660156,540.0256958008,540.0080566406],"12":[230.3781280518,230.3316345215,230.5229949951,230.2819824219,230.3692779541,230.6902770996,230.931930542,230.7327880859,251.3681945801,251.6151123047,251.5325012207,251.3811340332,251.2349700928,251.3011932373,251.4872589111,251.6256561279],"13":[59.4959411621,59.3827018738,59.2125015259,59.2691116333,59.0180587769,59.0348510742,58.7448120117,58.6575012207,78.9944458008,79.2152481079,79.1682434082,79.1236572266,79.2633209229,79.5320510864,79.8297042847,80.2211303711]},"text":{"0":"Cistern","1":"Cave","2":"2577","3":"2545","4":"Run","5":"Cstern","6":"2546","7":"Rumsl","8":"Lonckiln","9":"Old","10":"Old","11":"Ond","12":"R.","13":"C."},"score":{"0":0.9666852951,"1":0.9709294438,"2":0.9454914331,"3":0.9696465135,"4":0.9705042839,"5":0.8183511496,"6":0.9685424566,"7":0.9492572546,"8":0.9638349414,"9":0.9746618867,"10":0.9025034308,"11":0.8569208384,"12":0.9433202147,"13":0.50127846}}