{"polygon_x":{"0":[779.8010864258,797.5700683594,816.2139892578,834.6380615234,853.1530151367,871.8359985352,890.0915527344,908.180480957,907.5922851562,889.2822265625,870.4792480469,851.5948486328,833.1368408203,814.4072265625,795.9670410156,777.4645996094],"1":[739.9850463867,745.6711425781,750.7153930664,755.50390625,760.5284423828,765.7992553711,770.7870483398,776.0362548828,775.1916503906,769.4536743164,764.2546386719,759.200378418,754.1538085938,748.8532714844,743.6551513672,738.345703125],"2":[487.8844909668,499.6913146973,511.8690795898,525.1452026367,538.3300170898,551.7333374023,564.2451171875,577.1870117188,578.4080810547,565.8757324219,553.0155029297,540.0479736328,527.0124511719,514.3143310547,501.2711181641,488.6581115723],"3":[86.3371353149,96.6394958496,106.8545227051,117.2621078491,127.3375701904,137.8227081299,148.2464752197,158.7580718994,158.5858154297,148.3676757812,137.6105499268,127.0644226074,116.5809555054,106.1159515381,95.2880172729,84.9026412964],"4":[565.1527709961,575.3298339844,585.7105712891,596.5551147461,607.6213989258,618.3464355469,628.8325805664,639.1166381836,640.1281738281,629.5144042969,618.7658081055,608.116394043,597.0985717773,586.8862304688,576.3597412109,565.8890380859],"5":[790.3388671875,797.3693237305,804.5385742188,812.5251464844,820.2941894531,828.0330810547,835.0939331055,842.5866088867,843.2064208984,835.5022583008,828.1371459961,820.7836914062,813.2495727539,805.4636230469,797.7065429688,790.2631835938],"6":[339.1337890625,348.6207580566,359.6536560059,370.7694091797,381.9174804688,393.0667419434,403.6087036133,414.4171142578,413.7874145508,403.3957214355,392.3999633789,381.3060302734,370.4541625977,359.251953125,348.5869750977,337.9285888672],"7":[308.2815246582,315.1408081055,322.1527404785,329.6442871094,337.2017211914,344.4688415527,351.3428039551,358.8580322266,359.3364257812,353.1665649414,345.8260498047,338.0593261719,330.2749938965,322.915802002,316.0435180664,308.6481628418],"8":[181.7133789062,194.0542907715,206.055480957,218.1632232666,230.7807617188,243.2076721191,254.6916351318,266.8322143555,265.2636108398,253.5552062988,241.3515014648,229.111618042,216.6142272949,203.9639282227,191.4246520996,179.7121276855],"9":[423.3659362793,432.6623535156,441.4802856445,451.4081420898,460.855255127,469.9785766602,478.4385986328,488.0997009277,488.2459106445,479.1327209473,469.9519348145,460.8413696289,451.8981933594,442.5748291016,433.3293151855,424.652130127],"10":[46.7503013611,60.7261581421,75.2062530518,89.7098693848,104.137512207,117.9535217285,131.562789917,144.9566955566,145.3491516113,132.4145355225,118.5230407715,103.9568252563,89.9710845947,75.680557251,61.1116256714,46.4099731445],"11":[0.6341538429,7.6151108742,13.8477115631,20.4837379456,26.4969558716,32.7359924316,38.7564620972,45.1745529175,45.1589584351,38.5347328186,32.2352523804,26.2741374969,20.0237236023,13.42719841,6.8875465393,0.3451687694],"12":[385.5305480957,391.0261230469,395.9207458496,402.1195678711,407.1364746094,411.556427002,417.416809082,422.6102905273,424.2691650391,419.8588256836,413.5273742676,407.9361572266,402.6829833984,397.3306884766,391.8668823242,386.3464660645],"13":[120.9879302979,132.9324645996,145.190322876,157.3374481201,169.6212921143,181.2010803223,192.9682159424,205.7062683105,205.399810791,193.1204223633,180.8772277832,168.5626831055,156.2473602295,144.2530670166,131.540512085,119.3333511353],"14":[217.9570007324,227.4369049072,238.1884918213,249.5393981934,261.6485595703,272.849609375,283.0163879395,293.9513549805,295.0103149414,283.7942199707,272.8944396973,261.9744262695,249.7071228027,238.0757293701,226.7174682617,216.8994293213],"15":[798.7584228516,804.9216308594,811.090637207,817.8103637695,823.6387939453,829.5244140625,834.8397827148,840.3291015625,842.3109130859,837.1793212891,830.6851806641,824.7113037109,818.4537353516,811.9769897461,805.7723999023,799.0469360352],"16":[171.5558166504,178.0726318359,185.1996459961,192.9464874268,200.1149139404,207.8747253418,214.7742462158,222.3421020508,222.0762329102,213.9797821045,207.2538909912,200.4647827148,193.3021392822,186.4026184082,178.5406494141,171.8237457275],"17":[142.785949707,148.0769958496,155.3273925781,162.4951782227,168.8401641846,175.1045532227,181.2911376953,188.0734100342,191.0220489502,184.7287139893,177.4598693848,171.114730835,164.4724884033,158.2116088867,150.8398132324,144.5915374756],"18":[304.9570617676,312.1285705566,318.8971252441,325.7918701172,332.8856201172,340.0360717773,346.3652038574,353.389251709,354.1989135742,346.9894714355,339.4845581055,332.7752380371,325.9950256348,318.9707336426,312.5412597656,305.2596435547],"19":[202.7966003418,209.5079650879,217.9647674561,227.0303192139,235.3899993896,244.0323181152,251.5459442139,260.2006530762,261.947479248,253.7417907715,245.2969970703,236.9094848633,228.1454315186,220.5983123779,212.4236907959,204.0995178223],"20":[1.5999188423,5.4113016129,8.9621343613,12.3874006271,15.7899560928,19.1788768768,24.2002792358,29.8390884399,29.7411937714,23.465461731,19.4574871063,15.4678497314,11.7036876678,8.4073066711,4.9309725761,0.605235815],"21":[797.6993408203,805.2249755859,812.6791381836,820.309753418,827.1148681641,834.8402099609,842.0297241211,847.6529541016,849.7482910156,842.7127075195,834.6922607422,828.2088623047,820.478515625,812.7713623047,805.5526733398,801.0228271484],"22":[616.1353759766,623.4051513672,631.0740966797,639.503112793,646.6462402344,653.7689208984,660.7424926758,668.0357666016,672.9989013672,665.4326782227,657.3731689453,650.471496582,642.7356567383,635.0295410156,628.0336914062,619.1101074219],"23":[132.7755737305,140.0025634766,147.4173278809,154.8340454102,162.1840515137,169.3348388672,176.1577148438,184.0539245605,184.5596923828,177.3130645752,170.2349243164,162.9832611084,155.6624145508,148.1635131836,140.3383026123,133.1053314209],"24":[739.1834106445,746.5336914062,755.3394165039,764.5646972656,773.4357299805,781.9033813477,790.2202148438,798.6276245117,799.3729248047,790.5309448242,781.7047119141,773.6058349609,764.8180541992,756.2393188477,747.5787353516,738.7570800781],"25":[0.0393422469,5.5085811615,10.9583415985,16.5400104523,21.6884212494,26.7592906952,32.4744644165,39.5620651245,40.3319702148,34.9046554565,28.8780612946,23.0262203217,17.2143173218,11.9147796631,6.3454456329,0.2315084338],"26":[347.2308044434,358.9736328125,373.3737792969,388.6271362305,402.753112793,416.7302856445,430.5122375488,444.3785095215,446.7907714844,432.9983215332,418.2890625,404.0521240234,389.1041564941,374.6496887207,358.6577758789,345.0415039062],"27":[502.7075805664,507.8400878906,514.452331543,521.0500488281,527.6832275391,533.74609375,539.1556396484,545.5679931641,543.2809448242,536.1300048828,530.0181884766,524.5483398438,517.5240478516,511.0502929688,504.3753662109,500.0555114746],"28":[132.7686920166,140.0448455811,147.4462280273,154.8533935547,162.1787872314,169.3134765625,176.1494293213,184.0345458984,184.5399627686,177.3059234619,170.232711792,163.0055084229,155.7041320801,148.2060394287,140.3673095703,133.1136474609],"29":[193.3103637695,204.0322875977,214.6211395264,225.9600982666,237.4623718262,248.1739501953,258.9152832031,269.6148376465,267.3010559082,257.0096740723,246.269821167,235.198059082,224.2262268066,213.2068786621,202.0349731445,191.2116699219],"30":[209.8969726562,218.3572692871,226.7319030762,235.5600738525,244.4615783691,253.4198303223,261.8405761719,270.3337097168,270.3477172852,261.8057556152,252.9209899902,244.3516540527,235.3389892578,226.309677124,217.6456451416,209.0469512939],"31":[642.6539306641,651.4728393555,660.4461669922,669.6041259766,678.8162231445,687.9666137695,696.4208374023,705.2358398438,707.1298217773,698.1656494141,688.6696777344,679.7165527344,670.3018188477,661.1951293945,652.3609619141,643.1466064453]},