{"polygon_x":{"0":[865.1473388672,873.4268188477,881.3175048828,889.2705688477,897.0113525391,905.1044921875,912.9307861328,920.5721435547,920.63671875,912.7513427734,904.9520263672,896.9683227539,888.9584960938,880.870300293,872.7927246094,864.4837646484],"1":[866.6163330078,875.5018310547,884.2641601562,893.5655517578,902.3122558594,911.1632080078,919.8151855469,928.4850463867,928.9016723633,920.8456420898,912.1315917969,903.1722412109,894.08203125,884.8480834961,875.9349365234,866.5756225586],"2":[862.7225341797,871.3543701172,880.334777832,889.5129394531,898.5684814453,907.6064453125,916.2896728516,926.0358886719,926.0405883789,916.9400634766,907.7723388672,898.4351196289,889.4150390625,880.1984863281,871.1387939453,861.8710327148],"3":[229.0339355469,240.5778656006,252.5664978027,264.6117553711,276.7006530762,289.0108947754,300.8645324707,312.6686401367,311.8836975098,299.7169189453,287.553527832,275.2661132812,263.5161132812,251.283416748,239.6914672852,227.2517700195],"4":[850.0223388672,859.7449951172,869.7015380859,879.2657470703,888.9976806641,898.899230957,908.7821044922,918.8953857422,917.3770751953,907.2609863281,897.5997924805,888.0034179688,878.3347167969,868.5200195312,858.8018798828,848.8506469727],"5":[843.6596679688,851.9219970703,859.8717651367,868.0277099609,875.8192138672,884.1868896484,892.1735839844,899.7384033203,899.5581054688,891.4783325195,883.4319458008,875.6231689453,867.4884643555,859.2885742188,851.3355712891,842.9379272461],"6":[422.9920959473,432.530090332,443.1311645508,453.5328369141,463.8610229492,473.8000183105,484.4196166992,494.7077026367,493.0965576172,483.3993530273,473.4155578613,463.2003479004,452.8268737793,442.6859130859,432.3370361328,422.3544311523],"7":[304.9719848633,315.3970336914,326.2351074219,337.9525756836,349.1478881836,359.5198059082,370.0367736816,380.3819274902,381.4682617188,371.2305908203,360.2438049316,349.8261108398,338.9963378906,328.4580078125,317.6000671387,306.7165527344],"8":[214.5033111572,224.4328460693,234.4101867676,244.4891052246,254.7735290527,265.0179443359,275.4018859863,286.0758056641,285.1896362305,274.5445556641,264.2795715332,253.8603210449,243.6600036621,233.1401367188,222.7923278809,212.5185852051],"9":[857.7366943359,867.3614501953,876.8991088867,886.9060668945,896.7279663086,906.5010986328,916.2329101562,925.9040527344,925.8385620117,916.9622192383,906.9884643555,896.9897460938,886.9989624023,877.2693481445,867.40625,857.6296386719],"10":[772.7045288086,784.700378418,797.4628295898,811.0069580078,823.7146606445,836.0576782227,848.2147216797,861.5371704102,861.8682250977,849.0069580078,836.7593994141,824.0801391602,811.5277099609,798.3096923828,785.4241943359,772.5757446289],"11":[0.7473108172,19.0264911652,36.7685279846,55.5521774292,73.9722366333,91.7599182129,110.1280899048,129.2504425049,128.0522918701,109.8150024414,91.1604232788,72.9621582031,54.8841133118,36.275718689,18.1513957977,0.3451526463],"12":[397.1426086426,411.6009216309,425.892364502,439.4795227051,454.504699707,468.8359375,482.3367614746,497.2574462891,496.9259033203,483.3429260254,469.2172546387,454.3432312012,439.4345092773,425.0171508789,410.880859375,396.0745239258],"13":[770.3889160156,775.3256225586,781.0800170898,787.2319335938,794.744934082,801.8825683594,809.3154296875,818.3727416992,794.2574462891,788.1997070312,780.1354370117,774.026550293,766.838684082,760.1976928711,753.9638671875,748.0137939453],"14":[446.3912963867,452.957611084,459.6058349609,466.8226928711,473.8549194336,480.7069702148,486.651763916,493.3742980957,493.3856506348,487.278137207,480.4722900391,473.6859130859,466.8308105469,459.6611328125,453.1471557617,446.107635498],"15":[317.9947509766,323.0778503418,329.5525512695,336.2444763184,342.2697143555,347.8572387695,353.0422668457,359.4910888672,356.8821411133,350.7786560059,344.5036621094,338.8160705566,333.1496582031,328.012878418,321.367767334,315.5748901367],"16":[451.8763427734,462.0225830078,471.9448852539,482.4023742676,493.199432373,504.4546813965,515.2617797852,524.2420043945,523.5601196289,514.1442871094,503.6752319336,492.890625,482.2601928711,471.4960021973,461.0668640137,450.7925109863],"17":[761.7007446289,771.6096191406,783.9367675781,796.7620849609,808.1127319336,819.1257324219,829.6043701172,840.413269043,840.5986938477,829.9077758789,819.5362548828,808.8319091797,797.7446289062,785.6596679688,774.0040283203,764.0127563477],"18":[680.3862304688,688.4276733398,696.5258789062,704.9938354492,713.2145996094,722.2825927734,730.3763427734,738.3388671875,737.0184326172,728.4870605469,719.9268798828,711.8264160156,703.4927368164,695.3679199219,686.72265625,678.1500244141],"19":[833.5422363281,838.4087524414,844.7055664062,849.8003540039,855.0444335938,860.7614746094,866.960144043,873.1391601562,861.8129882812,855.5281982422,849.852355957,844.7233886719,839.6987915039,833.8981933594,828.2319335938,819.7509155273],"20":[316.6867370605,326.4961242676,337.9705810547,349.0162658691,360.9521179199,371.9354248047,382.9385681152,393.7659912109,392.6615905762,382.2195129395,370.950958252,359.7728881836,348.6550292969,337.6383056641,326.2371520996,315.8995361328],"21":[795.7668457031,800.4334106445,802.8650512695,805.5435180664,808.8971557617,812.8283691406,815.479675293,821.094909668,796.7697143555,793.6051025391,791.1335449219,788.3349609375,784.6746826172,781.348815918,778.4771118164,777.3837280273]},"polygon_y":{"0":[247.7335357666,247.4456176758,247.7428588867,247.620880127,247.4880065918,247.7540893555,247.9475250244,248.4001312256,271.4432373047,271.4744567871,271.4348754883,271.2919616699,271.0927429199,271.2475585938,271.2041015625,271.1951293945],"1":[422.1360473633,421.76171875,422.0856323242,422.1632080078,422.0552062988,422.2154541016,422.2294921875,422.5144958496,443.1066589355,442.9828491211,442.9834594727,443.0494689941,443.0120544434,443.2838439941,443.5986938477,443.6005859375],"2":[642.9758300781,642.7130126953,642.9624023438,642.9529418945,642.7434082031,642.6807250977,642.0665893555,642.1477661133,664.0946044922,663.9296875,663.8576660156,663.9586791992,664.0930175781,664.3576660156,664.486328125,664.2924804688],"3":[246.6985168457,247.0201873779,247.2512664795,247.1504974365,247.1757354736,247.3563537598,247.56980896,247.2972412109,269.0140991211,268.352935791,268.6752319336,268.4803466797,268.3949890137,268.2716674805,268.3693847656,268.4982910156],"4":[819.3924560547,819.4902954102,819.63671875,819.5297851562,819.4301757812,819.5534667969,819.6839599609,819.762512207,842.9261474609,843.25390625,842.9572753906,842.7279052734,842.6809692383,842.8695678711,843.0676879883,842.7578125],"5":[448.2075500488,447.9217529297,448.0728149414,448.1399536133,447.8823242188,448.007232666,448.2751159668,448.8366699219,470.4345703125,470.4152832031,470.4350280762,470.2631225586,470.1826171875,470.3374938965,470.5176086426,470.5897216797],"6":[228.0952148438,228.456451416,229.1614685059,229.1701507568,229.2802429199,228.9954223633,229.0040588379,228.9588165283,250.7029724121,250.8345031738,250.7579956055,250.8537445068,250.7367095947,250.6222686768,250.7145996094,250.2197265625],"7":[814.1303710938,813.5418701172,813.3165283203,812.6177368164,812.6983032227,812.2881469727,812.4144287109,811.8566894531,834.358215332,834.000793457,834.5330200195,834.8107910156,835.1527099609,835.3179931641,835.9196777344,836.0279541016],"8":[188.8936462402,189.3258666992,189.4697265625,189.2431488037,189.4070587158,189.2633361816,189.109375,188.8496704102,212.7472229004,212.6409759521,212.6023101807,212.5552062988,212.2587738037,212.2529754639,212.031463623,211.5294036865],"9":[159.5305023193,159.3405914307,159.3271331787,159.4477844238,159.3237609863,159.0719451904,158.7973175049,158.7956848145,181.1811981201,181.0989990234,181.1790161133,181.5456390381,181.5433044434,181.7210235596,182.0245056152,181.489074707],