{"polygon_x":{"0":[292.8975830078,309.6996765137,326.2710266113,343.1394958496,359.9489746094,376.6068725586,393.2926025391,410.5326843262,409.3224487305,392.2219238281,375.423614502,358.6123657227,341.7771911621,324.3520812988,307.4067382812,290.5180664062],"1":[707.1312866211,718.2302856445,729.1163330078,739.7034301758,750.6237792969,761.7767333984,772.4142456055,783.5955200195,782.8631591797,771.6546020508,760.7313232422,749.8065795898,739.2656860352,728.1661987305,717.477722168,706.0602416992],"2":[469.5591430664,476.1930847168,482.629699707,489.8766479492,496.9803466797,504.0079345703,510.9267883301,517.5855102539,517.6122436523,510.9658813477,503.4329223633,496.7534790039,489.9813537598,482.884979248,475.8168945312,469.3093566895],"3":[461.6259155273,473.0722351074,483.4419250488,493.8896179199,504.4443054199,515.8182373047,526.5078125,537.8477783203,536.3143310547,525.8255004883,514.5142822266,503.3914489746,492.5780639648,481.3271484375,470.3717346191,459.4694824219],"4":[892.6171875,898.1689453125,903.9089355469,909.8936767578,915.6452026367,921.8011474609,927.5330200195,932.9006958008,932.3392333984,926.9396362305,921.1652832031,915.1587524414,909.2939453125,903.326171875,897.6339111328,891.4594116211],"5":[760.6796264648,769.4000244141,777.9956665039,786.5961303711,795.4384765625,804.5110473633,812.9064941406,821.3989257812,820.7037353516,811.8869628906,803.508972168,794.6607055664,785.7949829102,776.7003173828,767.8416748047,759.2899169922],"6":[280.1054992676,295.8348693848,311.5982666016,327.8251953125,343.9835205078,359.9127197266,375.6778259277,391.8032836914,391.8686218262,375.5544433594,359.0772094727,342.6809997559,326.5781860352,310.0808410645,293.8522033691,278.1242980957],"7":[676.5845947266,680.8593139648,684.6928710938,688.3142700195,691.9309082031,696.1359863281,700.2850952148,703.9340820312,704.1036987305,700.0992431641,695.8757324219,691.9412231445,687.7124633789,683.984375,680.0162353516,676.1442871094],"8":[423.521270752,428.7958068848,433.5094604492,439.007019043,444.0534667969,449.6824645996,455.0897521973,460.1117553711,459.1050720215,453.6149597168,448.7661132812,444.0712890625,438.5289306641,432.998840332,427.6041259766,422.3591308594],"9":[523.0191650391,527.3895263672,531.5715942383,535.5059204102,539.7298583984,544.9532470703,549.0618896484,552.7835083008,551.3239746094,547.8485107422,542.9332885742,538.4952392578,533.7130126953,529.7487182617,525.3951416016,521.1574707031],"10":[461.8353881836,473.0296630859,483.2031555176,493.3725280762,503.5707397461,514.6196289062,525.0776367188,536.1099853516,535.0501708984,524.2363891602,513.3978881836,503.2786560059,492.5180053711,481.4686889648,470.6598510742,460.1235351562],"11":[521.3114624023,528.4856567383,535.348815918,541.9216308594,548.5806274414,555.6499633789,562.5072021484,569.5301513672,568.7604370117,561.2510986328,554.3176879883,547.7748413086,540.7660522461,533.8278808594,527.1068115234,519.6541748047],"12":[424.0649414062,429.3887939453,434.0112609863,439.2767028809,444.2864379883,449.8395996094,454.9940185547,459.7037963867,460.1362304688,454.8815917969,449.4439086914,444.7155761719,439.2192382812,433.8676452637,428.4231567383,423.1182861328],"13":[727.1755981445,731.6170654297,736.1527099609,741.0789794922,745.7136230469,750.6206054688,755.4342041016,760.1948242188,760.4198608398,754.8538208008,750.1974487305,745.7941894531,740.9301757812,735.9331054688,730.9161987305,726.516418457],"14":[287.6531982422,300.9857788086,314.0381774902,328.1663513184,341.7733764648,355.6222839355,369.2614440918,383.127746582,382.1923522949,368.5647888184,354.3975219727,340.6172485352,326.871673584,312.4772644043,298.9366455078,285.0113525391],"15":[392.4921875,397.2275085449,401.9306640625,407.7080688477,413.0570678711,419.1262207031,424.2395629883,429.3037719727,428.4352416992,423.6874389648,418.0029907227,412.8292236328,407.5397949219,401.9180297852,396.4393615723,391.0623779297],"16":[392.557220459,397.0667114258,402.1273498535,407.7824707031,412.9649353027,418.8687744141,424.057434082,429.544708252,428.3980712891,423.4004211426,417.7258911133,412.6931152344,407.4790649414,401.9491882324,396.6075439453,391.1807250977]},"polygon_y":{"0":[304.1318359375,304.1449584961,304.1244812012,303.7723083496,303.7492980957,303.620300293,303.2491760254,303.1322631836,330.3311767578,331.1045532227,332.2842102051,332.3539428711,332.2760620117,332.1200866699,331.7901611328,331.3565673828],"1":[372.838104248,372.512878418,372.4742126465,372.0053405762,372.3120422363,372.2756652832,372.1760253906,372.3358764648,395.1243896484,395.0646362305,394.9389648438,394.8979187012,395.0558776855,395.1655273438,395.4696044922,395.7046203613],"2":[295.4594421387,295.1815185547,295.122833252,295.0590820312,294.8738708496,294.3960266113,294.0482788086,293.9058837891,311.0481872559,311.2845458984,311.4406433105,311.5008544922,311.9609680176,312.3464660645,312.4222412109,312.5726928711],"3":[550.7677001953,550.7926025391,550.9321289062,550.8592529297,551.1322021484,551.2631835938,551.4603271484,551.8834228516,573.5863647461,573.5397949219,573.5020141602,573.4657592773,573.2677001953,573.651184082,573.775390625,573.8167114258],"4":[696.4169921875,696.1773071289,696.1164550781,695.8663330078,695.7137451172,695.7311401367,695.5638427734,695.9495849609,716.1114501953,716.1160888672,715.9351806641,715.9581298828,715.9705810547,716.17578125,716.1514282227,715.8134765625],"5":[243.0201873779,242.7891235352,242.431060791,241.9435882568,242.3156738281,242.3429107666,242.1029815674,242.1738586426,263.9625244141,263.4465026855,263.3709411621,263.4402160645,263.3124389648,263.3871459961,263.3538208008,263.4090576172],"6":[707.1096191406,707.4746704102,707.7066040039,707.5263061523,707.8131103516,707.5885620117,707.2586669922,707.0109863281,731.7291870117,731.9642333984,732.0138549805,732.1350097656,732.1800537109,732.0155029297,731.9918212891,731.7177734375],"7":[376.1078186035,376.1816711426,376.067199707,376.0906677246,375.9975891113,375.7249755859,375.335723877,375.4053039551,395.1433105469,395.2792663574,395.2734069824,395.1755065918,395.3770141602,395.4630737305,395.5966796875,395.8239440918],"8":[485.7651062012,485.7604675293,485.6565551758,485.878326416,485.9281005859,485.6122436523,485.3223266602,485.7880859375,504.4850158691,504.229675293,503.9557189941,503.6033325195,503.7973022461,504.176574707,504.0046691895,503.9429016113],"9":[698.3322143555,698.2913818359,698.4689331055,698.5216674805,698.682800293,698.9946289062,699.4943237305,699.9762573242,718.3103027344,718.3670654297,718.3314208984,718.1253662109,717.9334716797,718.0968017578,718.0368652344,717.8659667969],"10":[481.337890625,481.9537658691,482.1339416504,482.1611022949,482.3488769531,482.2803039551,482.4705810547,482.2708435059,504.5791931152,504.2613220215,504.1191101074,504.181854248,504.0523986816,504.2547607422,504.4168701172,504.6681213379],"11":[290.695526123,290.966217041,291.127166748,291.1058959961,291.1738891602,291.3737182617,291.2191772461,291.4922485352,310.2832946777,310.515625,310.4537353516,310.6638183594,310.9392700195,310.9872741699,311.1629638672,311.2859191895],"12":[555.7443847656,555.6398925781,555.3887939453,555.4951782227,555.4491577148,555.0366210938,554.6520385742,554.8522338867,574.0294799805,573.8114624023,573.6276855469,573.4334716797,573.8323364258,574.1688232422,574.1661987305,574.2659912109],"13":[246.0710754395,245.9416046143,245.8155822754,245.7015380859,245.6022949219,245.2952880859,245.0080871582,245.2377319336,262.6930236816,263.0824584961,263.0301513672,262.9295043945,262.9924926758,263.21484375,263.384979248,263.2911376953],"14":[527.6295166016,527.9915161133,528.3322753906,528.2784423828,528.2177124023,528.1979980469,527.7224731445,526.6874389648,553.6773071289,553.8121337891,554.258972168,554.1781616211,554.0915527344,554.1215820312,554.0454711914,553.7201538086],