{"polygon_x":{"0":[543.1823730469,566.1719360352,588.1696166992,610.0579223633,632.2333984375,654.3858642578,676.0810546875,699.5548095703,700.1223144531,676.8707885742,654.9765625,632.4707641602,610.1452636719,588.1865234375,566.1746826172,543.1253662109],"1":[450.3829956055,474.2831420898,498.3778381348,521.9005737305,545.3217163086,569.332824707,593.0114135742,617.8536987305,616.9677124023,591.9505615234,568.4653320312,544.2454833984,520.5015869141,496.6615600586,472.680847168,448.7496337891],"2":[705.8363037109,726.5054321289,746.3927612305,767.3208007812,787.7102050781,807.841796875,827.8771362305,849.1729125977,849.2306518555,828.8706054688,808.48828125,787.9785766602,767.4398803711,746.6876220703,726.5456542969,705.6094360352],"3":[624.3712158203,643.1340332031,661.1956787109,679.290222168,696.9155883789,714.7038574219,732.3619995117,750.5229492188,750.6158447266,732.2235717773,714.2978515625,696.4302978516,678.4058837891,660.1994628906,642.0349121094,623.2532958984],"4":[452.4142150879,463.6845703125,475.1625976562,486.1228637695,497.482421875,508.4085388184,519.288269043,531.3758544922,530.5692749023,518.5626831055,507.4627380371,496.4848327637,485.5221862793,474.5654907227,463.1514892578,451.7215270996],"5":[450.3089599609,474.1162719727,497.6782531738,521.6505126953,545.5064697266,569.6942749023,593.5454101562,618.314453125,616.4121704102,591.9540405273,568.3704833984,544.3138427734,520.7467651367,497.0199890137,473.184173584,449.3594055176],"6":[451.0314941406,467.0825195312,482.6234741211,497.8688354492,513.5029296875,528.4722290039,543.7568969727,559.1284790039,559.2052612305,543.3952636719,528.1966552734,512.7212524414,497.4893493652,481.7738342285,466.3051757812,450.2699279785],"7":[626.2629394531,635.5249633789,644.612121582,652.9657592773,662.3879394531,671.5161743164,680.5980834961,689.5287475586,689.4006347656,680.3087158203,670.8846435547,661.9239501953,653.0192871094,643.8967895508,634.4639282227,625.5233154297],"8":[591.5668945312,602.6301269531,613.3528442383,623.5330810547,634.0697631836,644.6379394531,655.4989013672,666.6539306641,665.4486083984,654.5791015625,644.2377319336,633.6022338867,623.3264770508,612.6060791016,602.0404663086,590.9708862305],"9":[541.0798339844,556.4369506836,570.9820556641,585.6275634766,600.9235229492,615.5739746094,630.4643554688,645.7775268555,645.6035766602,630.8200683594,615.6242675781,600.5482177734,585.7621459961,571.0456542969,555.9850463867,540.5589599609],"10":[449.872467041,461.8198242188,473.486328125,485.0071411133,496.7426147461,508.4426574707,520.1838378906,532.3387451172,531.5665283203,519.6365966797,508.020324707,496.1690673828,484.8099365234,473.0684204102,461.1897277832,449.4812011719],"11":[450.1768188477,459.2631835938,467.8706665039,476.4731445312,485.5446777344,494.6114501953,503.2700195312,511.8552246094,511.321472168,502.7521972656,493.5102539062,484.7619628906,476.1822814941,467.2470703125,458.4888916016,449.3046569824],"12":[672.9537353516,689.6774291992,706.571105957,723.3607177734,740.2872314453,757.1577148438,773.9625244141,791.2996826172,790.7770385742,773.9706420898,757.7154541016,740.7869873047,724.1483154297,707.4264526367,690.5732421875,673.8969726562],"13":[736.8869628906,743.3959960938,749.7192993164,755.8011474609,761.9591674805,767.9098510742,773.7710571289,780.6689453125,780.1773071289,773.5133056641,767.4899902344,761.6450195312,755.9676513672,749.8078613281,743.3969726562,736.412109375],"14":[534.7122802734,542.3171386719,549.3493041992,556.3057861328,563.2855834961,570.3696289062,577.1953735352,584.5269165039,584.9172363281,577.9947509766,571.0665283203,564.4126586914,557.3528442383,550.1416625977,542.6756591797,535.5688476562],"15":[571.1831054688,579.3934326172,587.8714599609,596.3076782227,604.9496459961,613.6458740234,621.9945678711,631.0869750977,630.9853515625,622.4818725586,613.8560180664,605.2132568359,596.7005004883,588.256652832,579.6462402344,570.8335571289],"16":[699.2788085938,703.6264648438,707.8424072266,712.1050415039,716.3669433594,721.8675537109,726.4478759766,731.1394042969,727.7749023438,723.4897460938,718.8980712891,714.5126342773,710.3997192383,706.5200195312,701.7104492188,697.1540527344],"17":[762.4831542969,767.4627685547,772.053894043,776.9201049805,781.7129516602,787.2952270508,792.1520996094,797.0865478516,793.9731445312,788.2674560547,783.2399902344,779.0975952148,774.1330566406,770.1561279297,765.0565185547,760.0776367188],"18":[421.9801025391,424.9842834473,427.6155395508,430.1868286133,433.1029052734,435.8202514648,438.5950012207,440.9485473633,441.0854797363,438.9496459961,435.5876464844,432.7491455078,429.9478759766,427.256652832,424.5931396484,421.265838623],"19":[611.9448242188,617.3309936523,621.9141235352,626.2490234375,630.7550048828,635.7283935547,640.5324707031,645.58203125,644.0412597656,640.1628417969,635.3107299805,630.9354248047,626.6875610352,622.0991210938,617.2801513672,611.6239624023],"20":[424.3822937012,427.1927185059,429.6896057129,432.7543945312,435.3995361328,437.9750366211,440.4279174805,442.8129882812,443.1724243164,441.2861633301,438.4534912109,435.6440429688,432.5325927734,429.7327270508,427.0368041992,423.3984375],"21":[556.5944824219,605.0554199219,654.6243286133,705.1178588867,753.8085327148,803.5959472656,855.1264648438,905.8714599609,905.7299804688,855.799621582,804.8770141602,754.3074951172,704.524230957,654.7492675781,606.8798828125,557.2631225586],"22":[570.7805175781,575.4525756836,579.9384765625,584.7775878906,589.744140625,595.0145874023,599.7113037109,604.51171875,604.3876953125,599.9789428711,595.1781616211,590.2574462891,585.5419311523,581.1676635742,577.0049438477,570.7739868164],"23":[804.015625,816.9556274414,829.3583984375,841.4212646484,853.5394287109,865.9656982422,878.2843017578,890.7946166992,890.4360961914,878.0004882812,865.4229736328,853.0551147461,840.7923583984,828.2827148438,816.1719970703,802.782043457],"24":[423.2111816406,426.0375671387,428.3504638672,430.8806762695,433.8934020996,436.6184692383,439.2238769531,441.6072998047,441.9931640625,440.2026672363,437.2082519531,434.3630981445,431.2910766602,428.6312255859,426.1011962891,422.6122741699],"25":[421.4974975586,424.2358398438,426.6347045898,429.5803527832,432.4664306641,435.5942382812,438.3510131836,440.567779541,441.0764770508,438.9813537598,435.8503417969,432.9330444336,430.1159973145,426.832824707,424.1843261719,421.180267334],"26":[786.3967895508,808.0933227539,829.0314331055,849.8807373047,870.5831298828,892.0068969727,912.6641235352,933.7822875977,933.5222167969,912.2188720703,890.9943237305,870.3079833984,849.3023681641,828.3336791992,807.2761230469,785.8682250977],"27":[645.8438720703,668.2227783203,689.1241455078,709.5651245117,730.3237304688,751.2553710938,772.1400146484,793.4962158203,793.1686401367,771.9852294922,750.7843017578,729.8358154297,709.1828613281,687.9906005859,666.8065185547,644.8901977539],"28":[422.9630737305,426.0689086914,428.4174804688,431.0814208984,433.7340087891,436.6184692383,438.9067382812,440.865447998,441.9430847168,439.7784118652,436.7593688965,433.6089782715,430.5690002441,427.3745117188,424.8638305664,422.089050293],"29":[422.4156188965,425.0578308105,427.7604980469,430.9209899902,433.8598937988,436.4422607422,439.044128418,441.2767028809,442.9156494141,440.7484130859,437.7899780273,435.0026245117,431.8908691406,429.1460876465,426.4877319336,423.2916564941],"30":[522.9106445312,528.0108032227,533.2218017578,537.6827392578,543.0356445312,547.7982177734,552.5012817383,557.3950805664,558.34375,552.4204101562,547.0838623047,542.8599853516,537.5864257812,532.4487915039,527.8318481445,522.7478637695]},"polygon_y":{"0":[628.7512207031,628.6634521484,628.3318481445,628.1779785156,628.1464233398,628.0278930664,628.753112793,629.2941894531,662.1625976562,661.94140625,662.0682373047,662.1282958984,662.1429443359,661.9106445312,661.6522827148,661.6354980469],