{"polygon_x":{"0":[954.4006347656,957.3775634766,961.5534057617,965.1955566406,968.3905639648,971.3951416016,974.9704589844,979.1564941406,992.9876708984,989.5124511719,985.3890380859,981.339050293,977.7214355469,974.0861816406,970.6283569336,966.5778808594],"1":[745.1640625,779.1141357422,810.3225097656,843.5313720703,876.7669067383,911.5152587891,944.2747802734,978.8089599609,956.3881835938,921.7092285156,887.8504638672,853.6763916016,819.7894287109,785.5642089844,751.4112548828,718.1696777344]},"polygon_y":{"0":[414.2949829102,412.4512329102,409.9075622559,406.9287414551,404.4082336426,401.897644043,399.5063781738,396.5610351562,414.3821716309,418.2195739746,421.3272705078,424.0852661133,426.9677429199,429.26171875,432.3604125977,434.8451538086],"1":[17.6466217041,45.1435546875,67.906791687,91.5298309326,113.0258560181,134.0355224609,153.6376037598,168.9725952148,203.2296600342,185.923248291,166.1348724365,143.3508605957,119.8242263794,97.0726776123,72.3955383301,44.3587265015]},"text":{"0":"to","1":"Akabch"},"score":{"0":0.9554421306,"1":0.9861726165}}