{"polygon_x":{"0":[965.6756591797,971.2286376953,977.1285400391,982.2534790039,986.6272583008,991.3911132812,995.9987792969,999.9450683594,999.9533081055,995.9338378906,991.2297973633,986.8930053711,982.1823120117,976.8995361328,971.0816650391,965.1553955078]},"polygon_y":{"0":[306.563659668,306.7351379395,306.6491699219,306.7805786133,306.8210449219,307.282409668,307.4680480957,307.1391906738,325.091796875,325.7583007812,325.5355224609,325.4788818359,325.3299560547,325.3090209961,325.3986816406,325.1507568359]},"text":{"0":"run"},"score":{"0":0.6107137799}}