{"polygon_x":{"0":[335.8131408691,351.9463806152,366.9017944336,382.4401245117,398.8046875,414.6900939941,429.901550293,446.1364440918,439.8099060059,424.0989685059,409.4029541016,393.619354248,378.4408569336,363.3670654297,347.8723449707,332.383392334],"1":[337.6617736816,346.3270568848,354.5798339844,362.8653564453,371.6693115234,380.020904541,388.1637573242,396.8106079102,394.9483642578,386.5188903809,377.9195861816,369.6066589355,361.794708252,353.4906311035,345.4970703125,336.6240844727],"2":[21.5492935181,21.7040538788,21.6378192902,22.0558166504,22.5024394989,22.902261734,23.7051410675,23.4937820435,63.1439399719,64.8123550415,65.3827362061,66.0961227417,66.4828491211,66.9702301025,67.6489639282,67.8136138916],"3":[288.2177124023,292.3902893066,296.8132324219,300.8851013184,304.650390625,309.110534668,313.3700866699,317.2030944824,320.692565918,317.1306152344,312.7578430176,308.9546813965,304.5217285156,300.4321899414,296.1815795898,291.4667663574],"4":[317.2288818359,318.2342834473,319.0989074707,321.2086486816,323.6877746582,328.2681884766,333.1441955566,339.5170593262,346.9375,344.747467041,344.3936157227,342.3989562988,341.8852539062,340.5661621094,328.9939880371,328.0711364746],"5":[37.1677207947,33.7864379883,30.8598804474,29.3033638,27.3288822174,25.423242569,23.8869571686,21.8012084961,69.6689453125,72.2115249634,73.5840759277,75.3253860474,76.4849777222,77.9944763184,79.0634765625,81.0225753784],"6":[19.290063858,18.9954681396,17.9816627502,18.3401737213,19.0831069946,19.6170749664,21.0095500946,22.3110084534,70.8454971313,70.1484375,70.0087814331,69.6266326904,69.1135482788,69.1912460327,68.7631607056,69.3375549316]},"polygon_y":{"0":[933.4482421875,934.5361328125,936.1087036133,938.5712280273,941.4110107422,944.3787841797,947.1068115234,951.3148193359,979.5830688477,974.5197753906,969.9462890625,966.2017211914,962.5666503906,959.5581054688,957.393737793,956.0486450195],"1":[883.5283813477,883.1805419922,883.4567260742,884.0042114258,884.6951904297,885.1215820312,886.2059326172,886.7193603516,915.2147827148,913.1900634766,911.8537597656,910.6883544922,909.4555664062,908.3212890625,908.1577148438,908.7383422852],"2":[570.6489257812,566.2003173828,562.5957641602,556.6607666016,550.3057861328,543.4159545898,536.7932739258,531.9408569336,528.5591430664,535.7268066406,540.8645019531,546.3586425781,552.0625610352,558.6620483398,564.0400390625,565.8156738281],"3":[942.6094970703,942.0510253906,941.0443725586,940.3388671875,939.5541992188,938.7553710938,938.4183349609,938.1363525391,957.7587890625,958.9367675781,960.0844726562,961.0159912109,961.8326416016,962.6262207031,963.4669189453,964.385925293],"4":[909.5732421875,911.0893554688,911.2977294922,909.928894043,908.3123779297,905.1247558594,903.5747070312,903.4030761719,922.5961303711,924.6245117188,923.7200927734,924.7537841797,925.6641235352,926.5316162109,929.3081054688,931.4547729492],"5":[709.5428466797,706.0035400391,701.3297119141,696.7062988281,690.2583007812,682.8622436523,677.3411865234,673.0753173828,659.4395751953,664.6546020508,671.6184082031,680.0053710938,686.2266845703,693.3106079102,696.7896728516,704.2249145508],"6":[848.5380859375,844.0093994141,836.7807006836,830.2835693359,821.7850341797,813.5462646484,807.4240722656,801.555480957,795.1165161133,804.157409668,813.1249389648,820.0397338867,827.727355957,834.6888427734,841.9995727539,848.4620361328]},"text":{"0":"Bethany","1":"Wely","2":"r","3":"to","4":"1","5":"U","6":"T"},"score":{"0":0.9846301675,"1":0.9698327184,"2":0.7417867184,"3":0.950619936,"4":0.4502865672,"5":0.6877944469,"6":0.9076322913}}