{"polygon_x":{"0":[883.4724121094,883.2611083984,882.9697265625,882.8448486328,882.4329223633,882.8283081055,883.2739257812,883.0081176758,902.849609375,901.9466552734,901.8127441406,902.2523193359,902.6890869141,903.5174560547,904.2883300781,904.6676635742],"1":[674.5220947266,686.1892700195,698.2846069336,709.6806640625,721.9117431641,733.6495361328,745.3168945312,757.1353149414,757.8567504883,746.3971557617,734.146484375,721.8765258789,709.8189697266,697.731628418,686.0791625977,674.318359375],"2":[919.4585571289,928.0908203125,936.2926635742,944.7866821289,952.9418334961,961.5326538086,969.7679443359,978.3745117188,979.1931152344,970.5379638672,961.9173583984,953.3145141602,945.1080322266,936.751953125,928.5132446289,919.8026123047],"3":[912.8540039062,925.6331787109,938.2992553711,950.4392089844,962.5723266602,975.1837768555,987.8446044922,999.7463989258,999.8383178711,988.2770385742,975.6983032227,963.3365478516,950.9251708984,938.7106933594,926.3364257812,913.4594726562],"4":[902.3537597656,901.5717773438,902.2111816406,903.7275390625,905.4806518555,909.3207397461,916.7377319336,926.7700195312,944.5263061523,937.5286865234,930.1372680664,925.9874267578,924.0264892578,923.3057861328,922.9834594727,923.7808837891],"5":[892.7977905273,894.3084106445,895.4068603516,896.513671875,897.4014282227,898.6237182617,899.6011962891,901.0043334961,919.2785644531,917.1964111328,915.3180541992,913.6575317383,912.3468017578,911.1722412109,909.8348388672,908.4328613281],"6":[992.0446777344,994.1251220703,996.4956665039,998.1612548828,998.6936035156,999.0008544922,999.1829833984,999.9132080078,985.4418945312,985.1544189453,984.1094970703,982.7635498047,980.1336669922,978.4005126953,976.0356445312,972.2891845703],"7":[976.2623291016,977.8936157227,979.8176269531,981.0667724609,983.104309082,985.4982910156,988.2315673828,989.7606201172,999.9899902344,999.7610473633,999.5868530273,999.0944824219,998.6652832031,997.7807617188,996.4807739258,996.4376831055]},"polygon_y":{"0":[992.9055786133,984.0037841797,974.5207519531,964.3930053711,954.4622192383,944.5430908203,934.2348632812,924.905090332,927.5120849609,936.6793823242,945.7275390625,955.4552001953,964.2696533203,973.5205688477,983.2100830078,993.223815918],"1":[56.3262023926,56.1511077881,56.1059951782,55.912147522,56.0676765442,56.1530456543,55.8707771301,56.2624168396,86.6202545166,84.7485198975,83.3555908203,83.0004425049,82.9772491455,82.7789306641,84.4045639038,86.3445587158],"2":[517.4119873047,517.6006469727,517.4092407227,517.0122680664,516.575378418,515.981262207,515.7889404297,515.3805541992,547.8375854492,547.2884521484,547.3766479492,547.4566040039,547.6836547852,547.6022949219,547.8435668945,547.7301635742],"3":[484.8125,485.3248901367,485.9115905762,486.062286377,486.7864990234,487.3251342773,488.4681396484,488.1401367188,515.8574829102,515.9017944336,515.8526000977,516.0392456055,516.1506958008,516.3199462891,516.5900268555,516.7222900391],"4":[860.2857666016,844.3579101562,828.2978515625,813.5395507812,798.2544555664,781.7416992188,762.4156494141,748.3409423828,760.1738891602,774.0927124023,789.1918334961,802.2945556641,817.5747070312,831.883605957,846.0021972656,860.9490356445],"5":[912.6703491211,909.4321289062,905.8442382812,902.2796630859,899.4243774414,896.3629760742,893.5733032227,889.9090576172,898.6072998047,901.852355957,905.1417236328,907.998046875,911.0516967773,913.9212036133,916.7145996094,920.0090332031],"6":[770.7010498047,777.9208374023,787.1346435547,796.1968383789,806.1170654297,816.1691894531,826.7722167969,833.5739135742,839.0770874023,829.3823242188,820.7747802734,811.8554077148,801.9274291992,793.5165405273,784.0521850586,774.9899291992],"7":[690.2877807617,685.4336547852,683.4562988281,681.9797363281,679.931640625,676.7095336914,674.2540283203,672.4348144531,682.1297607422,688.3741455078,688.4868164062,692.4462280273,693.9777832031,695.7767333984,699.2077026367,700.0977783203]},"text":{"0":"Hayet","1":"Quarry","2":"Bab","3":"Dama","4":"Haddadin","5":"el","6":"Moun","7":"F"},"score":{"0":0.8715735674,"1":0.9806812406,"2":0.9875327945,"3":0.9883009791,"4":0.9744473696,"5":0.825322628,"6":0.6294299364,"7":0.4877250195}}