{"polygon_x":{"0":[373.9971618652,389.1969604492,404.7318115234,420.3608398438,435.520690918,451.5037841797,466.7793579102,482.9797058105,482.0257568359,466.4141540527,450.8395080566,435.1389770508,419.8214111328,403.4443664551,388.0234069824,371.8231201172],"1":[777.0313720703,779.1784667969,780.4931640625,783.0831298828,786.6967163086,789.2136230469,790.9893798828,793.9797973633,842.8536987305,841.0703125,838.6011962891,836.8890991211,834.6075439453,833.0305175781,831.2230224609,828.4489746094],"2":[685.4450073242,703.9654541016,722.684387207,741.0289916992,759.7089233398,778.0520019531,795.8377685547,814.3604736328,814.6703491211,796.1248168945,777.9891967773,759.4677124023,740.8901977539,722.3514404297,703.9682006836,685.4138793945],"3":[597.4281005859,603.7343139648,610.0274047852,616.0904541016,622.5982055664,628.9453735352,634.9045410156,641.3885498047,638.5748901367,632.2643432617,625.8920288086,619.9228515625,613.8089599609,607.9290161133,601.5547485352,595.2478637695],"4":[733.0211791992,736.0681762695,738.1529541016,740.5678710938,743.4006347656,745.9760131836,747.9294433594,751.44921875,780.0084228516,777.8348388672,775.7175292969,773.5054931641,770.59765625,768.1934814453,766.1965942383,762.5489501953],"5":[489.2404174805,496.599395752,504.1682739258,511.4266967773,519.2279663086,527.1240844727,534.5903320312,542.4722900391,541.881652832,533.8500366211,526.0942993164,518.5817260742,511.2471008301,503.5502319336,495.538269043,487.9692077637],"6":[495.3059692383,508.6081542969,521.9136352539,534.857421875,548.4059448242,561.0262451172,573.7162475586,587.8927612305,587.9595947266,574.1652832031,561.3135986328,547.9143066406,534.80859375,521.5897216797,508.6329956055,495.1176452637],"7":[687.3621826172,706.7477416992,725.6795654297,744.9725341797,763.4143676758,782.4329223633,800.9967041016,820.2703857422,819.59765625,800.9455566406,781.4683837891,762.7330932617,744.3927612305,726.4464111328,707.056640625,687.132019043],"8":[360.7666015625,369.6716308594,378.69921875,387.2833251953,396.6965026855,405.7056274414,414.5372924805,423.6151123047,421.568359375,412.7663879395,403.7917785645,395.2120666504,386.632232666,377.9424743652,368.9388427734,359.8656616211],"9":[494.1905517578,501.3075561523,508.2901611328,515.5479736328,522.9122314453,530.2274780273,537.2969360352,544.4208374023,544.1483764648,536.502746582,529.2380371094,522.2479858398,515.2338256836,508.0410766602,500.9169006348,493.5406799316],"10":[547.4487915039,557.47265625,567.4591064453,577.3266601562,587.7583618164,598.0070800781,608.3290405273,618.8428344727,618.1229858398,608.1998901367,597.9851074219,587.4388427734,577.2608032227,567.1991577148,557.4995727539,546.9666748047],"11":[431.8905944824,439.6868591309,447.0189208984,455.0230102539,463.1949157715,471.1996154785,479.369934082,488.2716369629,487.0072021484,478.7685852051,470.3511962891,462.3705749512,454.5397949219,446.8934326172,438.8629760742,430.9035644531],"12":[775.7725830078,791.4636230469,807.6989746094,824.2462158203,840.3118286133,855.9451293945,871.7767944336,888.6414794922,888.1492919922,872.1682128906,856.2142333984,840.2978515625,824.3807373047,808.4989013672,792.6689453125,776.3946533203],"13":[634.3185424805,641.412902832,647.935546875,654.5861206055,661.1260986328,667.4338378906,673.5767211914,680.6763916016,681.0358276367,674.3079833984,667.6549072266,661.2537231445,654.9624023438,648.2575073242,641.4447631836,634.4701538086],"14":[652.7276611328,655.0737915039,657.0952758789,658.7036743164,662.0993041992,664.1480102539,665.6204223633,669.2370605469,715.1922607422,714.0844726562,711.9092407227,710.2005615234,707.8848876953,705.8314208984,703.6206665039,700.6163330078],"15":[594.9840698242,599.9677124023,604.3440551758,609.1426391602,613.9854736328,618.890625,623.3710327148,627.5083618164,627.4794311523,624.1565551758,618.5733642578,613.9061889648,609.3074951172,605.002746582,600.9095458984,595.2091064453],"16":[852.1571044922,854.4777832031,856.0756835938,857.4860229492,859.5310058594,862.7271728516,865.0478515625,868.151184082,903.5708007812,900.2982177734,897.7019042969,895.287109375,892.4178466797,890.0350341797,888.3063964844,886.3442993164],"17":[0.0909378305,6.0731401443,11.9306335449,18.2721500397,24.0056400299,29.9237251282,35.7685241699,41.8248596191,43.053604126,36.8017158508,30.4447898865,24.4586582184,18.5685844421,12.3913679123,6.4442877769,0.0955842882],"18":[682.7436523438,682.810546875,682.9979858398,682.7593383789,683.7561035156,684.3895874023,685.7141113281,688.4107666016,730.5661621094,728.7958374023,727.4755249023,726.7444458008,725.642578125,725.3662719727,724.6986083984,723.6047973633],"19":[0.0873160362,8.3541669846,17.4328842163,26.5818710327,35.4861946106,44.4226074219,53.7117424011,63.7023963928,65.0254211426,55.3686714172,45.2519798279,36.1903915405,27.0989055634,18.0282516479,8.9257183075,0.1237651706],"20":[791.4833984375,795.8270874023,799.8125,804.4390869141,808.5625610352,813.2421875,817.5131225586,821.7969360352,822.1922607422,817.5704956055,812.694152832,808.5468139648,804.5396728516,800.3551025391,796.1140136719,790.9582519531],"21":[551.7077636719,556.9678344727,561.9027099609,567.0694580078,572.2329101562,577.8015136719,582.9954223633,588.2817382812,587.2712402344,582.830871582,577.3516235352,572.0139160156,567.1556396484,561.657043457,556.0920410156,550.4580078125],"22":[689.2280273438,702.6752929688,715.9429321289,729.2050170898,742.6095581055,755.9114990234,769.1577148438,782.4511108398,783.2917480469,769.8668212891,756.310546875,742.6342163086,729.2190551758,715.870300293,702.9058227539,688.7891845703],"23":[633.2311401367,635.3287353516,637.1964111328,639.4606933594,643.2611083984,647.2108154297,649.7716674805,655.7834472656,687.8212890625,684.6325683594,681.075378418,677.9537353516,674.3383789062,671.1544189453,668.0743408203,664.8657836914],"24":[788.3749389648,788.5702514648,788.8229370117,789.4931030273,790.8999633789,792.3809204102,793.9722900391,795.9756469727,831.7670898438,831.4713134766,829.6154174805,828.5717163086,827.2446289062,826.6192016602,825.2916870117,823.9508666992],"25":[581.2545166016,583.2828979492,584.966003418,587.5277099609,592.616394043,595.2565917969,597.9651489258,602.6766357422,629.4755859375,627.4467773438,623.6461791992,620.8091430664,617.5708007812,614.6674194336,612.2692871094,610.1453857422],"26":[454.52734375,457.7269897461,460.9878540039,465.3176269531,469.9595947266,473.745880127,476.2814941406,480.5003662109,523.5005493164,520.6379394531,515.4440917969,511.6616210938,508.430480957,504.3879699707,501.6587524414,496.5299072266],"27":[775.0693359375,775.9508666992,777.3522949219,778.4475097656,779.4729003906,780.8515014648,782.0612792969,783.1469116211,802.4453735352,802.7778320312,802.9915771484,803.6865234375,803.9753417969,800.1446533203,795.6832275391,794.7974853516],"28":[525.3830566406,527.3583374023,529.8596801758,532.7204589844,536.5260620117,539.3858642578,542.5388183594,546.7438354492,577.3695068359,574.5753173828,571.6315917969,568.0755004883,563.9392089844,562.0234375,559.7352294922,557.2742919922],"29":[686.9877929688,691.260925293,695.3620605469,700.0905761719,704.188293457,708.564453125,712.5174560547,717.7633666992,717.1776123047,712.6208496094,708.1005249023,704.1401367188,700.4389038086,696.1219482422,692.1636352539,687.8323364258],"30":[1.1801313162,5.3071689606,8.6157436371,12.0713891983,15.0017223358,18.1210212708,21.957321167,26.2211151123,26.332567215,22.3445415497,18.6884860992,15.4549236298,12.0332136154,8.770565033,5.4341745377,1.1188874245],"31":[909.2514038086,922.2277832031,936.2515869141,949.265625,961.9495239258,974.7321166992,987.8677978516,999.8463134766,999.9356079102,988.4716186523,975.4768066406,962.657409668,949.544128418,936.5222167969,923.6907958984,909.9320068359],