{"polygon_x":{"0":[178.1184387207,199.9781799316,222.3277435303,244.3503723145,266.1203613281,288.5788574219,309.7079467773,331.9975585938,329.0189208984,306.7650146484,284.6904296875,262.4998168945,240.944152832,218.5224151611,196.4707336426,174.9340667725],"1":[157.2491149902,181.5704040527,206.1572265625,230.8120727539,255.3741607666,280.2081604004,304.8734130859,329.1343994141,325.9823303223,301.9214172363,276.8874511719,251.9924926758,228.1782836914,203.9830322266,178.8772583008,153.4797973633],"2":[125.8370056152,135.1483001709,143.7763671875,152.5091247559,161.2813415527,170.4606628418,179.5123291016,188.9804840088,197.1779174805,188.3509521484,179.436416626,170.1003417969,161.4779510498,152.736907959,143.6201324463,135.158996582],"3":[213.2963867188,218.1574707031,223.3829498291,228.8371429443,233.6065826416,239.7264404297,245.0245819092,250.6965484619,256.364440918,251.0433197021,245.7942504883,240.3548278809,235.1491699219,229.9446258545,225.2248535156,221.1260375977],"4":[259.3469238281,265.4466552734,271.9500732422,278.2856750488,284.910369873,292.0371704102,298.1958007812,304.6260375977,309.040802002,303.2252502441,296.9346923828,291.0123291016,283.9659118652,277.2935791016,271.3543395996,265.4186401367],"5":[485.2340698242,494.020690918,502.5177001953,511.2898254395,520.6311645508,529.8692016602,538.5426025391,547.8576049805,546.9579467773,537.9271850586,528.6858520508,519.1057739258,509.7571105957,500.0161437988,490.6834411621,482.5092773438],"6":[192.6929321289,194.6340942383,196.2502288818,198.4783935547,200.6120605469,203.0,205.5455169678,207.2561798096,218.3283691406,216.3297424316,214.4728851318,212.2398529053,210.4181213379,208.2716064453,206.3057098389,205.019744873],"7":[34.8560371399,41.8480491638,48.69480896,55.8033027649,62.2029342651,68.7404098511,74.9416046143,82.3960952759,92.0635299683,85.4701156616,79.1200637817,72.7052307129,66.3958587646,59.4869537354,53.0830574036,45.9873580933],"8":[20.9526805878,71.8173217773,121.7288970947,170.9073486328,224.3187561035,275.0679321289,333.0064697266,381.1806945801,376.1268920898,324.3511352539,273.6568603516,222.4511871338,172.4868469238,124.7157211304,77.4211273193,29.9197216034],"9":[87.585357666,92.4497833252,97.1100234985,102.0311431885,106.2803497314,111.3043289185,116.1143798828,121.3816452026,130.8602600098,125.7610931396,120.974822998,115.9640350342,111.2193450928,106.6080093384,101.6311645508,97.5373535156],"10":[97.0709838867,154.0123138428,204.2785339355,261.7076721191,317.9827270508,381.3958435059,441.3116760254,491.087310791,497.4236450195,431.4874267578,385.3662414551,325.4072570801,265.110534668,209.1637878418,151.4939117432,93.5909576416],"11":[22.1557807922,45.0576095581,67.5017700195,91.5405731201,117.8652801514,146.107208252,162.1512451172,185.9168243408,194.3094177246,168.1420135498,144.6300048828,118.1465454102,96.8451309204,74.0404205322,50.5163650513,28.6510372162],"12":[202.8585510254,224.3149108887,250.1444854736,276.6887207031,307.9788513184,332.3798217773,355.3421020508,380.3554077148,375.7203979492,354.8883056641,329.8901977539,298.8281860352,276.3868408203,248.1297912598,223.9852142334,202.0296630859]},"polygon_y":{"0":[352.5500793457,354.4732971191,357.596496582,360.4705810547,363.131652832,365.9795837402,369.6166992188,372.0551147461,396.5334777832,394.0750732422,391.0331726074,388.8844604492,386.4681396484,383.7611083984,381.1725463867,379.2087097168],"1":[389.5942993164,392.2784118652,395.4082946777,397.9739379883,400.4046020508,403.5243530273,406.9395751953,410.4444580078,434.0283203125,432.1655273438,429.5807189941,427.2583007812,424.1922302246,421.4013671875,418.7625427246,416.1014099121],"2":[569.7211914062,564.9887695312,560.692565918,556.5093383789,552.4364013672,548.1236572266,544.4659423828,540.1912231445,559.7459106445,563.2980957031,567.3301391602,571.4635620117,575.3243408203,579.0874633789,583.2673950195,587.3887939453],"3":[527.7934570312,526.1695556641,524.4494018555,522.7025756836,521.1331176758,519.3999633789,517.3940429688,515.8767089844,532.7108154297,534.4678955078,536.6773071289,538.7659301758,540.6481323242,542.4237670898,544.5515136719,546.7467651367],"4":[512.614074707,509.9310913086,507.7859802246,505.5917358398,503.9725952148,501.8521118164,500.201751709,498.9680175781,516.2974243164,518.0023803711,519.8771972656,521.3949584961,523.2547607422,525.3400878906,527.1002197266,528.9310302734],"5":[0.0652965456,0.1538451016,0.1270397604,0.1552817672,0.1963076591,0.2298746109,0.2547444403,0.1980163008,17.7364578247,18.8937225342,18.8581066132,17.8118286133,17.1238212585,16.2129230499,15.505771637,14.6252746582],"6":[540.8391113281,539.4471435547,538.2759399414,537.1098022461,535.7850341797,534.0148925781,532.1604614258,530.0931396484,550.9570922852,550.8673706055,551.9153442383,553.4124145508,554.5474243164,555.6051635742,556.5399780273,557.8231201172],"7":[628.9702148438,624.4252929688,619.5914916992,614.3171386719,610.5255737305,606.0187988281,601.6838378906,596.7220458984,614.3909301758,618.9232177734,623.4838256836,628.9934692383,633.7934570312,639.5224609375,645.4370117188,651.9334716797],"8":[305.2467346191,286.3842163086,273.6553344727,267.3692016602,264.7044677734,268.0899353027,278.2860107422,303.0554504395,317.0852050781,302.5942993164,294.2384033203,289.6445617676,292.9724731445,299.736907959,312.341583252,327.7634887695],"9":[593.0740966797,590.3847045898,587.7557373047,584.8435058594,582.1480712891,579.3850097656,576.4110717773,573.5567016602,590.3316650391,593.3129272461,595.9842529297,599.1013183594,601.6437988281,604.5678710938,608.1057739258,611.4119873047],"10":[473.5690002441,476.7849731445,473.8258056641,464.9221801758,447.5982055664,423.984954834,371.8485107422,321.9002685547,324.5110778809,414.2947387695,449.9829711914,476.0715942383,494.4369812012,503.7524719238,505.7593383789,499.0416870117],"11":[304.1626281738,295.0655212402,288.0089111328,281.2554626465,274.9031982422,269.3139953613,266.4549255371,264.176361084,289.6475219727,294.3420715332,297.8218383789,303.2161254883,308.1353149414,314.4621582031,321.4872741699,326.5643615723],"12":[261.2361450195,262.7072753906,264.528717041,266.8980712891,271.619140625,276.1637573242,283.5321655273,296.3243713379,315.8386535645,310.7752380371,305.4828186035,299.4646911621,295.8804626465,292.2430725098,288.4690551758,289.534942627]},"text":{"0":"Birket","1":"Mamilla","2":"Karim","3":"Ain","4":"Yalo","5":"Yafa","6":"S.","7":"from","8":"TurbetMamilla","9":"Ain","10":"Mohamedantons","11":"Turbet","12":"Mamilla"},"score":{"0":0.9831248522,"1":0.975597322,"2":0.9788458347,"3":0.9433960915,"4":0.9532976151,"5":0.9713337421,"6":0.9069877267,"7":0.9810298681,"8":0.6606425643,"9":0.9584926367,"10":0.5090947747,"11":0.6077212691,"12":0.5168555975}}