{"polygon_x":{"0":[38.5475234985,48.3800125122,58.5965538025,68.7100219727,78.6775741577,88.2743759155,97.8939666748,108.240447998,108.7720031738,98.9426345825,88.6259613037,78.7438278198,68.8543014526,58.868637085,49.0680847168,38.7820663452],"1":[445.8907775879,456.6940917969,467.3447265625,477.6599121094,488.2562561035,498.948638916,509.2476806641,519.7123413086,519.7416992188,509.6871337891,498.916809082,488.0825805664,477.464050293,467.2213439941,456.7916870117,445.3014526367],"2":[196.5937194824,209.4891662598,221.6690673828,234.3673706055,246.6165313721,259.766204834,272.6978149414,284.9395446777,283.474029541,270.8077697754,257.9608764648,245.1326599121,232.8433380127,220.1621704102,207.8953704834,195.1604003906],"3":[0.0149430837,7.0608329773,15.1861896515,22.4578781128,30.6705112457,39.0123405457,47.6404190063,58.2233886719,60.6854934692,51.7616844177,41.9930648804,34.0741500854,25.8200721741,17.830373764,9.4686050415,0.4853591025],"4":[146.202255249,156.4063415527,166.8540802002,176.9617614746,187.0653076172,197.1660766602,207.7297668457,218.1301574707,218.2199859619,207.8598937988,196.944732666,186.5162506104,176.5788421631,166.0999298096,155.5963287354,146.0361022949],"5":[409.4853210449,414.0390319824,418.9226074219,424.0180969238,428.2437744141,432.7197875977,436.9079589844,441.9221191406,443.0331420898,438.659942627,433.414276123,428.8381652832,424.4448242188,419.3712768555,414.5006713867,409.3456420898],"6":[379.4993896484,383.1831665039,386.4186401367,390.1053161621,393.9300537109,397.9214782715,401.809753418,405.7148742676,405.514465332,401.9651489258,397.550201416,393.8672180176,390.3799743652,386.5475769043,383.1231384277,379.4690246582],"7":[420.2216796875,424.1773681641,427.6676025391,432.0024108887,436.95703125,441.2819824219,447.1366882324,451.9468688965,494.3372192383,490.2250366211,484.9801025391,480.4879150391,475.8649291992,471.8875732422,468.7793579102,465.9117126465],"8":[148.5371551514,158.1055297852,167.7398986816,177.4659881592,187.223739624,196.8209838867,206.1666870117,215.9018096924,214.8583984375,205.532623291,195.954284668,186.0442199707,176.2398986816,166.7191772461,156.9907989502,146.9297943115],"9":[479.0133056641,478.2332763672,477.8376464844,478.7854309082,479.0673217773,478.8374633789,478.674621582,479.0742797852,432.2010803223,432.6918029785,431.9053955078,431.6480102539,432.5308532715,433.0537719727,434.1415405273,434.2869567871],"10":[267.2474365234,273.4054870605,280.2643737793,286.8563842773,293.4088745117,299.8145141602,306.1218566895,312.461517334,312.6602478027,306.6534729004,299.7097473145,292.923614502,286.2713928223,279.7840881348,273.1904907227,266.8442687988],"11":[545.6597900391,548.232421875,551.5815429688,554.8303833008,555.6751098633,556.5349731445,556.7681884766,556.7081298828,585.239074707,585.5475463867,586.110168457,587.1744995117,587.3607788086,586.3485107422,583.5532226562,581.5013427734],"12":[115.9978485107,120.0225448608,124.4009399414,128.3442382812,132.0941009521,135.0209960938,137.9043579102,140.9167175293,143.8607940674,140.2016906738,135.754196167,132.3804626465,128.5328674316,124.5576934814,120.1075897217,116.6521835327],"13":[0.1495771855,5.6671376228,11.2417612076,17.2884979248,22.8669509888,28.8922996521,35.1527709961,42.2227401733,40.8159942627,34.4859390259,28.1631317139,22.427154541,16.733959198,10.9561243057,5.4225673676,0.0502690673],"14":[275.929901123,274.7088317871,274.5273742676,274.5445556641,275.1156616211,274.9198913574,274.6528930664,275.0791015625,311.7308654785,310.2106018066,308.5328063965,307.7879638672,306.8014221191,306.4097290039,306.3987426758,307.1255187988],"15":[328.5686645508,329.7296142578,329.5656738281,330.6593322754,333.5120239258,334.7465515137,337.6667480469,341.2164001465,386.2362670898,384.6159362793,382.6733703613,382.1485595703,380.9121704102,380.6973876953,379.5166320801,378.9483947754],"16":[103.1586380005,113.2716064453,123.5540084839,133.7109985352,143.5992584229,153.9146118164,163.1811218262,171.7722930908,172.9451751709,163.1067657471,153.3069000244,143.2792510986,133.3501586914,123.0620193481,113.085144043,102.7978363037],"17":[227.3268280029,231.1062011719,234.494644165,238.6297607422,242.4544372559,246.3487091064,250.231628418,254.5514068604,252.2288818359,248.9566345215,244.8327484131,240.8136291504,236.0608825684,232.2846221924,228.3809204102,223.7402954102],"18":[0.7957473397,3.409838438,6.0354614258,8.9702663422,11.2920722961,14.165971756,16.9734745026,20.2923984528,21.6375350952,17.4141273499,15.1523675919,12.3725118637,9.5379638672,6.8949580193,3.9991803169,0.7445225716],"19":[175.736541748,177.8430023193,179.8366394043,182.774520874,184.6504211426,187.1443786621,189.652633667,191.3622131348,189.437286377,186.7664489746,184.355255127,183.0057983398,180.8121643066,178.3397521973,176.0285339355,173.5121459961],"20":[542.9700317383,543.1903076172,543.4921264648,543.8455810547,544.1447143555,544.2984008789,544.1110839844,542.8605957031,575.5726318359,576.6057128906,577.077331543,577.1226196289,576.8926391602,576.9366455078,576.1973876953,574.8047485352],"21":[327.4317016602,333.9136962891,340.3755187988,346.7913513184,353.0144042969,359.3163452148,365.1853637695,371.8775024414,373.1568908691,366.6435546875,359.9541931152,353.6198730469,347.2416992188,340.6852722168,334.1702270508,327.8041381836]},"polygon_y":{"0":[965.3363647461,965.4608764648,965.5893554688,965.70703125,965.8749389648,965.9087524414,965.9716796875,965.8228759766,987.0423583984,986.4389038086,986.2590942383,986.3381958008,986.2594604492,986.4722290039,986.5786743164,986.4278564453],"1":[296.9918823242,297.0356445312,296.9728088379,296.6974182129,297.0646362305,297.453704834,297.6227416992,298.1918945312,321.310546875,321.6101379395,321.3515014648,321.3134155273,321.5915527344,321.5088195801,321.2016296387,320.658996582],"2":[378.7024536133,379.5285644531,380.5481262207,380.8759155273,381.0412597656,381.4750976562,381.6302490234,381.2407836914,403.3465576172,402.9992675781,402.8795166016,402.5408630371,401.9976501465,401.5246582031,401.3372497559,401.4911193848],"3":[19.6051998138,17.4182777405,15.7794723511,14.3670330048,12.926361084,11.4782123566,10.1289691925,8.2515544891,37.5499382019,39.2649650574,41.1388549805,41.9611816406,43.1528244019,44.2301940918,45.2008972168,46.3664093018],"4":[966.3392333984,967.2572021484,967.3636474609,967.5845336914,967.7032470703,968.1378173828,968.3989257812,968.3697509766,988.278137207,988.0092773438,988.1887207031,988.1189575195,987.9450683594,987.7979736328,988.0578613281,987.8728637695],"5":[298.0613098145,297.7682800293,298.1910400391,297.9674987793,297.6676025391,297.2671813965,297.2799072266,297.8423461914,318.358001709,318.2796325684,318.2543640137,318.5692138672,318.6380615234,318.684753418,318.8177185059,318.9666137695],"6":[296.218536377,296.4497680664,296.333190918,296.4710083008,296.5137634277,296.2051696777,295.8529663086,296.2805480957,318.9303283691,319.0721435547,318.9132995605,318.8886108398,318.7882080078,318.6306152344,318.7039489746,318.9216308594],"7":[827.6658935547,800.8661499023,775.8965454102,751.8786621094,726.7915039062,702.0356445312,675.6538085938,652.0461425781,654.7125244141,678.7637329102,707.2770996094,730.6638183594,755.9960327148,780.3431396484,803.3604736328,828.7479248047],"8":[352.5210571289,352.7481384277,353.3979492188,353.5896606445,353.8364257812,353.9742736816,354.2929077148,354.3759460449,376.519317627,376.2056884766,375.9689331055,376.0863952637,375.9696655273,375.883026123,375.9319763184,375.4849243164],"9":[332.9385375977,337.9628295898,343.5074157715,348.9059753418,355.8270263672,360.7743835449,367.723815918,374.0067138672,370.880859375,367.0472412109,361.9213256836,357.0512695312,349.6561889648,343.7180175781,336.8900756836,331.852142334],