{"polygon_x":{"0":[58.4263305664,62.8734436035,65.2711257935,68.8118591309,72.3332366943,75.7531051636,80.0815963745,83.4970932007,110.9497070312,108.2716445923,106.46484375,102.8298034668,101.0153503418,97.6410598755,90.8145294189,82.7709960938]},"polygon_y":{"0":[32.7162246704,30.2970294952,25.6852359772,23.95520401,19.9823074341,15.4201498032,11.9299583435,9.8018112183,34.1877784729,37.5100402832,39.7900733948,43.7643432617,46.9488716125,50.8809967041,56.8214874268,59.6679000854]},"text":{"0":"C"},"score":{"0":0.7726718187}}