{"polygon_x":{"0":[361.4511108398,382.6487426758,403.3282470703,424.2474060059,445.4957885742,466.3556518555,487.7177124023,509.638671875,509.669128418,488.3135986328,467.3824462891,446.0721435547,424.6904296875,403.8696899414,382.1977539062,361.5800476074],"1":[694.8619995117,711.9586181641,729.728515625,748.0434570312,766.4227905273,784.7345581055,802.3376464844,820.5466308594,821.1627807617,803.6007080078,785.8745727539,767.2473144531,748.9649047852,730.9183349609,712.8089599609,695.3069458008],"2":[512.8167114258,530.2343139648,548.0583496094,565.2660522461,583.0805664062,600.1723632812,617.2777709961,634.5115966797,635.1842651367,617.8190917969,600.9177246094,583.1405029297,565.4436035156,547.9718017578,530.3071289062,513.3361816406],"3":[253.5315093994,263.4068603516,273.414276123,283.2068481445,294.138671875,304.0009155273,313.8182983398,322.3462219238,322.6900634766,313.4942626953,303.6884155273,293.1340332031,282.9813232422,273.0855102539,263.1755981445,253.3592529297],"4":[638.801940918,646.0427856445,653.0113525391,660.3430786133,668.3630981445,675.8748779297,683.1420288086,690.1329956055,691.3826904297,684.3717041016,676.7236328125,669.205871582,661.4272460938,653.7362060547,646.4639282227,639.5358276367],"5":[324.6152954102,329.9611816406,335.0999145508,340.3591918945,344.9436645508,349.7635192871,354.3207397461,359.0164794922,360.2859802246,355.5439758301,350.0146179199,344.8454284668,339.9374084473,335.0746154785,330.1130371094,325.5558776855]},"polygon_y":{"0":[218.396697998,218.4673461914,218.7238922119,218.7284851074,218.9991455078,219.0387573242,218.903717041,218.6845550537,247.1434326172,246.6075744629,246.6864929199,246.737991333,246.8964233398,246.6948852539,246.6134033203,246.6304931641],"1":[218.2908935547,218.4740905762,218.5888061523,218.4237976074,218.2353820801,217.7184906006,217.6173400879,217.8059234619,246.838394165,246.7772216797,246.9221801758,247.0406188965,247.0747528076,247.1462249756,247.0480651855,246.9418945312],"2":[218.4355163574,218.5251617432,218.7041625977,218.3048858643,218.5908660889,218.4502258301,217.8314056396,218.0046081543,247.0396270752,246.9500427246,246.8423156738,246.8365325928,246.6260528564,246.737121582,246.5567321777,246.7479705811],"3":[216.971496582,217.4646759033,218.335357666,218.8276824951,219.403503418,219.3164367676,219.4720458984,219.9413299561,248.3131408691,249.1457366943,249.0908660889,248.6778411865,248.7457427979,249.1391296387,248.2984924316,247.0607299805],"4":[221.8322601318,221.2133483887,220.5510559082,220.3124389648,220.2209320068,219.4851837158,218.5415802002,218.8647155762,246.9438323975,247.3014068604,247.2129669189,247.3190612793,247.2840270996,247.0905761719,247.248260498,247.4311065674],"5":[219.2805328369,219.6357574463,219.7449035645,219.8641815186,219.9360351562,219.9868927002,220.3736114502,221.3490905762,250.3836975098,250.395980835,248.8737487793,248.455368042,249.037689209,249.1297149658,248.9732055664,248.7806396484]},"text":{"0":"Biedermann","1":"Stichardt.","2":"Fberhardt","3":"Engr.","4":"and","5":"by"},"score":{"0":0.9684886336,"1":0.986273706,"2":0.9766801596,"3":0.9766739011,"4":0.9783485532,"5":0.9479227066}}