{"polygon_x":{"0":[577.9863891602,583.8721313477,588.8025512695,594.543762207,600.0390014648,605.6715698242,611.1334838867,615.8081665039,616.6549072266,611.3353271484,605.982421875,600.3850097656,594.9089355469,589.4913330078,584.5955810547,577.8374633789],"1":[516.5845947266,522.7780151367,527.8298339844,533.8376464844,539.7384643555,545.4541015625,551.1812744141,556.212097168,557.1932983398,551.7297363281,546.0012207031,540.4117431641,534.5214233398,528.7658081055,523.4055175781,516.6629638672],"2":[873.0782470703,879.2502441406,885.6109619141,892.4151611328,898.5765380859,905.1707763672,911.3696289062,917.3217163086,918.1566162109,912.1493530273,905.6732788086,898.9966430664,892.6398925781,886.1691894531,879.9229736328,873.006652832],"3":[402.071472168,407.2344665527,412.1760864258,418.0054931641,423.8356933594,429.3324279785,434.4877624512,439.4307250977,439.5083007812,434.8341674805,429.5503540039,423.8003845215,418.2130126953,412.2279663086,406.8815917969,401.8174438477],"4":[644.9725341797,649.290222168,652.1114501953,655.4542236328,658.1837158203,661.7774047852,665.2509155273,667.4511108398,669.2150268555,666.6588745117,663.662109375,660.3241577148,656.2470703125,653.4699707031,650.5081787109,646.2444458008]},"polygon_y":{"0":[47.537322998,47.6313476562,47.6462478638,47.8310089111,47.8742675781,47.7158927917,47.6742935181,47.5771255493,67.3085708618,67.4406433105,66.9814224243,66.9045181274,66.9124526978,66.8171081543,67.0482788086,66.8069000244],"1":[48.0059356689,48.3358840942,48.4887619019,48.5620651245,48.4896812439,48.3399353027,48.2933731079,48.1720275879,67.5577850342,67.6055450439,67.6811828613,67.7062149048,67.6069107056,67.5453338623,67.8025588989,67.6347961426],"2":[45.2829933167,45.4492988586,45.5017166138,45.6345825195,45.5647964478,45.4240875244,45.3772773743,45.2871742249,68.2291870117,68.6271057129,68.549407959,68.1988601685,68.102355957,68.0367584229,68.1014938354,68.0222396851],"3":[48.2952537537,48.4003868103,48.5535964966,48.7150535583,48.7724266052,48.7663345337,48.6645927429,48.4230384827,68.4101028442,68.3430404663,68.0451812744,67.9376144409,67.7786254883,67.6376724243,67.8168106079,67.8973312378],"4":[44.1641464233,44.4188919067,44.6644058228,44.7759971619,44.7504425049,44.591999054,44.530544281,44.3322410583,67.9915466309,67.9877929688,67.4938354492,67.4656066895,67.6981887817,67.7393417358,67.638168335,67.6912765503]},"text":{"0":"100","1":"200","2":"100","3":"400","4":"0"},"score":{"0":0.9749593735,"1":0.9608076811,"2":0.96017313,"3":0.963763833,"4":0.8072388172}}