{"polygon_x":{"0":[56.4245529175,64.980506897,73.055229187,81.4392776489,90.0290985107,98.5205688477,106.6511230469,114.7056655884,115.2469558716,107.7058563232,98.9167175293,90.1681671143,81.7025146484,73.4919967651,65.5000457764,57.4918174744],"1":[844.1649780273,852.4046630859,860.5858154297,869.1369628906,877.6297607422,885.7994995117,894.0383300781,901.9210205078,904.5377197266,896.8176269531,887.9541625977,879.3786010742,871.0705566406,862.7723388672,854.2517089844,845.9259643555],"2":[455.0376586914,461.7720031738,469.0620422363,476.3837280273,483.8193969727,491.2136230469,498.505065918,506.4178771973,508.787689209,501.8687744141,493.7116699219,485.9313659668,478.3042907715,470.6226806641,463.3240356445,455.5709533691]},"polygon_y":{"0":[380.0531616211,379.290222168,379.1158752441,378.2321472168,377.7328796387,377.3516235352,376.6935424805,376.1606445312,410.9268798828,411.8085327148,411.712097168,411.5472412109,411.6046447754,411.841583252,412.7348022461,413.2970581055],"1":[383.0584106445,382.6237487793,381.8977661133,380.7977905273,379.9730224609,379.237701416,378.6663818359,377.8573913574,412.2088928223,412.5457458496,412.6895751953,413.2759094238,413.6109619141,414.2388916016,414.886932373,415.5700683594],"2":[380.5654602051,380.2939453125,379.5489196777,378.9829711914,377.9324951172,376.660736084,375.8364868164,375.0938415527,410.7965393066,410.9665527344,411.1496582031,411.1750793457,411.574432373,412.2749633789,412.8820800781,413.4096984863]},"text":{"0":"30","1":"40'","2":"35"},"score":{"0":0.9724289775,"1":0.9636008739,"2":0.9583310485}}