{"polygon_x":{"0":[625.5231323242,636.9165039062,647.6193237305,658.141784668,668.8580932617,679.8352661133,690.4491577148,700.9548339844,680.9274291992,669.7741699219,658.2026367188,646.3491210938,635.4829101562,624.3269042969,613.5133056641,602.1091918945],"1":[716.6271972656,726.0393676758,735.0557861328,744.5482177734,753.8573608398,763.1431884766,772.292175293,781.6831054688,753.3172607422,744.5582275391,736.3970947266,728.1411132812,719.6234130859,710.8692016602,701.3986816406,690.0450439453],"2":[879.7033691406,885.9310302734,892.4901123047,899.7470092773,906.8168945312,913.5588378906,920.7642822266,927.0354003906,929.7105712891,923.3836669922,916.4910888672,909.0397949219,901.9796142578,894.8551025391,887.8494873047,881.3134155273],"3":[487.1547851562,494.5268554688,502.0881958008,510.2044067383,517.9006347656,525.6372680664,533.4537353516,541.2703857422,544.4453125,536.91015625,528.9517822266,520.7891235352,512.5668945312,504.395904541,496.146697998,488.7843017578],"4":[800.6917724609,807.3165893555,813.2319335938,819.6298828125,825.2041625977,831.1468505859,836.6759033203,843.7888183594,822.297668457,815.2722167969,808.5030517578,802.3125,796.4979248047,789.9554443359,781.4926147461,774.128112793],"5":[27.4601154327,46.7189788818,66.9188079834,85.2106628418,102.7154159546,121.4056243896,138.2481079102,155.5483703613,154.8320465088,136.9490966797,118.9657592773,101.1739044189,82.3401489258,64.6346282959,44.5986328125,17.477273941],"6":[96.7809295654,101.3640899658,106.1526184082,112.1861724854,117.1985321045,122.5848388672,128.0189056396,133.7282104492,140.8257751465,135.1409759521,129.6215209961,124.5007019043,119.1290435791,113.9892578125,107.8914489746,102.7979354858],"7":[9.4264183044,20.4317188263,30.9799385071,41.6170463562,52.6901245117,64.4895782471,74.1601409912,84.2663955688,83.0126190186,71.9962005615,62.0953445435,51.2503128052,40.0040245056,29.3193149567,18.10414505,8.1289978027]},"polygon_y":{"0":[811.2916259766,819.81640625,829.1094970703,837.7634277344,846.4647216797,856.2020874023,864.5804443359,872.6394042969,896.7161865234,888.3978881836,879.591796875,870.8380126953,862.8767089844,854.4727172852,846.1834106445,837.2457885742],"1":[875.734375,883.7829589844,891.3497314453,899.4220581055,907.9815063477,916.3983154297,925.6881713867,934.9846191406,965.7770385742,955.8175048828,946.9638671875,937.3273925781,927.927734375,919.2908935547,910.7116088867,901.4615478516],"2":[376.6320495605,375.992767334,374.9906005859,373.9213562012,372.7958679199,371.6466674805,370.5484008789,369.7970581055,405.7601623535,406.214630127,406.418762207,407.1909790039,407.788848877,408.5316162109,409.2817687988,409.5799255371],"3":[375.6257629395,375.1322937012,374.2023010254,373.0708312988,372.0311889648,371.1915283203,369.9020996094,368.9592895508,403.9730834961,404.794342041,405.4641723633,406.3190307617,406.8213195801,407.1535949707,407.9911499023,408.2858886719],"4":[940.6840820312,948.9612426758,957.1213378906,963.2927856445,970.291809082,977.1369018555,983.5619506836,990.9396972656,999.9783325195,997.948059082,993.5906982422,988.426574707,984.0416259766,978.3018798828,971.5964355469,964.9362792969],"5":[773.169921875,774.1173706055,773.6807861328,773.8444824219,773.9553833008,773.8553466797,773.9531860352,773.8835449219,807.4252319336,807.1831054688,806.9908447266,806.896484375,806.9768066406,806.9091186523,807.3013305664,806.6031494141],"6":[374.7601318359,373.0305786133,371.9154663086,369.8100280762,368.3926086426,366.3686523438,364.5999755859,363.9060974121,399.4449462891,400.8599243164,402.596862793,403.5085449219,405.1399536133,406.5191345215,407.9833679199,409.3444824219],"7":[604.9827880859,604.7142333984,604.4147949219,604.4865722656,604.1135253906,604.3400878906,604.0870361328,604.8836669922,634.2110595703,634.7066040039,634.3190917969,634.0717773438,634.0035400391,633.8092041016,633.9940795898,633.8773193359]},"text":{"0":"From","1":"Naby","2":"15'","3":"10's","4":"Sam","5":"Hamam","6":"5","7":"Khan"},"score":{"0":0.9900256395,"1":0.9886676669,"2":0.9665861726,"3":0.961820066,"4":0.9835485816,"5":0.959020853,"6":0.9555643797,"7":0.6628422737}}