{"polygon_x":{"0":[102.2966079712,120.0476074219,133.3047637939,148.7928771973,163.8347473145,180.0310058594,191.2440185547,204.2517089844,160.9387969971,147.3355865479,141.5204162598,131.4927978516,113.0009002686,101.0404510498,91.3352203369,86.3013076782]},"polygon_y":{"0":[251.2941741943,253.6299438477,255.3558959961,255.1819458008,254.182220459,256.0643310547,257.4097900391,255.1152954102,415.0392456055,414.3125915527,414.4055480957,413.7834472656,413.6416625977,412.6312255859,412.9556884766,412.2077941895]},"text":{"0":"8"},"score":{"0":0.4619913399}}