{"polygon_x":{"0":[133.3104095459,144.0249786377,155.1673583984,165.9988555908,176.9683990479,187.6914367676,198.0329589844,208.9311523438,208.040802002,197.4583587646,186.6148223877,175.8560791016,164.8404083252,153.9608154297,143.2830810547,131.8644104004],"1":[109.9772338867,123.0182495117,135.8923950195,149.1746368408,162.3221130371,175.6452331543,189.3047332764,202.3559570312,202.592300415,188.9640045166,175.0316772461,161.3561096191,148.382232666,134.8582458496,121.8002166748,108.5948104858],"2":[133.689453125,144.9871673584,155.477432251,165.6597290039,175.9187469482,187.0107116699,197.7037353516,208.3978271484,206.6404571533,196.7199707031,186.0319824219,175.6972351074,164.972442627,154.876739502,144.5740661621,133.9387359619],"3":[77.9569702148,84.4363555908,91.1787796021,97.4742507935,103.7117843628,110.1411895752,116.5718917847,123.3402328491,123.8930206299,117.6994018555,111.3244781494,104.0508270264,97.6126708984,91.160369873,84.4561309814,77.9243621826],"4":[0.2556615174,10.2997665405,20.1030254364,30.7295608521,41.0512466431,51.4203948975,61.6934242249,70.8332748413,69.9004898071,60.5771827698,50.2684326172,40.07006073,29.7838897705,19.7659416199,9.7147092819,0.0852757245],"5":[186.2168121338,189.8751525879,194.3457794189,198.7737731934,202.9487457275,207.5804443359,211.791305542,215.5134277344,214.275970459,210.422744751,206.132232666,202.87840271,198.6002349854,194.1233978271,189.8782196045,185.0533905029],"6":[958.8774414062,966.4405517578,972.9189453125,978.8089599609,984.5337524414,990.0711669922,995.2936401367,999.8829345703,999.9551391602,995.3358154297,989.9251708984,984.7832641602,979.2819824219,973.4339599609,966.7553100586,958.4459228516],"7":[9.6893234253,22.6949081421,34.5798530579,47.2523880005,59.1222572327,71.0694198608,83.3973770142,93.6967926025,96.2257537842,83.9318771362,71.0893630981,59.2884597778,47.4678611755,35.2874450684,22.7243118286,10.2712535858],"8":[53.1945800781,70.3212890625,85.7505340576,101.2387237549,115.7618789673,132.6309051514,148.9070281982,165.2239837646,174.7286987305,159.9363861084,145.7727203369,129.4247741699,112.9379425049,95.4313812256,76.4820022583,53.1097755432],"9":[103.3451919556,107.9013977051,113.0984344482,118.2582778931,123.4884185791,127.9894104004,132.1729736328,136.0364379883,136.5201263428,133.2004241943,127.7626113892,122.6147766113,117.7649230957,112.1561126709,106.6211242676,101.5997619629],"10":[5.3286457062,10.9871292114,16.3065700531,21.4081554413,25.9007472992,30.5572223663,35.4387512207,40.9541854858,51.1000862122,45.1640739441,38.8723068237,33.5312995911,28.0379962921,22.4866466522,17.419298172,12.947936058]},"polygon_y":{"0":[190.4628601074,190.6391143799,189.8047027588,189.2436218262,189.3691101074,189.2178649902,189.0978393555,188.8477478027,218.7348632812,218.0645904541,217.9178009033,218.0713500977,218.0303955078,217.7772216797,217.5519561768,217.0799407959],"1":[497.1981811523,497.9979248047,498.7847595215,499.4317932129,499.5933532715,500.1760253906,499.9729614258,499.9610900879,531.1718139648,530.7352294922,530.8549804688,531.1248779297,531.0225830078,531.3409423828,531.4676513672,531.2360229492],"2":[217.8184814453,218.3283081055,218.4741821289,218.5136108398,218.3709564209,218.6202697754,218.6429138184,219.7387084961,246.3137817383,246.0577392578,246.2064971924,246.3845825195,246.4003295898,246.7850952148,246.5527038574,245.5040283203],"3":[767.0282592773,766.466796875,766.3580932617,766.5283813477,766.7259521484,766.4467773438,766.0269165039,766.1458740234,793.1542358398,792.9666137695,793.3983154297,793.6303710938,793.5366821289,793.3862915039,793.5681762695,793.9917602539],"4":[763.0024414062,762.5709228516,762.4328613281,762.5229492188,762.3806762695,762.2160644531,762.2836914062,763.5494384766,792.9592895508,793.263671875,792.4841308594,792.3385009766,792.3492431641,792.0880126953,792.3999023438,792.4889526367],"5":[534.1391601562,533.7448730469,533.6900634766,533.7883911133,534.3292236328,534.8294677734,535.4381103516,536.3438110352,560.7940673828,560.5509033203,560.0198364258,559.6447143555,559.6657714844,559.8965454102,559.6469726562,559.5147705078],"6":[529.1121826172,529.200012207,529.6163330078,529.7410888672,529.9995117188,530.5657958984,530.8819580078,530.4423217773,557.6030883789,558.4281005859,558.8885498047,559.2026367188,558.8825073242,559.3948974609,559.8004760742,560.1201782227],"7":[502.6296386719,502.0903930664,501.2709350586,500.5260009766,500.4144287109,499.9582519531,498.9441223145,498.0780029297,532.0170898438,533.0934448242,533.8772583008,533.9577636719,533.8707275391,533.8552246094,534.7106933594,534.4086914062],"8":[833.9940795898,832.7542724609,830.5884399414,823.7525024414,813.890625,801.4395751953,787.8213500977,777.9689941406,802.8890380859,816.9344482422,830.5042114258,844.0167236328,853.8070068359,861.8405151367,866.1817626953,866.6053466797],"9":[219.5081481934,219.5002593994,219.5778198242,219.2450714111,219.2714233398,219.1682739258,218.8742675781,219.4589538574,244.7746582031,245.272277832,245.2277832031,245.4646911621,245.7258300781,246.0077514648,245.8293457031,244.8685302734],"10":[852.7239379883,848.7042236328,846.3372802734,844.1318359375,841.8776855469,839.4683227539,836.9786987305,834.4709472656,860.2532958984,863.5063476562,865.775390625,868.2290039062,870.6875,873.2264404297,875.3272705078,876.5559082031]},"text":{"0":"Killat","1":"Rusas","2":"Belka","3":"cr.","4":"tian","5":"r.","6":"tor","7":"m-el-","8":"Makreis","9":"el-","10":"el-"},"score":{"0":0.9866781235,"1":0.7918444276,"2":0.6029786468,"3":0.9038622379,"4":0.9419544935,"5":0.6661902666,"6":0.9524046779,"7":0.7008888721,"8":0.9841136336,"9":0.4966145754,"10":0.5571604967}}