{"polygon_x":{"0":[798.4357910156,809.0810546875,820.3246459961,831.6142578125,842.3088989258,852.9420166016,863.4374389648,874.48046875,874.7671508789,863.8009643555,853.1324462891,842.3609008789,831.7650146484,820.8850097656,809.9671630859,798.5287475586],"1":[733.1743164062,757.2592163086,781.4157714844,805.098815918,829.1417236328,853.5003662109,877.8433837891,901.8124389648,900.9557495117,877.6799926758,853.9752807617,829.5358886719,805.3264770508,781.3595581055,757.1848144531,733.0086669922],"2":[927.7250976562,938.2050170898,948.8943481445,959.2395629883,969.4155883789,980.0061035156,990.5998535156,999.9358520508,999.9516601562,990.8368530273,980.4880371094,969.7270507812,959.2495117188,948.9040527344,938.6206054688,927.6650390625],"3":[787.5679931641,803.3143310547,819.6058349609,835.6588134766,852.1534423828,868.2124023438,884.0263671875,900.9174804688,893.4968261719,877.1231689453,860.8636474609,845.0934448242,828.7056884766,812.1361694336,795.6365966797,779.6072998047],"4":[496.588470459,509.3151550293,522.335144043,535.1829833984,548.3794555664,561.2117919922,574.0889892578,587.9830322266,586.9846191406,573.6693725586,560.7677612305,547.858581543,534.7551269531,521.6774291992,508.4890136719,495.2505187988],"5":[295.6707763672,312.6396484375,329.9102172852,347.5532226562,365.2412414551,382.8317565918,400.0838623047,417.2872314453,416.7163391113,399.290435791,381.7283325195,363.7227172852,346.3109741211,328.0130004883,310.4351806641,293.4806518555],"6":[442.0062866211,458.9698486328,476.1162719727,492.820892334,509.9243774414,526.0698852539,542.520324707,560.0543212891,559.217590332,541.934753418,525.5372314453,508.7493286133,492.0673828125,475.2092895508,458.3353881836,441.1248474121],"7":[884.7732543945,890.2664794922,895.1447143555,900.9073486328,905.9180908203,911.7772827148,916.8732910156,922.2982177734,922.6666259766,917.6683959961,911.8677368164,906.5703735352,901.927734375,896.9165649414,891.6536865234,885.7185058594],"8":[607.0549316406,614.2462768555,621.1638793945,628.0641479492,635.0198364258,641.5465698242,648.3077392578,655.5992431641,655.6820068359,648.7814941406,641.2891845703,634.6779785156,628.1416015625,621.3300170898,614.2598876953,606.7202148438],"9":[938.3715209961,946.2965087891,954.9957885742,963.6380615234,972.2655639648,980.5405273438,988.5669555664,998.0104980469,990.6898193359,981.5599975586,973.3933105469,964.7679443359,956.4547119141,948.5134277344,939.7056884766,931.2988891602],"10":[266.6679382324,277.1020812988,287.7820129395,298.1805419922,309.2815551758,320.1723937988,331.0458068848,342.112487793,341.4781494141,330.7306213379,319.642578125,309.0136108398,298.2816772461,287.5261230469,277.386505127,266.3201904297],"11":[244.2312316895,255.4617004395,266.1483459473,276.8663330078,287.9554443359,298.8067626953,310.181640625,320.9385681152,320.3506164551,309.4438476562,298.3180847168,287.167388916,276.3578491211,265.0096130371,254.4120025635,243.0673980713],"12":[593.4304199219,606.6470336914,619.3653564453,632.5186767578,645.4013061523,658.0008544922,670.5217285156,683.2604370117,684.3463134766,671.7896728516,658.5220947266,645.6657714844,632.5661010742,619.5451660156,606.7032470703,593.0294189453],"13":[134.4886627197,145.573348999,156.4699707031,167.3197784424,178.3881835938,189.1075439453,199.8254394531,211.3527679443,210.7462768555,199.7339630127,189.3294677734,178.4812774658,167.4606018066,156.4607086182,145.6049041748,134.3823394775],"14":[567.4323120117,572.4911499023,577.0233764648,581.8248901367,586.5993652344,592.1173095703,597.1292724609,601.6752929688,601.8453369141,597.6360473633,591.9375,586.8033447266,581.8168945312,577.3916015625,572.813659668,567.482421875],"15":[312.5284423828,323.1088256836,334.1829833984,344.7073974609,355.7925109863,366.8937683105,377.7479553223,388.6417236328,388.3823852539,377.6153564453,366.9628295898,355.4075622559,344.4161987305,333.2133789062,322.405456543,311.4378051758],"16":[292.4876708984,307.4486083984,321.4194946289,335.2670898438,348.8785095215,362.1239929199,375.0393066406,387.7138671875,386.9885864258,374.3036193848,361.1046142578,348.3609313965,334.7299499512,321.094909668,307.6181335449,292.7044372559],"17":[785.5475463867,804.7947998047,822.7139282227,842.0638427734,859.9149169922,878.18359375,895.2676391602,913.4649658203,917.6868286133,899.0509643555,881.0043334961,862.5393066406,844.3457641602,825.8349609375,807.2607421875,788.8872070312],"18":[658.0281982422,672.0871582031,686.7485961914,701.5294189453,716.5633544922,730.4102783203,744.7818603516,761.5823974609,756.9232788086,741.8222045898,728.169921875,714.0271606445,700.2503051758,686.5900268555,671.9173583984,657.6242675781],"19":[0.7582107186,11.4535446167,21.585111618,32.5697441101,43.0832443237,53.5356712341,63.6800918579,74.0198974609,73.5488204956,63.2546463013,52.8707122803,42.7919082642,32.3210754395,21.7969207764,11.290602684,0.3107535839],"20":[735.1003417969,741.6943969727,748.0095825195,753.9574584961,759.9984741211,766.1774291992,772.0032348633,778.2189331055,775.8481445312,769.7280883789,763.7182617188,757.854309082,752.0624389648,746.2225952148,740.4270019531,734.3401489258],"21":[957.3942871094,964.5137939453,971.2490234375,977.1228027344,982.9852905273,988.4678955078,994.2127685547,999.8851318359,999.9105224609,994.6990356445,988.9930419922,983.099609375,977.2294921875,970.9940185547,964.4416503906,956.956237793],"22":[693.4183349609,698.7912597656,703.6936035156,708.7164916992,713.2427978516,718.5316162109,723.1879272461,727.5816650391,730.3833007812,725.638671875,720.2676391602,714.9689941406,710.0166015625,705.1975097656,700.5498657227,694.4251708984],"23":[522.0276489258,525.0500488281,527.0902099609,529.2047119141,530.61328125,532.1063842773,533.4008789062,534.4541625977,518.9449462891,515.6801147461,514.8577880859,512.2987060547,509.9060058594,507.8007202148,506.0160827637,504.4780273438],"24":[0.1652134657,5.863547802,11.4594211578,17.455499649,23.4268760681,29.4230365753,35.7278442383,43.2084312439,45.3872909546,37.1179466248,30.2174453735,24.4371528625,18.267829895,12.4851903915,6.2767066956,0.2957438827],"25":[586.7313232422,609.9720458984,635.9667358398,661.7554321289,688.966003418,715.6436157227,744.4987792969,772.1795654297,774.3009033203,750.544921875,725.9132080078,699.5006103516,670.4722900391,644.8749389648,619.0388793945,595.2310791016]},"polygon_y":{"0":[858.9110717773,859.4539794922,860.1228027344,860.2014770508,860.3413085938,860.8337402344,861.4022216797,861.4673461914,894.7030029297,894.8016967773,894.7329711914,894.630859375,894.4359741211,894.4290771484,894.5859375,894.2135009766],"1":[775.6342163086,776.4173583984,776.4221191406,776.4132080078,776.7314453125,776.6014404297,775.8618774414,775.8844604492,811.4385986328,811.4553833008,811.639465332,811.7723388672,811.4295654297,811.1412963867,811.1615600586,811.0055541992],"2":[860.9880981445,861.4413452148,861.9340820312,862.5631713867,863.1147460938,863.5405883789,864.6520996094,864.6831665039,894.6380615234,894.6319580078,894.498046875,894.3228759766,894.3848876953,894.3782958984,894.53515625,894.3843994141],"3":[675.380859375,678.7421264648,682.4154052734,687.2126464844,692.8625488281,698.3172607422,703.0107421875,709.841796875,740.5775146484,734.5337524414,728.6795043945,723.546875,718.8225708008,713.5950927734,709.0911254883,705.1333007812],"4":[634.5941772461,633.8953857422,632.7041015625,632.0848388672,632.26953125,632.0056762695,632.0455322266,631.6965332031,662.1345214844,662.1405029297,661.8594360352,661.6698608398,661.7070922852,661.7408447266,661.6806640625,661.5122070312],"5":[759.9281005859,760.4605712891,761.1260986328,761.5615234375,762.1303710938,762.5871582031,762.4133300781,762.2701416016,800.0548706055,798.1312255859,796.7192382812,796.3873901367,794.5394897461,793.7201538086,794.5427246094,796.0695800781],