{"polygon_x":{"0":[729.3713989258,764.8870239258,799.8801269531,836.0802001953,871.0810546875,906.4912109375,941.3393554688,976.2943115234,972.4691162109,938.6477050781,903.3401489258,867.47265625,832.8335571289,796.3090820312,761.4175415039,726.8505249023],"1":[886.0339355469,896.2272949219,903.1082763672,911.3495483398,920.7009887695,927.8934326172,933.4222412109,938.2671508789,963.0880126953,960.7924804688,957.561340332,953.1304931641,946.6925048828,937.6842041016,921.6768798828,901.5725097656],"2":[75.1258773804,86.6296463013,97.6999282837,108.8077545166,119.4833679199,130.62890625,141.9953613281,153.1488189697,152.5371704102,141.9984588623,130.5944366455,119.435043335,108.2246856689,96.8391036987,85.8173675537,74.4994659424],"3":[315.8776855469,326.4454956055,337.3549194336,348.2498779297,359.2721862793,370.4599304199,381.3599853516,392.5124816895,391.1382751465,380.9187316895,369.2448120117,358.1775512695,347.1065979004,335.9430236816,325.2778625488,313.7746887207],"4":[841.4906005859,847.5141601562,853.2213745117,858.9666748047,864.6262207031,870.5090332031,876.3388061523,882.4812011719,887.5711669922,880.8692626953,875.2412109375,869.5258178711,863.6856079102,857.9448852539,851.9454345703,846.1011352539],"5":[117.9813079834,131.7226715088,146.467666626,160.9973907471,175.6688842773,190.1416625977,205.2382507324,220.3950195312,220.6998901367,205.8885040283,190.5471801758,175.2314758301,160.5307159424,145.438293457,130.3150939941,116.2036972046],"6":[938.7973022461,948.0677490234,956.7730712891,965.5703125,974.1184082031,983.0892333984,991.7709960938,999.9107666016,999.8693847656,991.6113891602,982.8967285156,974.091796875,965.2457275391,956.6124267578,947.9495849609,938.6827392578],"7":[78.6568222046,90.1203765869,101.8384552002,113.6368255615,125.4365997314,137.4066619873,148.8322296143,160.4681396484,160.4113464355,148.5129547119,137.1912841797,125.1447677612,113.669052124,101.7283935547,90.3476104736,78.0482406616],"8":[24.1535968781,34.8190727234,46.7329101562,58.9012184143,70.5317840576,81.9120025635,93.2571868896,105.3042755127,104.0434417725,93.3245773315,81.7029724121,70.5138549805,59.0249214172,47.1445846558,35.6723670959,23.9302406311],"9":[306.7046813965,322.564666748,336.9373779297,352.1631164551,368.3172912598,382.5724487305,396.8957519531,412.7356567383,401.9725952148,386.5235900879,370.972442627,356.2219543457,341.2825317383,325.8908081055,310.8590087891,293.9736328125],"10":[282.4413146973,286.404296875,290.8616333008,294.4320983887,298.4560241699,302.2399902344,305.9345092773,310.7248535156,325.9377441406,321.9038391113,317.7391052246,314.5969848633,310.4989929199,306.2448425293,302.0917663574,297.1727600098],"11":[0.4159913957,4.2018327713,7.2862143517,10.6089782715,13.2628259659,15.9545612335,18.2066326141,21.0169830322,22.2371406555,19.5542259216,16.5527420044,13.5153179169,10.2098789215,7.376180172,4.2609591484,0.3003378808],"12":[4.6608514786,13.2949066162,20.8197975159,28.8067340851,36.5274658203,43.9967918396,51.9430541992,59.7478904724,58.9700317383,51.6991386414,43.326877594,35.4394645691,27.71824646,19.7514152527,11.3470630646,2.5490653515],"13":[69.3914489746,75.655128479,81.5264282227,87.0712738037,93.3169174194,99.1188354492,104.2524642944,108.9169464111,109.9946670532,104.8444824219,99.4936065674,93.4708557129,87.2843093872,81.3697891235,75.4561157227,69.5652084351],"14":[269.8150939941,292.7717895508,315.8346862793,339.2788391113,363.1505126953,385.747833252,407.9080505371,429.8384094238,417.2024536133,396.9102783203,373.328704834,350.9547119141,328.7774353027,305.8165588379,283.4558410645,260.8409423828]},"polygon_y":{"0":[123.7854766846,126.5248947144,129.0472106934,131.9375,135.1083831787,137.9759521484,140.3061828613,144.7576446533,189.2580566406,186.3415527344,183.2110900879,179.5821838379,176.1392364502,172.9185333252,170.5377197266,167.2368164062],"1":[304.7006530762,298.7106018066,295.3581237793,286.1368408203,268.640411377,252.6742706299,237.4867553711,221.6995544434,231.3282470703,250.2174987793,263.6762084961,275.8887939453,291.1933288574,305.9097290039,321.356048584,329.7344665527],"2":[694.3813476562,692.3636474609,691.4460449219,691.9149780273,692.2042236328,692.4341430664,691.5667724609,691.9461669922,719.9271240234,719.8938598633,719.8330078125,719.9356689453,719.6460571289,720.0625610352,720.4181518555,720.3948364258],"3":[500.0573425293,499.0935058594,498.736114502,498.515625,498.7457885742,498.6713256836,498.1672363281,498.9510803223,525.6304321289,525.2977905273,524.686706543,524.5897216797,524.2905273438,524.6060791016,524.5414428711,524.1182861328],"4":[307.9066772461,306.0689697266,305.3046264648,304.1241455078,302.8542785645,301.4906921387,300.514465332,299.4917602539,328.7728271484,329.5887756348,330.4566650391,331.1041259766,332.6853027344,333.5493774414,334.9874572754,336.048828125],"5":[776.6220703125,776.8557739258,776.6472167969,776.4932861328,776.2429199219,775.7152709961,775.72265625,775.7878417969,812.3168945312,812.8077392578,813.9398803711,813.7643432617,813.9799804688,814.6627807617,815.9241333008,814.2576904297],"6":[47.2676506042,46.5750808716,46.8075866699,47.4044189453,47.8036956787,47.6519622803,48.1665382385,48.5827789307,80.4934844971,80.6148147583,80.5329818726,80.5531387329,80.6549453735,80.8821563721,81.364402771,81.2161560059],"7":[567.0715942383,566.7585449219,566.6137084961,566.2914428711,565.8541870117,565.4426269531,565.1146240234,564.821472168,596.0103149414,596.1436767578,595.9666748047,596.1896362305,596.3567504883,596.6325683594,597.1860351562,597.1240234375],"8":[363.5673217773,362.8818359375,360.9835205078,361.0212402344,360.5017089844,360.1953430176,359.0644836426,359.0729064941,388.6959838867,388.7893066406,388.8729248047,388.6311340332,388.7965698242,389.3479003906,389.8301391602,389.9951171875],"9":[889.2263183594,894.4313964844,900.7869873047,907.6795043945,915.0430297852,922.6672363281,930.8388671875,939.7662353516,960.8852539062,953.0272827148,944.7502441406,937.2424926758,930.1177368164,923.0703735352,916.9827880859,909.9449462891],"10":[964.2618408203,961.2119140625,958.8626708984,957.3425292969,955.3580322266,953.4872436523,951.1328735352,949.1967773438,975.2409667969,978.6403808594,980.9410400391,982.8111572266,984.9055175781,987.2503662109,989.8101196289,992.9626464844],"11":[863.2766113281,863.2023925781,863.4080810547,863.3807373047,863.1878662109,863.112487793,862.8579711914,863.0768432617,894.4867553711,894.5111083984,894.2597045898,894.1590576172,894.334777832,894.5406494141,894.7612304688,894.8242797852],"12":[778.9733276367,778.3090209961,778.8556518555,778.8779296875,778.9459228516,778.9102783203,778.9804077148,779.4738769531,810.087890625,810.329284668,810.1411132812,810.2292480469,810.1483764648,809.8077392578,809.7080078125,809.8759765625],"13":[781.8000488281,780.001953125,779.4052734375,778.6255493164,777.9822998047,777.4444580078,777.2340087891,776.983581543,809.7697753906,810.1119384766,810.094909668,810.7747802734,811.4913330078,811.9652709961,811.5921020508,811.3595581055],"14":[816.9205322266,820.7428588867,828.1292114258,835.0757446289,843.6302490234,853.7359008789,864.6619873047,876.3916015625,904.7177124023,894.454284668,884.5947875977,876.4169921875,869.1131591797,862.782043457,855.9677734375,851.0659179688]},"text":{"0":"Akabch","1":"Anata","2":"ruin","3":"ruin","4":"to","5":"Hejjch","6":"Ain","7":"tank","8":"arin","9":"ruin","10":"R","11":"d","12":"ket","13":"el-","14":"Field"},"score":{"0":0.9922526479,"1":0.9875620604,"2":0.9700353742,"3":0.9601433277,"4":0.9814084172,"5":0.9589723945,"6":0.982452035,"7":0.9784153104,"8":0.9700525403,"9":0.6392611265,"10":0.6964719892,"11":0.7039851546,"12":0.9506582022,"13":0.4706714153,"14":0.7601028681}}