{"polygon_x":{"0":[69.6071014404,70.5178146362,71.8276290894,73.0539779663,74.7198104858,76.5908584595,78.2182617188,78.2217559814,110.8583145142,111.1276626587,110.414932251,110.6604385376,110.6780853271,110.6487426758,110.0820159912,109.8750457764],"1":[179.3295593262,176.8828735352,176.3554229736,176.1664733887,176.0193634033,176.3720397949,174.5665283203,174.3408966064,205.5453338623,206.0274658203,205.6237182617,205.681854248,206.244644165,208.0630493164,211.2170715332,213.7815704346],"2":[26.5319442749,27.1644001007,27.4914627075,27.6545906067,27.6790027618,27.1792526245,27.2429580688,27.0739555359,55.5291748047,56.3073883057,56.2885246277,56.2655601501,55.9850883484,56.3775558472,56.1040840149,55.8028335571],"3":[19.215467453,19.7730197906,20.9136867523,22.1790046692,23.4151744843,24.8899936676,24.5914077759,21.5431404114,55.0093269348,56.345375061,56.6148834229,56.8910140991,56.697013855,56.3071632385,55.7764129639,56.2779426575],"4":[402.9112548828,402.9062194824,403.8766479492,404.6804504395,405.438079834,406.2891235352,406.7134094238,406.5180053711,438.4147338867,439.3426513672,438.7893066406,438.4553222656,438.0677490234,438.1425170898,437.9713745117,438.5985717773],"5":[30.4983215332,31.0716552734,30.6796455383,31.2989082336,31.609992981,31.3545951843,31.7995071411,31.3266983032,56.123550415,55.9886169434,55.5385818481,55.3797950745,55.2967262268,55.3873023987,55.2097091675,55.325466156],"6":[367.500579834,367.8162231445,368.2119445801,369.2622680664,369.9063415527,371.2668457031,373.3503417969,374.9176330566,403.9310302734,404.424621582,404.3830566406,404.3368835449,404.1651611328,402.8937072754,401.5615539551,401.3954467773],"7":[26.6916370392,24.7333431244,23.9964790344,23.9022598267,24.044713974,24.1330890656,24.3116588593,24.159116745,55.3775482178,55.9453201294,55.9399414062,56.0795440674,55.8729743958,56.6345024109,56.2376098633,59.5371437073],"8":[752.4696044922,761.3662109375,770.8356933594,779.8751220703,789.0612182617,798.1844482422,807.3263549805,816.3286132812,819.8693847656,811.0023193359,801.9556884766,792.0844726562,783.0856933594,773.6433105469,764.4776000977,755.0692749023],"9":[752.7335205078,759.7551879883,767.2248535156,774.4393920898,781.8956298828,789.7109375,797.4243164062,805.9256591797,807.2107543945,800.3559570312,792.7449951172,784.5541381836,776.9515991211,769.2682495117,761.819152832,753.9550170898],"10":[26.1035633087,26.7259960175,27.472990036,28.3982639313,29.6239833832,30.9125137329,32.2573394775,32.0185394287,58.8417778015,58.9831886292,58.2621154785,57.6076965332,57.2598342896,57.6336135864,57.4748954773,57.6707496643],"11":[167.3798828125,170.8386230469,173.4859924316,174.4682006836,175.0624237061,174.8564453125,173.9015197754,171.2091064453,207.8460540771,207.3816223145,208.7300720215,208.8945159912,209.4373321533,209.0186920166,207.5370941162,207.0450134277],"12":[79.834312439,79.6197280884,79.6253051758,79.6420059204,79.6483840942,79.8371810913,80.0308074951,79.3982849121,109.3346557617,108.5989837646,108.4295959473,108.2605667114,108.080329895,108.3867645264,109.0777740479,109.9026412964],"13":[153.7550048828,152.2697753906,151.8189849854,151.6316223145,151.1644287109,151.0711975098,151.3770141602,151.1680297852,179.2337646484,177.7972412109,177.6194915771,178.0233764648,178.1391296387,177.9643096924,177.5519104004,178.9158782959],"14":[29.6191520691,29.0266571045,28.9375228882,29.1577072144,30.2755146027,30.7747001648,31.3639240265,31.5694084167,57.524810791,58.010597229,57.8966522217,58.0844955444,57.9709396362,58.1557655334,57.6743354797,57.6607704163],"15":[379.1067199707,378.5053710938,377.5496826172,377.9521179199,378.6544189453,378.9550476074,378.8856811523,378.2449035645,404.0832519531,403.9760742188,403.875,403.7701721191,403.8455810547,403.9815063477,404.2451171875,404.4669799805],"16":[152.0346984863,151.3438262939,150.9501953125,150.9434967041,150.7625427246,150.593170166,150.9154663086,151.0308990479,175.851776123,175.9587097168,176.2393035889,175.9710693359,175.8134460449,175.4379119873,175.3561401367,175.790222168],"17":[73.9856643677,73.9945297241,75.3481903076,76.2820281982,76.0573501587,75.1822128296,74.1142272949,70.5304641724,108.3385467529,109.629776001,109.5501861572,109.7785949707,110.1945037842,110.2855987549,109.6400375366,109.1608047485],"18":[27.6148376465,27.90558815,28.2744407654,28.5331382751,28.4885311127,28.4927196503,28.2927112579,26.7383232117,56.9799232483,57.6826553345,57.4618148804,57.4782028198,57.4609451294,57.5455245972,57.0718574524,57.33751297],"19":[27.4282493591,27.2525043488,27.6026515961,27.3637943268,27.0473957062,25.9857578278,25.4855194092,25.2429027557,55.1460990906,55.1208305359,55.2217712402,55.5089111328,55.3070755005,55.6386146545,55.7350387573,55.8722686768],"20":[149.8411254883,149.6608276367,148.8419494629,149.2217407227,148.8011016846,148.1147460938,147.0779571533,146.6949310303,169.7174072266,170.349029541,170.8337249756,170.6379699707,171.1961517334,171.6692352295,173.1454620361,174.4851074219],"21":[404.8610839844,403.6444702148,403.4712524414,403.0433959961,403.6014404297,403.7678833008,403.8421325684,403.5341186523,381.5120849609,379.5060424805,379.162109375,379.1046447754,379.0815734863,379.783782959,379.5626525879,377.6979980469],"22":[13.1946544647,13.1827697754,13.3171949387,14.8345756531,16.2459506989,15.3342285156,14.5247707367,9.5647192001,45.1601257324,48.7586669922,48.8710975647,48.4595336914,48.5152397156,48.1229782104,47.5697097778,45.9177818298]},"polygon_y":{"0":[653.3031005859,631.6041259766,611.0655517578,591.7561645508,570.2461547852,548.2109375,526.3458862305,505.1403198242,509.5172424316,529.7976074219,551.1086425781,572.3065795898,593.5186767578,612.3244018555,633.1038818359,653.6351928711],"1":[584.8245849609,565.6784667969,546.9208374023,528.3674316406,506.4562988281,487.6664733887,465.7699584961,445.9066467285,451.6571044922,472.2167358398,489.9829406738,509.5213623047,528.7822265625,546.361328125,564.5115356445,584.9935913086],"2":[494.5104675293,478.5966796875,463.128112793,447.6044006348,431.5853271484,414.4822998047,397.9230957031,381.2277832031,381.4608154297,397.3437194824,414.2009887695,430.3162841797,446.5426635742,461.7292785645,476.8746337891,492.9348754883],"3":[90.1311950684,79.0222473145,67.2365570068,54.3180274963,43.1849365234,31.9412078857,21.2048301697,3.7400081158,0.4093727171,15.7705383301,30.0042266846,42.3818130493,54.071269989,65.2678527832,76.7486877441,87.9353256226],"4":[71.0358276367,62.5280914307,51.7900924683,41.4422454834,31.1275405884,20.9797401428,10.6737537384,0.0470174477,0.3606715202,11.6673812866,21.878194809,31.5692310333,41.5462112427,51.9187011719,62.5466880798,72.4750061035],"5":[378.9602355957,370.6402587891,363.6649780273,356.0532836914,348.4488525391,340.3876953125,332.5860595703,322.6353759766,324.3258972168,332.5144042969,340.1925048828,348.4302062988,356.0831298828,362.8402709961,370.7942199707,379.9295043945],"6":[909.3822631836,889.8888549805,871.2016601562,852.1927490234,833.1414794922,813.9395751953,793.5244750977,775.482421875,771.9403686523,792.903503418,812.3928833008,832.3823242188,852.2281494141,871.2224731445,889.2932739258,907.8695678711],"7":[606.9167480469,596.5172119141,585.1374511719,575.5588378906,565.1535644531,554.700378418,544.701171875,532.9522094727,533.0210571289,543.5277099609,553.0861816406,563.6080322266,573.4170532227,585.3385009766,595.5723876953,609.3843383789],"8":[897.5903320312,897.2509765625,896.6196289062,895.8931884766,895.1178588867,894.37109375,893.7000732422,892.7802124023,928.4244384766,929.5659179688,930.5459594727,931.4476318359,931.8641357422,933.1057739258,934.1470336914,934.7424316406],"9":[443.9146728516,443.7768859863,442.7241210938,442.0877685547,440.9744567871,439.8104248047,438.998840332,438.0689086914,474.0170288086,474.2001342773,475.6149902344,476.0403442383,476.6259155273,477.7722167969,478.5361328125,479.1158752441],