{"polygon_x":{"0":[421.3822631836,440.5855712891,458.8476867676,477.5078735352,496.4786071777,515.8768920898,534.5545654297,554.2183837891,572.2637939453,551.8112182617,533.708984375,516.4865722656,498.0974121094,478.3638916016,459.9213256836,440.3403930664],"1":[347.1907958984,370.8958435059,394.3026733398,417.5968017578,440.8165283203,463.3495483398,486.0103149414,508.7310180664,507.9337158203,485.8239746094,462.7672729492,439.8187255859,416.9598388672,394.0084533691,371.2783508301,348.0197753906],"2":[508.310546875,530.0905151367,551.1804199219,573.7520751953,595.2337036133,616.7827148438,637.9512329102,658.7690429688,658.1335449219,636.4967651367,614.6310424805,593.0913696289,571.8926391602,550.1439208984,528.3806762695,507.61328125],"3":[159.1692199707,181.3568878174,202.7627563477,224.3709106445,245.9892578125,266.627532959,287.4949951172,308.8108520508,308.8067932129,288.0889282227,266.5454711914,245.2848510742,224.03855896,202.9151000977,181.4855804443,160.0367126465],"4":[520.9401245117,541.5950927734,564.0681152344,585.7218017578,606.7490234375,629.2440185547,650.2490844727,672.6821289062,676.1846313477,654.5905151367,633.0238647461,610.9559936523,589.57421875,568.0598144531,545.8818969727,524.0725708008],"5":[124.9629974365,140.8100585938,155.9878387451,171.8176879883,188.4729309082,204.395614624,220.3682250977,237.8284912109,251.9960327148,236.1680603027,220.6446990967,204.6043395996,187.8026123047,170.4374389648,154.8634643555,138.9072265625],"6":[143.9123382568,156.5407104492,169.1198730469,182.2952880859,194.4620666504,206.6435089111,218.6818084717,231.4259643555,232.0889434814,219.67237854,207.2639465332,194.8355865479,182.5274047852,170.0575408936,157.6229705811,144.8033294678],"7":[511.3888549805,521.9146728516,532.8060913086,543.7137451172,554.1003417969,564.3557128906,574.9736328125,586.2678833008,585.7747192383,575.4267578125,564.6243896484,554.1706542969,543.7294311523,533.1831054688,523.0030517578,511.5110473633],"8":[250.0881195068,263.585144043,277.0752868652,291.3428955078,304.9336547852,318.3072509766,332.0631713867,346.6827087402,355.8608398438,341.5266418457,327.4702453613,312.4844970703,297.2791748047,282.0603942871,267.3677368164,251.4221496582],"9":[670.4079589844,669.6674194336,670.0186767578,668.9693603516,667.6359863281,666.462890625,665.6372680664,664.0536499023,691.5457763672,692.8973999023,693.9036865234,694.4625244141,695.7210693359,697.376159668,697.3572998047,698.4573364258],"10":[539.1203613281,554.5342407227,568.0626831055,581.9024047852,596.3338623047,610.9508056641,625.4954833984,640.5360107422,643.7839355469,628.6990966797,614.7080688477,600.1036987305,586.4211425781,571.8016967773,558.2349853516,542.6849975586],"11":[930.3555908203,934.9399414062,939.5549926758,943.5491333008,947.8107299805,952.272644043,957.0617675781,961.6785888672,965.2874755859,961.537109375,956.5943603516,951.7971191406,947.3990478516,942.9418945312,938.4050292969,933.8342285156],"12":[502.5632324219,502.0712585449,499.8317260742,498.5865478516,496.921661377,495.7842712402,493.6120605469,490.71875,517.8246459961,519.2677001953,520.7717895508,522.1780395508,523.6395874023,524.7081298828,526.3817138672,528.6330566406],"13":[593.8375244141,597.6914672852,600.9774780273,604.0538330078,607.6380004883,610.9932861328,614.3316040039,617.0848388672,618.0933227539,615.3223266602,611.5584716797,608.0884399414,604.6737060547,601.3015136719,598.0941162109,594.3600463867],"14":[678.4252929688,685.5431518555,692.121887207,698.5357666016,704.6100463867,710.8285522461,717.4962158203,724.2247924805,727.1759643555,720.7944335938,713.9962158203,707.6114501953,701.145324707,694.6605224609,688.176574707,681.1322631836],"15":[963.7503051758,968.606262207,973.4606323242,978.0910644531,982.6197509766,987.5170898438,992.1326904297,995.8726806641,999.9378662109,995.7353515625,991.1896972656,986.8759155273,982.528137207,977.9677734375,973.360534668,968.3517456055],"16":[354.7196655273,368.3868408203,381.3653259277,394.0751953125,407.5419921875,419.9669189453,432.6608886719,447.0867614746,477.1200561523,459.7185974121,444.8605651855,431.8258056641,421.1421203613,410.74609375,401.1122131348,390.0315551758],"17":[959.9072875977,963.2275390625,966.946472168,970.8734741211,974.5580444336,978.7375488281,982.6213989258,986.0944824219,988.4033813477,984.3444213867,980.5310058594,976.3983764648,972.5497436523,968.8373413086,964.97265625,961.4122924805],"18":[532.1469116211,535.5833740234,538.7388916016,541.798828125,546.0173950195,549.6102294922,552.2510375977,555.2102050781,580.4216918945,576.7518310547,573.6670532227,569.1254272461,565.1187133789,560.8438720703,557.9471435547,552.8948364258],"19":[328.072479248,335.8985595703,343.744140625,351.122467041,359.0565490723,365.7881469727,373.1123352051,380.9411010742,379.9298095703,370.9897155762,362.6427612305,354.2434692383,347.24609375,339.9899597168,331.6120605469,324.6125793457],"20":[460.0070495605,463.5291137695,467.0078125,470.4072875977,473.5083618164,477.5025634766,481.2600097656,484.9030761719,487.3174438477,483.5741882324,480.1941223145,476.428527832,472.6845092773,468.6582641602,465.2929382324,461.5433959961],"21":[39.4828338623,53.2674598694,67.0476074219,81.0626068115,94.4468612671,107.6265258789,120.742477417,134.3224182129,135.1151885986,121.7605514526,108.2261276245,94.220664978,80.9240264893,67.6874313354,54.7219848633,40.9859313965],"22":[825.2075805664,829.5103759766,835.2370605469,840.7947998047,846.5234985352,851.8266601562,857.1185913086,863.2129516602,866.9079589844,862.3090209961,856.8234863281,850.7870483398,845.250793457,839.8358154297,834.069519043,829.0122070312],"23":[519.9193725586,517.9019165039,516.5349121094,515.969909668,514.8878173828,513.4567871094,513.1204833984,511.7319030762,536.8018188477,537.727722168,539.0631713867,540.0106811523,541.1776123047,541.7811279297,543.2327270508,544.3797607422],"24":[822.8420410156,834.3046875,851.9324951172,869.1584472656,885.2212524414,903.0880126953,912.7525634766,923.4823608398,945.8671875,937.3908081055,919.6435546875,903.7451171875,888.6540527344,871.5712890625,856.0999755859,841.60546875],"25":[645.7022705078,649.8199462891,653.6799316406,657.6215820312,661.5778198242,666.1384277344,670.061340332,674.9940185547,678.2419433594,673.063659668,668.0447387695,663.606628418,659.2485351562,655.6790771484,651.7618408203,647.5109863281],"26":[237.1707458496,247.2522277832,256.3374023438,266.2542114258,273.4937744141,282.2827758789,290.6068115234,295.270690918,325.9362487793,314.6469726562,303.76171875,294.598815918,288.4161376953,282.5830688477,273.624786377,265.5394897461],"27":[634.5357055664,637.9219360352,640.5923461914,643.8111572266,646.5365600586,649.5700073242,652.9302368164,656.2445068359,661.8394775391,658.7438964844,656.0659790039,653.0217895508,649.7442626953,646.7514648438,643.5466918945,640.2164306641],"28":[47.5639953613,53.5448303223,60.1806411743,65.8599700928,70.4457321167,74.7275924683,75.4583282471,73.810760498,100.9838943481,100.1923522949,98.6360321045,95.9072418213,91.8813323975,86.3897018433,79.2884368896,70.4866256714]},"polygon_y":{"0":[287.5791015625,267.8589782715,250.1355743408,231.4473114014,214.2737579346,197.4278411865,182.2517547607,168.0866699219,190.1927337646,208.1550445557,226.7247772217,242.4003601074,259.2350158691,277.2862548828,293.8228759766,310.5317077637],"1":[65.2868804932,66.0507278442,66.5842819214,67.0214691162,68.0802001953,68.3596420288,68.6768569946,68.8422393799,99.9057159424,99.953338623,99.8666992188,99.6852416992,99.5777282715,99.2098999023,99.3692703247,98.9524917603],"2":[0.2210160494,0.409925282,0.4796544313,0.3040376604,0.4504226446,0.5031398535,0.4622561932,0.290701896,24.0834846497,23.6279067993,24.2111473083,24.6056537628,24.7144737244,24.7103500366,24.3106441498,23.0800323486],