{"polygon_x":{"0":[778.2561645508,783.5980834961,789.1037597656,794.4326782227,799.5489501953,804.9674072266,810.0893554688,815.3583374023,814.4936523438,808.977722168,803.5232543945,798.6923217773,793.6691894531,788.4523925781,783.1643066406,777.5844726562],"1":[274.0986328125,276.5850524902,278.4271850586,280.4029846191,282.6618041992,284.8852539062,286.3785095215,289.9702148438,258.1694946289,256.1593933105,255.0714263916,253.3323059082,250.7305755615,248.9378356934,246.4014892578,243.9210357666],"2":[274.3226013184,274.9818115234,275.304901123,275.9378662109,275.1971435547,275.7791442871,276.4761962891,276.4819335938,322.2174682617,321.1248168945,319.7594299316,319.2663574219,319.2126464844,319.9673156738,318.9468383789,320.5712890625],"3":[395.3488769531,397.5695800781,400.0402832031,400.5788879395,406.5419006348,410.3120422363,416.1990661621,420.0235595703,497.4669799805,491.0589294434,487.4901733398,483.4282836914,480.3256225586,478.3464050293,473.7850952148,465.6616516113],"4":[831.5997924805,846.6453857422,862.2362670898,878.6162719727,894.2205810547,910.1307373047,924.1110839844,939.7532958984,933.5836181641,916.7666625977,901.2486572266,885.0067138672,869.0841674805,853.9575805664,838.8237915039,824.0368652344],"5":[968.7822875977,973.6636352539,978.5980224609,983.3477172852,987.7811279297,992.1530761719,996.2789306641,999.927734375,999.8410644531,995.8806152344,991.6687011719,987.36328125,982.7857666016,978.3574829102,973.0004882812,967.7102661133],"6":[247.7670898438,250.4431915283,252.1895446777,253.731048584,256.1551208496,258.0531616211,260.2996826172,262.5902709961,239.4167785645,236.7294921875,234.6437072754,233.0151672363,231.0521240234,229.0412139893,226.9241638184,224.7087402344],"7":[0.0189695992,21.2961921692,46.9591674805,71.3636474609,94.8991775513,120.0501098633,144.3868103027,169.1972503662,184.6773529053,160.4330444336,135.74949646,109.4488372803,84.8582305908,60.6265487671,33.919216156,3.4410097599],"8":[66.0641326904,75.496925354,81.3387145996,89.5548248291,95.4020767212,102.0788650513,107.83644104,117.4081039429,221.2149658203,214.7924194336,208.9921722412,201.5018615723,192.8859710693,184.1345367432,177.2737121582,173.1159667969],"9":[94.8472900391,112.2900314331,126.2505950928,141.4091339111,157.6541290283,174.087600708,200.3207244873,227.739730835,202.2581481934,175.5640411377,144.5894012451,127.7545852661,112.3300170898,97.9183197021,80.6901245117,64.8349914551],"10":[280.9850463867,293.6055908203,312.0133972168,332.2284240723,346.8522644043,351.3571166992,347.6116638184,343.4278869629,385.1001281738,388.746307373,389.4540710449,383.0595092773,369.9849243164,350.9527587891,334.1020202637,323.7537231445]},"polygon_y":{"0":[62.7778320312,62.7222595215,63.0993309021,63.1726989746,63.0756225586,62.9394950867,63.2671775818,63.0484390259,94.0774688721,93.3933639526,93.3325500488,93.2045822144,93.2229003906,93.2271194458,93.2840118408,93.4190750122],"1":[920.6279907227,927.6520996094,934.2287597656,940.3187255859,946.5992431641,951.9689941406,957.2294921875,964.6187744141,974.1275024414,966.2850952148,960.6466674805,953.9434814453,947.5414428711,941.9244384766,936.1524658203,930.4835205078],"2":[806.5506591797,786.0310058594,763.9507446289,742.8577270508,723.5512695312,701.8032226562,680.1791992188,659.4921264648,656.9906616211,678.4314575195,700.5395507812,721.5032958984,743.2320556641,763.1300048828,783.4271240234,803.5148925781],"3":[801.8126220703,790.2131347656,777.2095336914,763.8732910156,751.26171875,741.0397949219,729.7064208984,716.6089477539,740.3012695312,752.401184082,764.9510498047,775.1038818359,785.6059570312,795.8086547852,807.1668701172,822.3812255859],"4":[57.161693573,60.936050415,66.7617721558,72.085899353,77.8004760742,83.0646057129,88.3796005249,93.3869781494,120.2694015503,117.1126480103,112.2120666504,106.6421966553,100.7312774658,95.3124923706,89.5515899658,87.225189209],"5":[34.0999565125,33.8313903809,34.2508926392,34.4697799683,34.334903717,34.5034370422,34.7215194702,34.2705383301,60.8479385376,61.0018692017,61.2438774109,61.1704788208,61.1326904297,61.1103591919,61.2932052612,61.431312561],"6":[854.2925415039,861.4923706055,867.936706543,873.3504638672,879.3828735352,885.0678710938,891.4464111328,897.2907714844,904.2276611328,898.2970581055,892.0769042969,886.6499023438,881.1420288086,875.8790283203,870.0649414062,863.9700927734],"7":[158.8192443848,148.6072387695,137.0583648682,126.1282424927,114.1034545898,101.7604751587,90.3542938232,78.3680419922,106.0165328979,120.9854202271,133.4039611816,144.954788208,156.2540740967,166.432800293,177.4324035645,188.71824646],"8":[315.7532348633,305.31640625,292.7575378418,277.2334289551,263.8839111328,250.0903930664,239.4337310791,224.8811340332,273.3857727051,287.5397338867,298.7680358887,309.8285522461,324.2477722168,339.6333007812,352.1088867188,367.7121276855],"9":[569.4998779297,606.3052368164,644.1107177734,684.8415527344,721.6669921875,755.6859741211,792.0549316406,828.7401123047,840.5191040039,809.4379882812,772.6431274414,734.2602539062,695.9320068359,657.9105224609,619.4145507812,578.6957397461],"10":[630.5975341797,557.5635375977,490.0711669922,415.7377624512,333.990020752,266.5178222656,206.6036224365,138.4737243652,132.6608428955,195.3284912109,263.8217163086,341.3689575195,419.8289794922,498.7934875488,568.5014648438,637.5349121094]},"text":{"0":"S.","1":"W.","2":"Jeb.","3":"K","4":"Balia","5":"Ki","6":"or","7":"Enkeileh","8":"B","9":"Efm-el-Kureim","10":"cl-Ghuweith"},"score":{"0":0.9849660397,"1":0.985864222,"2":0.9748395085,"3":0.97674793,"4":0.9909093976,"5":0.9431565404,"6":0.9783914685,"7":0.976401031,"8":0.8550246954,"9":0.8506327868,"10":0.9474152327}}