{"polygon_x":{"0":[916.2255249023,926.8052978516,937.682800293,948.6466064453,959.1716308594,969.9642944336,980.8911743164,991.4584960938,990.4891357422,979.5563964844,968.9005126953,958.0959472656,947.2803344727,936.3549194336,925.546875,914.6444091797],"1":[929.4135131836,939.3242797852,949.5782470703,959.3153076172,968.9681396484,978.8129882812,989.1284179688,999.5419921875,999.8129272461,990.1436767578,980.0314941406,969.9545288086,960.0717773438,950.1190795898,939.9301147461,929.7396240234],"2":[694.9785766602,706.0077514648,717.0502929688,728.223815918,739.3908691406,750.5785522461,761.6842651367,772.9629516602,772.1288452148,761.6030273438,750.6330566406,739.2399902344,728.0905151367,716.61328125,705.7437744141,694.3313598633],"3":[965.7870483398,964.2042236328,963.893737793,963.7360839844,963.9938354492,964.0515136719,964.2135620117,963.1397094727,999.7720947266,999.1654052734,998.8151855469,998.6248168945,998.6213378906,998.6492919922,998.7679443359,999.1390991211],"4":[934.4704589844,943.7142944336,953.3161010742,962.82421875,972.3372802734,981.6187133789,991.2352905273,999.8012695312,999.9279785156,991.463684082,981.7577514648,972.3963623047,962.8602294922,954.099609375,944.5700073242,935.1691894531],"5":[865.1229858398,872.2757568359,879.8601074219,887.3831176758,894.2222900391,901.0779418945,907.4633789062,913.5230102539,915.2841186523,909.3472900391,901.5989990234,894.3071899414,887.2178955078,880.3211669922,872.6080322266,864.7318115234]},"polygon_y":{"0":[225.2841339111,224.5911560059,224.8439788818,224.854095459,225.0464782715,225.5383911133,225.6673583984,226.3550415039,250.5815887451,250.1849517822,249.5671234131,249.1609954834,248.66746521,248.5484161377,248.5716247559,248.9665374756],"1":[490.7243041992,489.926940918,490.5802001953,490.9923706055,491.2674560547,491.6090393066,491.3709716797,491.962890625,529.9197387695,531.0554199219,531.0968017578,531.3461303711,531.6504516602,531.8961181641,532.03515625,531.7580566406],"2":[510.7741699219,509.1881103516,508.4203491211,508.5188293457,508.3124084473,508.3359985352,507.8150634766,507.955657959,537.9298706055,537.8626708984,537.6349487305,537.61328125,537.5162963867,537.5995483398,537.9025268555,537.7455444336],"3":[93.322227478,86.8159408569,79.0807647705,71.6238327026,65.3030776978,58.6341018677,53.0026702881,48.5600852966,46.1193008423,51.4991722107,57.3830947876,64.8299255371,70.6881790161,78.2842330933,84.189163208,91.0180053711],"4":[572.7248535156,572.5198364258,573.0207519531,572.9930419922,573.2535400391,573.0274047852,572.1964111328,572.4581298828,611.9884033203,613.3889160156,614.3343505859,614.5378417969,614.5010986328,614.926574707,615.3930053711,614.6860351562],"5":[573.9055175781,574.5456542969,575.1502685547,575.3447265625,575.2232055664,575.5230712891,575.8127441406,576.6928710938,619.4495849609,618.7456054688,618.7239990234,618.51953125,618.3414306641,618.6896362305,618.3889160156,617.9169921875]},"text":{"0":"rull","1":"Bir","2":"ruin","3":"2","4":"Sul","5":"es"},"score":{"0":0.7945676446,"1":0.9818331599,"2":0.9776613116,"3":0.4812777638,"4":0.9472885728,"5":0.4734087884}}