{"polygon_x":{"0":[687.8832397461,717.8186035156,747.7838134766,777.8801269531,807.5666503906,837.662109375,867.1339111328,897.3833007812,897.2409057617,867.7886352539,838.2876586914,807.4002685547,777.5603027344,747.6704101562,717.6064453125,687.3247070312],"1":[404.8536682129,433.7810058594,462.8246459961,491.332244873,520.2927246094,549.5853271484,578.600402832,608.3638916016,606.9732055664,577.6920166016,549.5311279297,520.4126586914,491.0531616211,461.5803833008,432.3587036133,404.4125366211],"2":[454.4749450684,481.9400634766,509.4964599609,537.5438232422,564.9996948242,593.5676269531,620.8344726562,649.7266845703,648.3024902344,619.8129882812,592.0777587891,564.0263671875,535.9092407227,507.4235839844,479.8675231934,452.4729614258],"3":[432.3224182129,453.3026733398,474.7484130859,495.8371582031,517.5119628906,538.8638305664,560.5087280273,581.2191772461,582.3159790039,560.0670776367,538.9476318359,517.6408691406,495.7653503418,474.4455566406,453.3508300781,430.9164123535],"4":[618.7402954102,628.8628540039,639.1781005859,649.8111572266,659.866394043,670.1708374023,680.6135253906,691.5861816406,691.1491699219,681.7666625977,670.4201660156,660.185546875,649.7490844727,639.2978515625,629.0867919922,618.4904174805],"5":[526.3529052734,539.3999023438,552.7368164062,565.7692871094,579.1572265625,592.4937133789,605.7506103516,619.2349853516,619.1389160156,605.4114990234,591.8454589844,578.4683227539,565.4429321289,552.1350708008,539.0564575195,525.946105957],"6":[874.8123779297,886.3701171875,899.2033691406,912.4400634766,924.9177246094,936.7454833984,947.5196533203,957.9945068359,999.0600585938,985.0510253906,972.4185180664,959.084777832,945.1795043945,931.1333618164,918.1820068359,904.4223632812],"7":[491.5897827148,508.480682373,526.3680419922,544.2626953125,562.4006347656,580.0928955078,598.5344238281,615.0479125977,617.2711791992,599.6896972656,581.0974121094,562.5734863281,544.7828369141,526.4556884766,508.8859863281,491.5577392578],"8":[514.4837036133,530.4304199219,546.005859375,561.7821044922,577.4398193359,593.2299194336,608.9555053711,624.3692626953,623.8948974609,607.6414794922,592.4536743164,576.6938476562,561.3236083984,545.6039428711,530.1383056641,514.1578369141],"9":[302.5157470703,309.1603393555,316.1287841797,323.2200622559,330.3860168457,337.6646118164,344.855682373,352.1928100586,355.3177490234,348.1456298828,341.3178100586,333.7859802246,326.0374145508,318.682434082,311.6131286621,304.5322265625],"10":[585.0916137695,609.1606445312,635.8977661133,662.0307006836,688.6688232422,715.1724853516,742.5845336914,768.2907714844,759.4968261719,734.5667114258,708.3529052734,683.2803344727,658.6878662109,632.647644043,607.6588134766,584.1463623047],"11":[419.1569519043,443.0612792969,466.6921386719,490.2805175781,513.9814453125,537.8381958008,561.5529174805,585.5474243164,584.7669067383,561.3337402344,537.21875,513.1134643555,489.1855163574,465.4592285156,442.1028442383,418.4164123535],"12":[306.7576599121,311.8191223145,317.7481689453,323.9549255371,330.361328125,337.0765686035,343.4521484375,349.2552185059,349.1380004883,343.4175109863,337.1370239258,330.9700927734,324.8989257812,318.8358154297,312.9004821777,307.2995300293],"13":[517.4381103516,528.1875,539.1884765625,549.9064941406,559.2975463867,569.4990234375,579.4587402344,589.6406860352,630.3482666016,620.032409668,609.7160644531,598.8503417969,588.3291015625,577.8740844727,567.6475219727,558.4033813477],"14":[424.8141479492,434.0136413574,443.3041381836,453.1083984375,462.3101501465,472.1627502441,482.3326416016,491.7084350586,492.5359802246,483.9150390625,473.3155822754,463.3242492676,453.4674072266,443.1760253906,433.1455993652,423.2114257812],"15":[420.2391967773,433.6940917969,447.1274108887,460.8695983887,474.6361694336,488.3655090332,501.5158081055,513.51171875,514.9174804688,501.9491882324,487.7096557617,474.2879638672,460.6154785156,446.8259887695,433.1287231445,420.0624084473],"16":[448.6869506836,455.6300354004,461.5416870117,467.8762512207,474.2510681152,480.4391174316,485.8889465332,493.0689697266,486.7028503418,478.8124084473,472.3468322754,466.1811828613,460.6929016113,454.5120849609,447.9538269043,442.209777832],"17":[628.0198974609,633.7396850586,638.0380859375,642.4981689453,647.037109375,651.6307983398,656.4702148438,660.8215332031,661.6928100586,657.6470947266,653.0676879883,648.1877441406,643.4078369141,639.1350708008,634.4522094727,628.6357421875],"18":[790.9172973633,798.0089111328,806.0443115234,814.0314331055,823.5823974609,830.5713500977,838.9298095703,847.6036987305,901.3228759766,892.9537963867,885.1510620117,876.8414306641,869.9533691406,861.7989501953,853.5262451172,844.1057128906],"19":[382.6614379883,387.0819091797,391.5013122559,395.9200744629,399.4458618164,403.1888427734,406.9195251465,410.7740783691,409.2178649902,406.0213012695,402.2346801758,398.1781311035,393.133392334,389.0643920898,385.0090026855,380.4595947266],"20":[507.8530273438,517.2525024414,526.1889648438,535.93359375,546.3726196289,554.1040649414,564.1104736328,572.6137084961,556.9708251953,547.2559204102,538.1364135742,530.2116699219,520.6795654297,513.0494384766,504.0541381836,494.3945617676],"21":[376.2788085938,418.0204467773,459.7292785645,500.9909362793,542.6236572266,585.1057128906,626.399230957,670.5570068359,686.4782714844,642.2173461914,599.4767456055,556.8321533203,514.393371582,471.7000732422,429.3618164062,385.0048828125],"22":[791.3026123047,798.3466796875,806.1235961914,814.3514404297,823.8707885742,830.8933105469,839.2883300781,847.9613037109,901.5905761719,893.2940673828,885.58984375,877.457824707,870.3516235352,862.1180419922,853.9099121094,844.6045532227]},"polygon_y":{"0":[410.4652709961,410.7192687988,411.7798461914,411.8266296387,411.7204589844,411.2644958496,410.447265625,410.3826293945,454.7823791504,455.6520385742,455.8248901367,455.2590637207,455.401763916,455.3494262695,455.6427001953,455.4088745117],"1":[115.4275817871,115.9672393799,115.749130249,115.058052063,115.081741333,113.9827651978,113.3290863037,114.0095825195,148.2376708984,148.4636077881,148.5845794678,148.5983123779,149.2562255859,148.301864624,148.0699005127,148.2363739014],"2":[314.0029907227,314.212310791,314.879119873,315.1120605469,315.3370361328,314.9480285645,313.1473693848,314.253692627,350.5434570312,350.5205078125,350.2184448242,349.9128417969,349.9746398926,348.4477233887,347.8666992188,347.5648803711],"3":[363.5313415527,364.1473083496,364.6923828125,364.3597717285,364.2486877441,364.2176818848,363.2053222656,362.6072387695,407.3332519531,407.1572265625,406.9098510742,406.7342834473,406.8295898438,406.6453857422,406.3411865234,405.8197021484],"4":[410.3587036133,409.960144043,410.0064697266,410.6609802246,410.5938415527,410.5286254883,410.5033569336,412.3590698242,453.5161132812,454.2054443359,453.3501586914,453.3163452148,453.5970458984,453.6842041016,453.5975646973,453.7137451172],"5":[5.8488960266,6.6977062225,6.5101270676,6.5665507317,6.6145811081,6.4862565994,5.8013577461,4.8444895744,36.5035552979,37.0295372009,36.9745674133,36.861618042,36.8285636902,37.0896339417,37.5851860046,37.3833007812],"6":[474.826385498,466.5517578125,455.6254577637,442.8855895996,430.9851379395,419.9093017578,408.3121337891,394.5799560547,421.0102844238,435.3127746582,449.0818481445,462.1567993164,473.9632873535,485.846862793,496.0797729492,505.5394897461],"7":[410.1342773438,410.5639648438,411.2440795898,411.0150146484,410.8521118164,410.6136779785,409.2759399414,409.1557006836,455.1937866211,455.0294494629,454.2628173828,454.5989379883,453.4784545898,453.3319091797,453.6879272461,451.3037109375],"8":[595.9771728516,596.7700805664,597.3029785156,597.6069335938,597.899230957,598.1304321289,598.4156494141,598.4587402344,629.2736206055,628.5869750977,628.9497070312,629.3692016602,629.4703979492,629.649597168,629.6834716797,629.3146362305],