{"polygon_x":{"0":[968.498840332,968.7490844727,969.1057128906,970.197265625,972.0482177734,973.482421875,975.421875,974.8994140625,999.7881469727,999.4749755859,999.4681396484,999.3524780273,999.4432373047,999.3021240234,999.2039794922,999.1335449219],"1":[974.3793945312,974.4705200195,974.1375732422,973.3307495117,971.6087646484,970.4038085938,969.9048461914,968.1596679688,999.6297607422,999.3549804688,999.5571899414,999.5258789062,999.7000732422,999.4860839844,999.0908813477,999.0884399414],"2":[985.6645507812,984.8669433594,983.6696777344,983.0974731445,982.4566040039,983.4692382812,985.5533447266,986.4080200195,999.8798217773,999.7884521484,999.7528076172,999.7620849609,999.7939453125,999.7589111328,999.6187744141,999.5868530273],"3":[0.0278522409,57.6403579712,124.74243927,192.4192199707,261.1109619141,327.7609863281,382.3694458008,461.8573303223,478.218536377,413.8320617676,345.2958984375,276.0699768066,223.8676757812,153.2941436768,85.0361175537,6.924724102],"4":[1.2350560427,86.3387298584,167.0308685303,250.2733459473,335.0626831055,417.1911621094,487.9063720703,582.1372070312,593.7420043945,505.295135498,420.404083252,333.4447631836,260.0166625977,178.1194763184,99.2960510254,26.7711467743]},"polygon_y":{"0":[943.5592041016,934.224609375,925.6628417969,915.2645263672,906.0206298828,896.7158203125,886.778503418,878.2312011719,877.7149047852,887.2608032227,896.4895019531,905.8782348633,914.8037719727,923.7268066406,931.9808349609,942.8441772461],"1":[999.3787841797,994.0618896484,988.1374511719,981.6251220703,976.2423095703,969.4878540039,960.8035888672,949.5034790039,947.9000854492,958.8706054688,968.8050537109,975.2526245117,981.18359375,987.3767089844,993.8296508789,999.4777832031],"2":[443.8856506348,434.4297790527,425.049621582,414.3557128906,405.6280822754,396.072265625,383.0859680176,372.791809082,368.9245605469,376.5246582031,390.5371704102,400.4626159668,409.3565368652,420.7373046875,429.5142822266,441.648223877],"3":[677.3167724609,641.0894165039,593.7008056641,554.6748657227,521.9183959961,488.6046142578,462.0871582031,429.8047485352,466.2921142578,495.211517334,529.8084716797,564.5943603516,594.4494018555,629.7313842773,664.378112793,694.6964111328],"4":[816.4895019531,757.3344726562,692.7824707031,640.5567626953,591.8150024414,552.8248901367,524.0198364258,496.3837890625,534.8755493164,578.3662719727,612.2445068359,653.9964599609,697.7785644531,749.348815918,796.9637451172,847.1324462891]},"text":{"0":"Sea","1":"Lad","2":"DUN","3":"Offenee","4":"Ch-llaaa"},"score":{"0":0.9569355249,"1":0.6240769029,"2":0.4713557065,"3":0.7364643812,"4":0.9144673347}}