{"polygon_x":{"0":[292.0401611328,318.7797851562,344.1577758789,369.4287109375,395.0687866211,420.8980102539,446.5079040527,472.6798706055,472.2789001465,446.2843017578,420.2583312988,394.7750549316,368.9041748047,343.0366210938,317.1138916016,290.5059204102],"1":[331.9033203125,346.9781494141,361.4727172852,375.2104187012,390.2691040039,405.0034790039,418.8452453613,433.2647094727,433.4588623047,419.6522216797,405.5092773438,390.9756164551,376.646484375,362.1796875,348.0208740234,332.5336914062],"2":[61.3336334229,76.8865509033,90.6613082886,105.0692672729,119.0013809204,132.8387756348,147.2440948486,160.9980621338,161.0181427002,146.3342132568,132.537902832,118.0152511597,103.9059143066,89.967086792,75.9999694824,59.6841201782],"3":[61.9887924194,76.7220458984,90.0830917358,103.9138336182,117.6197814941,131.3706817627,144.9858551025,159.5176544189,157.2269897461,143.243270874,129.8063964844,116.536026001,103.051612854,89.1999511719,75.6249694824,60.8792686462],"4":[176.4954223633,196.6910705566,216.5050048828,236.3145141602,256.9217529297,277.274597168,296.9244689941,317.1389770508,315.0237731934,293.8788146973,274.7972106934,254.4860229492,235.2094116211,215.3197479248,195.5793151855,175.693145752],"5":[234.9933013916,264.3790588379,292.5494995117,320.632598877,348.8534851074,377.3527526855,405.2489929199,433.8946533203,433.3391113281,404.8266601562,376.561920166,347.9241638184,319.6167602539,291.8415527344,262.9998168945,233.1051483154],"6":[181.1649169922,195.6429901123,209.446472168,223.3153686523,237.2305297852,251.1839904785,264.8627929688,278.6882324219,277.9277038574,262.7713012695,248.8989562988,234.5455627441,221.3726501465,207.5624847412,193.251953125,179.0106964111],"7":[16.7554550171,21.8381290436,26.5098495483,31.5639514923,36.6111030579,41.4823722839,46.6068267822,51.1099395752,51.8461456299,46.9539260864,41.3935127258,36.5110435486,31.6297607422,26.6484737396,21.5969772339,16.6002445221],"8":[15.8225870132,20.718296051,25.8402347565,31.1613121033,36.5326347351,41.7397994995,47.0096359253,52.4499511719,53.2325668335,48.1783866882,42.2806167603,36.7159805298,31.4058265686,26.1799640656,20.8626480103,15.2018728256],"9":[62.1224632263,70.6138000488,79.4737854004,87.7252120972,96.1259918213,104.6540145874,113.473236084,121.0371551514,120.3313140869,111.9753875732,103.615737915,95.1774902344,86.8440551758,78.4600601196,70.4002151489,61.0634689331],"10":[967.5596923828,967.6743164062,967.7282714844,967.2830810547,968.0583496094,968.3139038086,968.1602783203,966.3083496094,999.6806640625,999.4497070312,999.3662109375,999.2910766602,999.3161010742,999.2750244141,999.1951904297,999.3811645508],"11":[17.3923778534,22.9388256073,28.1562080383,33.2479133606,38.5261955261,43.6080360413,48.8898773193,54.5597419739,55.1499557495,49.3234481812,43.5886573792,38.395362854,33.3383598328,28.1906356812,23.1327075958,17.5148906708],"12":[967.0179443359,967.1102905273,966.7509765625,966.8420410156,967.1328125,967.1686401367,967.5190429688,966.7420043945,999.8756103516,999.69140625,999.6664428711,999.6239013672,999.6617431641,999.6055908203,999.5026245117,999.4636230469],"13":[179.2606964111,186.0854949951,192.1117858887,198.6626281738,205.2305297852,212.4602050781,219.2352294922,226.2858886719,225.5386657715,217.3875732422,211.1176147461,204.0848693848,197.3877258301,191.4367828369,185.1279602051,177.7912902832],"14":[897.8323364258,898.2282714844,897.9022216797,897.8020019531,897.1038818359,897.1573486328,897.1748046875,896.2548828125,919.4539794922,919.4040527344,919.3651733398,919.3353271484,919.4899902344,919.2208251953,919.5861206055,919.7128295898],"15":[129.8455657959,135.9749450684,142.4062805176,149.0035858154,155.3284301758,162.4897155762,168.0274658203,174.276550293,172.8041381836,167.5934448242,161.765838623,155.3979492188,148.7571716309,142.699798584,136.4016113281,129.8553466797],"16":[966.8253173828,966.725769043,966.78125,966.9542236328,967.40234375,966.9490966797,966.2268676758,964.8294677734,999.7510375977,999.4993896484,999.4212646484,999.3841552734,999.2955932617,999.3932495117,999.3233642578,999.3051147461],"17":[934.4668579102,934.4191894531,934.5214233398,934.6572875977,934.1029052734,934.2473144531,934.8021850586,934.2230224609,956.2716674805,956.1786499023,956.2093505859,956.5629882812,957.0078125,956.4993286133,956.7910766602,957.0026855469],"18":[20.960767746,40.6770133972,59.8633766174,79.630317688,99.0257263184,118.4600372314,137.3256530762,156.5710449219,156.3597412109,136.7559509277,117.4158172607,97.8960800171,78.3921127319,58.6170806885,38.4659843445,19.1623210907]},"polygon_y":{"0":[841.4354248047,841.0850830078,840.7959594727,840.9781494141,841.2799682617,841.0684814453,840.8646240234,841.6072998047,880.6796875,880.9811401367,883.1257324219,882.9533691406,882.2864379883,882.8322753906,882.189453125,881.6207885742],"1":[909.2420043945,905.1920166016,903.6400756836,902.1815185547,900.4525146484,899.0070800781,899.1746826172,899.2717895508,934.290222168,934.5607910156,934.9871826172,936.9305419922,938.4219360352,939.7966308594,943.0036010742,946.1682128906],"2":[953.0223999023,954.2657470703,954.3047485352,953.7938232422,953.5970458984,953.4288330078,953.141784668,952.7741699219,989.3719482422,989.8971557617,989.3994750977,989.2177734375,989.1118774414,988.7951660156,988.9162597656,988.8388671875],"3":[898.6768798828,899.110168457,898.5656738281,898.4295654297,899.0814819336,899.5834960938,900.1256713867,899.7301025391,934.2901000977,933.9091796875,933.4075317383,933.1165771484,932.4733886719,932.1652832031,932.7157592773,933.0484008789],"4":[903.9592285156,901.6668701172,900.2524414062,899.9596557617,900.0673828125,899.5711669922,899.9713134766,902.3745117188,945.3817138672,942.4243774414,940.1148071289,938.2233886719,936.6643066406,935.5211181641,935.3652954102,936.4169921875],"5":[953.8780517578,954.111328125,953.9704589844,953.9123535156,953.8970947266,953.5600585938,953.1501464844,953.3941040039,992.7097167969,992.5790405273,995.7528076172,995.9080810547,995.5590820312,995.7581787109,995.6010742188,992.9974975586],"6":[841.0670166016,841.4110717773,842.0801391602,842.8653564453,843.8549804688,844.3647460938,845.2855224609,845.7159423828,890.1978149414,886.0825195312,884.4538574219,883.190246582,882.0006713867,880.5119628906,879.4091796875,879.7396240234],"7":[904.602722168,904.4631958008,904.4256591797,904.4749755859,904.0316162109,903.8187255859,903.5468139648,903.3624267578,931.7783203125,931.6118164062,931.4401855469,931.3660888672,931.6234130859,931.6745605469,931.8592529297,932.1639404297],"8":[959.7815551758,959.5800170898,959.5275878906,959.4232177734,958.9962768555,958.8464355469,958.40234375,957.8304443359,987.8344726562,987.6132202148,987.5399780273,987.5451660156,987.8963623047,987.7553710938,988.1752929688,988.7766113281],"9":[840.6275634766,840.7902832031,840.162109375,839.5783081055,839.2777099609,839.0899658203,839.1262207031,839.3818359375,877.9271240234,878.1303710938,877.503112793,877.3084106445,877.3245239258,877.4075927734,877.516784668,877.5884399414],"10":[108.357460022,97.5820770264,87.6410598755,77.5859146118,68.8028488159,58.5183296204,49.0376281738,39.2536201477,37.5582962036,47.984577179,57.7948150635,67.1100158691,76.2208328247,85.7617492676,94.5051193237,104.9119644165],"11":[848.7963256836,848.8656616211,848.8930664062,848.8919677734,848.7143554688,848.3409423828,847.9709472656,847.916809082,877.3133544922,877.2574462891,876.7821044922,876.858215332,877.1016845703,877.2174682617,877.5238037109,877.4755859375],"12":[148.590713501,143.420135498,138.2654724121,133.1857299805,128.1164245605,123.1493759155,117.2357025146,111.7113418579,105.8739089966,111.4012756348,118.7557296753,124.9993591309,130.1905822754,135.5248565674,139.936706543,146.2938537598],"13":[954.5883789062,953.75390625,954.0249023438,953.7938232422,953.4367675781,953.5718383789,952.6365966797,952.6831665039,999.6994628906,999.7494506836,999.715637207,999.8090820312,999.8887939453,999.8833007812,999.8669433594,999.751953125],