{"polygon_x":{"0":[295.5746154785,302.9751281738,311.3992919922,319.8863525391,328.1730957031,337.1492919922,345.770690918,353.592956543,354.854675293,347.1061706543,337.923828125,329.6061706543,321.2137145996,312.8438720703,304.803894043,296.3486633301],"1":[915.6735839844,924.4008789062,933.4599609375,942.2088623047,951.0281982422,960.3746337891,969.1661987305,977.5563964844,979.5971679688,970.9512329102,961.9534301758,952.3167724609,943.3464355469,934.7962036133,926.3161621094,916.9097900391],"2":[492.4075927734,505.0311279297,518.2009277344,531.4289550781,544.2505493164,556.392578125,568.9362182617,580.7853393555,574.053894043,562.6541748047,549.3734130859,537.2971801758,525.0958251953,512.564453125,500.2933044434,486.9761657715],"3":[525.0631103516,532.0754394531,539.3123779297,546.5424804688,553.6395874023,560.6645507812,568.6475830078,577.0745849609,580.5153808594,573.1681518555,564.8688354492,556.7257080078,548.9809570312,542.0677490234,535.3101806641,527.1364746094],"4":[783.2563476562,792.5290527344,802.1566772461,812.2926025391,821.6561889648,830.9951171875,840.4946899414,848.8686523438,848.3773193359,840.3038330078,830.4313964844,819.9826660156,810.9160766602,801.9332885742,792.8826293945,782.4758300781]},"polygon_y":{"0":[77.9841537476,78.0791320801,77.572807312,77.0276947021,76.6025238037,76.277015686,75.3320541382,73.7997512817,113.5367279053,114.6911621094,114.6637573242,114.9147338867,115.3011398315,116.0177001953,116.54662323,116.6971588135],"1":[443.1163024902,442.677154541,442.018157959,441.2805480957,440.6973266602,440.123840332,439.8298950195,439.2206420898,475.6582336426,477.8062744141,477.6190490723,477.788848877,477.9944152832,478.2449645996,478.7044677734,479.1596679688],"2":[90.8561859131,93.2651443481,95.8541259766,97.5247573853,100.6541442871,102.1622390747,104.066696167,104.5065994263,178.1235046387,177.7654418945,176.154876709,174.4195709229,173.2869720459,172.1402893066,170.3685760498,167.896194458],"3":[444.133026123,443.771484375,442.9277038574,442.0459594727,441.1383666992,440.1059570312,438.9576721191,437.8420410156,472.5796203613,473.3096008301,473.4338378906,473.7696533203,474.1549987793,475.0146179199,475.7948608398,476.2598266602],"4":[123.7435073853,123.4667282104,124.6569061279,125.3909454346,125.5365600586,125.5367355347,125.8010025024,125.5316238403,194.3575744629,195.5470275879,195.5325927734,195.0896911621,194.9838256836,194.9273681641,195.2158203125,194.1570892334]},"text":{"0":"55","1":"50'","2":"A","3":"45","4":"L"},"score":{"0":0.9650458694,"1":0.9602900743,"2":0.9820812345,"3":0.9506448507,"4":0.986446023}}