{"polygon_x":{"0":[24.8711738586,55.3306236267,86.0224990845,116.9160308838,147.6511993408,178.0710601807,207.0485229492,237.6184082031,235.7621002197,206.0342102051,176.2449645996,145.8325653076,114.9418334961,84.18409729,52.804397583,22.6792411804],"1":[44.081451416,64.4718017578,84.7507858276,105.3683547974,125.7559204102,146.4244384766,166.3806762695,186.5007781982,186.2115478516,166.7097167969,145.9982147217,125.0880355835,104.5501327515,83.8835449219,64.1889572144,43.8691749573],"2":[651.1792602539,672.3534545898,693.0441894531,713.8678588867,734.2792358398,755.438293457,775.6335449219,796.66015625,795.8010253906,775.251159668,754.8558349609,733.6077880859,712.9098510742,691.9549560547,671.3271484375,649.8884277344],"3":[66.443107605,88.7284088135,110.8301696777,132.5305786133,154.5505065918,176.6777801514,198.3566589355,220.4174804688,220.1220855713,197.8854217529,175.8865203857,153.4910736084,131.5919494629,109.6199951172,87.9745025635,65.5200576782],"4":[512.7045288086,538.2583618164,563.0512695312,588.0180053711,612.7541503906,638.1983642578,663.1029052734,688.7118530273,687.5238037109,661.0305786133,636.8884277344,611.7125244141,586.9827270508,561.9736938477,536.3016967773,510.6448364258],"5":[45.9964675903,59.3216171265,72.1951141357,85.2935638428,97.8784103394,110.4558410645,123.3565139771,136.3452758789,136.740234375,123.5369796753,110.8612518311,98.5665817261,85.4699249268,72.6864242554,60.0027236938,46.3502159119],"6":[439.2319946289,454.4183044434,469.1924438477,484.261932373,499.5842895508,514.5911254883,530.0550537109,544.755065918,543.8985595703,528.5478515625,513.6630859375,497.6535644531,482.7882385254,467.5422363281,452.6934814453,437.0865478516],"7":[442.3884887695,461.119140625,479.6338195801,497.767791748,516.0706787109,534.3773193359,552.7319946289,571.1382446289,569.9016113281,551.6645507812,533.2447509766,514.9837036133,496.6588745117,477.7676391602,459.2114257812,440.298614502],"8":[628.8278808594,646.7556152344,664.0369873047,681.4731445312,698.9284667969,716.4623413086,734.0389404297,751.8689575195,750.5573730469,732.8171386719,715.8458251953,697.8716430664,680.1837768555,662.5578613281,644.9057617188,627.2783203125],"9":[697.7690429688,709.5040283203,721.4512939453,732.7593383789,744.2238769531,755.9066772461,767.2177124023,778.8294067383,776.6905517578,765.5175170898,754.0170898438,742.6245727539,731.2993164062,719.37109375,708.02734375,696.0584106445],"10":[559.4920654297,571.1260986328,582.1877441406,594.1685791016,606.299621582,617.8842773438,629.6303100586,641.1846923828,640.8793945312,629.3184814453,617.4027099609,605.250793457,593.6044311523,581.9329223633,570.4450073242,558.4958496094],"11":[251.288772583,258.4974975586,266.2286376953,274.1023254395,281.9572753906,290.21875,298.496307373,306.2265014648,305.4703063965,297.776550293,289.5918579102,281.8262939453,273.8179321289,265.8742675781,258.1212158203,250.1778259277],"12":[744.4609375,762.0526733398,778.3090209961,794.551940918,811.2732543945,827.5678710938,843.7357177734,860.625,860.6719360352,843.7340698242,827.4704589844,810.7565917969,794.5048828125,777.835144043,761.2573852539,743.8399658203],"13":[433.7731323242,443.9567871094,453.5819702148,463.1643371582,473.136932373,482.5352783203,492.4015808105,502.4063110352,501.0841064453,491.4002990723,481.3571166992,471.6113586426,461.9798583984,451.7377929688,442.1469116211,431.5837097168],"14":[671.5767822266,681.4194335938,690.5889282227,699.5211791992,708.6624755859,717.8042602539,726.530090332,735.7863769531,734.8883666992,725.5288696289,716.6630859375,707.8668823242,698.8586425781,689.8114013672,680.3208007812,671.0844726562],"15":[545.4171142578,562.9484863281,579.6540527344,594.9042358398,611.1622314453,627.6888427734,643.5557861328,659.9719848633,660.1834716797,643.9479980469,628.1598510742,611.9836425781,595.6567382812,578.9526977539,562.0817871094,544.3100585938],"16":[0.0751268938,7.6198978424,14.8628673553,22.7820281982,30.2129440308,38.132434845,46.5284156799,55.1547203064,54.4771118164,46.1300048828,37.7670249939,29.9644546509,22.0733165741,14.6945304871,7.1626729965,0.0304901879],"17":[79.2296447754,87.2911911011,95.2705383301,103.4890136719,111.6438980103,120.2232971191,128.1417999268,136.4658355713,136.2893066406,128.2973022461,120.2774353027,112.0016021729,103.6103668213,95.2792358398,87.0672988892,78.6691818237],"18":[93.5785293579,102.3988265991,111.0722351074,119.8787384033,128.7159576416,137.6753997803,146.6536560059,156.7755584717,159.065322876,150.282119751,140.9962615967,131.6544494629,122.4124069214,113.2840805054,104.2079772949,95.2298355103],"19":[892.7727050781,900.9998779297,909.0659179688,917.2894287109,925.5639648438,933.5934448242,942.1371459961,950.2142944336,952.8111572266,945.0238037109,936.7888793945,928.0192871094,919.6326293945,911.3612060547,902.7776489258,894.3903198242],"20":[394.6270751953,399.4786071777,404.3008728027,409.1597290039,414.2047119141,419.3149108887,424.1947631836,428.6821289062,429.2972106934,424.9101257324,419.2711791992,414.3306884766,409.3921508789,404.2427368164,399.4871520996,393.8157653809],"21":[393.9954833984,398.6871643066,403.7648010254,408.7106628418,413.8497924805,419.0408325195,423.9677429199,428.8282775879,428.9422912598,424.3491821289,419.037109375,413.9123535156,409.0467834473,403.946685791,399.1754455566,394.005859375],"22":[648.3695068359,656.0006103516,663.0557861328,669.9157714844,676.9555053711,684.1866455078,691.3818969727,698.921875,697.8676757812,690.701171875,683.2032470703,676.3751220703,669.7748413086,662.9372558594,655.9862670898,648.5599365234],"23":[496.8287658691,504.1495361328,511.5339660645,519.0217285156,526.5659179688,534.510559082,542.5692749023,550.8045654297,553.4445800781,545.3571777344,537.0246582031,529.3048706055,521.5280761719,513.7227172852,505.7953491211,497.4182739258],"24":[420.3499755859,428.3694458008,436.1771850586,444.3239135742,452.6065368652,461.2801513672,469.5890808105,477.498626709,477.1246032715,469.1471557617,460.8294067383,452.9020690918,444.516784668,436.2448425293,428.4158935547,419.6751403809],"25":[397.4902954102,418.1582336426,438.988494873,460.1154785156,480.9301452637,501.8161315918,522.8026123047,542.8221435547,541.0877685547,522.6903686523,501.5965270996,480.9210510254,460.0805358887,438.8087158203,418.1091003418,396.920715332],"26":[591.1347045898,597.3549804688,603.7536010742,610.5121459961,617.6287231445,625.0457763672,632.1539306641,638.5142211914,637.7642822266,632.334777832,624.9853515625,617.7838745117,611.0653076172,604.7799682617,598.3735351562,591.3280639648],"27":[440.5215759277,466.024597168,489.8784790039,513.7344970703,537.8199462891,562.0045166016,586.6866455078,610.4340209961,608.9827880859,583.7789306641,560.4677734375,536.4222412109,512.7922973633,488.5235900879,463.5805664062,439.4497680664],"28":[0.4734772742,5.3173546791,9.5233631134,14.1118030548,18.3922920227,23.0185890198,28.976234436,35.5246391296,35.1541366577,28.287689209,22.7070407867,18.3287448883,13.9236402512,9.4201641083,5.021736145,0.197073549],"29":[394.1563720703,399.0845947266,403.724395752,408.9713745117,414.0392456055,419.3070983887,424.1622924805,428.5598449707,428.3011474609,424.2472839355,418.9434509277,414.0914611816,408.6929016113,403.388671875,398.5254516602,393.2217102051],"30":[0.8855711818,5.0520009995,8.8246707916,12.8191328049,16.504901886,20.5760555267,25.7196731567,32.2191505432,30.3935718536,24.6386451721,19.7247695923,15.7923698425,11.9856309891,8.3709249496,4.3564691544,0.2835887372],"31":[385.3336791992,389.6879882812,392.8869934082,398.2763671875,402.3334350586,406.8092041016,411.0620117188,415.0386962891,420.7075195312,416.9253234863,414.7771606445,411.9079589844,406.5311279297,403.1924438477,399.1260375977,394.0611572266]},"polygon_y":{"0":[0.5038887858,1.0518923998,1.5774589777,1.9194120169,2.3567137718,2.2406537533,2.3517355919,1.9671212435,40.9944534302,40.4393424988,40.4728164673,40.4567260742,40.2623176575,39.948009491,39.2254714966,39.1409339905],