{"polygon_x":{"0":[30.2222728729,37.9909172058,45.6920814514,53.7782745361,61.3847541809,69.6215515137,77.1331253052,86.1524810791,84.8760986328,76.9099884033,68.7934036255,61.2665176392,53.6770248413,45.731918335,37.642036438,29.6062755585],"1":[970.8885498047,971.8697509766,972.4454345703,972.9516601562,973.7767333984,974.9740600586,976.5714111328,978.1815185547,961.9509277344,960.4043579102,959.2749633789,958.3270874023,957.57421875,956.8492431641,955.6829223633,954.5824584961],"2":[941.4554443359,941.9868164062,942.3764038086,942.8887939453,943.7651367188,944.7272338867,946.0540771484,947.50390625,932.498046875,931.0037841797,929.830078125,928.7437744141,927.4501953125,926.4232788086,925.2081298828,924.779296875],"3":[990.9598388672,992.4019775391,993.2766113281,994.5803222656,995.3186645508,995.9540405273,996.8779296875,998.8072509766,981.5522460938,980.7332763672,979.9478149414,979.6367797852,978.8345336914,977.1904296875,975.6901855469,974.0756835938],"4":[959.4235839844,960.4230957031,961.5373535156,962.7098388672,963.9144897461,964.8386230469,966.1253662109,968.303527832,952.2357177734,950.3159179688,949.3466186523,948.3524169922,947.0430908203,945.4163208008,943.6320800781,942.5401611328],"5":[949.6591796875,950.2731933594,950.7091674805,951.5819702148,952.4724121094,953.1527709961,953.9334106445,954.5153198242,941.1791381836,940.1083984375,939.4927368164,938.693359375,937.938293457,936.8561401367,935.725402832,935.5855712891],"6":[548.9729614258,556.899597168,564.8485717773,573.0728759766,580.7738037109,588.2502441406,595.8745117188,604.09375,604.9296875,596.8570556641,588.8842163086,581.3645629883,573.3110351562,565.5219726562,557.2474365234,549.5826416016],"7":[924.122253418,925.0559082031,926.2369384766,928.0161132812,929.92578125,931.7960205078,933.9697265625,936.2800292969,920.2240600586,916.5610351562,913.8996582031,912.1520996094,910.9241943359,909.8643798828,908.5242919922,906.7208862305],"8":[848.7198486328,852.1198120117,855.2103271484,858.380065918,861.5491943359,864.8236694336,867.6549682617,871.2793579102,871.6301269531,868.2420654297,865.153503418,861.9714355469,858.9904174805,855.9038085938,852.7960205078,849.6399536133],"9":[732.2661743164,735.9865722656,738.9990844727,742.0451660156,744.9603271484,748.3783569336,750.5603027344,753.0620117188,752.9510498047,749.3204345703,746.9204101562,744.9744873047,741.9357299805,738.9208984375,736.7775878906,733.5383300781],"10":[0.1454998702,8.3980140686,16.8547954559,25.4036884308,34.5146408081,43.2863044739,51.7593536377,61.0815505981,60.8825111389,52.4159469604,43.4084014893,34.2580718994,25.2782478333,16.9831504822,8.4129533768,0.0593686625],"11":[376.8855285645,387.2898864746,397.80078125,408.3836364746,419.909942627,430.0088195801,439.2895507812,447.0366210938,424.931640625,416.8219299316,407.9912109375,397.4980163574,387.0958862305,377.3843078613,366.6498413086,356.5864868164],"12":[63.9545021057,69.4610824585,75.6608657837,81.4669342041,87.2366485596,93.4075546265,99.4256515503,106.0456008911,106.0722427368,99.7109527588,93.5864944458,87.7427749634,81.7310409546,75.8514328003,69.7064666748,63.516242981],"13":[980.0900268555,981.2157592773,982.262878418,983.7158813477,985.3162841797,986.6695556641,987.3641357422,988.6953125,972.2244262695,971.4019775391,970.8909912109,970.0755615234,968.6544189453,967.2719726562,965.9659423828,965.2039794922],"14":[40.0587539673,47.3039016724,53.9833145142,61.1601295471,68.0166091919,75.2543029785,81.8780670166,89.3429718018,89.415222168,82.154586792,74.0772781372,67.2798233032,60.1485824585,53.0578613281,45.5466461182,40.0526008606],"15":[513.1159667969,515.2695922852,517.2899780273,519.9387817383,522.7211914062,525.3609619141,528.3594970703,530.6744995117,544.2631225586,541.1674804688,538.9650268555,536.5100708008,534.0520019531,532.3438720703,530.8259277344,529.5313720703],"16":[456.8160705566,462.6461791992,467.0172424316,471.1655883789,475.5822143555,478.8364868164,479.626739502,480.7002563477,461.7356567383,459.6078796387,457.1041870117,453.0322570801,448.3988647461,443.5224914551,438.7425231934,434.4490356445],"17":[419.5196228027,433.4037475586,444.2810668945,456.3032531738,466.2947387695,473.5623474121,480.3565063477,482.9297485352,465.4120483398,457.1130371094,450.503692627,443.5536193848,436.4187316895,422.5634765625,407.2225341797,393.197265625],"18":[0.7144972682,5.4824976921,9.8251171112,13.5757112503,18.053276062,22.989320755,27.6190643311,32.2115287781,35.2505989075,28.252040863,23.0990867615,18.1116008759,13.8142814636,9.479640007,5.4637346268,0.5770326257],"19":[1.0401035547,4.3591170311,7.3054189682,10.2739295959,13.0369234085,15.791601181,18.8294067383,23.9286308289,24.5914764404,19.2327404022,15.6020259857,12.9181251526,10.2181415558,7.3303656578,4.2942199707,0.6221682429],"20":[56.0094642639,82.2523117065,110.1802215576,137.8104248047,164.6538085938,191.7394714355,219.9580688477,245.6140441895,222.559753418,200.4941558838,176.6423950195,154.025100708,130.71484375,105.3113098145,73.500793457,42.1517333984],"21":[289.8853149414,310.176361084,326.0087890625,343.3488464355,362.5199890137,374.366607666,382.5320129395,391.4821777344,359.240447998,349.0861816406,341.3482971191,332.5610656738,318.1434936523,301.4179077148,277.5217895508,252.9884338379]},"polygon_y":{"0":[443.3441162109,442.9534912109,442.8796386719,442.7759094238,442.3657836914,442.8367919922,442.9177856445,443.7025146484,461.4197998047,460.8757324219,460.4831542969,460.7662963867,460.8898620605,461.1141357422,461.1455078125,461.5176696777],"1":[659.2967529297,665.6163330078,671.5595703125,678.4385986328,685.3031005859,691.1119995117,697.9260253906,705.0640869141,707.6867675781,699.2005004883,692.8705444336,687.025390625,680.3225097656,674.0278320312,666.9497070312,661.1424560547],"2":[507.6414489746,513.7738037109,519.3910522461,525.9427490234,531.819152832,537.606262207,544.0135498047,551.3581542969,554.4541015625,546.0843505859,541.0288696289,534.6904296875,528.0213623047,521.7529907227,515.4185791016,509.7205810547],"3":[770.8051757812,775.9105224609,781.1915283203,787.0949707031,791.8634033203,796.0686035156,801.7034301758,807.1395263672,811.7535400391,805.4462280273,800.9945678711,795.6381835938,790.6418457031,785.3754272461,779.7846069336,775.1040039062],"4":[611.4403076172,615.8353271484,621.4759521484,628.3369140625,633.5820922852,639.0624389648,644.4900512695,651.2468261719,655.1018066406,646.6099853516,642.2500610352,637.1580810547,631.6331176758,626.1495361328,620.4158935547,614.5142822266],"5":[567.0114746094,570.2901611328,575.4147949219,580.3032226562,584.9260864258,588.8878173828,592.9735717773,597.9121704102,600.7296142578,594.3106689453,591.0669555664,586.5924682617,583.033996582,578.0741577148,573.1735229492,568.6016235352],"6":[981.6409912109,981.5369262695,981.135925293,980.7342529297,981.0218505859,981.0708007812,981.0325927734,980.6231079102,998.1061401367,998.2428588867,998.4819335938,998.4055175781,998.4689331055,998.1978759766,997.9696044922,997.9290771484],"7":[421.774017334,431.8340454102,441.3922119141,451.0665893555,461.5257263184,471.9300842285,482.5721740723,493.8123779297,494.1638793945,483.4469604492,474.0000610352,463.4959716797,453.339050293,443.4761962891,433.3100891113,424.6587524414],"8":[196.0631408691,196.2705230713,196.4859008789,196.3560638428,196.2636413574,196.2528839111,196.288482666,196.6024017334,219.6143493652,219.1851501465,219.1139526367,219.1200561523,219.1506347656,219.1715240479,219.2627716064,219.4603881836],"9":[972.3804931641,972.1182861328,971.9705810547,971.7288818359,971.6110229492,971.8157348633,971.8461914062,971.7730102539,999.754699707,999.5056152344,999.3188476562,999.3883666992,999.5693359375,999.6999511719,999.7690429688,999.8766479492],"10":[791.0149536133,791.321472168,790.9477539062,790.8969726562,790.9793701172,791.0782470703,790.8817138672,790.5878295898,807.5896606445,807.5098876953,807.0962524414,807.1377563477,807.2955322266,807.4672851562,807.5814208984,807.8827514648],