{"polygon_x":{"0":[4.8472557068,10.9313764572,17.3199100494,23.6404838562,30.1986274719,36.3908424377,42.9638252258,48.3810653687,49.9088134766,44.154586792,37.4886741638,30.9765548706,24.6670532227,18.1486797333,11.2911338806,5.4284052849],"1":[42.1949005127,48.2919540405,54.4635810852,61.7977294922,68.8121871948,75.4473495483,81.5629425049,86.6539001465,88.1293869019,83.8664093018,75.9630279541,69.2608947754,62.477684021,55.7336616516,49.2161102295,43.3224029541],"2":[0.107820563,6.2469816208,12.0739421844,17.9074039459,23.6650276184,29.327507019,35.633026123,41.81199646,44.8773231506,38.419719696,30.875082016,24.6042995453,18.5253105164,12.8750619888,6.9442987442,0.1793366969],"3":[43.2268981934,46.30210495,49.1379508972,52.5124511719,55.4644050598,59.5179367065,62.7805938721,66.737663269,71.0901565552,68.2372360229,64.3477020264,61.526763916,58.3800354004,54.9887008667,51.4712486267,48.7781105042]},"polygon_y":{"0":[160.6184692383,160.45703125,160.4553985596,160.246963501,160.3242645264,159.9755554199,159.548248291,159.6591949463,182.1912231445,180.9292755127,180.6512756348,180.5897674561,180.5474700928,180.614944458,180.423614502,180.5812072754],"1":[241.8491821289,241.3534545898,241.4196929932,241.9656982422,242.0286254883,241.9955749512,241.4920959473,242.0386657715,267.493347168,267.8351135254,267.0015869141,266.5989379883,266.4754943848,266.3566894531,266.4937133789,265.7339477539],"2":[246.1415252686,244.6604919434,243.8633422852,243.2924804688,243.0521392822,242.8193969727,242.7835235596,242.9589996338,266.0541381836,266.7066955566,267.1455383301,267.1747436523,266.7975158691,266.8709411621,266.6789245605,266.4561157227],"3":[143.2815856934,143.5003051758,142.9714050293,142.3495635986,141.5528564453,140.8540496826,140.2490539551,139.8262176514,160.8809204102,161.1023864746,160.9019317627,160.9098205566,161.404510498,161.8977050781,162.2638244629,162.8647766113]},"text":{"0":"Wely","1":"Tur","2":"ebel","3":"A."},"score":{"0":0.9352148771,"1":0.9031149149,"2":0.8349817395,"3":0.6356207132}}