{"polygon_x":{"0":[238.3317260742,248.7512512207,258.4535827637,267.3439331055,275.7522583008,287.4856262207,300.156036377,308.6053466797,319.5227966309,309.2030029297,298.8850402832,287.8442077637,276.1272888184,266.5990600586,256.8375854492,246.8587341309],"1":[32.2162895203,49.104095459,68.3600311279,87.0009155273,108.1567764282,131.1758575439,150.3728485107,177.085357666,189.3251647949,166.4523468018,142.434463501,124.0331497192,103.94871521,84.9782791138,63.3560180664,48.1344337463]},"polygon_y":{"0":[253.6251983643,253.0918731689,252.9817199707,253.113571167,252.64793396,252.7981872559,253.627746582,253.1069641113,355.8205871582,357.2568054199,357.4900817871,357.8592529297,358.0279541016,357.2856445312,356.8388061523,358.9066162109],"1":[234.804473877,233.002532959,231.0237884521,232.1456451416,234.4155883789,240.2036437988,244.5613708496,247.0494689941,385.8849182129,386.9274291992,385.1829223633,386.0782470703,385.8670043945,386.729095459,383.3020935059,386.9585266113]},"text":{"0":"C","1":"Ce"},"score":{"0":0.9813243747,"1":0.8775985241}}