{"polygon_x":{"0":[2.7960710526,10.0556535721,17.1348190308,24.3953380585,31.3769893646,38.5423049927,45.6306304932,52.5633773804,51.2020568848,44.8067550659,37.4594650269,30.0786991119,23.0989818573,15.4043960571,7.9805603027,0.5724874735],"1":[0.0091906758,11.7007112503,24.6945819855,37.6947212219,50.3867988586,63.4373931885,76.9281845093,89.6445007324,89.2451782227,75.7686233521,62.7793693542,49.8684806824,36.7111282349,24.0946540833,10.906580925,0.0047305916],"2":[88.1150360107,107.8125686646,127.2631912231,146.8534393311,166.2228851318,185.6435394287,205.0512237549,223.8734588623,224.1608123779,203.9420928955,184.8105316162,165.2422790527,145.5811920166,126.1526412964,107.1114349365,86.5097122192],"3":[218.0491943359,232.5126495361,247.0810546875,261.5370483398,276.0844421387,290.5874633789,305.2586364746,319.1552734375,318.5245666504,304.0012207031,289.7198181152,275.0382385254,260.374786377,245.69972229,231.2459106445,216.9331817627],"4":[384.5621948242,384.4315490723,385.2330322266,385.8562927246,386.041229248,386.4338378906,387.0955200195,387.3902587891,407.9737243652,407.6096191406,407.4008789062,407.2406311035,407.1210021973,406.9889526367,406.9279785156,406.5581665039],"5":[233.4214782715,242.6177215576,251.8430328369,261.1376953125,270.1428833008,278.931060791,287.9234619141,296.1477966309,295.9103393555,286.8573913574,277.9640197754,268.9843139648,260.0384521484,250.9659881592,242.2307281494,232.9287872314],"6":[72.1519622803,89.3519897461,106.2331161499,123.5256500244,140.8826293945,157.8756713867,175.0537414551,192.04246521,190.7116851807,173.4843292236,156.5906982422,139.2299194336,122.3704147339,105.1217193604,88.2639846802,70.924118042],"7":[58.0543174744,73.5607528687,89.5027160645,105.534614563,121.8869628906,138.0425872803,154.3360290527,169.4899139404,169.3842010498,153.4417572021,137.3855743408,120.9768829346,104.9376373291,88.9803085327,73.1003417969,57.4118309021],"8":[94.9105377197,110.6842422485,126.5657730103,142.5742645264,158.4726409912,174.5459899902,190.4895782471,206.2307434082,206.1927947998,190.2589569092,173.9388580322,157.4849853516,141.7660827637,125.752456665,110.0218582153,93.9030075073],"9":[379.9643249512,381.7911987305,382.8490600586,383.6364440918,384.9646911621,385.6570739746,386.7922668457,386.5222167969,407.9883728027,407.666015625,407.1500854492,406.6356201172,406.0937805176,405.1820678711,405.1723937988,405.3358154297],"10":[275.494354248,279.9661254883,283.054473877,285.6496887207,287.8567504883,288.727935791,288.2109375,287.952331543,316.9288024902,316.6684570312,315.3881530762,312.675994873,309.4221496582,306.6159362793,302.7430725098,299.4179382324],"11":[210.0683135986,221.2022094727,226.4248046875,238.6205749512,248.2652893066,252.4781951904,249.2337646484,251.821395874,277.3782348633,276.0398864746,276.2345275879,271.2360229492,260.050567627,248.7766265869,245.9382629395,240.9011993408],"12":[54.7932472229,58.2449607849,60.2606658936,63.5768051147,68.4044036865,73.8160324097,78.4960403442,81.9765472412,110.5762252808,107.3336868286,104.9023132324,102.0216064453,97.4636688232,92.9161758423,88.9668197632,84.84815979],"13":[352.5245056152,361.5590515137,369.7205810547,377.5635986328,385.5056152344,393.1413269043,401.4234313965,407.9791564941,407.9600524902,400.7684631348,392.8506774902,384.5745544434,376.3701477051,368.2964782715,360.186126709,351.9035339355]},"polygon_y":{"0":[382.6927185059,382.9560852051,383.3211975098,383.8505554199,383.9269104004,384.2194824219,384.7508544922,385.3464050293,414.7348632812,414.7129516602,414.8155822754,414.6214294434,414.3441772461,414.1986999512,414.0715332031,414.0391845703],"1":[350.9291381836,350.7052001953,350.8974304199,350.910369873,350.8795776367,350.5958251953,350.1118164062,350.740814209,378.0139770508,377.9180297852,377.4624023438,377.6135559082,377.5321350098,377.5850830078,377.6541137695,377.620513916],"2":[436.4103393555,436.792755127,436.4076538086,436.5585327148,436.5043334961,435.888671875,435.4961853027,435.7585144043,460.9839172363,460.9372558594,461.0834350586,461.3180541992,461.478515625,461.5756835938,461.8140563965,462.2081298828],"3":[473.7735595703,473.3343200684,473.2237854004,473.0372924805,473.0715637207,473.0491333008,473.0115356445,473.3374633789,500.3288269043,500.4960632324,500.2285766602,499.8980102539,499.8944702148,500.3604125977,500.8974914551,500.7952575684],"4":[361.6748657227,358.7733154297,355.9488830566,352.1125488281,348.0909423828,344.4362792969,340.6783752441,337.5997314453,339.508026123,343.8448791504,347.4235839844,350.0883178711,353.8263244629,357.1848754883,361.2712097168,364.6057739258],"5":[437.8751525879,437.2736816406,437.1639099121,436.8815307617,436.8663635254,436.9351501465,437.3842468262,437.710723877,460.4771118164,460.8226318359,460.9505004883,461.0008850098,460.9077148438,461.248046875,461.5618896484,461.5830993652],"6":[475.0604858398,474.5569763184,474.0375976562,473.9405212402,473.9416503906,473.9956054688,474.324432373,475.0958557129,503.7194213867,503.1885070801,503.2030639648,502.7390441895,502.8289489746,502.8158569336,502.7870178223,503.183013916],"7":[383.7022705078,383.0139770508,382.6679077148,382.4951782227,383.0899353027,382.9180603027,382.7956542969,382.9718322754,414.5435791016,414.6281433105,414.4594116211,414.8485717773,414.8371582031,414.7888793945,414.280670166,415.2001953125],"8":[350.9081726074,350.6206359863,350.3132629395,350.091796875,350.1655273438,349.8638305664,349.1971740723,350.0002746582,376.1315612793,376.5622558594,376.6759643555,376.4014282227,376.2805175781,376.250213623,376.8301086426,377.0535583496],"9":[504.9605407715,501.8343505859,498.8964233398,496.0608215332,493.0969848633,490.38671875,486.9611816406,484.1795349121,494.2746582031,497.2408752441,501.833404541,505.6051940918,509.1447753906,512.9219360352,515.6801757812,519.5957641602],"10":[165.5135498047,162.3482055664,153.4222717285,145.5248565674,138.1555480957,129.4242095947,117.4157714844,109.3167190552,121.6357498169,131.5971832275,140.7180023193,149.2668151855,158.0472869873,166.2051239014,174.4664001465,182.6648406982],"11":[368.7549743652,343.1420288086,314.1003112793,287.5380859375,259.4378356934,231.9203948975,198.8458709717,175.7601165771,181.5880126953,218.7322387695,241.4070587158,269.4999084473,297.6234130859,324.049621582,349.6674804688,385.5186157227],"12":[97.7787628174,95.2238235474,92.0572891235,89.9722442627,86.1663665771,83.2823410034,80.393661499,76.5914535522,104.9996109009,107.7781295776,109.4464874268,112.0637283325,116.1112442017,119.2746353149,122.8115158081,126.7437744141],"13":[28.3073539734,27.892162323,27.9431018829,28.0549163818,28.3423652649,28.3441009521,28.2813167572,28.5862960815,53.038433075,53.2974205017,53.2609939575,52.6712532043,53.0697822571,52.9441146851,52.767791748,52.4327583313]},"text":{"0":"Min","1":"QUELL","2":"SALOMOS","3":"TEICH","4":"B","5":"oder","6":"KONIGS","7":"Silman","8":"SILOAH","9":"V","10":"Was","11":"Caterirtsee","12":"O","13":"THO"},"score":{"0":0.9793803096,"1":0.9819206595,"2":0.9843822122,"3":0.9884230494,"4":0.826114893,"5":0.9806517959,"6":0.9880648255,"7":0.9868925214,"8":0.9810677767,"9":0.5043410063,"10":0.6058539152,"11":0.5485508442,"12":0.7510902882,"13":0.9708653688}}