{"polygon_x":{"0":[352.4135131836,360.183807373,367.9211425781,375.8709716797,383.7394104004,391.779510498,399.4524841309,407.5355834961,406.7878417969,398.2098999023,390.7931518555,382.9260864258,375.0823364258,367.3322753906,359.4570007324,351.8656005859],"1":[290.0144042969,307.1120605469,324.252532959,341.2800598145,358.4783325195,375.6802368164,392.3140258789,407.8421325684,407.5940856934,390.8634033203,374.075592041,356.7626953125,339.8018798828,322.6177062988,305.6653137207,287.931060791],"2":[267.8020629883,280.0407104492,292.8918762207,305.7786254883,317.8825073242,329.9930725098,342.0997619629,353.3978271484,352.0468139648,340.0045166016,328.7434082031,316.7930908203,304.8302612305,292.8957214355,279.6613769531,267.1298217773],"3":[314.0921630859,328.7177124023,343.3769226074,356.4513244629,370.0629882812,383.9978027344,396.8622741699,407.9883117676,407.9605407715,395.7573547363,382.7320251465,368.6230163574,355.0651245117,341.2077026367,327.2612609863,313.0794067383],"4":[375.5785522461,381.1087036133,385.9797058105,390.2666931152,394.7890319824,399.4753417969,404.3599853516,407.9929199219,407.9316711426,403.1917724609,398.3767700195,393.7075805664,388.7017822266,383.7828369141,378.3765869141,373.585723877],"5":[293.999206543,306.7774963379,319.8176269531,332.8604431152,346.5437316895,360.0654296875,372.8563537598,386.1006469727,385.2496643066,371.8271484375,358.788482666,345.4155883789,332.0601501465,319.0941162109,305.966583252,293.0915527344],"6":[293.7794494629,306.9059753418,319.8564758301,333.0381164551,346.5321655273,359.8404846191,372.7593383789,386.0695800781,385.2797546387,371.7805786133,358.745300293,345.3260192871,332.1556091309,319.1055297852,306.0506896973,293.063873291],"7":[392.2054138184,395.255859375,397.6372070312,399.8676757812,401.9414978027,404.0211181641,406.1547546387,407.9823303223,407.7545776367,405.2195129395,403.2079467773,400.8741455078,398.552734375,396.3984069824,394.0930786133,390.8508911133]},"polygon_y":{"0":[98.4278869629,97.699836731,97.9279174805,98.5395355225,98.9284667969,99.0023803711,98.982963562,99.7689361572,122.2410125732,122.4077911377,122.1439666748,121.9740524292,122.05859375,122.0557937622,122.1287155151,122.0895767212],"1":[426.3327636719,426.4835510254,426.0216674805,426.4566650391,425.8682250977,426.664276123,426.9283752441,426.6497192383,458.6483764648,457.2501525879,457.0147399902,456.3338928223,455.9348754883,455.4803161621,455.897857666,456.0144958496],"2":[97.0432662964,97.6982574463,98.0598678589,98.0312805176,97.3510971069,97.4877471924,97.7077026367,97.4015731812,120.8946762085,121.6532669067,121.7333526611,121.7443695068,122.0179138184,122.0450363159,121.8724975586,121.6303329468],"3":[397.8622131348,398.0567626953,398.1633911133,398.3981323242,398.8096618652,399.2776489258,399.4202880859,399.0525512695,425.333770752,425.183013916,425.1528320312,425.1215515137,425.2543334961,425.7141723633,425.4571533203,424.8083190918],"4":[510.6123352051,510.2415771484,510.4450073242,510.544342041,511.5960083008,511.5317687988,512.3750610352,512.3399047852,536.4080200195,536.4740600586,535.9711303711,535.4813842773,535.4905395508,535.2978515625,535.3373413086,534.9853515625],"5":[124.1714859009,124.2916641235,124.7934112549,125.0467758179,124.9387893677,124.9523696899,124.9931030273,125.3048400879,149.9363250732,150.7474975586,151.0117034912,150.6793212891,150.5521392822,150.1574859619,149.9890289307,149.3637695312],"6":[124.2705230713,124.3327178955,124.8835754395,125.0586090088,125.0230560303,125.0715866089,124.9830474854,125.1900863647,149.9566955566,150.7564086914,151.0476226807,150.7141113281,150.6866760254,150.3867797852,150.0746612549,149.591583252],"7":[53.2710647583,53.3713722229,53.7785987854,53.9640007019,53.9268722534,54.0053787231,53.8590278625,53.9979286194,72.8466949463,73.0161819458,72.8443832397,72.639793396,72.5944747925,72.8107833862,72.8330383301,73.0345840454]},"text":{"0":"Klos","1":"Thabarg","2":"Irmenk","3":"Hamma","4":"LD","5":"Habsel","6":"Habsl","7":"K"},"score":{"0":0.9840731025,"1":0.9810789824,"2":0.9843015075,"3":0.9766354561,"4":0.4953460991,"5":0.9864956737,"6":0.9612798691,"7":0.5967192054}}