{"polygon_x":{"0":[108.7684173584,112.8091049194,117.1115646362,121.5926513672,126.1028518677,133.592300415,139.6546173096,151.3891601562,208.5490722656,204.2899627686,198.8730621338,194.3860015869,186.1474761963,179.3214569092,171.967666626,164.5738983154]},"polygon_y":{"0":[58.458190918,49.8246765137,49.1371192932,40.4650268555,34.2420349121,25.1762599945,16.9114437103,6.4077534676,63.1667518616,69.6822814941,74.1742324829,81.3366317749,89.7883682251,97.6033325195,102.9527587891,109.5266571045]},"text":{"0":"N"},"score":{"0":0.502720952}}