{"polygon_x":{"0":[0.5804089308,9.1710596085,17.6001300812,25.925321579,34.1059379578,42.2295188904,50.3026542664,57.6073532104,58.4742240906,51.1350898743,42.2664299011,34.1782951355,26.2798843384,18.1806201935,9.8692579269,0.9071345329],"1":[220.6806488037,236.2449798584,251.8820648193,268.3038635254,284.497467041,300.2366027832,315.9251098633,332.0311584473,332.3827514648,317.0431213379,300.9447631836,284.6784362793,268.7342834473,252.7173614502,236.5804595947,220.5362701416],"2":[339.289642334,347.8034362793,356.6514892578,365.5549926758,374.1805419922,382.8863525391,391.0574951172,399.9014282227,399.8417663574,392.0923461914,383.3279418945,374.3730163574,365.8393249512,357.1999206543,348.4256286621,339.4204406738],"3":[20.0752334595,27.6320285797,35.7085418701,43.9469032288,52.0801048279,60.2034988403,67.6328353882,75.0802383423,75.7529449463,68.7283248901,60.5441894531,52.1169319153,44.2227630615,36.3067588806,28.6042156219,20.1140346527],"4":[298.0575561523,305.6221923828,313.2881774902,321.2973937988,328.7567138672,336.2069702148,343.7336425781,350.7289123535,350.958984375,343.9204406738,336.1386108398,328.3581542969,321.0802307129,313.4247741699,305.8252258301,297.6744384766],"5":[58.924282074,67.4592971802,76.0750961304,85.070930481,93.4820632935,102.2422561646,110.7271499634,119.7713699341,120.6575546265,111.8350372314,103.3256378174,94.3145523071,85.9642562866,77.1751022339,68.2533111572,59.2448501587],"6":[56.2239875793,69.0203475952,82.1684875488,95.7867507935,109.1146621704,122.1568527222,134.8732452393,148.1929168701,148.5288543701,135.5806732178,122.6058654785,109.0612411499,95.9856338501,82.9534912109,69.6774520874,56.6150398254],"7":[81.8177185059,98.1775970459,114.080406189,130.6570587158,147.3154907227,163.8863830566,179.8968963623,196.2249298096,196.4007263184,180.5847320557,164.0382843018,147.3279571533,131.3055725098,114.8156280518,98.2582321167,81.5110168457],"8":[202.8849182129,219.7489013672,236.7124176025,254.4731292725,272.135925293,289.7847290039,306.9619445801,324.5331726074,324.6243286133,307.6132202148,290.1582641602,272.6100769043,255.2640533447,237.5656585693,220.3043212891,202.6506652832],"9":[10.3309936523,16.2722396851,22.3891048431,28.7724723816,35.1967391968,41.2381629944,47.4890213013,54.5204811096,54.6508750916,48.2478065491,41.9917640686,35.2341270447,28.8878002167,22.4724292755,16.1591644287,9.8346652985],"10":[157.0965423584,165.6700592041,174.0302124023,182.8175354004,191.1105804443,199.5549163818,207.8002929688,216.1077270508,216.5997772217,208.2887268066,199.7364501953,191.2804718018,182.9959564209,174.4973907471,166.3828582764,157.6252593994],"11":[98.849395752,122.477394104,145.7828063965,170.2047119141,193.5555419922,217.1601867676,240.6155853271,265.168548584,265.0790710449,241.1239776611,218.249710083,194.1869354248,170.7641143799,147.3610992432,123.5718841553,98.9172744751],"12":[368.7973327637,374.014465332,379.4622192383,384.6764526367,390.1528625488,395.5187072754,400.8383178711,406.6622009277,407.0042419434,401.1926879883,395.8079223633,390.4433288574,384.8414916992,379.6030273438,373.8153076172,368.6372070312],"13":[328.1538391113,339.7348327637,351.532989502,362.8866882324,374.6021118164,386.245513916,397.880065918,407.9631347656,407.9862365723,398.2060852051,386.7671813965,374.8654785156,363.6122741699,352.0979309082,340.3313903809,327.9106445312],"14":[91.6560440063,106.8446960449,121.9944839478,137.580291748,153.3126525879,168.6269073486,183.8913879395,200.2389373779,200.7414245605,185.2671508789,169.2295532227,153.4429016113,138.0721588135,122.8009185791,107.2982025146,91.5527267456],"15":[208.6646881104,219.8908996582,231.2901153564,242.8558959961,254.3431091309,265.7890625,277.0401000977,288.4340209961,288.863861084,277.4519042969,266.1967468262,254.4660797119,243.1685638428,231.8007659912,220.4259796143,208.6871643066],"16":[322.7178649902,334.8408203125,346.5360717773,358.7894592285,370.655670166,382.7837219238,394.7056274414,407.4817504883,407.6378173828,395.6168212891,383.4712524414,371.3165588379,359.1929016113,347.0042114258,334.9597473145,322.0481567383],"17":[10.3025016785,18.5311470032,27.9012966156,37.2751464844,46.0182685852,54.8515510559,63.2564811707,72.0176620483,72.4625320435,64.3818588257,55.180973053,46.1508674622,37.3148880005,28.348028183,18.871219635,11.0311994553],"18":[69.3645248413,81.2060852051,92.3451309204,104.2075500488,115.4900894165,126.8656311035,137.6706848145,149.649887085,149.9661712646,139.1598205566,127.3637924194,115.9741210938,104.4403152466,92.8150558472,81.2750091553,69.3850631714],"19":[159.3751220703,190.3170318604,220.077545166,250.2518920898,280.7183532715,310.7925720215,340.1423950195,371.8391723633,371.7272949219,341.9090881348,311.5971984863,280.2507019043,250.2321014404,220.424621582,190.1569366455,158.3906707764],"20":[328.7080688477,340.4898071289,352.8003234863,364.2424316406,375.888671875,387.1746520996,398.013671875,407.9649658203,407.9901428223,398.9698181152,387.9489135742,376.7740478516,365.7233276367,354.6927490234,343.2585449219,330.7059020996],"21":[223.8301239014,237.2100830078,250.402130127,264.1665649414,278.008605957,292.0534057617,305.4724121094,319.0573425293,319.6694335938,306.6883239746,292.5291442871,278.5092163086,264.5956420898,250.861618042,237.1592407227,223.3995056152],"22":[74.8248748779,94.8369140625,114.3752059937,134.7640380859,154.7321014404,175.1783905029,194.6168365479,215.2293548584,215.868270874,195.7346801758,175.7344207764,155.1620788574,135.1714630127,115.2981262207,95.2745819092,74.7260818481],"23":[352.2317199707,360.8468933105,368.8160095215,377.157409668,385.0850524902,392.8415527344,400.8291931152,407.9487915039,407.9859008789,401.1874389648,393.3272705078,385.1931762695,377.2422180176,369.0946044922,361.1834411621,352.1178588867],"24":[63.580696106,76.8154296875,89.9506149292,103.6509628296,117.4906997681,131.3880615234,144.5116424561,158.137802124,159.0412445068,146.1723480225,132.5027160645,118.2926330566,104.5235214233,90.7581863403,77.0713729858,63.7459220886],"25":[20.521856308,30.4525356293,39.9014663696,49.1727676392,59.4879264832,69.1421508789,78.5609436035,86.6691741943,87.3869476318,78.9571914673,69.2342758179,59.4104614258,49.5325317383,39.8602180481,30.064704895,19.8072872162],"26":[185.4196472168,214.2120666504,242.1768493652,270.7955627441,299.1317138672,327.6356811523,354.9764099121,385.520690918,386.1782531738,356.6539916992,328.1409301758,298.9956054688,271.0644836426,242.7121734619,214.7000274658,185.3447723389],"27":[2.3045983315,14.3188533783,25.9887447357,37.629989624,48.7602958679,60.1477546692,70.9311981201,81.9568405151,82.7436904907,72.5794219971,60.8520088196,49.2958297729,37.9824790955,26.2527065277,14.7544441223,2.3652276993],"28":[363.8905334473,370.5903930664,377.2599487305,383.7155151367,390.0962524414,396.2146606445,402.5979003906,407.970916748,407.9905700684,402.6217041016,396.2965087891,389.7364807129,383.5935058594,377.2116394043,370.6767883301,364.0405273438],"29":[153.2404937744,182.6147613525,211.2147521973,239.8731231689,269.3677368164,297.8862609863,327.1605834961,355.390045166,354.9105224609,329.4707336426,298.5027770996,269.4336242676,240.3302764893,211.6718902588,182.6963653564,153.1011962891],"30":[0.0040785479,6.5971217155,14.3619937897,20.836315155,28.3686485291,36.0383911133,43.0922698975,52.4177246094,52.6878700256,44.5915184021,36.7849159241,29.0528297424,21.4606685638,14.1213264465,6.8054666519,0.013483624],"31":[0.0040807626,24.1558647156,51.0548934937,78.1241378784,103.4982376099,130.5236663818,157.7954559326,183.9106750488,184.1356048584,158.3172454834,131.6434173584,104.7182006836,77.8307037354,50.9406700134,24.1480083466,0.0137499496],"32":[88.4395217896,120.4529647827,153.1267089844,185.6530609131,218.5086364746,251.3793029785,283.4413146973,317.5168762207,317.275390625,284.7691955566,252.4213409424,219.2157592773,186.6076202393,154.0778656006,120.9239044189,86.7731018066],