{"polygon_x":{"0":[39.1061897278,47.7684516907,55.7197532654,63.7982940674,72.014541626,80.337928772,88.5981216431,96.6543197632,95.8464584351,87.74634552,79.5685653687,70.9051742554,62.8047485352,54.4934082031,46.3947525024,37.9569206238],"1":[266.1126403809,276.727722168,287.3778381348,298.0366516113,308.407043457,318.9744567871,329.5863342285,340.2041931152,338.7317810059,327.914642334,317.6864013672,306.9498291016,295.9832763672,285.554901123,274.9266967773,264.3063049316],"2":[80.5311660767,99.3347320557,117.2151489258,135.8932495117,154.4027557373,173.0819854736,191.0889434814,209.0508575439,208.4236907959,190.0235443115,171.5476379395,152.8017425537,134.7265319824,116.3238677979,98.2629470825,79.5151519775],"3":[0.1686342508,5.5491809845,10.4507350922,15.7467708588,20.944896698,26.6073646545,32.2103309631,37.2316360474,36.0692672729,30.5337142944,25.0421485901,20.1751098633,15.0547189713,10.0483579636,4.9401626587,0.0258818325],"4":[322.8549194336,323.1165771484,323.2591552734,323.0570373535,323.5609741211,323.8732299805,324.5598754883,325.08203125,353.2567443848,352.6360168457,351.7563476562,351.8027648926,350.9232177734,350.5664978027,350.1148681641,349.6158447266],"5":[342.4719543457,347.101348877,352.0541381836,356.990814209,361.5107421875,366.0345153809,370.7762756348,375.8520202637,375.4524230957,370.3204650879,365.8724975586,361.004486084,356.5513916016,351.7213439941,346.8956604004,341.6222229004],"6":[155.198425293,176.9886932373,198.393081665,220.3061981201,241.4328155518,263.1244812012,284.1182556152,305.7903442383,305.4805908203,282.9140014648,261.9585876465,240.199005127,219.2449798584,197.6792297363,176.5968322754,155.080078125],"7":[329.7684631348,330.8636169434,331.2594909668,331.8922729492,333.1176452637,334.6069030762,336.2867431641,338.1114807129,361.2649536133,360.0205993652,358.8693847656,357.4014587402,356.1770324707,355.131652832,354.1416320801,353.0586853027],"8":[98.7428665161,111.6176681519,124.1278915405,136.9252471924,149.3126220703,161.7362823486,174.3302612305,186.4598846436,186.2581481934,174.8495178223,162.10887146,149.3173675537,136.4554290771,123.702796936,110.8963165283,98.1472091675],"9":[302.8736572266,307.9968261719,311.9430236816,316.2193908691,319.7394714355,322.7881469727,325.296875,328.0624084473,310.8313293457,306.5036621094,302.7789001465,298.5019836426,294.7938842773,291.5528564453,288.9261474609,286.5910339355],"10":[349.8717956543,349.6487731934,349.7587890625,350.1332702637,350.962677002,352.2643737793,353.0209960938,353.682800293,329.86328125,329.6596069336,329.1729125977,328.4107055664,327.7436218262,327.6482543945,327.391204834,326.2340698242],"11":[157.0171051025,180.0587310791,202.6811676025,226.1490783691,249.2833862305,272.5950012207,295.5036621094,318.8988952637,318.6571655273,295.272277832,272.4966430664,249.6106262207,225.8820648193,202.5558624268,180.0502471924,157.0876159668],"12":[354.8606872559,356.8771362305,358.629119873,361.0008850098,364.0773010254,366.1810302734,369.0808105469,372.7079162598,391.4653625488,388.9599609375,387.4465332031,385.1106567383,382.7057189941,380.2810668945,377.4328613281,375.6644592285],"13":[376.7562561035,382.0906066895,387.0748291016,391.6508178711,395.855682373,400.033416748,404.2801513672,407.9612731934,407.8571472168,403.4661560059,399.064453125,394.649597168,389.8602294922,385.0993347168,380.4876708984,374.8099975586],"14":[0.0040803184,24.3508434296,51.5962867737,78.4170303345,104.1697616577,131.9798583984,159.4137878418,186.8273620605,186.9552307129,159.6678314209,132.3080749512,105.3148803711,78.4741134644,50.9542388916,24.161529541,0.0055925269],"15":[60.8617515564,65.560333252,69.3108596802,73.4437561035,77.4713668823,81.4834518433,85.2026290894,89.9635925293,91.4594421387,86.5326843262,82.0159225464,77.1890792847,73.1379241943,68.9663391113,65.1162948608,60.3079795837],"16":[100.0682983398,134.2756958008,166.7093811035,199.7572021484,232.6016998291,265.6102905273,298.6375427246,331.0509338379,328.502532959,296.3560180664,263.5291442871,230.5413665771,198.1370544434,165.0950927734,131.9787750244,99.6610717773],"17":[381.2438049316,385.3633117676,389.4450683594,393.5110778809,397.3673095703,401.0502319336,404.7359008789,407.9591674805,407.6545715332,403.5571289062,399.8219909668,395.9835510254,391.953704834,388.1091918945,384.0294189453,379.3993225098],"18":[228.1102752686,232.9099273682,236.9255981445,241.1006774902,245.0979309082,249.3903198242,253.3685455322,257.2332458496,258.2104187012,254.5975952148,250.2742614746,245.7403869629,241.379699707,237.0810089111,232.7205963135,228.5769805908],"19":[46.6610641479,53.6891059875,59.0961303711,65.462600708,71.3777389526,76.8604431152,82.9279708862,89.3263549805,88.4414749146,82.5075073242,76.556678772,70.3422470093,64.3106689453,58.2826576233,52.3641014099,45.8345069885],"20":[337.6297302246,338.5867004395,340.9666137695,343.4627075195,346.3965454102,347.774597168,348.7881469727,349.9322509766,321.9463195801,323.262298584,319.0389099121,318.6487121582,314.4716186523,312.7979736328,310.6128845215,307.9649963379],"21":[6.6120905876,10.693939209,14.4186954498,18.5513744354,22.7487239838,26.5341186523,30.2715072632,34.0143814087,33.6601371765,28.852766037,25.2402191162,21.6242465973,17.7191314697,13.6059064865,9.9150876999,5.8572802544]},"polygon_y":{"0":[307.6500854492,307.0917053223,307.0580749512,306.858215332,306.9739379883,307.0433044434,306.717590332,307.0390625,329.842010498,329.8508911133,329.580871582,329.5856628418,329.5634765625,329.5855407715,329.8225097656,329.8880004883],"1":[492.8439331055,493.6261901855,492.9436950684,493.1206970215,493.7908935547,494.2733764648,494.8177490234,495.0537719727,520.9756469727,519.9436035156,520.157409668,520.3494873047,519.9295654297,519.9123535156,520.6968994141,520.7567749023],"2":[333.0370788574,332.8727416992,333.1952209473,333.2029418945,333.2754211426,333.4640808105,333.4289550781,333.9575195312,360.4667358398,359.8696899414,359.057220459,358.7522888184,358.7464294434,358.4522705078,358.4592895508,358.8844604492],"3":[306.896697998,306.7450561523,306.8871765137,307.1577453613,307.1210632324,307.1219787598,307.1659545898,307.5602111816,328.2589416504,328.4459228516,328.2325439453,328.1327209473,328.2318725586,327.9540100098,327.9539794922,327.6968688965],"4":[181.2532043457,178.1621246338,174.2983093262,170.5328826904,166.5179748535,162.2485961914,158.292175293,154.9356079102,155.9951477051,161.3457794189,164.6093444824,168.3882446289,171.8200531006,175.3321990967,179.7154846191,183.8741760254],"5":[500.6354980469,499.4457397461,499.2060546875,499.0250549316,498.9993896484,498.9231567383,498.5175476074,498.4461975098,519.4632568359,519.7621459961,519.9060058594,519.9291992188,519.7368774414,519.7956542969,519.8013916016,519.1108398438],"6":[126.246131897,125.9654159546,125.4750518799,125.2225112915,125.0544967651,124.9772567749,124.9621658325,125.7486953735,154.328918457,153.9051818848,153.5309753418,153.2502746582,153.3036193848,153.2144927979,153.3052368164,153.5720825195],"7":[110.0203323364,107.1565322876,104.0671234131,101.2869949341,97.9352798462,94.1712265015,90.703666687,87.0930633545,94.9915542603,98.8487854004,102.8033370972,105.6790237427,108.8032455444,111.903793335,115.2097396851,118.7389068604],"8":[0.0727308542,0.216160655,0.4748294055,0.7148286104,1.0540347099,1.2554746866,1.4175972939,0.9376748204,23.7879180908,23.814453125,23.9611644745,23.9636096954,24.0942687988,24.3745651245,24.6187210083,24.436548233],"9":[464.8501281738,466.7568359375,468.8643798828,470.5188598633,472.6467285156,474.7953186035,476.1557312012,480.0987243652,500.6784973145,498.0812988281,496.5221557617,495.1099243164,494.5247192383,492.685333252,489.355682373,486.4090881348],"10":[279.2992858887,282.1966552734,286.4044189453,289.7342529297,293.2766723633,297.4146728516,301.7823486328,306.1399841309,308.529296875,302.4546813965,298.8633117676,295.0163574219,291.0123291016,287.4018249512,283.2104492188,280.3706970215],