{"polygon_x":{"0":[392.4649047852,393.1792297363,395.8382568359,397.7020263672,400.0395507812,403.3716125488,405.9544372559,407.9541625977,385.6514282227,384.4434204102,381.025390625,378.8763122559,375.5390625,372.9389953613,370.4452514648,367.346862793],"1":[395.7244567871,396.8003845215,397.8397521973,400.3286743164,402.2467041016,404.5119628906,406.1682739258,407.8401794434,370.9121398926,369.9760437012,368.0188293457,366.9934692383,364.6264953613,362.7441101074,361.6461486816,360.5070800781]},"polygon_y":{"0":[210.965057373,214.2001190186,217.5885009766,220.2163238525,223.4408569336,227.4941864014,230.6609039307,234.8484954834,249.2038269043,245.6442260742,241.829208374,238.3784790039,234.9714660645,231.5713043213,228.0330963135,224.4501800537],"1":[7.733645916,13.3687086105,18.1981430054,22.8191814423,27.106054306,32.5497817993,36.5955429077,41.232257843,50.5506057739,44.8414611816,38.6650352478,34.2827377319,28.9682197571,24.8041305542,20.7083148956,17.1512298584]},"text":{"0":"W","1":"H"},"score":{"0":0.9093468189,"1":0.9662556052}}