{"polygon_x":{"0":[294.440826416,302.2669677734,309.0582885742,316.0609436035,323.7602539062,330.9151611328,337.5997009277,343.4022216797,359.7491149902,353.5776977539,346.6870727539,339.7203979492,333.2606506348,326.1701965332,320.2390136719,312.2205505371],"1":[374.8231506348,380.169342041,385.3187561035,390.2298278809,395.1655578613,400.0989685059,404.8054199219,408.9595947266,408.9506225586,404.5726318359,399.7093200684,394.8147583008,389.8932189941,385.1057128906,380.207611084,374.7843017578],"2":[337.9506225586,343.509765625,349.0426940918,353.8929443359,359.0590515137,364.1342163086,369.3323059082,373.8221435547,389.4672241211,384.5784912109,379.8321533203,374.6676635742,370.2485351562,365.0860595703,360.3052368164,354.871307373],"3":[96.762588501,111.6938934326,125.2365341187,138.2897644043,152.4455871582,166.5796356201,180.2727050781,195.2559051514,207.792755127,194.1261291504,180.4340667725,166.7466125488,152.7812194824,138.7729034424,125.6516952515,111.576751709],"4":[14.4666528702,37.1075706482,59.4298744202,82.9522781372,105.91771698,129.1633300781,151.916809082,174.9378967285,181.1211090088,158.2136688232,134.7825012207,111.560798645,87.8887710571,64.7783584595,42.6701545715,19.6166477203],"5":[242.7701721191,266.4984130859,288.8911437988,312.6075744629,336.1732788086,358.6955871582,381.1032714844,405.4620361328,408.705078125,384.8818054199,362.6307373047,340.3421325684,316.6514892578,294.270690918,272.6438598633,246.6348876953],"6":[39.5901069641,44.5314025879,48.4772644043,52.7166748047,57.1926765442,61.2964859009,64.9173965454,69.1584320068,70.0561904907,65.2557144165,60.829624176,56.4368896484,51.9044342041,47.7604560852,43.7905502319,39.2611312866],"7":[230.4497833252,234.7183685303,238.7506256104,243.2234802246,247.255859375,251.502243042,255.3691101074,259.4937438965,260.5757141113,256.0047912598,251.8701477051,247.7090301514,243.6122131348,239.4907836914,235.8737030029,231.6086425781],"8":[100.8670196533,104.3288269043,108.1148757935,111.788230896,115.1794509888,118.8698883057,122.7458114624,126.3834152222,127.1416625977,122.9018478394,118.9849624634,114.7138977051,111.0803146362,107.2982406616,103.9693984985,100.3271408081],"9":[0.0174492225,8.7645511627,17.9390563965,26.1896896362,35.9427070618,45.4512939453,53.3882713318,62.5108451843,79.5463180542,70.6741943359,61.4061965942,51.3001060486,42.8707504272,32.5555114746,22.8252334595,11.4122190475],"10":[360.0809020996,364.5201721191,368.0112304688,371.0426330566,374.5697631836,378.3539428711,382.651550293,387.1571960449,394.2794494629,389.6338806152,386.1193847656,381.7023010254,378.2000427246,374.6070861816,370.9415893555,366.2768554688]},"polygon_y":{"0":[528.2990112305,521.1981201172,515.1077270508,509.4191894531,502.2398376465,494.8932800293,487.7601013184,479.5299987793,493.8571777344,503.6543579102,511.7532043457,519.207824707,527.1997680664,534.85546875,540.5366210938,542.9945678711],"1":[306.9950256348,306.6938171387,306.647857666,306.396697998,306.3570251465,306.156036377,306.4404296875,306.2728881836,328.3252563477,328.650970459,328.6972351074,328.7846984863,328.8638305664,329.1641235352,329.7229919434,329.8399658203],"2":[530.2884521484,525.624206543,522.5635375977,518.4960327148,513.7645874023,508.9855651855,504.5657348633,499.6943359375,515.2770385742,521.396484375,526.8795776367,531.8324584961,536.0952758789,540.2598876953,542.5319824219,542.9945678711],"3":[483.6368713379,476.7005004883,471.826171875,466.8420715332,461.8967285156,456.9667053223,452.3632507324,448.0397644043,471.9485473633,478.584777832,482.899597168,487.3017272949,491.8312072754,497.3474121094,502.2028503418,509.2862854004],"4":[398.271484375,393.9240722656,389.6844787598,384.945892334,380.0814208984,375.4217529297,370.4533081055,366.5259094238,399.9049377441,406.5980224609,410.9046020508,415.0756225586,419.8194580078,423.7546691895,426.8641967773,431.6906433105],"5":[428.7606201172,427.3246765137,426.2160644531,424.186706543,421.4458618164,418.8080444336,417.0866699219,414.5993041992,453.9141540527,454.2491455078,455.0241088867,457.0624389648,458.1954650879,459.3408203125,461.2012634277,462.3803710938],"6":[321.0765686035,320.2086791992,320.5101318359,320.4909973145,320.2719726562,320.1846923828,320.4077453613,320.9787902832,349.8499145508,350.3502502441,350.454864502,350.6326904297,351.2154846191,351.7106323242,352.0941162109,351.976776123],"7":[278.5124816895,278.0208740234,277.7117004395,276.7929077148,276.0566711426,275.4414367676,275.0520629883,275.2972106934,311.0133972168,310.9936523438,311.2732849121,311.7025146484,312.4477539062,313.3395080566,314.1792297363,315.1044921875],"8":[317.6520080566,317.328125,317.7006225586,317.7883300781,317.5296020508,317.1779174805,317.1182250977,317.1537780762,351.8467712402,351.8833312988,351.6338195801,351.7109680176,351.916015625,352.1372070312,352.2900695801,352.7582702637],"9":[36.6987724304,33.4131164551,28.6447696686,23.2153148651,17.223657608,10.9865036011,5.0339980125,0.0054430128,9.4251403809,17.5365715027,25.4411201477,32.9286155701,39.3380699158,45.8185768127,50.7092323303,58.3221664429],"10":[258.6989135742,258.3908081055,258.2479248047,258.0556945801,257.5537414551,256.8605041504,255.4201049805,255.6530151367,291.8395385742,291.5707702637,290.6307983398,291.0096740723,292.3653869629,293.1654968262,294.3890380859,295.3404541016]},"text":{"0":"Lana","1":"GR","2":"Leer","3":"Alle","4":"EVVA","5":"Felsa","6":"e","7":"R","8":"I","9":"UTC","10":"6"},"score":{"0":0.9841248989,"1":0.9805199504,"2":0.9658370018,"3":0.9705247283,"4":0.9856062531,"5":0.970808208,"6":0.4700370729,"7":0.9672601223,"8":0.8108785152,"9":0.6964614391,"10":0.7842373848}}