{"polygon_x":{"0":[386.4942626953,389.955291748,393.0432739258,395.7996520996,398.8096313477,402.1920776367,405.2421264648,407.9909973145,401.5026245117,396.4451599121,393.2016906738,388.3991088867,384.9290161133,380.306854248,376.6504516602,371.5242614746],"1":[19.6009483337,19.1423301697,19.3976402283,19.9213562012,21.1897506714,22.4472637177,23.6346302032,25.2842273712,1.9441299438,1.6797456741,1.2109912634,0.9211903214,0.5987253785,0.2600825727,0.1523382515,0.0040802211],"2":[49.2420120239,49.9332847595,51.48254776,54.6344985962,56.0375137329,58.2604064941,59.927696228,61.794960022,21.0212802887,20.0625972748,18.0810260773,15.8635540009,14.3483858109,12.2928409576,10.0592718124,6.775996685],"3":[358.6206970215,360.0695800781,362.8768920898,365.3906860352,368.8657836914,370.6608581543,372.2618103027,376.5357055664,356.2232971191,353.8349914551,349.078125,344.5100708008,340.2733154297,337.7925720215,335.0872192383,331.3022766113],"4":[133.696762085,159.250579834,193.6807556152,227.2177886963,260.4239501953,293.0144042969,327.004119873,365.4982910156,335.8031005859,300.7716674805,267.0122680664,231.654006958,195.2159423828,161.1523742676,127.8714523315,90.4163818359],"5":[388.2372741699,387.9568786621,390.5103149414,393.1072692871,396.225402832,399.0244140625,401.5324401855,405.5045166016,385.2597045898,382.4763793945,379.6832275391,377.0697021484,374.000213623,371.8415527344,369.6596984863,366.7116088867]},"polygon_y":{"0":[356.9833068848,358.7593078613,360.5039367676,361.5915222168,362.9955749512,364.9703979492,366.6851501465,367.9225463867,403.2020568848,400.9398193359,399.3015136719,397.0817871094,395.3300170898,393.3719787598,391.086517334,389.2036437988],"1":[64.596824646,67.7405319214,68.8071670532,70.3627700806,73.6249847412,78.1559448242,80.5489196777,82.0111999512,95.3390808105,90.5828781128,88.1102600098,85.1472549438,83.8659362793,81.8658447266,80.5425643921,76.4666824341],"2":[98.942527771,101.994430542,105.1119918823,108.3734817505,112.1597366333,116.3820343018,119.2145385742,123.6046676636,141.2806091309,136.7446289062,132.3765258789,128.3050842285,123.5271453857,118.8390197754,114.1115722656,109.9609985352],"3":[491.9831848145,494.2171325684,497.1795349121,499.1752624512,502.1003723145,504.4637145996,506.5513916016,510.3100891113,527.4508056641,522.8626098633,520.2401733398,516.6233520508,513.6865844727,511.5524597168,509.7222900391,506.5191345215],"4":[195.6915893555,219.1929016113,244.8706359863,269.7301635742,292.3468017578,313.8944702148,332.0765991211,352.5554504395,382.7198791504,360.5163879395,341.9367370605,319.5521850586,294.0284729004,270.8024902344,245.307144165,222.6489715576],"5":[508.7800598145,510.3163757324,511.6632080078,513.1568603516,514.9699707031,516.84765625,518.568359375,520.5936889648,542.7705078125,540.436340332,537.9682617188,535.9261474609,533.8595581055,531.9319458008,530.1892089844,527.6333618164]},"text":{"0":"I","1":"A","2":"L","3":"D","4":"GEAIBEN","5":"E"},"score":{"0":0.9476348758,"1":0.5053242445,"2":0.9693133235,"3":0.5357429385,"4":0.618354857,"5":0.4787220359}}