{"polygon_x":{"0":[5.9071383476,15.5693769455,26.040145874,36.1052932739,46.5074539185,56.3414421082,66.0581741333,75.2559738159,75.8342666626,65.7627716064,55.7693405151,45.8144607544,35.4636154175,25.7380084991,15.3785505295,6.0071434975],"1":[85.5856933594,101.5226974487,117.5829315186,133.8924102783,150.3086547852,166.8564453125,182.379776001,199.2410430908,198.3821411133,182.5206298828,166.2389221191,149.7518310547,133.3610076904,117.1949157715,100.8177642822,84.6820831299],"2":[0.045596052,11.4129514694,23.9462070465,35.8702812195,48.0371208191,60.3167266846,72.3643722534,84.6031951904,83.8629074097,71.278137207,59.2204208374,47.0913963318,34.4895591736,23.109462738,10.5727014542,0.0040760599],"3":[105.1242828369,110.0811004639,114.2240829468,118.5361099243,122.6433334351,126.9043731689,131.0329437256,135.1959991455,136.8708953857,132.5235290527,128.0591278076,123.570098877,119.0815963745,114.787651062,110.502746582,105.5706481934],"4":[160.2578735352,164.7499237061,168.2640838623,171.6286468506,175.1377563477,179.2521209717,182.54347229,185.3402862549,185.8761138916,182.6302337646,178.9119110107,175.5606079102,172.200378418,169.100112915,165.4466247559,161.0684967041]},"polygon_y":{"0":[462.8726196289,463.1030273438,463.1666259766,463.0471496582,462.6544799805,462.0590515137,462.056060791,462.0230712891,490.692199707,492.0837097168,493.7117004395,493.7579040527,494.2576293945,494.825012207,494.6625061035,494.1665344238],"1":[495.4729309082,496.0633239746,496.4471740723,496.6657104492,497.1690368652,497.5346374512,497.4838867188,497.7924804688,523.2826538086,523.7665405273,523.9360351562,523.9033813477,523.0842285156,523.4860839844,522.8303833008,522.1935424805],"2":[495.7833557129,496.2771911621,496.3017272949,495.8740539551,496.4791259766,497.0818786621,496.8227539062,497.3522644043,523.0415649414,523.2768554688,523.4066772461,523.3186035156,523.3729248047,522.9096679688,522.6513061523,521.8103027344],"3":[2.6280953884,2.3533391953,2.3696043491,2.8035709858,2.7435967922,2.6949632168,2.8452105522,2.0982408524,22.0517177582,22.8505554199,23.4869022369,23.5106639862,23.2258548737,23.2974700928,23.2786998749,23.6216716766],"4":[0.2891530693,0.2368855327,0.245372206,0.1823751628,0.1285184324,0.1297385097,0.1292873174,0.0341602713,20.1840572357,20.4968299866,20.4290733337,20.1369419098,20.6398906708,21.0941390991,21.1062679291,22.2425689697]},"text":{"0":"Ajub","1":"Bricneen","2":"hemias","3":"36","4":"&"},"score":{"0":0.9816573858,"1":0.9790056348,"2":0.9855119586,"3":0.7951200008,"4":0.6139405966}}