{"polygon_x":{"0":[145.1194152832,156.5225830078,167.7604522705,179.1009368896,190.365524292,201.5549316406,212.8302459717,223.4219055176,222.5483093262,210.7406158447,199.3776550293,187.6220092773,176.6917724609,165.3131103516,153.9651031494,142.6098632812],"1":[140.8522033691,153.476348877,166.1305236816,179.6461029053,192.3890380859,205.8518371582,218.6249847412,231.4540863037,230.2694396973,216.6712799072,204.1936798096,191.319442749,178.0993347168,164.825302124,151.2475280762,138.8432769775],"2":[140.3040008545,147.6245117188,155.3181152344,162.9436950684,170.2516174316,177.4382324219,184.7156066895,192.2211151123,191.1052246094,183.2559509277,175.9648284912,168.4967193604,160.8654785156,152.9436187744,145.5438537598,137.8318634033],"3":[226.3287963867,234.076385498,241.5135040283,248.8903961182,256.4320373535,263.8526611328,271.1210021973,278.6967468262,277.0729675293,269.2904968262,261.9425964355,254.0359039307,246.9627990723,239.5535888672,232.4946289062,225.0142974854],"4":[263.8639221191,271.6321105957,279.1330871582,286.6382141113,294.0704650879,301.4992675781,308.7228393555,315.7015075684,313.7172241211,305.744140625,297.9394836426,290.4642944336,283.125579834,275.859161377,268.6890869141,261.2159423828],"5":[252.1238708496,262.0350646973,272.0801391602,282.3696594238,292.2653808594,302.1033630371,311.867980957,321.921661377,320.5979309082,310.1930847168,300.5018920898,290.4824829102,280.4014892578,269.9018554688,259.8883056641,249.905960083],"6":[283.4808654785,296.3865966797,309.0922851562,321.5170898438,334.4342651367,347.1265869141,359.6118164062,371.829864502,370.2414550781,357.2639770508,345.093963623,332.2417602539,319.4302368164,306.9867858887,294.1742248535,281.1451721191],"7":[141.3074645996,157.0928192139,172.9545288086,188.7298278809,204.4292144775,220.2006988525,235.508102417,251.8062438965,250.9150390625,235.1671905518,219.28074646,203.2747344971,187.0345611572,170.9629669189,154.6226043701,139.5541992188],"8":[144.6170806885,158.3928222656,171.7667388916,185.6283569336,198.9038238525,212.5620727539,225.5270996094,239.357131958,238.6174468994,225.0324401855,211.9356994629,198.2891235352,184.6578521729,170.8520507812,157.118347168,143.7340240479],"9":[145.2390594482,159.3514709473,173.1871032715,186.8952026367,200.5166015625,214.2981414795,227.6753845215,241.1778869629,240.355255127,226.8037109375,213.0812988281,199.044921875,184.8598327637,170.6639709473,156.54347229,143.0363616943],"10":[279.5748291016,296.1115722656,312.1132507324,328.3397521973,344.7050476074,360.9692382812,376.7052001953,392.7495727539,391.5377197266,375.1309509277,359.2821044922,342.6617431641,326.5323486328,310.1520690918,293.7645263672,277.6313476562],"11":[227.0574951172,234.6921081543,241.9060821533,249.5146484375,256.8139343262,264.070526123,271.1648864746,278.6641845703,276.6008911133,267.7479553223,260.4113769531,253.2464599609,246.3162689209,239.2779846191,232.096282959,224.6545715332],"12":[140.9147644043,152.7403869629,164.1325836182,175.8213653564,187.3182983398,199.0209503174,210.5972137451,221.7976531982,221.0688781738,208.7074890137,197.2687835693,185.3447418213,173.9012908936,162.1757965088,150.6840515137,139.1542510986],"13":[319.6424560547,333.5849304199,346.1859130859,358.7833251953,371.6173095703,384.5111694336,396.8764343262,407.9825439453,407.9257507324,395.5931091309,383.2547302246,370.5603942871,357.3562316895,344.3299255371,330.8636169434,317.4938049316],"14":[142.4496307373,159.0919799805,175.5442199707,192.5314941406,209.3665008545,226.6100311279,243.0620727539,260.2705078125,259.2803039551,242.5080871582,225.2252807617,208.1573486328,191.2069244385,174.0868530273,157.2533569336,141.1504821777],"15":[109.8043289185,112.6372528076,116.4466018677,119.8954925537,123.1946792603,126.8612442017,130.6162719727,134.0333251953,134.82421875,131.732131958,127.882484436,124.2297439575,120.8003768921,117.0378036499,113.4088134766,109.8111419678],"16":[145.4584350586,160.5728302002,177.4875946045,194.1409606934,210.6385345459,227.7919769287,243.9702758789,260.0654296875,259.2994995117,242.6070556641,226.3824920654,210.0383300781,192.9694824219,176.3086700439,159.200668335,143.8202972412],"17":[254.8479003906,262.4110717773,269.5152282715,276.6320800781,283.8588256836,290.7431335449,297.5579528809,304.8302612305,303.6084289551,295.8909301758,288.5376281738,281.4960327148,274.3545837402,267.3550720215,260.2846984863,252.880279541],"18":[245.9583587646,262.7397766113,278.607421875,295.353515625,311.5578308105,328.0359191895,343.623626709,360.9387512207,360.2312927246,343.2008056641,327.5014038086,310.5957946777,294.0038452148,277.5026855469,260.8957824707,244.2640075684],"19":[203.6878356934,229.005645752,252.5342254639,277.3210754395,301.2397155762,325.635345459,348.9292297363,374.1905517578,373.0069580078,349.0657653809,325.5979614258,300.6845703125,275.8988647461,251.6157073975,227.2796020508,202.5797576904],"20":[328.0494995117,340.3345031738,352.7376708984,364.7239990234,376.5567626953,387.5149841309,398.9116821289,407.9868469238,407.9599609375,398.2126464844,386.6161499023,375.1809997559,363.0799255371,350.3814697266,338.0783691406,325.3217163086],"21":[105.2789230347,108.3347244263,111.6327514648,114.9549407959,117.8969955444,121.4995422363,124.5138168335,127.4186096191,127.3531951904,124.3183364868,121.3612289429,117.8113327026,114.2676467896,111.0717468262,107.8819122314,104.693321228],"22":[143.7982025146,158.3667602539,172.3628540039,186.6839752197,200.7761230469,215.1816711426,229.2637634277,243.9119567871,242.4461975098,228.9394378662,214.7169952393,200.0847473145,185.2932281494,170.5300292969,155.866607666,142.4804077148],"23":[333.0017700195,344.8041381836,355.610534668,365.7233276367,376.66796875,387.8045043945,398.5210571289,407.9663696289,407.6536254883,396.0260620117,385.1961364746,374.8320922852,363.5907287598,352.8319091797,341.6233215332,330.3529968262],"24":[260.5463562012,270.1562805176,279.5450744629,289.3785400391,299.1051635742,308.8198852539,318.4226379395,328.4901428223,325.8767089844,316.0942077637,306.2678527832,296.4801330566,286.914276123,276.9735107422,267.6215515137,257.58984375],"25":[142.7814025879,168.8618469238,194.2116851807,220.385925293,245.9906768799,272.4581298828,297.4573364258,323.8725585938,322.8415222168,296.260559082,270.4449462891,244.7828369141,218.9174194336,193.6647186279,167.5264282227,141.7586975098],"26":[108.9397735596,111.8953704834,115.2663345337,118.6305465698,121.8921051025,125.7431259155,128.9851074219,132.2141571045,131.0178070068,128.278137207,124.4647216797,120.8737335205,117.3647689819,114.1157684326,110.6290664673,107.0060806274],"27":[102.2446975708,105.149307251,108.6361694336,112.006362915,115.2399215698,118.9432067871,122.1722564697,125.4004898071,126.6825637817,123.3211364746,119.7415771484,115.9476318359,112.7072067261,109.00415802,105.6293411255,101.9514083862],"28":[309.1897277832,323.824005127,337.7508239746,352.3901977539,366.4940185547,381.0747375488,394.8103637695,407.9688110352,407.962890625,394.6225891113,380.5980224609,366.7688598633,352.0544128418,337.3831481934,323.1041564941,308.3074645996],"29":[136.6909790039,167.9680328369,200.044128418,232.0163726807,264.5492248535,296.6664428711,327.0006408691,357.7390441895,356.2919311523,328.6180114746,295.0408630371,263.7566833496,231.4825897217,199.817855835,167.1392059326,136.2807006836],"30":[329.9199829102,342.2346191406,353.7991027832,365.8449401855,377.2692565918,388.0499572754,399.0748291016,407.9808044434,407.9117736816,398.1080932617,386.962890625,375.8772583008,363.6792907715,351.9834899902,340.5958557129,327.3688964844],"31":[230.9344787598,247.57472229,262.8381958008,278.7019958496,294.5938720703,310.4633178711,326.2061767578,342.2794799805,341.7344970703,325.8072814941,310.0246887207,293.9985046387,277.7295532227,261.7225341797,245.7994995117,229.3887634277],