{"polygon_x":{"0":[29.9374961853,38.475315094,46.9455909729,55.226726532,63.9422454834,72.4270706177,80.9413833618,88.9523086548,87.361076355,78.5217514038,69.9861221313,61.2751998901,52.6761398315,43.8280830383,35.6725387573,27.1020183563],"1":[0.6807471514,5.0823459625,8.8788328171,12.5570468903,16.3361186981,20.3406162262,24.5217323303,28.6992530823,27.4113464355,23.0648860931,18.6538658142,14.768245697,10.9016914368,7.2532916069,3.5544242859,0.0336945504],"2":[0.0040802252,11.6921653748,24.1986675262,37.0470848083,50.4113922119,63.4008026123,77.3460464478,90.5632553101,90.9207611084,77.3413009644,63.8209915161,50.9126548767,37.4106063843,24.7985248566,12.173330307,0.0263838191],"3":[0.0707052052,10.6279611588,22.1141624451,33.3160171509,44.7289810181,56.3707580566,67.506401062,78.0032730103,78.5186309814,67.1349639893,56.3076438904,44.6550102234,32.9622077942,21.8289012909,10.8424520493,0.0665091127],"4":[1.1422642469,15.4296197891,28.444026947,42.1242408752,55.4679450989,69.2170639038,82.3907012939,95.6644744873,95.4076843262,82.1014099121,68.0840988159,55.0806007385,41.3896064758,28.2816696167,14.9392366409,0.276386112],"5":[41.3737106323,49.2450141907,56.5520896912,63.7032165527,71.4701766968,78.8299636841,85.3942565918,92.2778320312,90.662109375,82.8794403076,75.5860900879,67.414894104,60.2796859741,52.6738739014,45.1991615295,38.6270942688],"6":[2.7249503136,5.8895874023,8.5057229996,11.1814727783,14.2709341049,17.598197937,21.735912323,26.0614414215,23.4033813477,19.2184638977,14.9293575287,11.8468017578,8.7220506668,5.9223480225,3.2755458355,0.211140722],"7":[0.0436038449,13.2894878387,27.4111194611,41.2448577881,55.3455200195,69.3564376831,83.7418212891,97.2855377197,97.4144287109,83.5258560181,69.0587081909,54.8596763611,40.4654006958,26.9274692535,13.3224220276,0.034039855]},"polygon_y":{"0":[346.919128418,347.3588562012,348.338470459,348.5358886719,349.7007141113,350.9943237305,352.6697387695,354.9437255859,385.900390625,384.7959899902,383.3110046387,382.4575500488,380.7671203613,380.0291442871,380.576751709,380.6038818359],"1":[269.8887634277,269.4570922852,269.7671508789,269.6706848145,269.647644043,270.1981811523,270.2075805664,270.1338500977,294.3273010254,294.3575439453,294.4015197754,294.4447937012,293.9235229492,294.0353393555,294.3456420898,293.6899108887],"2":[0.2195725441,0.0869327486,0.0446978137,0.0130041372,0.0162096415,0.0163433012,0.0299566966,0.0645573065,25.1986694336,25.7022895813,26.4984283447,26.4392738342,26.3476829529,26.3405456543,26.4165153503,25.223690033],"3":[62.7054214478,62.1103172302,61.1004562378,60.5580444336,60.0485572815,59.1858673096,58.2369689941,58.3914299011,84.6232757568,85.355140686,85.6112670898,85.8254013062,86.1913146973,86.1884002686,86.4441375732,85.9101409912],"4":[180.2912597656,180.0658721924,177.8615722656,177.6267547607,177.6473693848,177.4553833008,176.7103424072,175.9664001465,212.1608886719,212.7344970703,214.6602783203,215.1231536865,215.4551086426,215.3744354248,215.7182769775,214.9186096191],"5":[257.7813415527,258.2937927246,259.4582824707,260.4122314453,261.5142822266,263.2857971191,266.3523864746,269.146270752,301.6465454102,301.1724243164,300.0393066406,298.8829956055,298.2926330566,296.7978210449,296.4425354004,295.5661621094],"6":[355.248046875,355.1353149414,355.4388427734,355.6623535156,355.9470214844,356.492767334,356.7672729492,357.0347290039,381.1601257324,380.4491577148,379.8391113281,379.4685668945,379.2964477539,379.3590393066,379.321105957,378.9638977051],"7":[93.3302993774,92.6615524292,92.2104949951,91.8096847534,91.658241272,91.1966400146,91.0548477173,91.3080062866,115.3766098022,115.8222808838,115.8776245117,115.8160324097,116.1188583374,116.2214126587,115.946975708,115.649810791]},"text":{"0":"Las","1":"es","2":"reiten","3":"sund","4":"aapelle","5":"Ges","6":"es","7":"asserne"},"score":{"0":0.9886168838,"1":0.9416607618,"2":0.5941544771,"3":0.9841569066,"4":0.9859107733,"5":0.9878970385,"6":0.5039220452,"7":0.9844492078}}