{"polygon_x":{"0":[247.8387451172,264.1605834961,281.2660827637,298.4776611328,315.877532959,333.2514343262,350.3837585449,366.3552246094,368.1802368164,350.9914550781,333.9842529297,316.6074523926,299.0925292969,281.8109130859,264.3549194336,247.2925415039],"1":[381.3546142578,385.3967895508,388.5996398926,391.9206542969,395.5653076172,399.2926330566,402.9766845703,406.5502319336,406.0586242676,402.7215270996,399.4122924805,395.636138916,392.0342712402,389.3702087402,385.9881896973,381.5951843262],"2":[266.6805725098,286.9657592773,306.1781005859,326.4201965332,346.8542785645,366.8813171387,386.5930175781,406.4842224121,405.4411315918,384.9824829102,365.1954650879,345.1655273438,325.0193481445,304.917755127,285.3783874512,266.2293395996]},"polygon_y":{"0":[356.9250488281,357.1606445312,357.1105651855,357.418762207,357.1220397949,357.3551635742,357.4769897461,357.8397827148,389.2880554199,389.097076416,389.4023132324,389.5073242188,389.3462524414,389.5268859863,390.0012207031,389.7946166992],"1":[361.9530639648,362.0461425781,362.2060241699,362.1205749512,362.1230773926,361.9858703613,362.0734558105,362.4273071289,389.3759765625,389.0067749023,389.1798400879,389.1826782227,389.2234802246,389.1805725098,389.2343444824,389.5859680176],"2":[441.9962463379,440.3746337891,439.2503967285,438.9383544922,438.6919555664,438.9860534668,438.9516906738,440.0868530273,468.2192077637,468.2694396973,467.8128051758,467.5250244141,467.6245422363,467.3926696777,467.7070617676,468.0753479004]},"text":{"0":"LAGER","1":"D","2":"Kerstorles"},"score":{"0":0.9809613824,"1":0.8072305918,"2":0.949885726}}