{"polygon_x":{"0":[0.0065609287,9.1966962814,20.2152690887,31.0727710724,41.5799865723,52.5501937866,63.6910018921,73.9597244263,75.0108413696,64.1106643677,52.9388160706,42.0361251831,31.0603237152,20.4052085876,9.7053136826,0.040208295],"1":[4.4639892578,12.9270181656,21.5511837006,30.4885520935,39.5575485229,48.3568344116,57.2868041992,66.7851867676,63.8529396057,54.7035980225,45.9489860535,37.0140342712,28.1485691071,19.3200397491,10.1029586792,0.9456294179],"2":[0.1924740374,9.237074852,18.7978878021,28.7423248291,38.407951355,48.6508598328,58.9250488281,68.744102478,68.2938766479,58.3117637634,48.3044166565,38.565990448,28.5801448822,19.2376480103,9.7542142868,0.163950026],"3":[0.8817430139,14.2877788544,27.3990707397,40.6519165039,53.751159668,66.8969650269,80.2490692139,94.8316421509,94.1615219116,83.4147491455,67.9990310669,53.7802391052,40.1200065613,26.9808616638,13.7209692001,0.3285364807]},"polygon_y":{"0":[379.4091491699,378.1112670898,377.6543884277,377.1856384277,376.912689209,376.4621887207,376.143371582,376.5788879395,401.8842468262,402.0812988281,402.1610107422,402.4533996582,401.9633178711,402.0900268555,402.3291931152,402.3398132324],"1":[310.7982788086,311.0821533203,311.0143737793,310.9409790039,310.5460205078,311.7546691895,312.2903442383,312.6239318848,351.1237182617,351.3382873535,350.5663452148,349.7554931641,349.3876342773,348.0106811523,348.0329589844,347.5260620117],"2":[132.5791931152,132.1351013184,131.9429779053,131.0254669189,130.6374816895,130.3844146729,130.3889160156,131.4951171875,159.3609771729,159.8968658447,160.4244384766,161.2665557861,160.9920806885,161.1641082764,161.2765197754,161.1756134033],"3":[101.007270813,101.1721191406,101.3703231812,100.8968582153,101.0722732544,100.9040527344,99.9393692017,100.1134414673,131.2364044189,132.1773986816,132.0542144775,132.2150268555,131.982131958,131.7200469971,130.993637085,130.6169433594]},"text":{"0":"aner","1":"beh))","2":"chen","3":"inisch."},"score":{"0":0.9782317281,"1":0.929641068,"2":0.9797329903,"3":0.9869765639}}