{"polygon_x":{"0":[0.1398207396,9.2616968155,18.9029788971,28.9829998016,38.7421607971,48.7632751465,58.8821029663,68.5003051758,68.1046829224,57.9023284912,47.8305168152,37.8899383545,27.6922206879,18.3164024353,8.7561645508,0.0381745063],"1":[230.3045349121,239.4336700439,248.6639099121,256.7613220215,266.0230712891,274.7247314453,283.2113342285,293.021270752,311.4453430176,303.2076416016,294.246673584,285.9604492188,276.9538574219,268.2383728027,258.7503662109,249.7174072266],"2":[272.5799560547,283.1340332031,294.119934082,304.0398864746,314.8197937012,325.0417785645,334.6994628906,343.3544006348,363.9463806152,355.5402526855,344.8078918457,333.5293884277,323.0530395508,312.5658569336,302.2392578125,291.5479125977]},"polygon_y":{"0":[443.0367736816,441.2542419434,440.6968994141,440.800567627,440.8067016602,440.7149658203,440.9056091309,442.0418701172,470.8993835449,471.5290527344,471.5917358398,471.633972168,471.2959594727,471.356262207,471.571685791,471.0732421875],"1":[45.1695671082,37.8586959839,30.8983631134,23.7753181458,15.7475566864,7.4003872871,2.2183711529,0.0054406063,9.1742925644,18.8707027435,26.8945655823,35.2397689819,44.2170944214,52.5049209595,60.9680099487,69.941444397],"2":[57.5572891235,46.1202774048,35.7833099365,27.2295646667,16.2220039368,7.8108491898,1.8178830147,0.0054404144,9.4094486237,20.1097869873,30.5565433502,40.8018531799,51.2577285767,61.1262893677,70.8643341064,82.9654388428]},"text":{"0":"slus","1":"Hakel","2":"Blutac"},"score":{"0":0.9847768545,"1":0.9779583812,"2":0.9756109118}}