{"polygon_x":{"0":[5.6950974464,9.2912130356,13.3029699326,17.3596725464,21.4910144806,25.8193092346,29.9264278412,34.3492012024,36.8515319824,33.4156303406,29.543598175,25.4266147614,21.2993469238,17.1779613495,13.3407878876,8.5419778824],"1":[88.7429656982,133.1190643311,177.1189575195,221.5228729248,265.8465881348,309.5832519531,351.765838623,396.8229064941,398.622253418,352.9102783203,309.6754150391,266.6297302246,221.2890625,177.7594909668,132.9227905273,89.215385437]},"polygon_y":{"0":[146.0181121826,145.6165313721,145.40965271,145.1091156006,144.329498291,143.6558227539,143.3839111328,143.3644561768,171.0652160645,171.0307006836,170.9140777588,171.208694458,171.4200134277,172.2775115967,172.641998291,173.2088317871],"1":[135.2681274414,134.0592193604,134.2708892822,134.3290710449,134.3834381104,135.9122772217,136.2321014404,136.7457427979,170.4958343506,171.482635498,171.7584533691,172.0196990967,171.7804412842,172.3895874023,172.7522277832,173.6860809326]},"text":{"0":"S","1":"Offesion"},"score":{"0":0.9050679803,"1":0.973952353}}