{"polygon_x":{"0":[0.2692174315,11.2254495621,22.2640247345,33.6466255188,44.6579017639,55.5151672363,67.2196121216,78.016746521,77.3767318726,66.1178741455,54.7693481445,43.7278137207,32.5890350342,21.7191371918,10.8249769211,0.0517029874],"1":[326.5834960938,338.0004272461,348.6485900879,359.0964660645,369.6614379883,379.8080749512,390.053527832,401.7019348145,403.1098327637,391.4413757324,380.7309875488,369.5488586426,358.8178710938,348.1947021484,337.5978088379,326.7366333008]},"polygon_y":{"0":[0.1264273673,0.1658839732,0.2160356194,0.2556395531,0.3667764068,0.3175497353,0.2820701301,0.2233133316,24.6590251923,24.660533905,24.3852157593,24.2099914551,23.8289546967,23.9110622406,23.8879814148,23.7085456848],"1":[135.5301208496,135.5883789062,135.4462280273,136.0208129883,136.2211914062,136.5040283203,136.9519805908,137.3083343506,176.0704040527,177.4374542236,176.9517669678,176.3150787354,175.9356231689,175.5373840332,175.4105377197,175.0524597168]},"text":{"0":"OGEL","1":"Mo"},"score":{"0":0.9829036593,"1":0.9863811135}}