{"polygon_x":{"0":[28.2174568176,46.0413627625,63.5167961121,81.5155029297,99.6606903076,117.4411392212,135.0553283691,151.4531707764,151.1458129883,133.8545837402,116.1663665771,98.6709518433,80.9929428101,63.4646263123,46.0633125305,28.5303726196],"1":[304.2772521973,314.5521850586,324.5538635254,334.3893737793,344.5676269531,354.1864013672,363.3361206055,374.7093200684,364.4907226562,354.4046630859,343.4473876953,333.5372924805,323.2014160156,313.3914794922,303.112121582,292.729095459],"2":[245.2161407471,252.577041626,259.7806091309,267.2144470215,274.2893371582,281.7686157227,289.0647583008,297.7490234375,283.3348693848,275.7655944824,268.0870361328,260.9051818848,252.5409240723,244.8049621582,237.0106506348,229.2994842529],"3":[166.1237182617,173.5898284912,181.9034118652,189.9509887695,198.5673065186,206.7378845215,214.6650085449,223.0857849121,217.2234344482,209.106918335,200.7858581543,192.708694458,184.5593566895,176.3909454346,167.5137176514,160.2342376709],"4":[361.781829834,368.573059082,375.4230957031,382.2158203125,388.7693481445,395.4346618652,402.0734863281,407.9359130859,407.9776000977,402.4515991211,395.7610778809,389.0392456055,382.5277709961,376.0175170898,369.2792053223,362.1519775391],"5":[287.9877929688,298.6141662598,308.9917907715,319.7207946777,330.1907348633,340.5236816406,351.1449279785,361.4577941895,361.6540222168,351.5589294434,341.3271179199,330.6909484863,320.4221801758,310.1326904297,299.4728088379,288.6711730957],"6":[207.1721038818,217.2733764648,227.8027801514,238.6073303223,249.2747650146,259.8369140625,270.0636291504,280.2388305664,280.9117736816,270.7979125977,260.3996582031,249.7201080322,239.2799224854,228.7169952393,218.3919219971,207.9123077393]},"polygon_y":{"0":[211.7727203369,211.4791259766,211.3468170166,211.6931762695,212.1585845947,212.4183807373,212.1521148682,213.3857879639,240.6302032471,240.6348724365,239.7928619385,239.5572814941,239.3486633301,238.9443664551,239.1939086914,239.0790405273],"1":[255.9133605957,259.1411743164,262.1819152832,265.4520263672,268.6563720703,272.1979370117,275.6780700684,280.512878418,304.1012268066,301.2852783203,298.6056213379,295.7113952637,292.358001709,289.0413513184,285.7455749512,281.1761169434],"2":[229.3065490723,232.697555542,236.1927490234,239.9535217285,243.6771850586,247.5869750977,252.4388122559,257.4406738281,281.171875,277.9500732422,273.990234375,270.037109375,265.7520446777,261.8094787598,258.1887207031,253.7392730713],"3":[220.1678924561,220.306854248,221.6629333496,222.9744720459,224.6951599121,226.9264068604,228.8303527832,231.4063262939,252.0805511475,250.5004272461,248.8540344238,247.2880401611,245.4141235352,243.8611907959,243.0290679932,241.108291626],"4":[460.0065307617,459.8096008301,459.3954772949,459.7919311523,459.5874633789,459.4513244629,459.8941345215,460.0676879883,487.4397583008,487.9998474121,488.6211242676,488.6769714355,488.619354248,488.5956726074,488.7708435059,488.3129272461],"5":[461.7922363281,462.197845459,461.866973877,461.6657714844,461.2700500488,460.90234375,460.4736328125,460.3483886719,491.2173156738,491.4478759766,491.1000671387,491.6806945801,492.384979248,492.6527709961,492.0633544922,490.6283874512],"6":[466.157623291,465.5213317871,465.1322937012,465.0396118164,464.9690551758,464.4394836426,464.4510498047,464.8464050293,490.9167480469,490.5516967773,490.57421875,490.8653564453,490.9339904785,491.3981018066,492.3443908691,492.6331787109]},"text":{"0":"Jericho","1":"Saba","2":"Mar","3":"ibber","4":"Fuf.","5":"Engl:","6":"2000"},"score":{"0":0.9863974452,"1":0.9789969921,"2":0.9570599794,"3":0.9760534167,"4":0.9851508737,"5":0.9842888713,"6":0.9868248105}}