{"polygon_x":{"0":[154.740020752,164.1981201172,172.2698822021,182.257598877,190.7867889404,200.5038604736,209.0587005615,216.2387695312,217.0876464844,208.292175293,199.7792663574,192.2303924561,180.7427978516,171.3375549316,162.3594512939,154.6064758301]},"polygon_y":{"0":[166.5925140381,168.0119628906,168.9421844482,168.7936706543,167.0752410889,166.8984222412,167.5167541504,169.0545349121,292.8413696289,294.6163635254,294.6812438965,292.3113098145,292.157043457,292.4916381836,293.4237365723,295.1036682129]},"text":{"0":"E"},"score":{"0":0.9454036355}}