{"polygon_x":{"0":[363.6029052734,368.6475524902,373.1540222168,377.9109802246,381.8498535156,387.0657348633,392.2777099609,396.842590332,398.9279785156,393.6979675293,389.329284668,384.6467285156,380.0359802246,376.1540527344,371.9532775879,366.3525390625],"1":[198.3437652588,226.9465942383,253.5112304688,281.550201416,308.1996765137,335.9309692383,363.9635009766,392.8389892578,393.4813537598,365.1828308105,337.6792602539,309.5716552734,282.5755004883,255.397567749,228.0987243652,198.7357788086],"2":[139.8596038818,164.21484375,188.2649536133,212.1358947754,236.3996276855,260.0237426758,282.3838806152,306.8838195801,294.2789611816,268.6026000977,244.533416748,222.0040283203,198.8894805908,175.6689605713,152.7424926758,128.6890869141],"3":[140.03125,164.4637908936,188.4330444336,212.1963653564,236.5372467041,260.1721496582,282.4683837891,306.9111022949,294.4751586914,268.5227661133,244.7103424072,222.0978240967,198.9953460693,175.7898864746,153.0073852539,128.6239318848]},"polygon_y":{"0":[91.1991043091,91.2612686157,91.2180633545,91.2105789185,91.2144012451,90.6023254395,90.1430740356,91.072845459,127.6776351929,128.4497833252,128.3424224854,128.3039245605,128.9298248291,128.8798370361,128.873336792,129.1724090576],"1":[473.0699157715,473.1099243164,472.7923278809,472.847869873,472.7496337891,472.9400634766,473.0388183594,473.7286376953,520.235168457,520.0228881836,519.6015625,519.8991088867,519.3749389648,519.8209838867,519.5204467773,520.424621582],"2":[19.8272361755,30.6886100769,40.1958732605,48.988571167,57.1799201965,66.0288696289,74.704284668,85.9264221191,130.6755371094,121.4689865112,110.8303375244,99.6744384766,89.2073135376,79.9112014771,69.1480560303,59.922039032],"3":[19.8444347382,30.936214447,40.2709350586,48.878490448,56.9728317261,65.8107223511,74.2742538452,85.9659500122,130.4978790283,121.0254669189,110.4012680054,99.4077072144,88.9614639282,79.7513809204,69.3746414185,59.8204498291]},"text":{"0":"d","1":"PROFIL","2":"Berg","3":"Berg"},"score":{"0":0.893601656,"1":0.9862405658,"2":0.9809271097,"3":0.9829111695}}