{"polygon_x":{"0":[357.9965515137,364.833190918,370.7897644043,377.0874023438,383.1878356934,389.3245544434,395.6147155762,401.4051208496,400.7087097168,394.6289367676,388.5141906738,382.1357421875,376.1008300781,370.3481140137,364.1311950684,357.9064941406],"1":[360.0819396973,364.8532409668,369.7850646973,374.3139648438,379.5103759766,384.4749755859,390.3041687012,395.9790649414,401.8719482422,396.6723022461,391.5402526855,385.9207458496,380.8256835938,376.0119934082,371.2650146484,365.3516845703],"2":[218.2443237305,238.3204040527,257.3870849609,277.3603515625,297.384765625,316.6900634766,336.3084716797,355.5023803711,354.8588867188,335.8590393066,315.948638916,296.6295471191,276.3749084473,256.6847229004,236.718536377,216.93019104],"3":[0.9290103316,31.3193759918,60.6644439697,89.9273681641,118.9511871338,147.8938598633,176.365524292,206.5542144775,206.2434997559,177.0429534912,148.4528503418,119.2985076904,90.4445495605,61.4941978455,32.0670585632,1.2196086645],"4":[42.5924377441,46.2069473267,49.5072860718,53.0104103088,56.4702453613,59.8235015869,63.6781768799,67.513633728,65.450630188,61.8813056946,58.2906799316,54.0036506653,50.4652061462,47.2013626099,44.1103172302,39.621131897],"5":[230.4426116943,256.3318481445,280.5155029297,305.213470459,330.3464355469,355.6173706055,380.0908203125,406.4971313477,406.9223327637,381.1222229004,356.5434875488,331.037109375,305.589263916,281.0703125,256.2098388672,229.7501525879],"6":[118.8233184814,147.0249328613,176.1331329346,205.7440338135,235.4658355713,264.2250061035,293.0860900879,325.6287536621,328.255859375,297.7191772461,267.9514770508,238.5213775635,209.2760620117,180.1467590332,150.9192657471,119.4148635864],"7":[2.4210646152,5.8284425735,8.8138017654,12.3544435501,15.8474092484,18.4238300323,21.4235515594,25.6871986389,29.4004745483,20.4749660492,17.044626236,13.9509620667,10.5118932724,7.7758197784,4.5808529854,0.6116048694]},"polygon_y":{"0":[0.0550973453,0.0960941166,0.1629316509,0.1447242349,0.2907490432,0.4577876329,0.853956759,1.3055413961,22.0235233307,22.2383918762,22.1700344086,22.2345256805,22.2268638611,22.1299953461,22.2276935577,22.4069690704],"1":[78.3800125122,77.9066162109,77.2826385498,77.0689468384,76.4149856567,75.5309753418,75.0877227783,74.5189285278,115.1541671753,115.1620788574,114.6096572876,114.5321044922,115.1426086426,115.7656707764,117.1450119019,118.5611953735],"2":[0.0088708177,0.0377748087,0.0426039211,0.0375750549,0.0820828974,0.146180898,0.1543942988,0.1776923388,21.8279628754,21.9472579956,22.153968811,22.2667884827,22.2068710327,21.9979152679,21.4192867279,21.2548904419],"3":[473.6039123535,473.7366638184,473.7877502441,473.3189697266,473.6347961426,473.0774841309,472.7710266113,473.5021972656,520.5883789062,519.9577636719,519.5776977539,519.6864624023,519.6721801758,519.4586181641,520.0775756836,520.7065429688],"4":[109.7401885986,109.6351852417,109.7258300781,110.1925201416,110.3890609741,110.6855926514,110.9792938232,111.1664047241,138.1871337891,138.9034423828,138.673828125,138.2542877197,138.0559387207,137.8437805176,137.9749908447,138.2651977539],"5":[473.90234375,473.0678100586,472.7024841309,472.2886657715,472.401184082,472.3683776855,472.1686706543,471.8417663574,519.3536376953,519.3884277344,518.8137817383,518.7591552734,518.653137207,519.0974121094,519.2705078125,519.4885253906],"6":[101.9851303101,102.679901123,101.9639587402,100.7518005371,100.1324005127,99.2331771851,97.3002548218,97.8461227417,134.3633422852,135.4531097412,138.4221954346,141.1198577881,142.0763397217,142.8374328613,143.0757141113,143.0039672852],"7":[104.6017837524,103.8876495361,103.5835037231,103.686630249,104.760559082,105.3019638062,106.3919067383,106.6448364258,132.5094451904,133.4482116699,133.5609741211,133.7644500732,133.8895721436,133.7693939209,133.2780456543,132.727355957]},"text":{"0":"des","1":"R","2":"Landhaus","3":"DURCH","4":"S","5":"JERUS","6":"Bosen","7":"e"},"score":{"0":0.9856706262,"1":0.9801325798,"2":0.9866739511,"3":0.9885226488,"4":0.7868485451,"5":0.9885534048,"6":0.9781609774,"7":0.4610095024}}