{"polygon_x":{"0":[143.5136108398,150.1204986572,156.8824768066,163.8154754639,170.7481842041,177.6600799561,184.4445800781,190.4782104492,190.8796081543,184.7673797607,177.6253509521,170.1698455811,163.373626709,156.4824066162,149.975692749,143.088684082],"1":[0.2122222185,19.9262485504,39.3069458008,58.8034667969,78.0925064087,97.2578887939,116.2475738525,135.1302490234,133.9712524414,114.1079864502,94.7183685303,75.633934021,56.0685119629,37.12474823,17.8391075134,0.013683551],"2":[178.6786956787,201.5656738281,224.8405303955,248.2292327881,271.7362060547,295.2975769043,319.008972168,343.7604675293,344.4809265137,319.7060852051,296.3917236328,272.9347839355,249.7402038574,225.7602233887,202.4552001953,178.8920288086],"3":[307.5281066895,322.7768859863,337.4761962891,351.8642883301,366.3803405762,380.91015625,395.291229248,407.9624633789,407.9337768555,394.3760070801,380.1069335938,365.7180480957,351.1015319824,336.6609191895,322.324005127,306.8031311035],"4":[26.4280490875,41.475933075,55.7707138062,70.6658935547,85.3885879517,100.1117401123,114.7606277466,129.2764129639,129.8176116943,115.4018096924,100.3887634277,85.4803543091,70.7009887695,55.8906936646,41.4034156799,26.155166626],"5":[204.9723052979,219.3091888428,233.7712554932,248.4362335205,263.1567993164,277.5935668945,292.4381713867,306.5713500977,307.4321899414,292.133972168,277.6122436523,262.7282104492,248.1435394287,233.7194213867,218.9967803955,203.776260376],"6":[385.8577880859,389.9646911621,393.0140686035,396.1485900879,399.2272033691,402.2446899414,405.0316772461,407.8875732422,407.8969116211,404.6895446777,401.7346496582,398.6571960449,395.4834289551,392.6026306152,389.0827941895,384.4176330566]},"polygon_y":{"0":[212.2213134766,212.1243133545,212.3606414795,212.8919677734,213.057723999,213.1737823486,213.3365478516,213.9154663086,240.380279541,241.0429992676,241.3176879883,241.2589111328,241.0016784668,240.8207855225,241.0241394043,240.9521789551],"1":[286.961517334,289.4584655762,292.0892944336,293.8970031738,296.3505249023,298.5494689941,300.3414306641,301.7534179688,326.1043395996,324.7841796875,322.5425109863,320.9253234863,318.8644104004,316.7369689941,315.2510375977,312.799987793],"2":[97.1739730835,96.5483016968,96.0234832764,95.902885437,95.5736694336,94.9267501831,94.5745162964,95.8039550781,127.3461990356,128.7506103516,128.3856506348,128.2017974854,128.1213989258,127.9185180664,128.0819854736,128.3896636963],"3":[211.1192474365,210.7719268799,210.6911773682,211.0565338135,211.2295684814,211.7517242432,212.4701690674,212.8330841064,242.771484375,241.9446411133,240.8557891846,240.4341125488,239.8444671631,239.5012664795,239.4720916748,239.6509094238],"4":[214.3574066162,213.8662872314,213.7602233887,214.123550415,214.0602416992,213.7216491699,213.9748382568,214.2758789062,240.1177520752,240.1346588135,240.2636260986,240.9121398926,241.1576385498,241.1504516602,241.5762634277,241.4567108154],"5":[212.6535491943,212.5779571533,212.8990020752,213.3288116455,213.4886474609,213.5416870117,213.9098815918,213.7904052734,239.632598877,239.3382873535,239.359161377,239.4293518066,239.5758209229,240.087890625,240.323928833,240.8545379639],"6":[287.2103271484,286.7270202637,286.7341003418,286.8089294434,286.4310913086,286.1987609863,285.9821472168,285.859588623,315.2096557617,315.6914978027,315.6896362305,315.7705688477,315.5217590332,315.5235290527,315.9850463867,316.6396179199]},"text":{"0":"der","1":"innom","2":"ZION","3":"leitang","4":"Niveau","5":"Wasser","6":"T"},"score":{"0":0.9849833846,"1":0.9849458933,"2":0.9875610471,"3":0.9605535269,"4":0.9888814092,"5":0.9474275708,"6":0.9740847945}}