{"polygon_x":{"0":[31.0069465637,38.6533737183,46.8029174805,55.043182373,63.0981903076,71.1581497192,79.0710525513,86.6431503296,87.3219985962,79.1060180664,71.2741317749,63.2900772095,55.4289741516,47.3683891296,39.2429275513,31.3142795563],"1":[33.0431365967,40.4653587341,48.0371704102,55.6474304199,63.3757286072,71.0508651733,78.4187393188,85.5879821777,86.270904541,78.693107605,71.2936248779,63.7406730652,56.2556991577,48.6054077148,41.1757545471,33.8763122559],"2":[34.1272392273,41.1757392883,48.7043609619,56.0626945496,63.4540672302,70.9252700806,78.1624069214,85.2855377197,86.0915985107,78.6094970703,71.432434082,63.9888839722,56.7326927185,49.2355575562,42.0140991211,34.4369468689],"3":[36.9440574646,43.6569290161,51.2153739929,58.8279685974,66.307258606,73.6678390503,80.818862915,87.7178192139,88.6732559204,81.0620269775,74.0534667969,66.5985870361,59.2776031494,51.6681060791,44.3154029846,37.1930999756],"4":[16.8665618896,26.3825283051,36.4661941528,46.5800704956,56.7463798523,66.849105835,76.8060073853,86.067741394,87.2261352539,77.1632614136,67.2621994019,57.3934135437,47.5046157837,37.5189857483,27.639541626,17.4376716614],"5":[0.2716981769,2.2250108719,3.7949194908,5.4829897881,6.8717675209,8.5244579315,10.6149091721,12.7479200363,12.8656835556,11.1249399185,9.0478391647,7.1123209,5.3951473236,3.7788460255,2.0857255459,0.1263585836],"6":[18.1792736053,27.7372760773,37.634853363,47.7441444397,58.3072166443,68.6236953735,78.755569458,88.9570999146,89.0464477539,78.7244491577,68.8932342529,58.9638214111,49.111000061,39.2104034424,29.3796901703,19.0427360535]},"polygon_y":{"0":[177.2222290039,176.3987731934,176.4299163818,176.1256866455,176.0943450928,176.3063964844,176.25440979,176.4803161621,201.4394836426,201.8676605225,202.3593444824,202.2154846191,201.7695922852,201.9035644531,202.2892913818,202.5403442383],"1":[236.37890625,235.5222473145,235.328918457,235.2459106445,235.2144012451,235.2919311523,235.1602020264,235.4064941406,260.1698303223,260.3117980957,260.5949707031,260.4570922852,260.3967285156,260.5777587891,260.930847168,261.1477661133],"2":[298.1817932129,297.4322509766,296.913482666,296.5375671387,296.4247436523,296.3595581055,296.2925109863,296.4819641113,321.2005004883,321.3511962891,321.5428771973,321.5494689941,321.6942749023,321.8976745605,322.459197998,322.4219970703],"3":[119.043510437,118.6005935669,118.5133590698,118.4478530884,118.7035827637,118.3840560913,118.2627944946,118.5920791626,142.8907623291,143.2922973633,143.6534881592,143.6656341553,143.4885406494,143.6724243164,144.0644683838,144.0846710205],"4":[345.6995544434,345.1670837402,344.9606018066,344.5762634277,344.3604125977,344.1675415039,343.8678588867,344.0875854492,370.2216796875,370.2436523438,370.919921875,370.7545471191,370.8712158203,371.0730895996,371.3491821289,371.7058105469],"5":[65.3138809204,65.2316436768,65.1515579224,65.2980499268,65.2224121094,65.0255050659,64.7845230103,64.9064712524,83.3077697754,83.4904403687,83.3548965454,83.1704483032,83.2520599365,83.3663864136,83.3371276855,82.9979705811],"6":[58.0384674072,58.0114593506,57.8092079163,57.6057929993,57.3265533447,57.2722358704,57.1352958679,56.8203353882,83.5319900513,83.4400177002,84.1353912354,84.1213226318,84.283454895,84.3246459961,84.3449325562,84.588973999]},"text":{"0":"300","1":"200","2":"100","3":"400","4":"2000","5":"I","6":"2500"},"score":{"0":0.9835612774,"1":0.9780477285,"2":0.9703415036,"3":0.9615887403,"4":0.9858545661,"5":0.9289979339,"6":0.9859544635}}