{"polygon_x":{"0":[338.1420898438,348.0892028809,358.3070068359,368.0027770996,377.6583557129,387.7720336914,397.557800293,407.474029541,406.7065124512,396.4337158203,386.9036865234,376.8626098633,367.257598877,357.4382019043,347.4168701172,337.2256774902],"1":[285.4929504395,303.7467346191,321.4345397949,339.4192199707,356.6441650391,374.3325195312,392.1442871094,407.9731750488,407.9739074707,392.0550842285,373.9762878418,356.5318908691,338.3534240723,320.4127197266,302.6155700684,284.2712097168],"2":[154.3802642822,165.9799804688,179.5785675049,193.7304229736,205.4163665771,217.2496948242,231.4000091553,247.8891601562,269.3741455078,254.018951416,237.7191925049,223.7329559326,210.2792510986,199.9925689697,190.0984344482,181.0486755371]},"polygon_y":{"0":[245.8731384277,245.8648834229,245.7967834473,245.7555999756,245.2700653076,245.2538757324,244.9951782227,244.6624145508,271.0775146484,271.2489013672,271.3243408203,271.4110412598,271.6080932617,271.6884155273,272.0978088379,271.6978759766],"1":[190.0780944824,190.5481414795,190.8805389404,191.4071655273,191.0880432129,191.2558746338,191.2711334229,190.4682769775,215.5663604736,216.3007965088,216.9885559082,217.2060699463,217.2013244629,217.1884918213,217.2362213135,217.0035400391],"2":[209.2650604248,188.3869018555,166.854309082,141.6346893311,120.6181793213,99.7917861938,84.6604156494,68.4222717285,88.2526092529,105.2963485718,122.7603530884,142.7571258545,163.1870117188,183.6231994629,204.1534423828,224.3327026367]},"text":{"0":"Telch","1":"Wasserleit","2":"Wasserleitang"},"score":{"0":0.9832291007,"1":0.974606514,"2":0.7537125349}}