{"polygon_x":{"0":[179.8558959961,194.3118591309,208.7395782471,223.6544189453,238.5519714355,253.1511688232,267.892791748,282.4007873535,283.6922302246,268.7432250977,253.8559570312,238.9636230469,224.0726470947,209.1783752441,194.2832641602,179.2548522949],"1":[288.48046875,295.5520324707,302.4176635742,309.494140625,316.4767150879,323.2082519531,329.9855651855,336.5472717285,336.1695251465,329.4313049316,322.8560180664,316.1176147461,309.4440307617,302.5900878906,295.8953552246,288.5799560547],"2":[220.2816009521,229.7954406738,238.8099365234,248.0894165039,257.1765441895,266.0035095215,274.6377563477,283.5004577637,283.9891662598,275.2200622559,266.2347717285,256.8635253906,247.8211517334,238.755859375,229.5951080322,220.1663360596],"3":[207.0154418945,223.1617889404,238.815246582,255.1350097656,271.249420166,287.1224365234,303.2747192383,319.5762939453,319.3432006836,303.9992980957,287.6373596191,271.4369506836,255.1592254639,239.0344848633,222.8363800049,206.6282196045],"4":[104.7843704224,119.7086791992,135.3442382812,151.168762207,166.9195556641,182.2744598389,197.5617218018,212.7703857422,212.832901001,198.2867279053,182.5136871338,167.1669158936,151.358215332,135.9403381348,119.8882446289,104.6753845215],"5":[360.122467041,367.8046569824,375.3693847656,382.6918029785,389.4520568848,395.9880065918,402.4853210449,407.9868469238,407.9898681641,402.6136169434,395.956237793,389.216003418,382.2462463379,375.3266601562,368.435546875,360.4534912109],"6":[137.5327453613,173.3621826172,210.2912597656,246.5143432617,283.6532897949,318.8251647949,353.9044799805,388.9405517578,387.8570251465,354.0704956055,317.7825622559,281.2326965332,245.7940368652,209.6327667236,173.7494049072,137.7338409424],"7":[137.6570129395,173.3025817871,210.1639709473,246.4140014648,283.561340332,318.7492675781,353.7124938965,388.867401123,387.6254882812,353.8788146973,317.79296875,281.0907897949,245.7405700684,209.5601959229,173.6498260498,137.8708648682],"8":[285.5809020996,295.6494140625,304.7813110352,314.3318786621,323.5741577148,332.5299987793,341.204864502,350.4901733398,351.8015136719,342.647644043,332.7469787598,323.5368652344,314.3352355957,305.2077026367,295.9852905273,286.9196472168]},"polygon_y":{"0":[96.4390563965,96.641960144,97.1659851074,97.2065734863,97.0087585449,96.8641433716,95.9646911621,96.3294754028,124.587348938,124.8470535278,125.2781066895,126.0842437744,126.6694641113,126.7841949463,125.2269058228,124.3935928345],"1":[96.8497848511,96.8601989746,97.3500137329,97.8247451782,98.1069946289,98.4873046875,98.9986419678,99.4354095459,123.3060684204,123.5504150391,123.5965194702,123.5951156616,123.362701416,123.2104568481,122.892326355,122.5656051636],"2":[55.5570259094,55.2330703735,55.2999305725,55.6162376404,56.0816383362,56.072227478,56.4310417175,56.9710731506,83.8335189819,84.0106048584,84.5718078613,84.197479248,84.1640167236,83.4132995605,83.3908081055,83.2950744629],"3":[169.0240783691,169.1629638672,169.4463806152,169.5774383545,169.81980896,170.0522460938,169.7118835449,170.1900177002,194.8487091064,194.8975524902,194.7407836914,194.760635376,194.79637146,194.7852325439,194.8197479248,194.5048370361],"4":[55.5573005676,55.8414039612,56.018901825,56.3278083801,56.9434051514,56.808139801,56.6293716431,57.4737281799,83.9079818726,84.1301345825,84.2569122314,84.2877120972,84.3914718628,84.1658248901,83.9604110718,83.6553344727],"5":[56.084487915,55.8754272461,56.2404212952,56.9137573242,57.1863594055,57.3171577454,57.9705963135,58.9059867859,82.6789703369,82.918182373,83.7795639038,84.0543518066,83.9815216064,84.2719802856,84.4872665405,83.6231689453],"6":[133.5931091309,133.6791381836,133.9925537109,134.3468475342,134.7674102783,135.3750610352,134.9560394287,136.0095367432,161.1858520508,161.3764038086,161.4108886719,161.3946990967,161.557144165,161.1692504883,160.9706573486,160.8789520264],"7":[133.6481933594,133.7524108887,134.0236206055,134.3623962402,134.7818450928,135.4109344482,134.9968261719,136.0590362549,161.1106262207,161.353225708,161.3664703369,161.3698883057,161.5842285156,161.186340332,160.9988098145,160.89894104],"8":[56.3623046875,55.9084625244,55.7992362976,55.8697166443,55.9426040649,56.1915245056,56.8262252808,57.9398651123,83.8242721558,84.3449783325,84.6704788208,84.4341583252,84.4502792358,84.3328781128,84.176109314,83.491065979]},"text":{"0":"Spiegel","1":"des","2":"Fuf's","3":"Meeres.","4":"Pariser","5":"den","6":"Mittellendische","7":"Mittellendische","8":"tiber"},"score":{"0":0.9837082028,"1":0.9881761074,"2":0.7667306066,"3":0.9875427485,"4":0.9898853302,"5":0.9707305431,"6":0.9524844885,"7":0.948638916,"8":0.5482468605}}