{"polygon_x":{"0":[76.8315811157,86.4246826172,95.3727340698,104.2122650146,113.4766845703,122.4244308472,131.162109375,140.1774139404,141.004989624,132.210067749,123.4459991455,113.9448165894,104.6611175537,95.3677825928,86.1943206787,77.1322097778],"1":[122.2810745239,129.8958435059,137.6097259521,145.2191314697,152.7683258057,160.2973632812,168.0829620361,176.0314941406,162.9185791016,155.5643463135,148.2779083252,140.7552642822,133.0610961914,125.1298828125,117.2614974976,109.5412216187],"2":[146.6535491943,154.1413574219,161.485168457,169.3790283203,176.6349029541,183.7269744873,191.2465057373,198.3326873779,198.7549285889,191.8659210205,184.3206787109,176.9315643311,169.4015350342,161.779006958,154.4012756348,146.8263092041],"3":[184.3559112549,190.6048278809,197.4104766846,205.0820770264,211.7030181885,219.2237243652,226.6627197266,232.4404449463,260.0766906738,253.5579681396,246.8369598389,238.3693084717,231.5312805176,224.3032836914,216.6035766602,209.880065918],"4":[0.0781316832,9.050365448,18.897983551,28.502784729,38.3192939758,47.5926208496,56.8952522278,65.227973938,66.016418457,57.6278038025,48.0567855835,38.662311554,29.5050125122,19.8884620667,10.2767448425,0.2551869154],"5":[51.8128929138,60.2445602417,69.3044815063,78.5365066528,87.5543441772,96.4320831299,105.3737411499,114.754776001,101.6013336182,92.8441162109,84.1055297852,74.501159668,65.267288208,55.5838470459,46.8196182251,37.2038002014],"6":[203.2619171143,218.5467224121,234.3856506348,250.7288208008,266.6986999512,282.6791381836,299.2731323242,314.2492370605,313.9872741699,299.3235778809,283.3334960938,267.0551147461,251.0078430176,235.1417388916,219.2100067139,202.8787384033],"7":[199.0283508301,211.7756195068,225.4349517822,238.0899658203,250.4253997803,264.5666809082,278.5519104004,293.2523193359,317.8825683594,306.283416748,292.4812927246,278.6145629883,265.4325866699,251.9989471436,240.3801116943,226.0584411621]},"polygon_y":{"0":[8.7248983383,5.8954129219,5.057404995,3.4792807102,2.3531050682,2.0167398453,2.3455059528,4.1988248825,36.8369674683,37.9265365601,38.7111930847,38.5850448608,38.5024337769,38.6295318604,38.7079391479,38.8861198425],"1":[204.3864898682,208.6599578857,213.1755523682,218.6205749512,224.0067443848,229.5852508545,235.6971282959,243.6777954102,261.1878967285,254.6629638672,248.8766784668,242.8545227051,237.5186767578,231.7520904541,226.9729003906,221.6120300293],"2":[1.8815407753,1.6823670864,2.4063596725,2.8761854172,3.5286738873,4.1882266998,5.6355490685,6.1649675369,36.5067405701,36.9930458069,37.6681556702,37.4615592957,37.3114700317,37.3089904785,37.3370323181,37.2512779236],"3":[211.2208099365,201.7479705811,190.6515808105,180.0906677246,168.3791656494,157.7440643311,148.6599121094,138.8673553467,157.5301971436,168.1475982666,177.0123443604,187.8984222412,196.970916748,207.3092803955,216.7249908447,228.3943023682],"4":[5.9311232567,5.2964806557,4.5277957916,4.3839440346,4.1947460175,3.2632045746,2.65528965,2.1926927567,37.2997245789,38.0687332153,38.7103843689,38.6274147034,38.5011062622,38.421875,38.9997253418,38.4828033447],"5":[166.2264099121,171.8452148438,177.2134552002,182.7900085449,188.0937042236,192.7413635254,197.8300628662,203.2976074219,220.8714294434,216.1793823242,211.1213989258,205.8103179932,201.0591125488,195.4014587402,190.3256530762,183.6503601074],"6":[0.7818704247,1.0664879084,1.9281072617,2.5387134552,3.2573099136,3.756913662,3.8980474472,4.6093792915,36.6204605103,37.2778778076,36.9152641296,36.4313735962,36.2242431641,36.2032241821,36.2416687012,35.6398620605],"7":[259.4676208496,241.3849945068,222.8320770264,204.3803100586,186.5479888916,166.5389404297,148.5325927734,130.6815490723,147.1334381104,166.9105987549,185.1310577393,203.6804199219,222.6474609375,241.9721832275,260.1903381348,280.6883850098]},"text":{"0":"wie","1":"Boden","2":"im","3":"Thal","4":"taa","5":"Jetziger","6":"Plane.","7":"Josaphat"},"score":{"0":0.9755157232,"1":0.9877601266,"2":0.9874899983,"3":0.9868007898,"4":0.9827186465,"5":0.9830028415,"6":0.9864917397,"7":0.9853895903}}