{"polygon_x":{"0":[53.9152030945,64.2444992065,74.6832809448,85.5250549316,96.0092391968,106.4600067139,116.7559967041,127.1627120972,127.6103897095,117.5965881348,107.5937271118,96.726600647,86.2869567871,75.7113265991,65.1346130371,54.2714385986],"1":[135.1457824707,147.8452911377,160.9617156982,174.3814849854,187.4128265381,200.3887176514,213.7104949951,226.0989685059,227.4361724854,214.796295166,201.4622344971,187.9319000244,174.6549682617,161.4980773926,148.5175323486,135.0585327148],"2":[0.0397063345,5.3995966911,11.5000829697,16.6960868835,22.3371505737,27.9891815186,33.6565704346,39.3859367371,39.399848938,34.7029342651,29.1806125641,23.2225551605,17.5096321106,12.0458164215,6.509103775,0.2906987071],"3":[284.7347106934,293.041809082,299.4295043945,306.3348693848,314.4387512207,321.6187133789,328.4617004395,335.3250732422,334.8622436523,327.638671875,321.0653991699,313.2956542969,306.6187133789,299.7015991211,293.0231018066,286.0765686035],"4":[229.3464660645,236.8360748291,243.4448852539,251.2470092773,258.1910400391,264.5552978516,270.9440917969,278.9680175781,282.1717224121,276.3167419434,268.4732666016,261.2647399902,253.1639251709,245.4279022217,238.5780944824,231.4281921387]},"polygon_y":{"0":[129.1749725342,128.9437713623,129.4678039551,129.6481170654,129.8734130859,130.02734375,129.9014282227,130.4484100342,156.8334350586,156.7437133789,156.5125274658,156.7011413574,156.6672515869,156.6573486328,156.8267974854,156.9334106445],"1":[129.2161254883,128.8637542725,128.4923553467,128.7126617432,128.8796234131,129.1431121826,129.1198730469,129.7279205322,156.8795776367,157.0143585205,156.994430542,156.9630279541,157.0911560059,157.0626525879,156.9972229004,156.7869110107],"2":[129.0162658691,127.9418869019,127.9603347778,128.1684875488,128.0309143066,127.8215713501,128.270401001,128.8935394287,156.7768554688,157.4784545898,157.5520935059,157.6281280518,157.1447601318,157.2398986816,157.5589599609,157.770980835],"3":[127.6605453491,126.8155899048,126.5318756104,126.0522003174,125.6665802002,125.2656021118,125.0938110352,125.1667480469,157.1398468018,156.2145080566,156.2746276855,156.2429656982,156.2314910889,156.3669433594,156.1342468262,156.4531707764],"4":[128.9682006836,128.616317749,128.8192901611,129.152923584,129.2630310059,129.573928833,129.8110809326,130.5145263672,156.141418457,156.8271179199,157.2160644531,157.2166595459,156.9434509277,156.905166626,157.2077331543,157.2347412109]},"text":{"0":"Neue","1":"Friedr:","2":"lin","3":"23.","4":"Str."},"score":{"0":0.9846453071,"1":0.9826868176,"2":0.979968667,"3":0.8336865902,"4":0.7655007243}}