{"polygon_x":{"0":[259.2481079102,271.9976196289,285.3245544434,298.510925293,312.1015319824,324.9570007324,338.3517150879,352.0145263672,353.1772460938,339.4927368164,326.5067443848,312.791595459,299.2882995605,285.6564025879,271.8438110352,257.7897033691],"1":[369.3375549316,375.7933044434,381.7733154297,387.3405456543,392.9645996094,398.2125244141,403.4590454102,407.9827880859,407.969543457,402.8272399902,397.473815918,391.9978637695,386.462310791,381.1398010254,375.2304382324,368.9674987793],"2":[52.8058433533,80.7198257446,107.2987976074,135.4958343506,163.2482910156,191.1156158447,217.7454528809,244.7391052246,247.2890472412,216.0461425781,190.4799346924,162.4235687256,134.9891815186,108.1847305298,79.8662796021,52.5436401367],"3":[180.1602478027,211.003036499,243.2244262695,275.319519043,308.2867431641,342.0047912598,372.8428344727,407.3265075684,407.8172302246,374.4619140625,341.8522033691,310.1520996094,277.6142578125,244.5910644531,210.9135131836,179.2530822754]},"polygon_y":{"0":[185.7393798828,185.2668304443,185.4831237793,184.9206237793,184.876449585,185.3619842529,185.8593292236,186.1869354248,219.8759460449,220.3319396973,220.3514099121,220.2859344482,220.9297637939,220.9848937988,221.8932495117,222.3491821289],"1":[173.7012786865,173.5057067871,173.6686553955,174.1271820068,173.8842163086,174.5806884766,175.1833496094,175.3645477295,220.254776001,220.4586029053,219.9730377197,219.6867523193,219.5442352295,219.2832183838,219.4892730713,219.2404327393],"2":[172.7082366943,173.5073699951,174.5223388672,174.8700408936,175.3296661377,176.3750305176,176.1904907227,176.8539581299,223.2194366455,224.6186065674,223.4013977051,222.7021484375,222.8815155029,222.2677764893,221.1326446533,220.2095947266],"3":[285.7470092773,289.3131408691,289.4740905762,290.3974914551,291.6247558594,293.4546508789,294.2261657715,289.5546264648,370.4860534668,372.1098022461,372.5586242676,372.212310791,372.0578308105,370.2785339355,369.6511230469,369.5122680664]},"text":{"0":"von","1":"S.","2":"Verlag","3":"Aerli"},"score":{"0":0.9671451449,"1":0.989481926,"2":0.9476124048,"3":0.9580103755}}