{"polygon_x":{"0":[269.0641784668,283.4459838867,297.9459228516,312.649810791,327.2671508789,342.0521240234,356.2334289551,370.6072692871,371.8600769043,357.2715148926,343.0296020508,328.2570495605,313.5657348633,299.3400878906,284.6670532227,269.7626037598],"1":[378.922454834,382.5305786133,385.9950561523,389.8264465332,393.7473144531,397.9831848145,402.0063476562,406.3342285156,407.6474914551,402.0422973633,397.8856201172,394.2883300781,390.7274780273,387.6112670898,384.0992431641,379.7684631348],"2":[163.0401306152,177.7041473389,193.0154876709,208.5562133789,223.4028930664,238.3714599609,253.6744232178,269.1899108887,270.6639404297,255.4127502441,239.8232269287,224.3956756592,209.1114501953,193.9965667725,178.8365325928,163.1726989746]},"polygon_y":{"0":[124.1857223511,124.8751831055,125.5054321289,125.7805938721,125.5117721558,125.5359649658,125.6888198853,124.9352722168,155.7401580811,156.5562438965,156.6633300781,156.7351226807,156.666305542,156.8371276855,156.7496948242,155.9907531738],"1":[123.9084625244,124.3399887085,124.4514160156,124.3754806519,124.8829574585,124.7750015259,125.8907699585,126.2232971191,155.4678344727,156.2476196289,156.4206695557,156.4049072266,156.0120697021,156.0052947998,155.9144439697,155.7289123535],"2":[126.7789382935,126.2148208618,125.5677337646,125.9435806274,126.2266540527,126.1713867188,126.3134765625,127.1398849487,157.4200744629,157.950668335,157.7366790771,157.8100280762,157.8073120117,157.78855896,157.4758758545,157.8326416016]},"text":{"0":"Druck","1":"de","2":"Stichu"},"score":{"0":0.986296773,"1":0.9284785986,"2":0.9824835658}}