{"polygon_x":{"0":[0.0454595573,58.459980011,115.0365524292,175.305480957,232.3163299561,292.6994018555,349.6710205078,407.8440246582,407.8584594727,345.1790771484,292.1569519043,231.7016143799,175.7584686279,115.6625061035,56.9257850647,0.229946211],"1":[0.0494867265,58.4214057922,115.0884933472,176.1479492188,232.461517334,292.5211791992,350.1865844727,407.8394775391,407.8543701172,345.0326538086,292.0827636719,231.507232666,175.3932800293,115.891784668,57.8273200989,0.2254711241]},"polygon_y":{"0":[312.4643249512,312.4588012695,311.6388549805,311.0745849609,312.2018432617,311.7050476074,311.8048095703,311.1549072266,394.7555847168,394.3344116211,394.2992553711,393.3232727051,393.8846435547,393.6205749512,393.4355163574,397.5126037598],"1":[312.7106018066,312.6361694336,311.6858520508,310.8949584961,312.0883483887,311.4641418457,311.9197692871,311.3770751953,394.7540283203,394.232635498,394.2437744141,393.4618835449,394.0147399902,393.568939209,393.5415039062,397.1745300293]},"text":{"0":"TITTTIII","1":"TITTTIII"},"score":{"0":0.5581637025,"1":0.8736938238}}