{"polygon_x":{"0":[177.9202423096,190.611541748,201.9459686279,213.1715393066,224.2675933838,235.3843841553,247.118927002,257.1232910156,257.3896179199,245.4245300293,233.8518981934,222.5137176514,211.1959228516,199.706741333,188.615814209,177.1542205811],"1":[0.342536062,9.9915332794,18.1088294983,26.0912418365,34.9473304749,44.180721283,54.5824966431,64.4540710449,61.5113182068,51.3352279663,41.2865486145,32.7492485046,23.7799758911,16.0595912933,7.7677874565,0.018996777],"2":[75.3554916382,88.8815155029,102.3254776001,115.5004196167,129.323928833,142.575958252,155.9358062744,168.7966766357,169.2259979248,155.5467834473,142.2113342285,128.2806396484,114.6406860352,101.2003860474,88.1111450195,75.1502075195],"3":[0.0042120568,13.6319150925,28.5769481659,43.4452857971,58.4867286682,74.5122756958,90.6712417603,108.1160736084,108.7222824097,91.2356796265,75.2578353882,59.4341011047,43.6070976257,28.680273056,13.3668441772,0.0263915211],"4":[125.1632919312,153.9507598877,183.8948364258,214.9060974121,245.9010467529,275.7587890625,307.0198669434,335.9593505859,337.2694091797,306.5659790039,275.086517334,244.8348083496,214.7466888428,184.6915740967,154.6293182373,124.5572357178],"5":[262.6952514648,286.1142272949,307.4516906738,328.5208129883,349.3515319824,370.3917541504,390.1089172363,408.9571838379,408.9728088379,389.8588256836,369.9440307617,348.9468994141,327.3360595703,305.707824707,284.3329772949,261.1730041504],"6":[0.0154893463,55.4979743958,114.9936828613,175.193359375,231.969833374,293.1163635254,349.9276428223,408.856048584,408.8764953613,347.1470947266,292.2160339355,230.7059173584,175.5205535889,113.1057815552,51.7413520813,0.1444693804]},"polygon_y":{"0":[144.5406646729,144.3460388184,146.0705566406,146.6508026123,147.7396087646,148.4599456787,150.200378418,151.2740783691,192.8860626221,193.471572876,193.723526001,193.5337219238,193.7142333984,193.6768951416,193.6584320068,193.4606323242],"1":[145.6784057617,145.5338439941,145.6097412109,145.8939971924,145.7506713867,144.7890319824,144.476852417,145.2469482422,192.1460418701,192.4457855225,192.589553833,192.1528015137,192.5922546387,192.5153503418,192.3283538818,191.1601715088],"2":[155.8542327881,154.8792114258,152.6525878906,151.3094482422,150.1580657959,149.2446136475,147.1055908203,147.9516143799,192.7220458984,193.9918365479,194.2981414795,194.2562561035,194.7292327881,194.1184539795,194.2967376709,194.5397338867],"3":[233.0538787842,232.5740814209,232.4839172363,232.6221618652,232.2842102051,232.1515808105,231.4179077148,231.7120513916,262.3568115234,262.8148193359,262.6839904785,263.2828063965,263.2531738281,262.7370300293,263.0524902344,262.8802490234],"4":[232.1392822266,231.2991485596,231.6354675293,231.4278869629,231.106262207,230.6488800049,230.4329528809,231.7626495361,263.7114562988,263.8863220215,263.1798706055,263.036529541,262.6733703613,262.7469482422,262.7041320801,262.9385986328],"5":[145.7766876221,145.950088501,146.7623901367,146.9878845215,146.7821502686,146.9966583252,146.1723175049,145.829788208,191.1751556396,192.1955108643,192.1850280762,192.4627838135,192.9936523438,193.4810791016,193.3399658203,193.2994537354],"6":[316.7907104492,316.8675231934,315.6551818848,314.6285400391,316.2065734863,315.1259460449,315.690246582,313.4178161621,399.1977233887,396.8801269531,396.7465209961,396.9688415527,397.4306640625,397.1235656738,398.9336547852,402.7705993652]},"text":{"0":"der","1":"DD","2":"und","3":"RICH","4":"KIEPERT.","5":"Bericht","6":"TITTIIII"},"score":{"0":0.9885545373,"1":0.9816522002,"2":0.990095377,"3":0.9756385088,"4":0.9879003763,"5":0.9903814197,"6":0.8531765938}}