{"polygon_x":{"0":[0.0040920284,53.4367332458,108.0634536743,168.3854064941,223.6823272705,282.7073059082,339.6658935547,405.7940063477,406.8041992188,339.1254272461,280.8252258301,222.0663757324,165.543258667,107.4850463867,51.5155563354,0.0651711822]},"polygon_y":{"0":[308.5986938477,309.8601989746,308.4948730469,306.8531799316,308.2439575195,307.7834472656,306.8759460449,306.3784484863,390.7559814453,392.2803039551,392.8935852051,391.1809692383,391.9107055664,392.2146911621,393.3608398438,396.1043395996]},"text":{"0":"TITTIII"},"score":{"0":0.7825469971}}