{"polygon_x":{"0":[0.005017933,56.1273460388,114.0122528076,173.0342102051,233.1248779297,295.3673400879,353.3328552246,407.968963623,407.9811401367,349.9478149414,293.1788635254,231.3570861816,172.3167266846,111.0012817383,51.6397323608,0.0471770354],"1":[0.0047724512,56.0416526794,114.0239639282,172.7718658447,232.6504364014,295.1690979004,353.0262451172,407.9682617188,407.9813842773,349.6653137207,293.6006469727,231.0148010254,172.1556549072,111.0278091431,51.4487495422,0.0442785211]},"polygon_y":{"0":[320.927154541,321.2270507812,319.9580078125,318.165802002,319.2897033691,319.125793457,317.7363586426,316.1753234863,402.5303039551,402.0151977539,402.7958374023,402.5372314453,402.5617675781,403.616973877,405.1522827148,408.0529785156],"1":[320.5449523926,321.1640930176,319.9329833984,317.9442138672,319.0682067871,318.9219665527,317.6188659668,316.4695129395,402.4426269531,402.2940673828,402.9436035156,402.6968383789,402.7531433105,403.6671447754,405.0491943359,407.6724853516]},"text":{"0":"TITIII","1":"TITIII"},"score":{"0":0.9219580889,"1":0.7930998206}}