{"polygon_x":{"0":[312.0115966797,324.3687133789,335.4446105957,346.9303894043,358.1009216309,368.8445739746,379.7356567383,389.6759033203,389.0348205566,377.8171081543,367.1018371582,355.7080383301,344.3244934082,333.4862670898,322.587310791,311.4493713379],"1":[1.9267104864,9.3959751129,15.4807834625,21.2219085693,26.4326648712,32.537727356,38.1838417053,43.6386756897,42.031452179,35.0871925354,28.7343616486,23.0536212921,16.7498455048,11.4308261871,5.760617733,0.0662739277],"2":[54.2532577515,88.4734039307,123.0897979736,159.0659790039,195.1783294678,229.582824707,262.5539245605,298.6777954102,299.8452453613,264.0705566406,229.0795440674,192.6656799316,156.6640319824,121.7398376465,86.5342330933,51.7270126343],"3":[0.1483377516,27.0704250336,49.9514541626,74.6474761963,98.6681594849,126.6046981812,148.8476409912,179.0071258545,179.5256347656,158.5661315918,129.0644683838,104.4512863159,76.9280548096,52.6302070618,29.0494308472,0.1614543051],"4":[208.2731781006,228.8025360107,250.7374572754,271.8619995117,294.2913818359,314.5814208984,336.8532104492,357.1625061035,358.3741455078,337.6996459961,316.1077575684,294.2867126465,272.3945617676,250.3984375,228.0382843018,206.9192810059],"5":[0.0050540436,53.8292045593,108.2632675171,166.6973571777,223.0051116943,278.8396911621,334.1487731934,400.9500732422,402.9075012207,333.9921569824,278.5886230469,220.523651123,164.5666809082,107.249710083,54.4958686829,0.0619781576]},"polygon_y":{"0":[145.8838195801,145.3609466553,146.8371582031,147.2592163086,148.0608978271,148.710144043,150.5095825195,150.9443664551,190.4668884277,190.9813690186,191.3008575439,191.2665252686,191.3284606934,191.2018585205,191.4947509766,191.306640625],"1":[148.1285858154,147.4887695312,148.1044616699,147.8900604248,148.5032196045,148.6161804199,149.0151519775,150.843536377,191.1349334717,192.3445892334,192.5334625244,192.4669036865,192.0765075684,192.0119171143,191.5352783203,190.6356811523],"2":[146.6261291504,147.914276123,148.6372070312,148.6091918945,149.792098999,150.2547454834,149.5556488037,149.9035797119,196.5037384033,195.3438415527,194.4358215332,193.2444000244,193.2324676514,192.7241516113,193.8196868896,193.7549591064],"3":[2.5439805984,1.5290300846,1.2670632601,1.0691074133,0.9148244858,0.7744997144,0.6142229438,0.1126789674,61.6156845093,63.6306800842,67.0054779053,68.648147583,70.9169921875,74.9176864624,84.2359466553,92.0778503418],"4":[1.0296452045,0.7277706265,0.9166597724,0.9398909211,1.2110270262,1.0823926926,0.921153903,0.826890409,62.801410675,62.0141067505,61.3823928833,61.1597862244,61.2253494263,61.6001052856,62.4989280701,63.0070037842],"5":[316.6876831055,317.3692016602,315.8329162598,314.6935119629,316.1593322754,315.2582397461,315.3047485352,314.0904541016,396.7787475586,397.9639587402,398.1720275879,396.2071533203,396.5736083984,398.4638061523,401.111907959,403.7543640137]},"text":{"0":"der","1":"it","2":"Benutzung","3":"Qan","4":"YOD","5":"TITIITI"},"score":{"0":0.988689363,"1":0.9839245081,"2":0.9815641046,"3":0.7652917504,"4":0.9683550596,"5":0.8080468178}}