{"polygon_x":{"0":[0.0056232731,55.1517410278,110.8212661743,170.2861633301,229.1492462158,288.8210754395,345.6344604492,407.3198852539,407.2747802734,341.0808410645,285.4398498535,227.7795410156,169.7415618896,110.6447219849,49.5599861145,0.0629058331]},"polygon_y":{"0":[309.0100708008,309.4273376465,308.1521911621,306.7620544434,307.327331543,306.9208068848,307.1717224121,304.9999084473,389.5762023926,391.5819702148,391.0513305664,389.8971252441,390.2292480469,390.5468444824,391.4246826172,395.3321533203]},"text":{"0":"TITTIII"},"score":{"0":0.7240718007}}