{"polygon_x":{"0":[14.670042038,20.0050506592,24.9022636414,30.5287799835,36.2186164856,41.5226478577,46.6827774048,52.5573806763,52.5015792847,47.1934700012,41.5418930054,35.9269714355,30.4136238098,25.1532249451,20.1630439758,14.395699501],"1":[141.2263946533,145.922668457,152.0445251465,160.1680145264,168.1251068115,174.1154937744,180.2325592041,184.216506958,186.8594055176,182.2558135986,177.214050293,172.0476989746,165.6699676514,159.6843261719,153.9346923828,148.2471618652],"2":[283.5318603516,287.376159668,292.6570739746,297.6402587891,303.244140625,308.4378967285,314.9688415527,320.6573181152,336.4573669434,331.2564697266,326.7055664062,321.9965515137,316.3453063965,311.0273742676,305.2721557617,299.3696289062]},"polygon_y":{"0":[143.7967376709,143.7100219727,144.0526123047,144.4834289551,144.371383667,144.2260284424,144.2744598389,144.329284668,188.5033416748,188.8077087402,188.6791534424,188.6217651367,188.6079864502,188.7502288818,188.8348236084,188.73828125],"1":[128.5796661377,127.2866897583,125.0636978149,125.2056427002,124.9170455933,123.9376754761,124.1519241333,122.2151489258,191.8168945312,191.9436645508,191.4972839355,191.5991363525,192.3733978271,192.5150299072,192.624130249,192.8870239258],"2":[150.4033813477,149.0430145264,146.3833770752,144.9960021973,143.629776001,141.9167327881,139.0229187012,137.3464660645,186.0587158203,187.0024261475,186.840423584,187.9879302979,188.951751709,190.3674926758,192.7870941162,194.881149292]},"text":{"0":"H","1":"i","2":"C"},"score":{"0":0.9833435416,"1":0.8799417615,"2":0.9532092214}}