{"polygon_x":{"0":[4.4976139069,10.2986059189,15.5040874481,21.3199520111,26.5636291504,31.9474639893,37.1477203369,42.720199585,43.9353027344,38.862361908,32.8636627197,27.2137107849,21.312204361,15.6860523224,10.2136716843,4.9087414742],"1":[136.6832427979,144.6081542969,151.4513244629,158.240234375,166.9181213379,174.5746459961,183.5823669434,191.5293884277,171.9844207764,166.4727630615,158.320892334,148.7835083008,140.3339691162,133.0742340088,125.5836639404,119.1755523682],"2":[268.7953491211,274.9908752441,280.8026428223,286.981842041,292.9990234375,299.4254150391,306.3298950195,312.5049133301,317.6491088867,311.6809082031,305.037689209,299.3951721191,292.5705566406,287.5410461426,282.6097717285,275.6746826172],"3":[132.7265319824,138.453918457,144.5347290039,150.8092041016,157.4771270752,163.4544372559,169.3244018555,175.2892913818,181.7068328857,176.4284362793,170.4685058594,165.5751190186,158.6239471436,152.4771728516,146.9052734375,140.5227050781]},"polygon_y":{"0":[144.1299133301,143.5333862305,143.5686798096,143.4427642822,143.3089599609,142.5638427734,141.9699401855,142.5628662109,186.6183929443,186.9407806396,186.8332519531,187.2361602783,187.7328643799,188.157699585,188.0005645752,188.2523956299],"1":[462.8950500488,464.2838134766,464.563659668,465.0860290527,465.6345214844,465.822265625,466.5139770508,468.2152099609,529.1225585938,529.3848876953,528.4437255859,528.0563964844,527.2725219727,526.2931518555,525.9134521484,524.7769165039],"2":[142.1165924072,141.2945251465,140.5937042236,140.5523071289,139.6996459961,138.9894256592,138.1000671387,137.8055877686,184.7626800537,185.0231323242,185.0760650635,185.3344421387,186.3414459229,186.9436035156,187.9770050049,189.0911102295],"3":[143.3948059082,144.196762085,143.3074035645,142.925994873,142.8786315918,142.360458374,141.4553070068,140.8253479004,184.6288757324,184.5549468994,184.6121063232,185.0524749756,186.1423187256,186.7913360596,187.1912384033,188.0290527344]},"text":{"0":"S","1":"T","2":"O","3":"C"},"score":{"0":0.9768908024,"1":0.8143331409,"2":0.849507153,"3":0.6217210889}}