{"polygon_x":{"0":[116.9195556641,120.9781265259,121.734413147,122.4416656494,126.1800765991,128.620300293,131.0428466797,133.7426605225,111.3584136963,106.795791626,102.7893066406,100.3462524414,95.476348877,92.6181335449,89.9505004883,86.3468322754],"1":[195.5365447998,206.8984832764,219.5244140625,232.134552002,243.7401580811,253.7281036377,263.9617614746,276.9668884277,260.3136291504,249.4589233398,235.7894439697,226.3577270508,213.4114990234,198.0367584229,184.9184570312,173.6463012695],"2":[152.4345245361,156.3620605469,159.874786377,162.9025421143,167.3771820068,170.3605041504,174.2265625,179.0554351807,155.7074890137,150.2572021484,145.5222930908,140.9460449219,137.3400726318,133.6168670654,130.8802185059,127.2111968994]},"polygon_y":{"0":[298.5169677734,305.7118835449,311.4467468262,317.5137329102,324.6534118652,329.9953918457,335.9197387695,339.2476196289,353.8602294922,346.8217163086,340.3674316406,334.5356445312,327.8277587891,320.8239135742,315.2115478516,308.9712219238],"1":[401.4027099609,415.1741333008,428.4509277344,442.7396240234,454.1031188965,464.7009887695,477.0965270996,498.2303466797,519.3054199219,498.0018920898,481.7124938965,469.8965454102,457.7120361328,442.9169006348,429.9739379883,412.3026428223],"2":[340.4956054688,347.6325378418,354.7997131348,360.8200073242,369.0018310547,375.1491699219,382.1908569336,387.250213623,404.3000488281,396.1809082031,388.6813049316,381.2983093262,374.9181518555,369.6782226562,364.5524291992,359.0982971191]},"text":{"0":"Mu","1":"Sogeaann","2":"Ade"},"score":{"0":0.7389195561,"1":0.5127047896,"2":0.5758997798}}