{"polygon_x":{"0":[325.9535522461,339.2115783691,353.2218017578,364.4968566895,373.512512207,384.8597717285,394.8163757324,407.5882568359,379.5001831055,372.4974365234,362.8343200684,352.6723632812,340.8718261719,329.2717895508,313.8321533203,301.7715454102]},"polygon_y":{"0":[0.0054395474,3.5267436504,13.0518884659,28.9637889862,40.0709877014,56.1079063416,73.3266220093,85.7254562378,97.3366317749,84.4635238647,69.3046798706,57.2967147827,42.4294662476,29.3658485413,16.713842392,9.0660877228]},"text":{"0":"Graebon"},"score":{"0":0.8027329445}}