{"polygon_x":{"0":[316.994354248,322.3791503906,328.059173584,334.5361633301,340.218536377,346.1419067383,351.5874938965,358.03515625,370.8643188477,365.4781799316,359.0407104492,352.1035766602,344.5188903809,338.3092041016,331.3786010742,324.6193237305]},"polygon_y":{"0":[226.79246521,225.8268737793,224.655166626,222.6883392334,221.5274963379,219.7192687988,217.5428924561,215.2194519043,237.2117004395,240.321762085,242.9997558594,244.8999328613,246.3936767578,247.2984771729,248.1008148193,248.9637298584]},"text":{"0":"Ree"},"score":{"0":0.457171768}}