{"polygon_x":{"0":[118.3948669434,132.4931182861,147.3583068848,162.3488006592,177.1796264648,192.0417327881,206.7619628906,221.6053924561,222.4252319336,207.1817779541,192.5475616455,177.4987030029,162.8416900635,147.8712921143,132.9432678223,117.6549987793],"1":[164.952255249,181.8697814941,198.4063415527,215.3892211914,232.2429656982,249.1883850098,265.9197998047,282.8323974609,283.0639953613,265.4741516113,248.7206726074,231.6245727539,215.3149719238,198.4145507812,181.8156433105,164.5151977539],"2":[0.0372245833,11.3867559433,23.0985584259,35.0845222473,46.7740440369,58.7016525269,70.554145813,81.5164871216,81.4919509888,69.9586639404,58.0914497375,46.3744850159,34.3923225403,22.8510780334,11.1325817108,0.0455930494],"3":[0.0633080974,9.6912326813,19.90533638,30.151348114,40.4605712891,50.9316902161,61.6921844482,70.981048584,71.3008041382,61.2961387634,50.7978553772,40.6658439636,30.2832965851,20.2883453369,10.1019601822,0.1152686477],"4":[93.3578109741,102.4009399414,111.5068206787,120.7348403931,129.9425048828,139.177947998,148.4684753418,157.4600372314,157.584777832,148.6779937744,139.2298278809,129.7130279541,120.4987792969,111.3113479614,102.1368103027,92.7404937744],"5":[24.3879680634,29.2935333252,33.6159095764,37.9998970032,42.6369667053,47.0064659119,51.2547836304,55.8579559326,56.0586853027,51.8003005981,47.2270126343,42.5565643311,37.8041152954,33.4656295776,28.8727970123,23.7064876556],"6":[381.2888183594,379.1826477051,380.1342468262,381.1569824219,381.8279724121,382.1554260254,383.1587219238,384.0047607422,346.0539245605,345.291595459,342.9682617188,341.6838684082,340.7316589355,339.8765563965,339.6320495605,338.7583007812],"7":[57.6312141418,77.5395278931,98.4331283569,119.4648590088,140.7324829102,161.8365020752,182.8326416016,203.9288635254,204.1452941895,182.1044769287,161.0304718018,140.083404541,118.9983520508,97.9574890137,76.6565093994,56.452381134],"8":[300.7046203613,315.4660339355,330.7209472656,345.8325805664,360.7596130371,376.1941833496,391.2024536133,407.0665283203,407.3194274902,391.9251708984,376.8207702637,361.6630859375,346.553527832,331.5523986816,316.6404418945,300.6890258789],"9":[78.1921539307,82.9409103394,87.2644424438,92.2840118408,96.9870147705,101.546295166,105.700843811,110.1624984741,110.8509597778,106.383605957,101.7101898193,96.6346893311,91.8682098389,87.088722229,82.2825698853,77.2727355957],"10":[329.7987365723,330.1681213379,331.0054321289,332.2961120605,333.1485900879,334.0654296875,334.9336547852,336.2697143555,298.7796936035,297.9196472168,295.9463806152,295.1845397949,293.9147949219,292.6359558105,292.0847473145,290.7662658691],"11":[3.2757797241,7.5026569366,11.4678583145,15.0477542877,18.9881439209,22.9898815155,27.2710762024,31.209897995,29.6136207581,24.5088977814,20.1085624695,16.0536422729,11.6088314056,7.6506209373,4.0225400925,0.1390106082],"12":[169.0202484131,174.5155029297,179.3960571289,184.4309997559,189.2231750488,194.3094940186,199.2549133301,204.4327697754,197.4976196289,191.7968139648,186.2742462158,181.3262176514,176.9341583252,172.302947998,168.0887298584,162.5054321289]},"polygon_y":{"0":[394.6273498535,394.5807800293,394.3466186523,394.30078125,393.9931335449,393.7878112793,393.2153625488,393.1324157715,425.792388916,426.2311401367,426.2876586914,426.3336181641,426.6169433594,426.5506896973,426.1485290527,426.2484436035],"1":[359.4576721191,359.3782958984,359.2085266113,358.7319641113,358.7823791504,358.3082275391,357.8233337402,358.4591064453,386.0586853027,385.7630615234,385.7733154297,385.5684509277,385.7831726074,385.8319396973,385.8196411133,386.3008422852],"2":[360.0473022461,359.8057861328,359.651763916,359.3808898926,359.0710449219,359.1584777832,358.5320739746,358.8145751953,385.8066711426,385.6046142578,385.5780029297,386.0032653809,385.8158874512,385.9268188477,386.3987426758,386.8630981445],"3":[396.9265441895,396.2970581055,395.763458252,395.5293884277,395.3724365234,394.9696960449,395.042175293,395.4581298828,427.4169006348,428.0263977051,428.1807250977,427.8978881836,427.7666015625,427.5489807129,427.873626709,427.6786193848],"4":[359.7236633301,359.1819152832,359.3458251953,359.1389160156,359.0575866699,359.1890869141,359.2935791016,359.1903076172,385.3991394043,385.0511169434,385.0292053223,385.095489502,385.0432434082,385.2490844727,385.8598022461,386.1191711426],"5":[93.9258422852,92.8428497314,92.3365859985,92.0522613525,91.7159500122,91.6662368774,91.3673706055,91.0615615845,117.2335128784,117.8987197876,118.6874313354,119.0715866089,119.2744750977,118.9734344482,119.1474914551,119.2363128662],"6":[447.1208496094,451.347076416,455.7644958496,459.5038146973,463.2205505371,467.5528564453,471.5573120117,476.2537841797,485.9134521484,481.7010498047,477.0514526367,472.1619567871,468.1526184082,463.6576843262,458.2364196777,453.8402404785],"7":[90.0220718384,90.600402832,90.6844940186,90.5707931519,90.7945404053,90.2500686646,89.831451416,90.1305160522,118.0221710205,118.3251571655,118.4049682617,118.5686950684,118.8993377686,118.5190048218,118.8546066284,118.4981765747],"8":[150.3320159912,150.2141723633,150.4827423096,151.0261535645,150.7142333984,151.100982666,151.7544708252,152.2982788086,177.7691497803,177.8721923828,178.0251159668,177.8812255859,178.3745880127,178.3761749268,178.4973602295,178.5795440674],"9":[396.9032897949,395.8649902344,395.6373596191,394.9465332031,394.8434448242,394.6000976562,394.1773681641,394.6210327148,426.0819091797,427.3492736816,427.7308959961,428.4236755371,428.5515136719,428.5649719238,428.5556335449,428.1809387207],"10":[313.366607666,317.8843688965,321.9156188965,325.7809753418,330.0683898926,334.3755493164,337.8350830078,341.7293701172,350.9561767578,346.1487731934,341.6843566895,337.0193786621,333.5518493652,328.8811035156,323.9335632324,321.3067016602],"11":[54.36460495,54.803314209,55.5507507324,55.6494636536,56.0919761658,55.2490196228,55.6906738281,57.1926231384,88.7532424927,89.6198577881,89.327507019,89.0322952271,88.92552948,89.0201263428,88.6457214355,88.3134689331],"12":[220.6243743896,220.3479003906,220.6750335693,220.5945587158,220.8238372803,221.1050415039,221.1980895996,221.6421051025,260.9612121582,260.9187316895,260.6318359375,260.0212097168,259.7378845215,259.7325744629,259.7899475098,259.2752990723]},"text":{"0":"Muluk","1":"KONIGE","2":"ABER","3":"Ibit","4":"DER","5":"el","6":"O","7":"Decherrahu","8":"Simon","9":"el","10":"R","11":"L","12":"E"},"score":{"0":0.9898202419,"1":0.988332808,"2":0.9876729846,"3":0.9248084426,"4":0.9865553379,"5":0.9170850515,"6":0.9242402911,"7":0.9853631258,"8":0.9859384894,"9":0.5422830582,"10":0.9749004841,"11":0.9615721107,"12":0.9821729064}}