{"polygon_x":{"0":[41.4946174622,56.3754043579,71.3897628784,86.6904983521,101.606803894,116.4218597412,131.2069702148,146.3428955078,146.7119750977,131.0843811035,115.5619430542,100.5895385742,85.7258682251,70.7045516968,55.4072265625,40.4239501953],"1":[1.8503632545,6.1659560204,10.4920396805,14.7098817825,19.2080554962,23.5410919189,28.2591590881,32.5381965637,31.4143218994,26.6352386475,21.9796504974,17.3784141541,13.082985878,8.5368537903,4.2216095924,0.0728892609]},"polygon_y":{"0":[457.0303344727,455.6253662109,455.0589294434,454.5614624023,454.4831237793,454.6152648926,454.257019043,454.7129211426,489.0104980469,489.6423950195,489.7743835449,490.1321105957,490.3940429688,490.6020507812,490.6696472168,490.5415039062],"1":[457.9118041992,457.5043334961,457.5343933105,457.7717895508,457.8702392578,457.8231201172,458.2094421387,458.4930114746,488.9494628906,489.5193481445,489.5323181152,489.5291748047,489.3665771484,489.6232299805,489.2597961426,488.6100769043]},"text":{"0":"Graber","1":"le"},"score":{"0":0.9883320928,"1":0.9686445594}}