{"polygon_x":{"0":[60.8424491882,67.8286972046,74.1840515137,80.9202041626,87.1645050049,93.4716186523,100.3987197876,106.359161377,107.274017334,100.8556213379,93.8961410522,87.1103134155,80.8104171753,74.7066421509,68.3521347046,61.6124610901],"1":[142.3198242188,149.4716491699,155.6981964111,161.9563140869,167.8330688477,174.2689208984,180.9291229248,187.2674407959,187.3869171143,180.6869049072,173.9224700928,167.4179382324,161.1546478271,155.3064727783,149.0263519287,141.5782012939],"2":[0.1037014127,3.6875200272,6.9984493256,10.1052913666,13.6266946793,15.6188440323,19.6827926636,24.8142795563,33.4347763062,29.299446106,26.5393943787,21.8939533234,17.3258914948,14.5910682678,10.9695262909,7.1815538406],"3":[212.8349456787,214.9008483887,217.3640899658,219.0490112305,221.1179962158,223.8342285156,226.2531585693,229.6756286621,191.4113616943,190.0782470703,186.4658355713,184.8210449219,181.6547851562,178.6679229736,175.1210174561,171.358001709],"4":[397.5751647949,398.0875244141,399.2836608887,401.4692993164,403.2434692383,406.1772766113,407.4711608887,408.8786010742,371.391998291,369.922454834,366.6422424316,364.0751037598,361.6948547363,359.1798095703,356.9292297363,354.3650512695],"5":[311.6133422852,312.4742736816,312.8066101074,314.9555053711,316.9651794434,319.0641479492,321.2750854492,323.133972168,275.643951416,274.4603881836,272.5446472168,271.9028625488,270.4077758789,269.6173095703,269.5400085449,268.4212646484]},"polygon_y":{"0":[353.6619567871,353.1499938965,352.9657897949,352.7643737793,352.7956848145,352.5617675781,353.1611633301,353.417388916,408.8141479492,408.8760375977,408.9277954102,409.1185302734,409.3140258789,409.4449157715,409.2976989746,408.8334960938],"1":[354.3008728027,353.9508361816,353.6153869629,353.6274414062,353.6466674805,353.6901245117,353.8339233398,354.0204467773,410.0687561035,409.3073425293,408.886138916,408.1104125977,408.103302002,408.6073303223,408.9417419434,410.2035217285],"2":[358.3749389648,356.8817138672,356.0252990723,355.2674865723,354.0838623047,352.9619750977,352.1470336914,352.4635620117,407.7924804688,408.4056396484,407.6833496094,407.6201477051,408.0149841309,408.23046875,408.6791992188,409.5522460938],"3":[67.013130188,69.4040145874,73.2630691528,75.7519226074,78.2224502563,81.4530181885,84.2452926636,88.5812911987,117.0672225952,111.608581543,106.0791778564,102.9432678223,99.3802185059,96.2185592651,90.5365447998,86.7353820801],"4":[273.8855285645,279.5474243164,282.647857666,286.4581298828,289.9396057129,295.9031982422,299.2529907227,302.6439819336,324.8612670898,319.5721435547,314.1847839355,308.0641174316,303.4653625488,299.1789550781,294.3889160156,287.9605102539],"5":[170.412979126,175.725769043,180.3488464355,184.2495269775,188.137878418,192.3969421387,195.7223358154,200.3645629883,215.7514343262,210.0983581543,204.911026001,199.2556762695,195.0001068115,189.3087463379,184.3633422852,179.114654541]},"text":{"0":"D","1":"T","2":"I","3":"I","4":"R","5":"G"},"score":{"0":0.9864582419,"1":0.9739829302,"2":0.5118215084,"3":0.8045696616,"4":0.9766555429,"5":0.9151431918}}