{"polygon_x":{"0":[186.7832794189,199.4755249023,212.0264587402,224.6116485596,237.3677978516,249.6998596191,262.2994384766,274.7234802246,274.9786071777,262.2039794922,249.8256225586,237.343460083,224.9009857178,212.411315918,199.9328613281,187.7850799561],"1":[280.6790161133,291.6619262695,302.6822814941,313.9226989746,325.0482177734,335.8766479492,346.7945556641,358.0967407227,358.6677856445,347.412322998,336.563079834,325.6483154297,314.6825866699,303.6133728027,292.633392334,282.238861084],"2":[264.9147949219,269.1625061035,273.5575256348,278.221862793,283.1275634766,288.3111572266,294.0113830566,299.5821533203,323.1717224121,318.0374755859,313.5599975586,308.0639343262,302.977935791,298.0259399414,292.1585693359,288.6871337891],"3":[226.3938446045,237.6044006348,249.8965454102,262.2743225098,274.3879394531,286.5213623047,298.7992553711,310.9124755859,311.4792480469,299.0881652832,287.4766845703,275.1106872559,262.8379516602,250.9224243164,238.7332458496,226.7714691162],"4":[97.2834854126,100.7209777832,103.8120574951,106.7132644653,110.5684738159,113.915687561,117.5125350952,120.9613647461,141.7978515625,139.0826263428,135.7803344727,131.8115386963,128.2175140381,125.0897598267,121.7685089111,117.241607666],"5":[343.1795654297,346.9409484863,350.9520874023,354.4980773926,358.2448425293,362.3361206055,366.2562866211,370.2586669922,390.4141235352,386.4482421875,383.3472290039,379.2642211914,374.7312011719,370.2992553711,365.6091003418,361.093963623]},"polygon_y":{"0":[522.1062011719,522.0922241211,522.2485961914,522.5289306641,522.5506591797,522.9924926758,522.9825439453,523.4028930664,542.8994140625,542.8712158203,542.8942871094,542.9216918945,542.9357910156,542.9443359375,542.9151611328,542.8864746094],"1":[522.4510498047,521.9225463867,521.7104492188,521.3507080078,521.1423339844,521.1062011719,520.9175415039,520.5455932617,542.7030029297,542.8666992188,542.9142456055,542.9357299805,542.9473876953,542.9497680664,542.9229125977,542.9297485352],"2":[269.6026306152,266.4977722168,262.6298217773,259.3684387207,256.6043701172,253.1546783447,249.8953399658,244.0928497314,297.6800842285,301.7543640137,304.9069213867,308.6695556641,311.8486938477,315.6782531738,319.4895935059,323.9673461914],"3":[461.3188171387,461.2840576172,461.4848937988,461.2963867188,461.2221679688,460.7996520996,460.8596801758,461.1987915039,487.337677002,488.6706237793,488.2738037109,488.3042297363,488.2049560547,488.4916992188,488.121307373,487.2143859863],"4":[488.753692627,485.5329589844,481.916229248,478.3709106445,474.1753540039,470.2036743164,466.1649780273,461.5255737305,490.1974182129,494.5958557129,498.8689880371,503.1875610352,507.0838317871,510.5279846191,513.6498413086,517.8710327148],"5":[220.7387084961,218.0546875,215.1537628174,213.0614471436,210.5827026367,208.0826721191,204.9333343506,201.0487670898,238.5629272461,241.7416992188,243.1201629639,245.5601348877,247.4153289795,249.3630218506,252.0500030518,254.4971923828]},"text":{"0":"Natron","1":"Asche","2":"H","3":"Higgel","4":"11","5":"a"},"score":{"0":0.9879619479,"1":0.9892772436,"2":0.9575431943,"3":0.9880593419,"4":0.9601063132,"5":0.9800931215}}