{"polygon_x":{"0":[90.3590927124,94.8837585449,98.035697937,101.6277770996,105.5627822876,109.1601867676,111.3260116577,115.1631622314,118.5909881592,114.397315979,112.5716629028,107.6651306152,102.4886856079,98.1234893799,93.5288314819,88.8253479004]},"polygon_y":{"0":[519.9740600586,520.5239868164,520.4580688477,520.4400024414,520.2715454102,520.3413696289,520.4030151367,519.8508300781,541.410949707,540.7490844727,540.7831420898,541.6942749023,542.3031005859,542.4094238281,542.4462890625,542.4635620117]},"text":{"0":"T"},"score":{"0":0.5064841509}}