{"polygon_x":{"0":[134.5023040771,147.1618041992,159.8350219727,172.2505950928,184.566192627,196.9789428711,209.5406036377,221.6431732178,221.1204528809,208.7026824951,196.0645904541,183.4091796875,171.0550689697,158.3212890625,145.4554443359,133.0371246338],"1":[240.5825653076,250.3519897461,259.7052001953,269.3106079102,278.6463317871,287.6735229492,297.3116149902,306.9756774902,307.4873962402,298.0987854004,288.6718444824,279.1418762207,269.9969482422,260.717956543,251.5438232422,241.2923278809],"2":[162.2936706543,167.499786377,172.7126159668,177.247833252,181.9019012451,186.9504547119,191.5577697754,196.4504394531,195.0472106934,190.9718017578,186.1845703125,181.2035980225,176.1773986816,171.5392608643,166.8708953857,161.8439331055],"3":[282.0476074219,300.0078125,317.4272460938,335.3699035645,353.4364624023,371.5286865234,388.8324584961,406.8550109863,406.0273132324,387.3724365234,370.2588806152,352.2207946777,334.4928894043,316.7285461426,298.4614257812,280.7587585449],"4":[298.6868896484,312.5911254883,326.580871582,341.4504699707,356.8680725098,370.7767333984,385.6613464355,401.0403747559,407.983215332,396.680267334,383.3066101074,370.1323547363,356.5477905273,341.132598877,326.4165344238,311.1709594727],"5":[199.3451843262,223.6954956055,246.1681976318,268.6544189453,291.6222229004,314.6692810059,337.610534668,360.6435241699,360.4645385742,335.7251281738,313.0155944824,290.0084838867,267.2252502441,244.234085083,221.2317810059,197.7763824463],"6":[250.5360565186,273.2028808594,294.0352172852,315.7152404785,338.8603820801,360.9698791504,381.3975219727,402.5244750977,407.9729003906,388.8129882812,369.1686401367,347.9412231445,327.503326416,305.9664001465,284.4700622559,263.0966186523],"7":[33.5183258057,36.9151077271,40.087802887,44.1519775391,47.7432670593,51.1135253906,55.8571662903,59.0070953369,81.3962097168,77.9919433594,75.3128433228,72.0707015991,68.4349594116,65.1431884766,59.7383956909,56.2674827576],"8":[225.2200012207,233.7983398438,241.3231658936,249.1067504883,256.3081970215,263.7243041992,270.9209899902,278.6791687012,276.4106445312,268.8734130859,261.163482666,253.5657806396,246.0646514893,238.417098999,230.9370269775,223.0392608643],"9":[78.2101287842,86.2590560913,94.1494445801,101.9677429199,109.5889205933,117.0002441406,124.6923217773,132.2218170166,127.4380340576,119.3263702393,110.8412857056,102.2999267578,94.2137527466,86.8927993774,79.0222625732,71.1029205322],"10":[250.6275939941,273.2496032715,294.1255187988,315.6900634766,338.9508056641,361.1235351562,381.6030273438,402.5546569824,407.9706726074,388.7780456543,369.2787780762,348.1829833984,327.6984863281,306.1172485352,284.6037597656,262.9252929688],"11":[186.5270843506,217.2196350098,244.8363800049,274.8416137695,305.6337280273,336.1122436523,363.5225830078,398.1455688477,407.966583252,379.3563537598,351.3465576172,321.0309448242,290.8093566895,261.585723877,233.7692260742,208.6627807617]},"polygon_y":{"0":[471.0111083984,471.9535827637,471.9931945801,472.004119873,472.1632385254,472.6047058105,472.157623291,472.4625854492,504.3116455078,504.4561462402,504.5172119141,504.2328491211,504.1897277832,504.3064575195,504.3102416992,503.9836120605],"1":[18.7024440765,19.2721214294,19.6113376617,19.7923908234,19.6532115936,19.3222484589,19.6626586914,20.0416698456,91.4942016602,92.8121490479,92.6491012573,92.9194488525,92.8356552124,92.8200531006,93.3995361328,93.2054901123],"2":[518.2941894531,516.0229492188,514.3922729492,513.4044189453,512.7203369141,512.0661010742,511.3117370605,510.6098632812,542.3413085938,543.1293334961,543.4102783203,543.5541992188,543.6459960938,543.7381591797,543.7018432617,543.6204833984],"3":[472.7752380371,474.1776123047,473.6652526855,473.8532409668,475.4016723633,476.1592102051,474.6414794922,475.5951843262,504.9813232422,505.3319091797,505.9534301758,505.8256835938,505.6252746582,505.0718688965,504.9006958008,503.6011352539],"4":[421.2716674805,412.3085632324,404.6495666504,395.3227233887,385.0374450684,375.96875,365.905090332,355.8614807129,385.740020752,396.1188964844,406.7973937988,415.2331237793,423.480682373,433.6308898926,442.7206115723,451.4819946289],"5":[511.9332580566,512.6060180664,512.1805419922,512.4299926758,512.2498779297,511.8061218262,511.3478393555,511.8612976074,543.9072265625,543.8938598633,543.8729248047,543.7957763672,543.8306884766,543.796875,543.6908569336,543.2189941406],"6":[404.6713562012,389.0225219727,375.8888549805,362.0014038086,348.6207885742,337.7156677246,326.9844055176,315.7503051758,340.7890319824,352.0743103027,363.7051086426,376.7670288086,390.1767272949,403.1749572754,418.6658630371,434.2395629883],"7":[14.7737751007,15.5491828918,14.2589254379,12.7740163803,11.5488796234,9.8573589325,7.8612194061,5.5402030945,41.516078949,41.9572486877,42.2884140015,43.759929657,45.9031143188,47.8268280029,50.6881980896,54.0062026978],"8":[470.7908325195,471.4400939941,472.0111694336,472.4436645508,473.1684265137,473.7551269531,474.9570617676,475.508605957,505.1003112793,505.413482666,505.843170166,506.0471801758,505.6443786621,505.7368774414,505.0968017578,504.3780822754],"9":[466.8500061035,468.6201477051,470.2668151855,471.8092956543,472.9117431641,473.9949645996,475.3681945801,476.6837768555,509.3385925293,509.3997192383,508.7181091309,508.4632873535,507.9820251465,506.6711425781,503.9027404785,501.277923584],"10":[404.7213745117,388.9360046387,375.8417358398,361.9005126953,348.414642334,337.6972045898,326.9915466309,315.5212402344,340.9645080566,352.1113891602,363.7530822754,376.4395446777,390.1946716309,403.0877380371,418.5772705078,434.315612793],"11":[377.2541809082,357.1646118164,337.0114746094,315.8092041016,296.6678466797,278.6373596191,262.0634155273,249.6722106934,281.3645935059,296.9336547852,312.5408325195,330.3818664551,347.289855957,367.4391784668,390.2190246582,411.8254699707]},"text":{"0":"Grotle","1":"B","2":"el","3":"Jeremias","4":"Begrab","5":"Hedamijeh","6":"Muhamme","7":"Q","8":"des","9":"Sog.","10":"Muhamme","11":"Turbele"},"score":{"0":0.9874196649,"1":0.9892165661,"2":0.9784010649,"3":0.9790233374,"4":0.9864138961,"5":0.9888237119,"6":0.5577362776,"7":0.5250656009,"8":0.9811453223,"9":0.9927155375,"10":0.9902258515,"11":0.9855617881}}