{"polygon_x":{"0":[234.8986968994,256.2289428711,277.0037231445,298.7285766602,320.4821166992,341.9424743652,363.8833618164,385.5199279785,385.4046325684,363.9338378906,342.3844909668,320.500579834,299.210357666,277.6162719727,255.9298248291,234.7220916748]},"polygon_y":{"0":[350.8143615723,350.0958557129,349.6201782227,349.5760498047,349.1750793457,349.0367736816,348.6115722656,349.3497009277,377.3380432129,377.3546142578,377.3551330566,377.4213867188,377.574005127,377.9161682129,378.1852722168,378.4477233887]},"text":{"0":"GRABMAL"},"score":{"0":0.984698832}}