{"polygon_x":{"0":[282.1192626953,286.8479614258,291.5586853027,294.2347717285,297.7177429199,300.0837097168,304.2304992676,303.4183654785,228.4981536865,226.5938568115,223.4335174561,219.9553527832,216.0892181396,213.7716674805,212.3639526367,207.5279541016]},"polygon_y":{"0":[115.6781463623,125.5413665771,131.8414459229,137.4488677979,144.4955596924,152.4207458496,158.1170959473,170.5709838867,198.6035614014,187.1487426758,177.5467834473,167.2835845947,157.0191345215,148.2768554688,135.7143859863,130.3895263672]},"text":{"0":"A"},"score":{"0":0.5119242072}}