{"polygon_x":{"0":[7.2136406898,11.6118707657,16.0220794678,20.2986946106,24.6925182343,28.9520816803,32.7874717712,36.6656494141,38.7689857483,34.746509552,30.3759613037,26.2687034607,22.2762527466,18.2977733612,14.5596570969,10.2881364822],"1":[53.586025238,78.7641296387,103.8376693726,131.2670135498,159.2324981689,186.9454650879,213.8826751709,239.7825164795,243.9148712158,215.8323822021,188.9170532227,161.92137146,135.1055908203,109.2982025146,82.2784042358,59.4501419067],"2":[393.8278198242,397.4094238281,399.2221679688,401.1176147461,402.9870300293,404.7611999512,406.3368225098,407.9385681152,407.1640014648,405.0045471191,403.1275939941,401.174987793,398.9797058105,397.1057434082,394.1676940918,390.3227844238],"3":[364.9362792969,371.1391296387,377.2245483398,383.3758544922,389.9234924316,396.7964477539,402.8965759277,407.9956970215,397.1640014648,391.2810058594,384.5725097656,377.1598510742,369.1608276367,362.302154541,354.4885864258,345.9286804199],"4":[0.1097865924,24.4438476562,49.4775810242,73.8148956299,99.9072875977,125.1807098389,150.3777160645,176.0715789795,179.9341888428,153.8957061768,127.8784179688,102.3815231323,77.6853942871,52.7498512268,27.8551254272,1.169383049],"5":[6.5432624817,9.2459945679,12.2465734482,15.8243465424,19.0892314911,22.3921756744,25.4514122009,28.0489883423,29.7408237457,25.929693222,23.5040512085,20.0437698364,16.6397571564,13.5215330124,10.3685054779,7.9071073532],"6":[389.0871582031,391.7299804688,394.8407287598,397.6239318848,400.2339477539,403.0740356445,405.6030883789,407.9871826172,402.4457092285,398.8503112793,395.9527587891,393.0437927246,389.827545166,386.5860595703,383.0933532715,379.8416137695],"7":[134.8455963135,144.1248779297,152.0539703369,161.1435852051,169.8243865967,177.6629638672,186.0779571533,193.5931549072,192.7477111816,185.1505584717,177.4629974365,168.3751983643,159.463104248,151.3923339844,141.793838501,132.35496521],"8":[0.0314442329,16.8140602112,36.7738113403,56.1578674316,74.37890625,94.1043624878,112.2848358154,131.5115203857,138.6707305908,118.4779586792,98.3184356689,79.4997634888,60.7693481445,41.0105743408,21.9010448456,1.7895047665]},"polygon_y":{"0":[67.8808441162,66.4676818848,66.0391540527,65.7339401245,65.2957687378,64.684715271,63.2299804688,62.0019950867,88.6822433472,88.5994567871,89.0434951782,89.6793136597,90.494758606,91.0632705688,91.6643981934,92.5045700073],"1":[233.3243713379,230.4284667969,227.5545501709,224.9157409668,223.7048339844,221.4752502441,220.0455474854,219.8121185303,246.2729644775,248.6195526123,250.9292755127,253.7250518799,256.017578125,259.4146728516,263.2979736328,267.53125],"2":[289.8690185547,288.7628173828,289.1699829102,289.837890625,290.0903015137,290.6374816895,290.8298034668,291.3650512695,323.9018859863,324.5587463379,323.9686279297,323.3389892578,323.0055541992,322.339050293,321.5078735352,320.4014282227],"3":[242.4111022949,245.2188110352,247.9197387695,251.1732940674,254.4461212158,258.15625,261.5737915039,263.5394897461,287.156036377,284.0106201172,280.811340332,276.800567627,272.4107971191,268.9259033203,264.9386291504,259.8969421387],"4":[308.6160583496,302.588104248,296.4447631836,289.7145080566,284.4024353027,279.8968811035,276.4579467773,272.8424987793,299.404083252,303.5924377441,308.2658081055,312.1959533691,318.116394043,324.3283996582,331.125579834,338.3329467773],"5":[243.0486755371,242.4532470703,242.8035583496,242.0844116211,241.4190063477,240.5135345459,239.6703796387,239.205291748,277.4859924316,277.6506652832,277.3939819336,277.8997497559,278.4657897949,278.9052124023,279.1227111816,279.4100036621],"6":[351.3707275391,353.4181518555,355.8427429199,357.7104797363,359.7416381836,361.8167724609,363.6137390137,365.739074707,389.3255004883,386.8774108887,384.206237793,382.1028747559,379.8584594727,377.6452331543,375.0146789551,371.921081543],"7":[13.460026741,14.5308609009,15.8650159836,16.8060874939,18.589553833,19.1535205841,20.5322875977,20.6942691803,93.2476501465,92.534866333,91.5526428223,91.1472244263,90.8854675293,91.163772583,91.3640594482,89.4520339966],"8":[361.447265625,353.7067871094,346.2279968262,339.2881774902,333.5307006836,328.1313781738,323.4798583984,317.1129455566,344.6122131348,351.4374694824,358.3652038574,363.904876709,371.0615234375,377.6414489746,383.4493408203,388.6211547852]},"text":{"0":"A","1":"Zahara","2":"L","3":"ILT.","4":"danischer","5":"I","6":"Po","7":"7","8":"Ufsplatx"},"score":{"0":0.8080114126,"1":0.9863648415,"2":0.6543954611,"3":0.9511681795,"4":0.986966908,"5":0.9268216491,"6":0.8472483754,"7":0.7242516279,"8":0.9706147909}}