{"polygon_x":{"0":[96.725982666,109.3871688843,122.1610565186,134.5911407471,147.0352325439,158.6539001465,170.6031646729,184.2087402344,166.8080596924,155.1849822998,140.8379669189,128.8601074219,116.9012069702,104.5725708008,93.262802124,79.7706375122],"1":[315.6300964355,320.1570129395,324.7744140625,329.3888244629,333.6482849121,338.1683654785,342.5531921387,347.5846252441,346.7372741699,342.5009460449,337.8692626953,333.0956726074,328.7869262695,324.2847290039,319.7537841797,314.9893188477],"2":[12.330121994,22.901058197,31.385225296,41.2494544983,50.9565887451,60.9491653442,70.8804321289,78.8440170288,82.2748947144,73.5141143799,63.4331855774,52.3087272644,42.7823677063,33.7292137146,25.4292888641,16.151676178],"3":[146.787322998,155.7166595459,165.3214263916,174.9359741211,184.122253418,193.6398468018,203.7510223389,214.091583252,194.383605957,185.3679656982,176.3816680908,165.8614044189,156.7995910645,147.561340332,139.2285919189,129.5339202881],"4":[4.0921006203,24.6733188629,43.7879867554,64.1709442139,82.8470001221,102.5819396973,120.5223999023,140.4240264893,122.7329559326,104.7481994629,86.5784759521,70.7137756348,51.5783920288,33.3598823547,14.9991483688,0.0040902263],"5":[2.1963906288,14.7650527954,26.6963691711,38.5004463196,52.9675064087,66.7192077637,82.4853744507,96.0232391357,81.2840652466,69.5044937134,53.6087112427,43.4866714478,31.9224205017,20.5957660675,9.2165050507,0.016072575],"6":[64.0345687866,76.3207855225,87.3142471313,98.8506011963,111.1771850586,122.662651062,135.0394744873,147.1224975586,130.631652832,117.6531219482,104.1774139404,93.2362747192,80.9125213623,69.4797363281,58.445438385,49.6222343445],"7":[45.4989585876,47.6615066528,50.1834907532,52.4088249207,55.155506134,57.5222511292,59.193862915,62.0957450867,48.0353317261,46.1288833618,44.0739898682,42.6289215088,40.0258293152,37.9492607117,35.3336524963,33.4904060364],"8":[104.9169692993,112.2242660522,120.5990371704,128.7307891846,136.7068786621,144.3646392822,152.4031829834,161.1718444824,145.5453338623,137.0187835693,128.5185546875,119.6441040039,111.2301254272,103.5036087036,95.6983566284,86.7638092041],"9":[190.7252655029,195.3492126465,200.4709014893,205.4703826904,209.7815093994,214.7031555176,219.5850982666,224.0559387207,224.3499145508,219.5315246582,214.5139312744,209.0142974854,204.5594177246,199.583404541,194.2229614258,189.2776031494],"10":[4.1921095848,24.6724452972,43.6929283142,64.0860595703,82.6767501831,102.4577102661,120.4768218994,140.2964630127,122.6479034424,104.5439453125,86.489074707,70.8271331787,51.9841270447,33.4220237732,15.0267095566,0.0040894537]},"polygon_y":{"0":[343.4366455078,353.2544555664,362.9301757812,372.8070068359,382.6313781738,392.9110717773,403.3695068359,413.8349914551,435.0961914062,424.297454834,413.4206848145,404.7713317871,395.0266418457,385.9510803223,377.2288513184,366.0100708008],"1":[408.2087097168,407.8218688965,407.4982910156,407.3483276367,407.1702575684,406.7439880371,406.369354248,406.3627319336,447.6707763672,447.7136230469,447.688079834,447.7285766602,447.7295837402,448.2277526855,448.7324829102,448.8469848633],"2":[19.3014354706,19.9183254242,19.3463993073,19.4368667603,19.4766941071,18.982460022,18.6136302948,18.2511806488,95.4181900024,95.8744659424,95.8080825806,95.1582107544,94.1688919067,93.0223312378,92.290977478,92.3800888062],"3":[341.8717041016,349.6162109375,356.9829711914,364.3782348633,370.9732971191,378.3122558594,386.0029602051,394.5613098145,415.1734924316,405.8095397949,399.2223815918,390.4914550781,383.4028930664,375.8447875977,370.0738220215,361.4438781738],"4":[263.4625549316,273.4624023438,283.0975036621,293.1726989746,303.453704834,313.6459655762,325.3134765625,337.8385620117,360.1521606445,348.2197265625,336.8336486816,326.5289001465,315.6410217285,305.893371582,295.7526855469,285.4776000977],"5":[335.2391662598,340.6894226074,345.7398376465,351.6160888672,360.5841064453,369.5565185547,380.6304626465,391.5099182129,413.8307800293,404.4583740234,395.1499633789,387.8952941895,380.6645507812,373.4247741699,365.3957519531,356.2387695312],"6":[397.6862182617,407.0745849609,415.5809326172,424.4013061523,433.3799743652,441.6356811523,450.6403198242,459.0478515625,484.9127502441,474.640045166,462.6787414551,453.7406311035,443.9688415527,434.9003295898,426.5125732422,417.0907287598],"7":[388.6728210449,389.9551391602,391.9537658691,393.9167175293,396.4035949707,398.3665161133,400.516998291,403.8717346191,418.9039916992,416.7073059082,415.0537414551,413.790802002,411.7178649902,409.9153137207,408.2633972168,406.3030090332],"8":[385.934753418,391.5010070801,399.7547912598,407.2383422852,414.1061401367,421.0516967773,428.7749633789,438.2141723633,458.5570373535,450.7802734375,443.8102111816,437.2838134766,430.1648254395,423.7875061035,417.2036132812,408.5094299316],"9":[439.616027832,439.8194274902,439.5774536133,439.6098937988,439.6159057617,439.499786377,438.9028015137,437.8458251953,484.3740844727,484.3095703125,483.6154174805,483.3112182617,483.292755127,483.2547302246,482.8920593262,482.8403320312],"10":[263.4180908203,273.4343566895,283.0981140137,293.0419616699,303.2733764648,313.5120544434,325.3382263184,337.8990478516,360.0699157715,348.0767822266,336.7734985352,326.6638793945,315.8957214355,305.8644104004,295.6104125977,285.7044372559]},"text":{"0":"Zahari","1":"E","2":"T","3":"THOR","4":"STADTISCH","5":"srodes","6":"Stephant","7":"S.","8":"Thor","9":"U","10":"STADTISCH"},"score":{"0":0.9526581168,"1":0.9866355062,"2":0.9750512838,"3":0.9837242365,"4":0.9530915618,"5":0.6301167607,"6":0.9679428339,"7":0.5583085418,"8":0.9879357815,"9":0.9769682288,"10":0.9653195143}}