{"polygon_x":{"0":[0.0374821462,7.0731520653,14.2166757584,21.8612499237,29.4342842102,37.3778305054,45.9694137573,54.3827285767,53.7997398376,45.3273468018,36.9147605896,29.0776729584,21.3050518036,14.0368947983,6.6667346954,0.0135938711],"1":[67.3426132202,85.2350082397,102.9370117188,120.9289321899,139.3690185547,157.8287506104,176.4786987305,194.139465332,194.4356842041,175.9236602783,157.5526428223,138.8126678467,120.8576507568,102.4401626587,84.6393661499,66.3975219727]},"polygon_y":{"0":[349.1194152832,348.6856689453,348.6412963867,348.5950622559,348.8360900879,348.7770385742,348.7653198242,349.1447753906,376.0414733887,376.0744934082,376.178527832,376.249786377,375.9528503418,375.8975219727,375.8095092773,375.393951416],"1":[349.2084350586,348.6058654785,348.1350708008,348.1227416992,347.6803588867,347.4409790039,346.9213256836,347.5740661621,376.057434082,375.9244995117,375.8588867188,375.6836547852,375.7958068848,375.8268127441,376.235168457,376.665802002]},"text":{"0":"DER","1":"HELENA"},"score":{"0":0.9681321979,"1":0.9839179516}}