{"polygon_x":{"0":[79.6794204712,99.1345672607,117.4678115845,137.0596313477,155.7096099854,174.3847351074,193.0190429688,212.0588989258,212.0370025635,192.3558502197,173.4328918457,154.4988098145,135.7924346924,116.8963394165,98.3793029785,78.2908401489],"1":[258.8997497559,264.5933837891,270.2964172363,276.063079834,282.3545227051,288.7772216797,295.1196899414,301.0948486328,309.846862793,303.8801879883,297.8424072266,292.1032714844,285.7972412109,279.9243774414,273.9601135254,267.3527832031],"2":[0.0791547,7.1468081474,14.2718172073,21.5801086426,28.7163562775,35.9411087036,43.5881195068,50.720489502,49.7282066345,42.4759597778,34.9067802429,27.545003891,20.1721286774,13.3825559616,6.2034068108,0.0108272145],"3":[0.074776195,4.4140644073,8.9149236679,13.0553894043,17.510351181,22.093503952,26.6676120758,30.9740638733,34.3719406128,29.6208190918,24.891450882,20.6555023193,16.1556797028,11.4963417053,6.8909111023,2.6346311569],"4":[302.182434082,306.4298400879,310.4581604004,314.6977539062,318.4135742188,323.0155334473,327.3010864258,331.5899963379,340.5575561523,335.6227722168,331.4445800781,327.8330688477,323.7488708496,319.9237365723,315.8846740723,311.8836975098],"5":[231.2010650635,233.0299072266,235.6206665039,238.8164978027,241.6236419678,244.4889526367,246.6881561279,249.9663848877,264.9006347656,263.6428527832,262.1976013184,260.4444885254,257.831237793,254.8680419922,252.3554229736,250.0412750244],"6":[86.1492385864,86.7902755737,87.8696746826,89.5739440918,91.6495513916,92.7282485962,92.1984710693,86.3153839111,59.0843772888,59.1790771484,62.3383026123,64.2275009155,63.4266700745,62.6940193176,61.1193313599,59.1771125793],"7":[0.1280190796,5.6452240944,11.0874147415,16.5412654877,22.0621147156,27.591091156,32.965965271,39.1885223389,39.2815895081,33.3099517822,27.3674278259,21.7920207977,16.1054496765,11.0853834152,5.475754261,0.0294001512],"8":[9.2717208862,16.1491889954,21.8642864227,23.8382263184,27.6861896515,30.7952384949,37.1081542969,43.9492950439,72.0177307129,65.1878890991,58.8656730652,53.1385765076,52.0410118103,51.794002533,50.7590255737,46.1878509521]},"polygon_y":{"0":[445.9010925293,445.0224609375,445.2753295898,445.6583557129,446.0925598145,445.8861694336,445.8127746582,446.7391967773,475.1932983398,475.1721496582,474.8513183594,474.7460021973,474.3934936523,474.5766601562,474.1952819824,474.2521972656],"1":[254.9030914307,252.6809844971,250.5418701172,247.2249450684,244.4928741455,241.0869903564,238.3325805664,235.3559112549,258.1975708008,262.4378051758,265.7149047852,268.6056518555,271.4370117188,274.2334289551,276.7910766602,279.4907226562],"2":[433.8119812012,434.128112793,434.5957946777,435.0717773438,435.3962402344,435.9579467773,436.2456970215,436.8558959961,457.7755126953,457.8732299805,457.4891052246,457.2497253418,457.2155456543,457.049987793,457.1979675293,456.5315246582],"3":[485.4792480469,483.6527709961,481.4517211914,479.6216430664,477.6520996094,475.9131774902,474.1759338379,471.9033508301,492.8764343262,494.7904968262,496.6524963379,498.3036193848,499.961151123,501.8667297363,503.8819274902,505.7852478027],"4":[220.1153106689,218.4189605713,216.9737548828,214.8849945068,212.9658355713,211.3694610596,209.5105285645,207.7926940918,248.0417022705,248.7828521729,251.0135192871,252.5427246094,254.4014129639,256.3852844238,258.2748413086,259.9452819824],"5":[314.2816467285,309.7781982422,306.7723083496,304.5393981934,302.4948730469,299.8634338379,297.6134338379,295.2309265137,313.2418823242,316.9765930176,319.2205505371,321.5979614258,323.273651123,326.1826477051,329.1847839355,331.7041015625],"6":[473.1879882812,485.01171875,493.3320007324,503.8106384277,512.0569458008,520.5916137695,531.4333496094,543.4462280273,543.7642211914,534.4476318359,524.2343139648,514.6998901367,505.4407348633,495.7270507812,486.8257141113,478.1705627441],"7":[371.1405334473,370.9695129395,370.7380981445,370.6760559082,370.5459594727,370.5277404785,369.9579467773,370.424621582,392.0592651367,392.6735534668,392.9634399414,392.7460327148,392.7157897949,392.8615112305,392.4543151855,392.4930725098],"8":[328.5932312012,280.9000549316,231.1997680664,182.405380249,137.9060668945,92.9037017822,44.9080581665,2.4756464958,3.2318525314,46.0652351379,92.9427108765,143.0392456055,188.4580383301,235.8458251953,284.3257141113,333.0719909668]},"text":{"0":"ECKTHOR","1":"Bad","2":"Thor","3":"HA","4":"D","5":"a","6":"BR","7":"Lule","8":"ESeifenabrike"},"score":{"0":0.987215519,"1":0.987701714,"2":0.9871993661,"3":0.9832098484,"4":0.971785605,"5":0.7933676839,"6":0.9706083536,"7":0.8057914972,"8":0.7761051655}}