{"polygon_x":{"0":[280.6874084473,299.2749023438,318.4676208496,337.4755554199,354.9345703125,373.0238342285,391.2872619629,407.9392089844,407.9914245605,392.8177490234,375.4186401367,356.984588623,337.8116149902,319.0337524414,300.6747436523,279.596282959],"1":[198.0168151855,229.01953125,258.0625610352,287.0189208984,316.7782287598,345.3048400879,373.9882202148,404.6401062012,407.4251098633,375.5751953125,346.889251709,317.8068847656,288.7875366211,260.1613464355,230.6081237793,201.0747070312]},"polygon_y":{"0":[433.7221069336,433.6587219238,433.688079834,433.3957824707,433.1607971191,432.6043395996,432.1351013184,431.7376708984,464.9509277344,465.9055786133,467.2125549316,468.0375671387,468.8367614746,469.4244384766,470.5737304688,470.2190246582],"1":[496.1676025391,491.9625854492,488.8961791992,486.2347717285,482.8129577637,480.1044616699,478.034362793,476.1726989746,507.3082885742,509.8630981445,511.9156799316,513.9808959961,516.9253540039,520.7034301758,526.1047973633,534.5135498047]},"text":{"0":"Turu","1":"Muhammed"},"score":{"0":0.9856518507,"1":0.9888407588}}