{"polygon_x":{"0":[334.6001281738,344.1936950684,353.6795349121,363.2959594727,373.0110778809,382.4952392578,392.0684814453,401.5049743652,402.2391967773,392.8322753906,383.328338623,373.534362793,364.0060119629,354.5132751465,345.1197509766,335.2777404785],"1":[190.6235961914,210.0777282715,229.4088287354,248.913848877,268.6752624512,287.985534668,307.700958252,328.1433105469,330.1661682129,310.111541748,290.2628479004,270.7534790039,251.0977478027,231.7459564209,211.8067932129,191.9928741455],"2":[316.5051574707,329.5986022949,341.9411315918,354.5825500488,367.5806274414,380.5651855469,393.1905822754,407.1208190918,407.9776000977,396.1837463379,383.6493835449,370.8318481445,357.7422485352,344.6560058594,331.5733032227,318.6269836426],"3":[17.2216358185,36.2614860535,55.0538406372,74.7052383423,94.0034866333,113.5790405273,132.7314453125,154.0693817139,153.1376953125,133.268371582,113.8239898682,93.8808364868,74.1390380859,54.6738395691,34.7180671692,16.2475395203],"4":[1.2620465755,7.4054412842,13.1385879517,19.6382637024,25.6245975494,31.704914093,37.5513648987,43.6213226318,42.4378242493,36.8357009888,30.5606384277,24.5052585602,18.4561691284,12.2686862946,6.2576608658,0.0952284113],"5":[51.7174415588,62.1827926636,72.0966720581,82.6762924194,93.1255569458,103.2129516602,112.9487228394,124.2067108154,121.9702072144,112.4216079712,102.5899810791,91.9736251831,81.7385940552,71.3170776367,61.5031661987,50.571762085]},"polygon_y":{"0":[455.2678833008,454.6271057129,454.1470947266,453.5520324707,452.9797668457,452.3637695312,451.6600036621,451.2901611328,474.7139892578,474.8087768555,475.3495483398,475.6295776367,476.1988525391,476.9397277832,477.5203552246,477.8436584473],"1":[462.1795349121,460.550994873,458.869720459,457.7251586914,456.4285888672,454.880859375,452.6993713379,452.1279296875,481.2968444824,482.1521911621,483.4417419434,484.6412658691,485.933013916,487.1112365723,488.7057189941,489.8228759766],"2":[509.9930419922,509.2643127441,507.2236022949,506.7411499023,505.3392028809,504.1942443848,502.7033996582,501.2798461914,529.3815917969,530.6680908203,531.5863647461,532.7963256836,533.5845947266,535.1463012695,536.3908081055,538.1686401367],"3":[417.8363647461,418.0971984863,417.8345031738,416.9977111816,417.1343078613,416.64453125,415.318359375,414.758392334,446.3049926758,447.9346008301,448.0379333496,448.3112792969,448.3565063477,447.8915710449,447.6734313965,446.9096679688],"4":[454.2843933105,453.717590332,452.7129516602,452.3854064941,452.4170532227,452.3602905273,452.0039978027,451.9798583984,475.3992919922,475.436340332,475.2208557129,475.0772094727,475.2551269531,475.1835327148,474.9643554688,474.8649597168],"5":[451.2700500488,451.6088867188,452.4772338867,452.6093139648,452.7974853516,453.1580200195,453.1799926758,454.0801391602,480.5235900879,480.8489990234,479.7072143555,479.2717285156,478.7027893066,478.4942321777,476.9382324219,476.4275817871]},"text":{"0":"DER","1":"LAGER","2":"Lateimi","3":"Dschalud","4":"th's","5":"Barg"},"score":{"0":0.9895300269,"1":0.9893598557,"2":0.9846594334,"3":0.9903813004,"4":0.9813820124,"5":0.9806945324}}