{"polygon_x":{"0":[59.2504119873,76.7855300903,95.802947998,114.3121032715,132.9288482666,151.7146759033,169.6826171875,188.1765289307,187.6934661865,170.0815887451,151.7924041748,133.0231781006,114.3893508911,95.9805526733,76.6819534302,58.6801261902],"1":[67.2426834106,80.3027038574,94.0730133057,108.4115982056,122.3618469238,136.977142334,150.9334411621,164.7008514404,165.2178192139,151.8576812744,137.7214355469,123.250579834,108.9613113403,94.7899856567,80.3676452637,67.2761611938],"2":[137.170425415,148.7858428955,160.9994354248,173.1652069092,185.3117523193,197.6511383057,210.003616333,221.4964141846,221.2819976807,208.6354064941,196.4496002197,184.3716430664,172.2056274414,159.5794525146,147.0421905518,134.1165771484],"3":[193.5456695557,204.6405334473,215.9957580566,227.4618225098,238.8720855713,250.2077178955,261.583190918,273.2079772949,273.6708984375,262.3840332031,250.8361206055,239.1678466797,227.6458435059,216.0223083496,204.5050811768,192.5381011963],"4":[326.8237304688,333.4932556152,340.2052307129,347.1020202637,353.6622314453,360.2443237305,366.8792419434,373.1126098633,372.6051330566,366.2286376953,359.3545227051,352.6133117676,346.1117553711,339.4643249512,332.8977966309,325.8612976074],"5":[277.5310974121,283.6408691406,289.705078125,295.8940429688,301.9655456543,307.9750671387,313.8143920898,319.8329772949,319.7023620605,313.5715026855,307.6749572754,301.4312438965,295.6850280762,289.4712219238,283.701385498,277.2092895508],"6":[131.6411743164,136.1087646484,139.65965271,143.3406677246,146.3038482666,148.7206573486,148.1420593262,145.4174957275,119.3756790161,118.5000457764,117.4950485229,116.1732254028,113.5471572876,110.0662002563,105.8524246216,101.3720169067],"7":[351.8801574707,360.7550354004,369.0249938965,377.3277282715,385.2480773926,393.4151611328,401.5118408203,407.9765014648,407.9617614746,400.7215576172,392.5794067383,384.4548034668,376.268157959,368.3455505371,360.1642150879,351.3188781738],"8":[228.0783538818,234.0804443359,240.4454803467,247.0837402344,253.0528564453,259.2714233398,265.0933227539,271.5448303223,270.575592041,263.9437866211,257.858215332,251.8111114502,245.6893157959,239.420715332,233.2652282715,226.9743499756],"9":[327.1202087402,331.4117126465,336.0211486816,340.239440918,344.831817627,349.0812683105,353.3985290527,357.5065917969,357.4270629883,353.2171325684,348.8760375977,344.358581543,340.028503418,335.6038208008,331.2393493652,326.3467407227],"10":[0.0053755143,9.0784254074,19.3500728607,28.9741802216,38.5571212769,48.5577926636,58.3762130737,69.80027771,77.3086471558,66.7096633911,56.644443512,46.3752174377,37.0580291748,26.8910293579,15.914308548,4.8336901665],"11":[381.2646789551,385.3161621094,389.4096984863,393.1227722168,397.0615234375,400.8417663574,404.5812683105,407.9760437012,407.9814758301,404.401550293,400.5743408203,396.6580200195,392.7363586426,388.6907958984,384.4544677734,380.3164672852],"12":[346.4803771973,355.6619567871,364.4436035156,373.2064208984,381.6660766602,390.3876953125,398.5454406738,407.5985107422,407.3838195801,398.1502685547,389.6110229492,381.1472167969,372.4309692383,363.8564453125,354.9726257324,346.2447509766],"13":[73.030090332,97.0277404785,123.3521347046,149.3778076172,174.4385528564,200.5059356689,226.6496429443,251.7894134521,250.9806365967,226.1015777588,200.0178222656,173.5741882324,148.0822601318,122.1508331299,95.5214767456,70.9524688721],"14":[129.0664520264,129.5135192871,130.3354644775,130.3614654541,129.9982910156,129.4598999023,128.4007568359,127.7542037964,95.5814590454,96.8078613281,97.7029647827,97.9811782837,97.2825164795,96.8830795288,96.0555419922,94.6977157593],"15":[0.0040798043,3.5121088028,7.7802071571,11.4718770981,15.7168159485,20.0176143646,24.7294387817,30.1964263916,34.499130249,29.6292057037,25.1376628876,20.3203582764,15.7983016968,11.4829330444,6.8823494911,2.004376173],"16":[64.3268127441,66.1180953979,67.7065658569,69.4494857788,71.1064147949,72.1130752563,73.3270111084,75.5758285522,48.6841201782,47.8926620483,46.624042511,45.5371551514,43.9056015015,42.8120422363,41.0145568848,39.2670822144],"17":[38.8650474548,53.9399147034,69.0590896606,83.3678436279,98.1607971191,113.3575057983,128.4277801514,144.5926055908,143.6357116699,127.9973754883,112.7882232666,96.8917236328,81.4611968994,65.7807693481,50.9920578003,35.582572937],"18":[261.3133850098,272.8337402344,284.4773864746,296.1546630859,307.7841186523,319.342956543,331.1416931152,342.5491027832,342.6045227051,330.5934448242,318.8905334473,307.0914001465,295.4521484375,283.6820983887,271.7178955078,259.5053100586],"19":[366.7553100586,374.2848205566,380.9409790039,386.6928710938,392.3793640137,397.6202392578,403.419708252,407.9706726074,407.906463623,402.2496337891,396.8078308105,390.9603881836,385.2872314453,378.8708496094,372.176574707,365.0716552734],"20":[254.1594543457,265.5761108398,277.5165405273,288.9947814941,300.3063354492,311.9531555176,324.0046081543,336.4233093262,336.0848693848,323.8110351562,311.4312744141,299.561340332,287.5184020996,275.1009521484,263.4058837891,252.274230957],"21":[10.1946115494,34.4963188171,58.4528656006,83.3177032471,107.3388442993,131.4407958984,155.5318908691,179.7255706787,178.8837432861,155.2409210205,130.5308227539,106.2827453613,82.2696914673,57.5711135864,32.6212539673,8.0618810654],"22":[0.1049693525,2.7565174103,5.2557220459,7.4274477959,10.1416788101,12.9625501633,15.7041597366,18.8648700714,23.3860759735,20.4687976837,17.8818798065,15.1561594009,12.601102829,9.8788356781,7.0266113281,4.1965112686],"23":[90.7443008423,115.9718322754,139.3054199219,162.7329864502,186.2604827881,210.4566650391,233.3659057617,256.5039978027,254.6876220703,233.195022583,209.4211730957,185.0021972656,160.3339538574,136.7477111816,113.5470809937,89.8584976196],"24":[127.0640335083,144.2770690918,161.2649841309,178.1127929688,194.9822845459,212.2967834473,229.8378295898,246.5219116211,247.6216278076,230.6790161133,211.7087402344,194.2762451172,176.4578704834,160.0586700439,142.8870697021,125.6460723877],"25":[33.1251945496,34.6150436401,37.01171875,39.1985168457,42.2071990967,45.8596611023,51.8401489258,55.8458518982,16.1321659088,14.5760879517,11.9092054367,8.4298477173,6.1390070915,4.1883502007,2.3806393147,0.1224966273],"26":[169.2490692139,191.5588684082,213.8797302246,237.3898010254,260.1290588379,283.336517334,306.1940307617,329.4125976562,329.4592895508,307.651184082,283.8540649414,260.5492248535,237.6167297363,214.8396148682,191.6647644043,168.380355835],"27":[97.9545440674,100.4129486084,100.7078704834,101.0231246948,101.6006088257,101.5761642456,102.3480911255,107.4711227417,70.7940139771,71.0816116333,70.9019927979,69.8836669922,68.2569885254,66.9090652466,65.1274185181,62.8122711182]},"polygon_y":{"0":[281.6871337891,281.6575317383,281.9374389648,282.3487854004,282.6361694336,282.8823852539,282.6538696289,283.7683105469,313.0553283691,312.8800964355,312.4489440918,312.6045227051,312.6374206543,312.6576538086,313.1058349609,312.6775512695],"1":[317.3267822266,316.9266357422,317.0465698242,316.479675293,316.7668457031,316.8191833496,316.4177246094,316.6363525391,350.1303710938,350.3268127441,350.6194458008,350.6468200684,350.810333252,350.832244873,350.3587036133,349.9728088379],"2":[364.7841796875,365.3227233887,366.0664367676,366.584197998,366.6534423828,366.6233520508,366.3345031738,366.4147338867,390.3544616699,389.7988586426,390.4255981445,390.5037231445,390.5767211914,390.6790771484,390.4666442871,389.6156921387],"3":[283.059173584,282.651550293,283.2025756836,283.260345459,283.1574401855,283.6413574219,283.7578125,284.3486938477,313.244720459,314.0964050293,313.6688537598,313.4013366699,313.1864013672,313.2278137207,313.4308776855,313.8815307617],"4":[363.8555908203,363.9264221191,364.6918640137,365.1011962891,365.4063110352,365.6873168945,366.2451171875,366.5336914062,391.4375,391.53515625,391.6164550781,391.7285461426,391.6107788086,391.572052002,391.5747680664,391.1972961426],