{"polygon_x":{"0":[340.3784790039,351.1386413574,361.5015869141,370.9555358887,379.7057189941,390.5587768555,400.7835998535,407.9959106445,405.3742370605,389.6637878418,378.8339538574,367.1016235352,356.0691223145,345.3205566406,334.3608093262,321.7592163086]},"polygon_y":{"0":[0.0054406268,2.5212275982,7.9849963188,13.5708112717,19.4941520691,25.4467449188,30.5931015015,35.5921211243,56.6404724121,50.730796814,45.18491745,39.842540741,33.9989471436,27.9755687714,21.317325592,13.8038377762]},"text":{"0":"Ramle"},"score":{"0":0.9794831276}}