{"polygon_x":{"0":[49.7650337219,50.0412445068,49.9903831482,50.2887191772,51.0691604614,52.6596908569,54.0628890991,54.9307022095,84.5576934814,84.237487793,83.5645370483,82.4000320435,81.2268600464,80.118812561,79.1091690063,77.6809692383],"1":[286.1885986328,289.487121582,292.9085083008,296.8638000488,300.1328125,303.6689758301,306.9831237793,310.2084960938,308.5516357422,304.5784912109,300.5097351074,296.9883117676,293.4885864258,290.086151123,286.4361572266,282.6467590332],"2":[309.3686523438,324.6668395996,339.3317871094,353.7018127441,368.0341491699,382.3187561035,396.532409668,407.9939575195,407.9878234863,395.6623840332,381.4091186523,366.8232116699,352.279510498,337.8052368164,322.7906799316,308.3893432617],"3":[60.5597267151,58.8586273193,58.0156173706,57.3814201355,57.0051956177,56.4930953979,54.6903114319,53.6210861206,89.0909500122,89.2766723633,89.2701034546,89.3377761841,90.0119247437,90.7888259888,91.3081741333,91.8820495605],"4":[159.2844696045,164.0795288086,168.231918335,172.7557830811,176.6512451172,181.2025756836,185.5536346436,190.0179748535,193.0270080566,188.1068572998,183.6128692627,178.9747467041,174.8604125977,170.3902893066,166.2769775391,160.9563293457],"5":[192.2612915039,197.1782226562,201.6300048828,205.9918670654,210.4015045166,215.0667877197,219.3632354736,224.0976104736,223.7125701904,218.3244171143,213.8952026367,209.5632629395,205.3390197754,201.0418395996,196.7226715088,192.1841583252],"6":[27.6777267456,30.3650779724,33.272605896,33.8128013611,35.8525848389,38.0296516418,38.9301528931,39.0653457642,83.600440979,81.7794723511,80.3648834229,79.4534912109,77.3849182129,76.8567733765,74.9040145874,72.6962356567],"7":[43.9447479248,43.8670158386,44.0211105347,43.6444740295,44.5307884216,45.3106307983,45.2346878052,45.9286575317,77.8484191895,78.2826690674,78.2267532349,78.3059692383,78.6987533569,79.3885040283,79.8576660156,80.8635635376],"8":[47.4373321533,46.2414779663,46.0009536743,45.7923622131,45.9235267639,45.7439689636,44.9611320496,45.4670372009,78.455368042,77.1360626221,76.6463470459,77.2246780396,77.9526443481,79.4435958862,79.9328689575,80.6657104492],"9":[282.6036987305,287.5964355469,291.8564453125,297.5054016113,302.8209228516,307.922454834,313.9769287109,319.5472412109,323.7511901855,318.2645263672,313.032409668,307.4716186523,301.9869995117,296.0420227051,291.0244140625,285.6344299316]},"polygon_y":{"0":[528.5782470703,523.7395629883,518.7749633789,514.5098266602,509.9344177246,505.0614929199,501.443939209,497.575012207,502.9796142578,508.5999145508,512.9946899414,517.4927368164,521.6806640625,525.4901733398,528.6853637695,533.5614624023],"1":[357.9279174805,358.1268005371,358.8226013184,359.0206604004,359.3166503906,359.4316711426,359.7948303223,360.4935302734,386.7696533203,386.5796203613,386.3489685059,386.3053588867,386.2125854492,386.2001037598,386.2357788086,386.4119262695],"2":[357.3947143555,357.6798400879,358.2575073242,358.5411682129,359.1512451172,359.4436340332,359.7512817383,360.2311706543,388.1004333496,389.606048584,389.4961242676,389.631072998,389.7459411621,389.6750183105,388.4501037598,387.3503417969],"3":[116.2377166748,113.0794448853,109.072303772,105.4260406494,101.7575454712,96.2578048706,90.8863601685,84.3717269897,82.6757659912,88.0255050659,93.207572937,97.6597366333,101.661277771,104.7320175171,109.1711578369,114.922454834],"4":[247.8455505371,247.3875427246,247.3806762695,247.0398864746,246.8204650879,246.459854126,246.4027404785,246.461151123,273.4420471191,273.7243652344,274.1208496094,274.467010498,274.5633850098,274.6080322266,274.7862243652,275.0983276367],"5":[489.6807556152,489.7079467773,489.9616394043,490.5327453613,491.1736450195,491.3865966797,491.9552612305,491.830657959,516.3900756836,516.4869995117,516.2788085938,515.9453735352,515.5643310547,515.4276123047,515.2944946289,514.9612426758],"6":[189.9670410156,187.3233795166,183.5285949707,179.0345001221,174.8492889404,170.2233428955,166.2253875732,163.6434020996,175.0514678955,180.6878967285,184.4289398193,188.1018829346,191.4169616699,195.5493011475,200.274597168,206.4407348633],"7":[439.9820861816,437.9396057129,434.3539428711,430.9310302734,426.4877929688,421.7674255371,418.1518554688,413.6753234863,409.4772644043,415.8179626465,420.6969604492,424.4174499512,428.7746887207,432.3551940918,435.0372009277,439.8031311035],"8":[355.7246398926,354.0057678223,350.5701599121,345.1611022949,341.4330749512,336.7427062988,332.0693969727,327.1436157227,321.3771972656,325.9467163086,330.2424926758,335.5518798828,340.1839599609,344.7399597168,347.5305480957,349.8994445801],"9":[8.4869441986,8.1501188278,7.5975193977,7.7804160118,7.3090438843,6.577173233,5.4050951004,3.1926324368,33.9152641296,34.901763916,35.873714447,36.4913024902,37.2354888916,38.0048141479,38.7378005981,39.7085914612]},"text":{"0":"D","1":"S.","2":"Pelagie","3":"au","4":"25","5":"26","6":"G","7":"e","8":"u","9":"&"},"score":{"0":0.714078784,"1":0.9815999866,"2":0.983291924,"3":0.8982085586,"4":0.9053675532,"5":0.911208868,"6":0.9096436501,"7":0.6731014848,"8":0.6487944126,"9":0.4946981966}}