{"polygon_x":{"0":[267.7912902832,272.817199707,277.775970459,282.3789367676,287.4124450684,292.9652099609,298.0191955566,304.2436523438,285.6376037598,281.0461120605,275.7268371582,270.8129577637,265.3673095703,260.5490722656,255.4918518066,250.1805267334],"1":[138.9816741943,151.1443328857,162.2022857666,172.5170288086,183.7703857422,194.7868347168,206.023727417,215.8759155273,211.1202545166,200.0308532715,187.9746856689,176.7285003662,165.4183654785,153.8536071777,142.2518615723,129.353729248],"2":[28.913318634,60.0302886963,90.0105514526,119.8376159668,151.0560302734,182.2469940186,211.1627960205,243.4839935303,235.6066436768,207.366897583,177.7093811035,145.3082122803,118.4074707031,86.2470321655,54.5561141968,20.6564617157],"3":[18.6581459045,35.1889877319,51.8155975342,67.6547698975,83.6407165527,97.6384277344,114.0589981079,128.7158813477,118.4808273315,104.538520813,87.5672988892,72.463142395,57.4385986328,42.2613868713,26.588508606,11.3290290833],"4":[130.834487915,147.2735443115,166.758972168,185.1889648438,203.8399963379,222.7832794189,239.5419921875,259.1787719727,250.3446807861,232.0615692139,214.3339080811,196.7861480713,178.756149292,161.2077484131,142.9920349121,123.2733840942]},"polygon_y":{"0":[98.3520507812,99.9197463989,101.5486755371,102.8830718994,104.1405563354,105.1930236816,106.4235992432,107.9178009033,153.7545318604,151.8114013672,150.7001037598,148.6688079834,147.2108001709,145.9237213135,144.4722595215,143.7434997559],"1":[0.0054302113,0.2694515288,1.0156866312,2.2453758717,5.269010067,7.5285902023,10.437122345,13.6205387115,37.1738243103,35.6717376709,32.4120635986,28.5175247192,25.2644462585,21.8553199768,18.4037494659,14.5497741699],"2":[0.4280263186,9.0097742081,18.7359275818,27.1914710999,35.4382743835,43.4619178772,50.115070343,58.6485404968,84.9399185181,77.4374313354,68.6045837402,59.8706817627,52.0185775757,43.3787536621,35.0340270996,25.5559768677],"3":[30.0766944885,35.1318206787,40.5934753418,46.1441307068,50.9345664978,55.0124320984,59.6328773499,64.0437927246,89.0349960327,85.8071060181,80.946395874,76.9276885986,71.8224029541,67.5916366577,62.5720405579,57.3593940735],"4":[60.897354126,67.5272979736,72.3130493164,77.2866668701,82.6800308228,87.7563476562,93.3449707031,99.3088989258,128.4621582031,122.8560714722,117.75756073,112.3612213135,106.7300262451,101.4663238525,96.1582107544,91.2731552124]},"text":{"0":"T","1":"Rood.","2":"SCHLANGENTEICH","3":"Birketel","4":"Mamillah"},"score":{"0":0.9827466011,"1":0.8095808029,"2":0.9471185207,"3":0.7786003947,"4":0.8858523369}}