{"polygon_x":{"0":[172.4912414551,172.033996582,173.0532684326,173.8009643555,174.8846130371,175.8293457031,177.8772888184,178.9100799561,148.1981811523,145.456451416,143.7635040283,143.1674804688,141.6214904785,140.9665222168,140.7828216553,139.3276367188],"1":[231.679901123,256.7934875488,281.6884155273,307.0815429688,332.0046691895,356.7905578613,381.2477111816,406.568572998,405.6242980957,379.7835388184,355.9118652344,330.8119506836,306.6154785156,282.0442504883,257.2729492188,232.1944732666],"2":[130.7608337402,137.7250823975,143.5695953369,148.0342407227,153.0470733643,159.1673583984,164.2451171875,169.8534240723,130.4361572266,126.796836853,121.34400177,117.6110305786,111.5552749634,107.0195541382,101.0706863403,95.2927780151],"3":[25.5945606232,43.9376029968,62.0205917358,81.1524276733,100.0612335205,118.03565979,136.0958709717,156.5110168457,138.9899139404,120.1602478027,100.8249893188,81.6724700928,62.7706565857,43.1076202393,23.6182365417,3.229798317],"4":[25.9126815796,43.7144165039,62.0834693909,81.463104248,100.4337387085,118.303604126,136.0921630859,156.815826416,138.9612579346,119.8321762085,100.7430877686,81.6005172729,62.5162811279,42.3635864258,23.6130447388,3.5483224392],"5":[157.2946929932,158.8867340088,158.0699462891,158.2476959229,158.5274963379,158.9427337646,158.8011932373,159.855178833,126.3021774292,125.765296936,125.6101226807,125.0434188843,123.6188812256,122.9558410645,121.950630188,120.4372406006],"6":[36.3308677673,42.5362701416,49.0866203308,53.7997741699,58.4225578308,62.1038246155,66.3745117188,72.0843429565,31.3251590729,28.5719280243,24.8086357117,21.46052742,16.9418811798,13.2760400772,9.3595399857,4.5628652573]},"polygon_y":{"0":[70.2471847534,81.7172927856,93.3763656616,105.0612411499,115.959854126,128.8587188721,141.0576171875,151.5281524658,154.0798492432,140.6042785645,128.508102417,117.5049362183,105.4013900757,93.5818481445,80.8474197388,70.2571258545],"1":[378.8491821289,378.6245727539,378.0425415039,378.200378418,378.0347900391,378.1764831543,377.929473877,378.337890625,406.062713623,405.8540039062,406.1014404297,405.8771362305,405.8438415527,405.5806274414,405.5741882324,405.6441345215],"2":[256.7792663574,264.3916931152,269.4052429199,274.9711303711,279.9678649902,285.509185791,291.7268371582,297.7329711914,333.6128234863,326.9609375,321.3430175781,316.9920654297,309.6734924316,303.6734924316,296.071105957,289.8013916016],"3":[420.1600646973,431.0351257324,442.375213623,453.6573486328,465.0694274902,475.1702575684,484.8682861328,495.0614929199,515.6280517578,504.9501647949,495.4459533691,483.916595459,472.916809082,460.9357299805,450.5595397949,438.5624694824],"4":[420.1882019043,430.9873962402,442.1823120117,453.6285095215,465.2321166992,475.347442627,484.9460754395,495.1741027832,515.4282836914,504.7257385254,495.3179626465,483.6765441895,472.456451416,460.470123291,450.5687255859,438.6253967285],"5":[0.3661351502,9.6331119537,15.6808004379,21.4919910431,27.0950775146,33.441986084,39.8803825378,49.1333389282,48.1118240356,40.7932891846,34.4823112488,28.3908615112,22.3828601837,15.8296957016,8.3509016037,2.9657020569],"6":[165.2531433105,170.9788360596,175.0700836182,179.0718688965,183.2377319336,186.789855957,190.9643554688,195.7869720459,236.1206512451,229.4862823486,224.2339630127,220.7085113525,213.9336395264,207.6016693115,200.6635742188,194.6845092773]},"text":{"0":"Platk","1":"THITHOOR","2":"H","3":"ROSSTHOR","4":"ROSSTHOR","5":"Us","6":"A"},"score":{"0":0.9067934155,"1":0.9832469821,"2":0.9865624309,"3":0.9480930567,"4":0.9489961863,"5":0.7636867166,"6":0.9812894464}}