{"polygon_x":{"0":[279.5544433594,299.4111328125,318.1217041016,337.0531311035,355.5596618652,374.0560302734,392.8472900391,407.9956970215,407.714630127,388.2034301758,369.4224243164,350.5064086914,331.7570800781,312.3490905762,293.1256713867,273.1339416504],"1":[175.5912017822,205.3520812988,234.8255004883,264.5026550293,294.8253479004,324.3794250488,352.7725219727,382.3923034668,380.9150085449,351.3905944824,322.455078125,292.5459594727,263.1746520996,233.6954803467,204.1672210693,174.4159393311],"2":[187.7618560791,218.5877075195,247.4563598633,277.4843139648,307.3088378906,337.5877075195,365.6827697754,397.1623840332,396.5769042969,366.3354492188,335.9116516113,305.8788757324,276.816619873,246.770690918,217.4571075439,186.680557251]},"polygon_y":{"0":[220.0155334473,223.9467468262,227.9986572266,232.6653747559,237.5027923584,241.8253173828,247.3328399658,250.6681365967,275.7497253418,271.3822631836,266.3256225586,261.8232727051,257.4176025391,253.213180542,249.5435943604,245.038772583],"1":[133.2407684326,134.6455993652,134.8039703369,135.0127258301,134.8786315918,134.6534576416,133.9701843262,134.7793731689,160.4207305908,160.1706390381,160.0853271484,160.4814147949,160.459854126,160.3160552979,160.362487793,159.5478973389],"2":[169.8591918945,170.4104309082,170.5658111572,170.5368041992,170.5331420898,170.6587371826,170.0229797363,170.9674835205,196.9921875,198.8484802246,199.3779449463,200.0480804443,200.3069763184,200.548248291,200.0685424805,198.7832336426]},"text":{"0":"WALKE","1":"Protestantiscer","2":"Begrabnifslatz"},"score":{"0":0.9862444997,"1":0.8749210835,"2":0.9658871293}}