{"polygon_x":{"0":[235.0453033447,244.2648010254,253.7457122803,263.2715759277,272.615234375,281.5600585938,290.5345458984,300.532989502,301.5937194824,291.948425293,282.744720459,272.8397216797,263.5717773438,254.134552002,244.8827362061,235.186340332],"1":[214.4594573975,232.2442779541,250.0876159668,268.9836120605,287.0011291504,305.4934692383,323.4919128418,342.032989502,343.6089477539,325.3204345703,307.5429077148,289.0067749023,270.5607910156,251.9441833496,233.516494751,215.5961914062],"2":[292.0140075684,307.9077758789,323.1621398926,338.9043884277,354.7039489746,370.6292419434,386.8791809082,401.9444580078,400.5110473633,384.8674316406,369.8136901855,353.7028808594,337.9261779785,321.7712402344,306.2924499512,290.7907409668],"3":[350.0893554688,358.375213623,366.5496520996,374.8139343262,382.9656066895,391.0018615723,399.1455993652,407.5603637695,407.9770202637,400.6235961914,392.6409606934,384.4974365234,376.4145507812,368.149810791,359.9692993164,351.3411560059],"4":[305.9283447266,319.3631896973,333.0158691406,347.0622558594,361.0275878906,374.5748291016,388.2765197754,402.4745178223,402.1195678711,388.2887268066,375.2329711914,361.4690246582,347.9301452637,334.0940246582,320.4014587402,305.8754882812],"5":[16.4085140228,35.8440933228,55.4054679871,75.3386917114,94.9567337036,114.443069458,133.5354309082,154.5756530762,141.9511413574,122.2566070557,103.0869064331,84.4251785278,64.9320983887,44.5596885681,24.0903816223,2.3446471691],"6":[297.2507324219,309.7964172363,323.2423095703,336.1016540527,350.7481079102,363.1444396973,376.6574401855,387.6883850098,407.9602966309,397.048248291,385.7285766602,373.4157714844,361.2727966309,348.2032165527,336.6914672852,324.2896118164],"7":[144.0526733398,153.3535766602,162.4231719971,172.3514709473,182.1079101562,191.3544921875,200.8787231445,210.0559387207,210.167098999,201.7192077637,192.0393371582,182.4267120361,172.8297271729,163.4274597168,154.1809234619,143.9925231934],"8":[321.5920715332,325.9707946777,329.9405517578,334.3130493164,338.435760498,342.4660949707,346.7702636719,351.3832397461,353.7429504395,349.2489929199,345.174621582,340.7507324219,336.4727783203,332.3724060059,328.0849609375,323.5648498535],"9":[258.4094543457,270.9174194336,283.3330993652,296.6690368652,309.5631408691,322.8044433594,335.5093383789,347.9074707031,347.9172668457,336.234588623,323.3012695312,310.1094970703,297.3123168945,284.2601013184,271.2831420898,258.3582763672],"10":[362.2362976074,368.9143676758,375.3247680664,382.0739440918,388.5227661133,394.6903076172,401.338684082,407.8694152832,407.9952697754,402.639251709,396.4477844238,390.0669250488,383.4218139648,377.0291748047,370.516784668,363.2563476562],"11":[356.4134521484,364.3808288574,371.8819885254,380.0360412598,387.2020263672,394.4132385254,401.742401123,407.9516601562,407.9722595215,401.6747436523,394.6347045898,387.2148132324,379.9153137207,372.4541625977,364.9911499023,356.1539001465],"12":[35.0230484009,56.7092971802,77.7825164795,99.4240036011,121.2262039185,142.8954467773,164.2093658447,186.0240325928,185.7852325439,164.2412872314,143.5364074707,121.4695281982,99.2883758545,77.4545974731,55.8612976074,33.4222869873],"13":[83.2869262695,92.9687957764,103.1599502563,113.6961898804,124.2974472046,133.6897583008,144.741973877,157.0453033447,127.418006897,117.1376876831,106.8394775391,96.3655090332,85.5076828003,75.8243026733,65.517906189,56.0052528381],"14":[286.2873840332,304.7499084473,321.374420166,338.6099853516,356.228729248,373.2812805176,390.1464233398,407.7422790527,407.972076416,391.9002685547,375.1304321289,357.8528442383,340.5057373047,322.625579834,305.3554077148,287.9895324707],"15":[361.5069580078,367.6555175781,374.1499938965,379.697265625,386.3163452148,391.3662719727,395.1248779297,397.759185791,407.9959106445,404.9162597656,400.6160888672,396.4985961914,392.1519165039,386.5854187012,381.3704528809,375.3204956055],"16":[189.5942382812,195.5097808838,200.900680542,206.4853973389,212.0324249268,217.2774200439,222.6608276367,228.3707427979,230.9103088379,224.9205932617,220.0299682617,213.975189209,208.0858306885,202.1373748779,196.5146179199,190.5927276611],"17":[216.6753387451,221.4304962158,225.4551391602,229.695022583,234.3979492188,239.1980285645,243.3949432373,247.8593292236,248.6717681885,244.9829406738,239.7300109863,235.2150115967,230.0356445312,225.9647216797,220.9757995605,215.9593963623]},"polygon_y":{"0":[398.008026123,397.8042602539,398.2135925293,398.2614135742,398.7061157227,398.9605407715,399.1865539551,399.6846008301,428.9431762695,429.3192138672,429.3659362793,429.1174621582,429.2091674805,428.9555358887,428.4295959473,428.0685119629],"1":[109.6420288086,108.5196456909,107.1012420654,105.6829299927,104.1993637085,102.6244659424,101.5308837891,101.2286682129,130.5487518311,130.4230651855,130.9483184814,132.1051177979,133.556640625,134.7209014893,136.1568145752,138.1853790283],"2":[490.1742248535,489.6026916504,489.5472106934,489.8141479492,489.9809570312,489.8079528809,489.4655151367,490.0796508789,515.8236083984,515.9185791016,515.6842651367,515.4029541016,515.177734375,515.2743530273,515.0233764648,514.8486938477],"3":[101.2293777466,100.674949646,100.1758880615,99.6275024414,98.967048645,98.2447280884,97.8604202271,97.5675582886,123.353225708,123.5813598633,123.953163147,124.4335327148,125.158821106,125.6907577515,126.2708892822,126.8491134644],"4":[398.1187133789,398.6045837402,398.8619384766,399.0633239746,398.3382873535,398.4827575684,398.5308227539,399.0834350586,430.5590820312,431.722076416,430.6512145996,430.7276611328,430.5725402832,430.2217407227,430.8430480957,429.3502502441],"5":[257.041809082,262.6316223145,269.5000610352,276.5848999023,283.645904541,290.809387207,299.0727539062,307.5566711426,330.7098083496,322.1661376953,313.8999023438,306.6210327148,299.1015930176,291.6455078125,284.7918395996,278.1907653809],"6":[241.5894927979,228.4153442383,218.9878387451,209.53125,198.9635467529,190.3455657959,182.1006469727,176.624206543,200.5705566406,211.7400665283,219.0422363281,228.1178741455,236.9665222168,246.5055389404,254.6972198486,265.261138916],"7":[433.242980957,432.8224487305,432.6880187988,432.470703125,432.4280090332,432.5199584961,431.9994812012,432.7102355957,461.1273498535,461.248046875,461.5287780762,461.8535461426,461.4598999023,461.2596740723,461.0933532715,460.4932861328],"8":[21.3570785522,20.7433948517,19.9228630066,19.3854198456,18.670293808,18.0916576385,17.5724925995,16.5288181305,43.2710266113,43.0145988464,43.2747116089,43.6036529541,44.0359344482,44.6420593262,45.2011375427,45.6468429565],"9":[433.5854797363,433.1313171387,433.4263305664,433.2648010254,433.3851013184,433.2170715332,433.1137695312,433.6384277344,461.619934082,462.2503662109,462.137512207,462.1860046387,462.2493286133,461.8742370605,461.9168395996,461.7781066895],"10":[15.7819595337,15.3646535873,15.0990533829,14.8546628952,14.7795543671,14.2118330002,13.9727687836,13.3536548615,38.3081016541,39.0034370422,39.433391571,39.8647155762,40.1293525696,40.8163948059,41.1390266418,41.1727638245],"11":[435.5800476074,436.0434875488,436.5712280273,437.1664428711,437.2384643555,437.7295837402,438.4166564941,438.4605712891,460.9671020508,460.9969177246,461.2070922852,461.3017578125,461.5307617188,461.6186828613,461.861328125,461.3081359863],"12":[396.7559509277,396.3796081543,396.7908630371,397.1442260742,397.4171142578,397.3846740723,397.1005554199,398.1934509277,427.9203491211,428.1647338867,427.9651794434,428.0195922852,428.2203674316,427.9555664062,428.0126647949,427.7061157227],"13":[432.0589294434,444.8153381348,457.5431518555,470.2825317383,483.6132202148,495.5138549805,511.6325073242,519.3643188477,541.685546875,529.8457641602,517.5534667969,504.0151367188,491.3282775879,479.9776916504,467.9518737793,454.7842712402],