{"polygon_x":{"0":[1.0631921291,7.0770874023,12.4666814804,17.9936199188,23.6017608643,29.1392650604,35.2881164551,40.601688385,38.0116004944,31.5878982544,26.2632980347,20.7959880829,15.3217945099,10.0858039856,4.625371933,0.0040804353]},"polygon_y":{"0":[516.3150024414,517.2340698242,518.0675048828,518.7595825195,519.5736083984,519.8905639648,521.3446044922,521.7906494141,542.9477539062,542.8858032227,542.8501586914,542.6494140625,542.5619506836,542.4791870117,542.5397338867,541.3776855469]},"text":{"0":"ten"},"score":{"0":0.6754359007}}