{"polygon_x":{"0":[119.6313552856,123.6056137085,127.8822174072,132.0086669922,135.9678192139,140.2084350586,144.392074585,148.6659851074,149.373916626,145.349319458,141.3497009277,137.3757476807,133.3921813965,129.2189941406,124.9110565186,120.7130508423],"1":[49.7428817749,69.0533599854,87.2457275391,105.9512176514,124.6228179932,143.6804351807,162.8709716797,182.4629364014,181.3632659912,161.5017852783,142.6956634521,123.3690567017,104.6512832642,85.4924621582,66.3623504639,47.7737846375],"2":[228.3947601318,238.6709747314,249.8378448486,260.8854370117,271.6294250488,282.9300537109,293.7689819336,304.0476379395,302.7546691895,292.4724121094,281.2899475098,270.0908813477,259.3603210449,248.2372589111,237.2586364746,226.5873413086],"3":[333.9207458496,344.800567627,355.8877563477,365.8982849121,375.5675354004,386.747253418,397.5306396484,407.8446350098,390.3762512207,379.697265625,368.7153015137,358.763671875,348.2677612305,338.5041809082,328.124786377,317.049407959],"4":[186.2899169922,197.0234222412,207.7370452881,219.1541595459,230.213470459,241.3192443848,252.1741638184,262.9695739746,265.4544677734,254.2874145508,243.762588501,232.753112793,221.7921142578,210.6881256104,200.0837860107,189.9669952393],"5":[10.2064027786,18.8437805176,28.4086513519,37.5112953186,46.735206604,55.8378410339,64.8256225586,73.4578933716,74.1180267334,64.8011703491,55.533996582,46.195526123,37.0941619873,28.0932197571,18.6471843719,9.7021818161],"6":[146.4455718994,151.8573913574,157.5442810059,163.1805725098,168.9162445068,174.3763885498,179.8168487549,185.0971832275,187.2001190186,182.7433929443,176.6455841064,170.78956604,164.9384460449,159.2880096436,153.7006988525,148.4229736328],"7":[350.3735656738,359.5951538086,368.0030517578,376.4527587891,384.884765625,393.1492004395,401.4094848633,407.9925537109,407.839630127,399.6910400391,391.7378234863,383.2680053711,375.0468139648,366.593536377,358.0113830566,349.0002746582],"8":[122.9800872803,139.0602264404,155.8099060059,172.102935791,188.2321014404,204.548034668,220.1332092285,236.6373291016,236.2807769775,219.9595794678,203.7168121338,187.1184082031,170.3054351807,153.7133331299,137.5746459961,121.4670028687],"9":[151.8774414062,155.2902374268,158.9257202148,162.4894104004,165.8126831055,169.1287689209,172.5782928467,176.1026763916,177.2352600098,174.770690918,171.1238250732,167.4241333008,163.7842407227,160.1922912598,156.7607727051,153.6335296631],"10":[260.2136230469,265.9308776855,272.0940551758,278.4395141602,284.361114502,290.4316101074,296.5241394043,302.6154174805,300.9173278809,294.4835510254,287.9509887695,281.5427856445,275.373260498,269.2870788574,263.208404541,257.2039794922],"11":[307.8297119141,313.8976745605,319.5176086426,325.559387207,331.1957397461,336.994140625,342.3392333984,347.8907165527,345.830078125,339.8849182129,333.4111328125,327.7738342285,322.222869873,316.3813171387,310.6647949219,304.6436462402],"12":[373.541229248,379.477722168,384.8031616211,389.8303527832,394.5859069824,399.4562988281,404.1087036133,407.9842529297,407.890838623,402.9945678711,397.9993896484,393.1405944824,388.189239502,383.2335205078,377.835723877,371.9949645996],"13":[308.3500976562,314.840057373,321.2712097168,327.3930358887,333.5892944336,339.5955200195,345.7933959961,352.0930480957,351.5213928223,344.7030029297,338.4781188965,332.3638305664,326.1034545898,319.5531005859,313.1804504395,306.7353820801],"14":[0.0690065101,6.4860229492,13.3578329086,19.8754749298,26.3165473938,33.1051254272,40.1059150696,46.8777542114,45.6154708862,39.2964439392,32.4636650085,25.9048042297,19.0741405487,12.8377494812,6.1326665878,0.020448925],"15":[119.0619735718,146.3565979004,173.7328643799,201.1873168945,227.876083374,255.0937957764,281.5386352539,310.821105957,310.2034301758,282.5771789551,255.7625579834,228.0247802734,201.1536865234,173.5545501709,146.9822235107,118.5107269287],"16":[393.7520446777,397.1144104004,398.9884033203,400.7504577637,402.6604309082,404.38671875,406.0657958984,407.9292907715,407.8393859863,405.4587097168,403.6912231445,401.7341003418,399.4840087891,397.5426330566,394.8606872559,391.3019104004],"17":[187.3745269775,196.8145751953,206.5122375488,216.433303833,226.0846099854,236.2741851807,246.3881072998,256.5269470215,255.4692230225,245.4084320068,235.5017089844,225.1770629883,215.6271362305,205.4671173096,195.5677490234,185.4238586426],"18":[298.6689758301,302.9732971191,305.2636108398,309.1868591309,314.1396484375,317.9053649902,322.519744873,326.3210144043,362.9351501465,358.4463806152,353.6938476562,349.3644104004,345.9104919434,341.4489746094,337.4639282227,333.4654541016],"19":[213.3578796387,218.1263275146,220.9617462158,223.5833587646,226.8899230957,229.6128692627,232.9458618164,233.4218597412,275.5615539551,273.2253417969,271.7001953125,269.0168762207,266.3196105957,263.0675964355,259.3281555176,256.5448913574],"20":[362.1433410645,369.463470459,376.5065917969,383.424987793,389.8582458496,396.1775817871,402.6559448242,407.9840698242,407.9316101074,401.7891235352,395.3228759766,388.8091125488,382.2149047852,375.3050537109,368.130645752,360.6830444336],"21":[55.4267578125,54.9838104248,55.5020904541,57.0998077393,59.5745277405,60.8091430664,62.7174568176,63.8132743835,13.296787262,13.7760763168,14.0076332092,13.2906064987,12.7362928391,12.2384691238,12.1028738022,11.6035938263],"22":[295.6949157715,305.6853027344,313.7467956543,321.8782958984,330.3860778809,338.8804321289,346.769744873,354.8038330078,353.4123535156,346.6569213867,337.866027832,329.7459716797,320.0821228027,311.9910583496,303.3153991699,294.7354125977],"23":[236.7784118652,245.0879669189,253.1722564697,261.2147521973,269.8305053711,278.2186889648,286.5844116211,294.8804016113,294.1299438477,286.2538146973,277.5394897461,269.3048400879,260.6205749512,252.3421020508,244.204788208,235.8497924805],"24":[83.41040802,87.8609771729,92.0260314941,96.5183258057,100.7778778076,104.8441619873,108.4942932129,112.8649597168,114.0265960693,110.1931228638,105.7267227173,101.2887115479,97.0922317505,92.779586792,88.2123565674,83.7065963745],"25":[22.1807346344,23.0286750793,24.0783843994,24.5951499939,25.6263389587,25.9645729065,25.8697471619,25.5800170898,1.9190176725,1.3569163084,0.9718871713,0.6079393029,0.2905113697,0.1776462197,0.1880758554,0.011862128],"26":[0.0066970703,8.3079090118,19.0487003326,27.6677036285,38.6260375977,47.3649749756,58.0893783569,71.5536575317,77.9756698608,67.2759399414,55.0918388367,44.6058158875,34.5481338501,24.5337409973,15.8728904724,4.1364245415],"27":[340.5259094238,342.3373413086,344.038269043,346.0575561523,347.6130981445,349.0495910645,350.9014282227,352.8257141113,365.5569458008,363.5842590332,361.5657653809,359.5995483398,357.871673584,356.1132202148,354.3199768066,352.5675354004],"28":[136.4016265869,143.2890472412,149.0652923584,155.6436920166,162.1365661621,168.435760498,171.1933746338,170.2143096924,208.6189880371,207.4033203125,206.8028869629,202.5317840576,196.8855285645,193.0426025391,187.3233032227,183.1500396729],"29":[88.4274749756,87.2978897095,89.1790924072,90.6747970581,92.0974807739,92.1497573853,93.3530197144,92.2922363281,48.6420288086,49.399017334,48.9415512085,47.5233078003,46.9359169006,46.4251747131,46.1036911011,45.2962875366],"30":[76.1485671997,77.0373916626,77.4298019409,79.174331665,80.3167114258,81.9570999146,83.8237838745,85.3105010986,42.0871582031,41.8291778564,41.6470603943,40.2321052551,38.1086273193,36.4776268005,34.8240432739,33.3478736877]},"polygon_y":{"0":[39.9692192078,39.4369277954,38.7087059021,38.1495246887,37.3908157349,36.8091697693,36.1666946411,35.4766616821,61.3243255615,61.4594841003,61.7472038269,62.2181243896,62.6995544434,63.408290863,63.9765090942,64.3129425049],"1":[480.7214355469,480.374786377,480.3208312988,480.1018981934,480.0433959961,480.1433105469,479.8997497559,480.498840332,508.2812194824,507.5636291504,507.2499389648,506.7785644531,506.5102233887,505.7938842773,505.7810058594,506.3559570312],