{"polygon_x":{"0":[172.4977264404,181.108215332,189.612411499,197.5039672852,205.4333190918,213.4341888428,221.3416290283,229.5965881348,236.4692230225,228.5407409668,220.2756500244,211.7028961182,203.1522827148,194.5580596924,186.2069702148,178.356338501],"1":[97.6536026001,106.6536407471,115.7618026733,124.8491363525,134.1027374268,143.1596984863,152.7224121094,162.1976165771,169.0525360107,159.7794342041,150.4953765869,140.3363494873,131.0732727051,121.2412261963,111.799156189,102.5860061646],"2":[237.1977996826,250.6815032959,263.4620666504,276.5131225586,290.3001403809,303.0368041992,317.0606384277,329.2568054199,335.21484375,321.6163635254,308.1668395996,294.649810791,281.3583984375,268.1984863281,255.1238708496,242.1884918213],"3":[286.1279907227,304.5282592773,321.6098937988,339.4122009277,357.364654541,375.2080383301,392.5209655762,407.9770812988,407.9956970215,393.7873535156,376.038482666,358.1999206543,340.5659484863,323.0450134277,305.5923156738,286.5301513672],"4":[132.9826507568,169.8716888428,207.8171539307,244.6832275391,282.6096191406,321.1807556152,358.1180419922,395.9618835449,397.1389465332,358.6418457031,321.9784545898,284.5267028809,247.1350402832,210.0164642334,170.8930511475,132.8673095703],"5":[87.318939209,128.213104248,168.1876678467,207.2829437256,248.1028747559,287.9224853516,327.0776062012,366.3239135742,370.3042297363,329.7543334961,288.3392333984,248.0589904785,210.8116149902,172.01222229,132.8031005859,91.4929428101]},"polygon_y":{"0":[57.4024238586,54.2603607178,52.1062355042,49.8198661804,47.4190979004,45.6619606018,43.8894042969,42.3992385864,67.5876693726,70.9909973145,73.4095153809,75.9123077393,78.4090194702,80.7549514771,83.0037536621,85.63306427],"1":[92.3539581299,89.4892959595,86.5207214355,83.1113433838,79.6693191528,76.1679077148,72.250328064,68.6694793701,89.5871353149,94.0914764404,97.4559936523,100.5976715088,103.6751937866,106.9430999756,109.6606521606,112.293258667],"2":[38.1058769226,34.7780761719,31.7908191681,28.8211917877,25.3666706085,22.7545661926,20.432926178,18.2143287659,44.6825942993,47.8123550415,50.6478385925,53.186466217,55.8307876587,58.7978210449,62.009967804,65.4724655151],"3":[490.3867492676,490.5714416504,490.0950622559,489.5512390137,489.954864502,490.0563964844,488.6781005859,489.1192016602,523.9691162109,524.5761108398,524.5922241211,524.4837036133,524.8557128906,524.9733886719,525.3383178711,525.5589599609],"4":[393.9154968262,393.1644592285,392.7747497559,391.8758850098,392.2734069824,392.1856689453,391.1617736816,393.1253662109,446.9279174805,446.317199707,446.4209289551,446.6744689941,446.9263305664,446.7799987793,447.4013671875,447.5032348633],"5":[210.4788818359,206.2788848877,201.5817871094,197.2002868652,193.53565979,189.2239837646,185.5488891602,184.0840301514,220.9988861084,224.3038787842,228.0118713379,231.513381958,234.7826385498,238.9732208252,242.6044464111,247.4952392578]},"text":{"0":"Ain","1":"nach","2":"Karim","3":"Gewohn","4":"ERKLARU","5":"EBENE"},"score":{"0":0.9899891615,"1":0.9879569411,"2":0.9862811565,"3":0.9865108728,"4":0.981796205,"5":0.9880107045}}