{"polygon_x":{"0":[279.1766662598,299.3186950684,318.1964111328,336.8733825684,354.8957519531,373.7503967285,391.5449829102,407.9827270508,407.9551391602,390.1220092773,371.8988647461,353.3044433594,334.6816711426,315.9215087891,297.2649536133,277.5977783203],"1":[342.3577270508,352.996673584,362.5106201172,371.8851623535,381.5242919922,390.8464355469,400.4425354004,407.9851989746,407.9588928223,399.4459228516,390.1157226562,380.5629882812,371.0278625488,361.5502319336,351.9350891113,341.6896362305],"2":[368.8099365234,375.1507568359,381.4179077148,387.4650878906,393.3102416992,398.4185180664,403.6881408691,407.9736938477,407.9307250977,402.8666381836,397.7262878418,392.1219787598,386.3477478027,380.7805480957,374.7143859863,368.0467834473],"3":[295.1678771973,301.6426391602,307.9239807129,314.1947937012,320.2221374512,326.3666381836,332.0456237793,338.4934997559,337.9561157227,332.4126281738,326.0834960938,319.6034851074,313.629486084,307.560546875,301.4069519043,294.4700012207],"4":[0.1328202337,4.8072648048,9.1622152328,13.6121997833,17.8929977417,22.9608573914,28.9995479584,34.4084396362,33.4041900635,28.3139591217,23.302400589,18.3730201721,13.4644784927,8.9944658279,4.5824751854,0.0787090063],"5":[344.9409484863,348.0952148438,351.5936279297,354.262512207,357.3728942871,360.817565918,363.7741394043,366.2477416992,367.8318786621,364.6884765625,361.3577575684,358.8284606934,356.1310119629,353.1416931152,350.08203125,346.6069641113]},"polygon_y":{"0":[395.208404541,396.4537658691,396.4899902344,396.8845214844,396.5036315918,396.3358459473,395.4814147949,395.1500549316,425.096282959,425.9274597168,426.1141967773,426.1776733398,426.4128112793,425.7516784668,425.5581359863,424.8886413574],"1":[464.5073242188,463.9451904297,464.4932556152,464.8505249023,465.2086486816,465.4638061523,466.2303161621,466.5417480469,491.9463806152,492.9302978516,493.1257629395,493.0162353516,492.6971740723,492.7498779297,493.0506286621,492.8325500488],"2":[432.0670471191,432.3268737793,432.6664733887,433.0530395508,433.0210876465,433.2948913574,434.0606689453,434.2802124023,459.029876709,459.7821350098,459.7621154785,459.7465209961,459.6011047363,459.6901550293,459.5454711914,459.1770019531],"3":[464.7933959961,464.7060852051,464.8207397461,464.9927368164,464.5968017578,464.3397216797,464.3463745117,464.4165649414,492.6134338379,493.3899536133,493.5410461426,493.7526245117,493.9487609863,494.273223877,494.4422302246,493.7594909668],"4":[390.5232849121,390.7406616211,391.4569091797,391.613494873,391.3730773926,391.2756652832,391.4781494141,391.893371582,441.6850280762,442.0889892578,442.075378418,441.9613952637,442.1962280273,442.6831359863,443.5807800293,444.2270202637],"5":[432.7005310059,432.2384033203,432.2107849121,432.0042724609,431.9149780273,431.6447753906,431.2676086426,430.9512329102,457.9247436523,458.3230895996,458.4004516602,458.4930419922,459.1174621582,459.7444458008,460.5713500977,461.2051391602]},"text":{"0":"Grieehisch","1":"Chito","2":"Geo","3":"(el","4":"N","5":"&."},"score":{"0":0.9848355651,"1":0.9860309362,"2":0.9767413139,"3":0.9630264044,"4":0.979205966,"5":0.9589665532}}