{"polygon_x":{"0":[297.071685791,299.717010498,302.5727844238,304.6466064453,306.4067687988,308.2858276367,310.2006225586,312.4729919434,287.2303161621,284.9699707031,282.079284668,279.7821350098,276.8687744141,273.9107971191,271.173034668,267.1944274902],"1":[262.2574157715,263.0667419434,264.3387451172,264.5133361816,264.6367492676,264.4770507812,264.6547546387,265.1572265625,244.1043243408,242.9711151123,241.2899627686,240.4974975586,239.3604125977,238.5703277588,237.4584503174,236.4015655518],"2":[272.1324157715,274.2442016602,276.2259216309,277.940612793,279.7797546387,281.9618225098,284.0257263184,287.5632019043,265.5053100586,262.0340576172,258.7766723633,255.9827270508,253.5529632568,251.3700408936,249.4753723145,246.8301086426],"3":[312.623046875,324.4990539551,336.4275512695,348.7846374512,360.8509216309,372.4840698242,384.0010986328,396.3479614258,397.3522033691,385.0825805664,373.725402832,361.609954834,349.3774414062,337.1937561035,325.1431274414,313.0893554688],"4":[200.06300354,216.4477844238,232.2506713867,248.7859954834,264.9284057617,281.3463439941,297.4241333008,312.4705200195,312.0184020996,296.2571105957,280.2778015137,263.9598083496,247.7993621826,231.4153137207,215.343536377,199.0973968506],"5":[341.7491455078,351.1343078613,360.000213623,368.7410888672,377.519317627,386.3461914062,395.1843566895,404.3297424316,407.9323730469,399.3837890625,391.0511169434,382.6202087402,374.014251709,365.4381103516,356.884185791,347.5299072266],"6":[210.7785644531,215.4861755371,219.4932861328,224.1263122559,229.1100463867,234.8185577393,241.3093719482,248.5615692139,221.0836639404,215.8552398682,210.207901001,205.122467041,199.8666687012,195.4823913574,190.7079162598,186.2140808105],"7":[341.0813598633,350.7735900879,360.8863830566,370.710357666,380.0185852051,389.1276245117,397.9833374023,407.5563354492,407.9922180176,400.9598999023,392.2375488281,383.2585449219,374.0458984375,364.5827026367,355.0908508301,344.9626464844],"8":[356.6403198242,365.1724853516,372.5036315918,379.6978759766,387.1275634766,393.9736938477,401.2292175293,407.9053344727,407.9873046875,402.2620544434,395.4769897461,388.5277709961,381.1773376465,374.2469787598,367.5417175293,358.1114501953],"9":[47.3441543579,72.7651596069,97.4693832397,123.0140914917,147.7187194824,172.9734954834,198.1096801758,223.4252929688,222.8027801514,198.5186920166,173.6724853516,148.5734100342,123.1762924194,98.3711929321,72.7685317993,47.5509147644],"10":[119.9754486084,133.1107788086,148.3140716553,162.8022613525,177.7863769531,192.3792419434,208.3922729492,224.0861968994,224.3223876953,209.5603942871,194.7959442139,179.4618530273,164.2424621582,149.1036682129,134.4585113525,119.9102554321],"11":[175.075958252,179.8163604736,182.8693084717,186.4134216309,190.9775543213,195.4036560059,201.1680297852,207.7735290527,181.7418212891,176.1452484131,170.1247406006,164.6407775879,160.306640625,156.8177642822,153.5459289551,148.3652038574],"12":[241.4089813232,243.6281433105,245.6798706055,248.1359710693,250.4412841797,252.1949462891,253.5143432617,255.1970062256,232.9218139648,230.5589294434,227.9255371094,225.3190002441,223.1746368408,220.9487304688,219.2663269043,216.7058258057],"13":[295.0093383789,310.5757141113,325.1813964844,340.8356933594,356.5515441895,372.034942627,387.8131408691,403.4325561523,407.8579101562,392.4108886719,377.4946899414,362.1376342773,346.6808166504,331.2931518555,315.9931030273,300.8952941895],"14":[350.6991577148,358.1448974609,365.958404541,373.7157592773,381.7770690918,389.430847168,397.1591796875,404.5354614258,407.9172973633,400.7960510254,393.0156860352,385.4296264648,377.7182312012,370.217590332,363.0489196777,354.7062683105],"15":[174.923034668,179.7377319336,182.8207397461,186.4390869141,190.965637207,195.3295593262,201.2772369385,207.9552154541,181.9005584717,176.1762237549,170.1863250732,164.6983642578,160.206817627,156.7323608398,153.6987915039,148.4010925293],"16":[282.4128417969,300.5641174316,318.0621948242,335.7242126465,353.1524047852,371.2545166016,388.3421630859,407.4684448242,380.3824462891,364.3203735352,348.7089233398,332.1171569824,314.3626403809,297.0198669434,278.0531616211,258.4895935059]},"polygon_y":{"0":[422.0753173828,437.8540649414,452.6220703125,467.8661499023,482.0424194336,497.0598144531,512.1166381836,525.975402832,529.1479492188,514.2378540039,500.8370666504,485.9920349121,471.7147521973,457.3052978516,441.7922363281,426.8893737793],"1":[284.2727355957,289.506072998,295.7897033691,301.5335998535,308.1500549316,313.3838500977,318.9992980957,325.4518127441,328.2007751465,321.8107910156,315.1189575195,310.1214599609,303.9326477051,298.1354064941,292.4341125488,285.9196777344],"2":[327.6914367676,340.0581359863,353.2749023438,366.5134277344,378.7606506348,392.236541748,405.2342834473,417.6521911621,421.2776489258,408.1390686035,395.0556945801,381.9953613281,370.3346557617,357.7826843262,344.7521972656,331.9223327637],"3":[0.1113640815,0.1271398664,0.0975080431,0.0383023657,0.050025139,0.0271365643,0.0164436661,0.005430968,16.2595233917,15.2840690613,15.4593076706,15.9295415878,16.7031555176,16.6969490051,17.2492618561,16.736333847],"4":[103.0438461304,104.0202102661,104.6027450562,105.1229019165,105.7044143677,106.6055145264,107.3111038208,108.3247146606,131.2882537842,131.0437011719,130.9163513184,130.6159362793,130.197265625,129.6484375,129.2092285156,128.4611206055],"5":[164.0959320068,162.4475860596,161.2894744873,159.9880371094,158.7762908936,157.5204315186,156.7495880127,157.0056304932,181.9849090576,181.8694152832,182.9132080078,183.8942871094,185.5321655273,186.7173309326,187.6941375732,188.9270019531],"6":[350.5557861328,373.4342346191,396.0782775879,419.3856811523,443.6484069824,466.4198303223,489.266418457,511.363861084,514.9786376953,492.3221740723,470.4700317383,447.9132385254,425.7789001465,402.7178955078,379.3072814941,356.8283081055],"7":[369.9841308594,368.4164733887,367.7940979004,366.4354248047,365.2971191406,364.834564209,363.6540222168,363.4228515625,394.0473022461,395.0263671875,396.3564453125,397.8979187012,399.4211425781,400.9097595215,402.4581298828,403.6661071777],"8":[236.4429168701,236.2656707764,236.2921447754,236.0448760986,235.667678833,235.26512146,235.2818145752,235.6234741211,257.9632263184,259.0569458008,259.822265625,260.6198730469,261.140838623,262.0618286133,262.5104370117,262.6840515137],"9":[56.2644958496,56.0195465088,56.5182571411,56.3175888062,56.3993301392,56.8184967041,56.3306121826,57.4099082947,89.9910354614,90.4792556763,89.9927825928,89.9697036743,89.5862579346,89.4394607544,89.9382400513,90.091003418],"10":[15.2737731934,15.4952011108,15.6563529968,15.8236942291,15.6357278824,15.0338020325,14.2406263351,14.5712957382,47.4480628967,48.1394004822,49.3147392273,49.05260849,49.169593811,49.2674560547,48.4133872986,47.1198997498],"11":[180.6181335449,204.6744689941,225.4809417725,248.8410797119,273.3339538574,294.8385925293,317.537689209,339.0641174316,345.2033996582,321.5285339355,297.6021118164,273.0881652832,251.6566467285,230.8183135986,208.735534668,181.3413848877],"12":[198.3941345215,210.2619628906,221.5682830811,233.2443389893,244.2455291748,255.9065551758,267.5648193359,278.9596252441,282.8526916504,271.6002807617,260.0556030273,248.6227264404,236.6728515625,225.5727233887,213.3977050781,201.6934661865],"13":[57.9232597351,55.0762176514,52.5522079468,49.8103485107,47.0900268555,44.2633361816,40.9182891846,38.3972167969,63.9529075623,66.2702865601,70.0147323608,72.9698181152,76.0977706909,78.9197616577,82.2582092285,85.9508895874],"14":[193.7259063721,191.7327575684,190.0896759033,188.5401000977,187.5668182373,185.9794921875,184.3229827881,181.9956512451,215.5316314697,216.0997772217,217.4526672363,218.4549255371,219.6151428223,221.0241394043,222.2294158936,224.0970611572],