{"polygon_x":{"0":[50.2823143005,55.2254524231,60.2647323608,65.2323379517,70.1530914307,75.174407959,80.0334472656,85.0550384521,84.9473876953,80.2668685913,75.1156539917,69.9834899902,64.964302063,59.9112319946,55.0975036621,50.2142982483],"1":[0.0143793663,0.3105379045,0.9959429502,1.8021162748,3.1609368324,4.2754278183,5.7619504929,8.6476459503,24.2122535706,23.2810573578,22.0683498383,19.1271343231,17.2810325623,14.7603616714,12.3911857605,10.1171884537],"2":[10.6288471222,16.2440490723,21.3979759216,26.470664978,31.3468036652,36.5975990295,43.3026542664,47.6819992065,74.5828094482,71.7297973633,66.4875030518,61.7472724915,55.7217941284,49.5301895142,43.508102417,37.7252655029]},"polygon_y":{"0":[129.9578399658,129.7851409912,129.8750457764,129.9963531494,130.2475128174,130.4269256592,130.5100250244,130.4977874756,154.7892608643,155.3363037109,155.3079223633,155.2153320312,155.0699462891,154.9900817871,155.3655395508,155.416809082],"1":[116.0846557617,109.8682861328,105.1464385986,99.6785812378,94.9657897949,89.9120178223,85.5881729126,79.0664215088,91.6202468872,98.9416503906,104.2386474609,109.5133666992,114.6646499634,119.7016601562,125.0836791992,130.564453125],"2":[62.7158851624,52.2262306213,42.5380363464,33.5352325439,24.5564594269,13.8444623947,5.7938094139,0.0054336046,6.8664722443,24.4326515198,33.0896911621,42.3592338562,52.5581169128,61.9454994202,70.9272689819,82.907371521]},"text":{"0":"28","1":"er","2":"Begr"},"score":{"0":0.9698699713,"1":0.9262394309,"2":0.9755204916}}