{"polygon_x":{"0":[0.1417116076,14.8810844421,29.3686275482,43.7404022217,58.5272254944,73.3885269165,87.4331665039,101.6747283936,105.5181732178,91.2349243164,77.0681381226,62.3296012878,47.8524932861,33.2680969238,18.3191413879,2.9536716938],"1":[161.8701477051,176.2153320312,190.0645294189,203.7041778564,218.0135955811,232.6882324219,246.3858184814,260.405670166,266.6665039062,253.2888336182,239.4931945801,224.5401153564,210.0653076172,196.2731933594,181.6506500244,167.6796112061],"2":[261.2279663086,270.8002624512,280.1701660156,289.7711791992,299.993347168,309.8148803711,319.5173339844,328.9975280762,335.7237854004,326.2176513672,316.6831054688,307.0922241211,297.6739501953,287.5196838379,277.9769592285,268.4019470215],"3":[122.5487594604,137.6545257568,152.6881561279,168.101272583,183.380355835,198.9117279053,213.4219512939,228.3844451904,231.0864715576,215.9857788086,201.6804504395,186.4100494385,170.7233886719,155.4543609619,140.4528656006,125.1429290771],"4":[11.2749624252,14.7003641129,17.4548892975,20.3406715393,23.2880401611,25.2477817535,26.9854717255,29.3946533203,17.9031085968,16.0448932648,12.9806900024,9.965426445,7.9880495071,5.0730280876,2.9058177471,0.059064582],"5":[0.0142556764,17.1882228851,35.343044281,53.1597366333,71.9810791016,90.9466018677,108.3923339844,126.9617614746,131.8031158447,112.9031829834,94.547744751,75.8059692383,57.4852180481,38.956451416,20.8025436401,0.6217960119],"6":[145.72605896,155.5032806396,163.957824707,172.3074951172,180.9366149902,189.5109405518,198.525970459,206.9577484131,210.2649536133,201.4624023438,192.904006958,184.4243011475,175.3972473145,166.7607116699,157.7822570801,149.0701751709],"7":[210.4504852295,214.6815490723,219.3463287354,224.3714141846,228.9690856934,233.7129364014,238.0630950928,242.5454559326,242.4472351074,238.1976623535,233.0722808838,227.6941070557,223.0909423828,218.2162017822,213.235748291,209.1993255615],"8":[0.0296801552,2.3759510517,4.5532493591,7.0261511803,9.4792385101,12.2158985138,15.3343153,17.9547176361,21.3392028809,16.6126003265,13.7992563248,10.7218980789,8.3012723923,5.9968452454,3.5064287186,1.0234408379],"9":[27.7709178925,40.3981132507,52.9034538269,65.3382110596,78.6652069092,91.716255188,104.4415130615,116.5306472778,123.6323928833,109.0855102539,96.5867233276,84.1499328613,71.0999603271,58.2748680115,45.5223426819,32.2311630249],"10":[1.9672068357,15.6913976669,28.310333252,41.5406188965,54.3301353455,67.0295944214,81.1839752197,95.0158996582,100.7476043701,87.0475540161,73.1690673828,59.8001861572,46.4588775635,33.3734970093,20.9890213013,7.0737123489],"11":[160.1778869629,183.6047515869,206.3464355469,228.9210968018,251.8789978027,274.6768188477,295.9026489258,315.7861022949,329.0961914062,303.2730102539,282.1409301758,259.0608520508,237.2249908447,214.4363861084,191.9277801514,167.8388214111],"12":[94.6008071899,99.0468826294,102.2817077637,105.7538986206,109.1673355103,112.7658996582,115.7669525146,118.5803070068,122.9418563843,119.1350479126,114.6482467651,110.7113876343,106.8722610474,103.3703842163,100.3789291382,96.3974533081],"13":[350.3597106934,358.2732849121,367.0010986328,375.4429321289,382.9867858887,390.6957092285,398.6560974121,407.4547424316,407.9735412598,400.4998779297,393.1286010742,385.7102661133,377.5693054199,370.5862731934,363.3166809082,355.6722412109],"14":[93.3625411987,113.9366989136,133.2995910645,152.9546966553,172.802154541,193.1654205322,212.8543701172,233.6109008789,237.9504852295,216.31199646,197.3046875,177.7349243164,158.4200744629,138.5540924072,119.2524719238,99.1013336182],"15":[142.4614562988,145.7475738525,149.4901428223,152.8367919922,155.5289764404,158.8104400635,162.2115783691,165.9837799072,171.28125,167.6701202393,164.0051574707,160.5596923828,157.6398925781,154.6029968262,151.5992584229,147.6746063232],"16":[153.67578125,165.6990966797,176.5512237549,187.2934112549,198.7895965576,210.9582977295,222.943359375,234.9439544678,241.4554290771,230.1396789551,219.0429534912,207.2743377686,195.1808166504,183.8345794678,172.1136322021,160.9170837402],"17":[217.8023071289,221.0773925781,224.4714202881,228.5159912109,231.4952697754,234.6724243164,237.8925628662,241.1098937988,248.9214019775,245.185836792,241.3933410645,237.5872802734,233.9214477539,230.8423461914,227.6773681641,223.2539825439],"18":[307.1882324219,321.378692627,336.0758972168,352.3726501465,367.1293640137,381.3415527344,395.0330200195,407.9757995605,387.4221496582,372.1144714355,357.8167724609,343.5716247559,327.3116455078,311.5461730957,296.1172790527,281.2424621582],"19":[33.3507194519,41.4024124146,49.5074234009,57.3714866638,65.624710083,74.1258239746,81.8912353516,90.4330368042,96.1216278076,87.7282714844,79.7997283936,71.6322784424,63.2867774963,55.4421081543,47.7258262634,39.8042297363],"20":[44.3900871277,53.1809005737,61.5147018433,69.5770874023,78.9464950562,88.5411224365,100.390335083,111.3068389893,106.1159133911,97.7210006714,88.5465240479,80.0290603638,71.3827362061,63.9609794617,55.4385681152,48.1384353638],"21":[79.9199981689,108.3456192017,134.8514099121,166.6756286621,194.4309082031,222.5747680664,247.8969421387,275.4386291504,256.1407165527,226.6836242676,201.2902679443,175.2438354492,145.0222320557,115.2319946289,86.3363265991,58.2660713196],"22":[238.4297790527,254.358505249,268.9267883301,284.2935791016,300.1151428223,317.2337036133,334.3773803711,346.8641357422,357.0366516113,340.6178283691,322.0909118652,306.9492797852,290.4288024902,275.3709411621,261.5220031738,245.258972168],"23":[1.2530579567,16.4144515991,30.7286319733,45.1342735291,58.7800598145,71.7191390991,84.2298278809,97.3482513428,102.2603683472,88.8414840698,75.8514785767,62.3955230713,48.8396720886,34.9329109192,20.5812263489,6.8930425644]},"polygon_y":{"0":[416.7211608887,415.1395874023,414.1289978027,412.176574707,410.6655883789,408.7926940918,406.6277770996,404.3754882812,431.5421142578,434.0207824707,436.032623291,438.8446960449,440.9179382324,443.2201843262,444.8578186035,447.007598877],"1":[455.7735290527,452.8968811035,450.4934082031,447.7821960449,444.8875732422,441.830078125,438.036895752,434.5264282227,455.4154968262,458.9114074707,462.5745239258,465.9925842285,469.6631774902,472.9326782227,476.3981628418,480.3047485352],"2":[431.408203125,429.0282897949,427.3677062988,425.1044616699,422.6439819336,420.4658508301,419.390625,416.3882141113,438.1755065918,440.9188232422,444.1490783691,446.0907897949,448.4540405273,450.9809265137,453.2578735352,455.4772949219],"3":[78.7310409546,76.5345916748,74.6731796265,71.9780807495,69.4836883545,66.5773620605,64.4640960693,62.6314659119,81.9764099121,85.239692688,88.4678192139,91.467048645,94.6348266602,97.6445083618,100.8614883423,103.3229064941],"4":[332.1566162109,332.8887023926,334.9143066406,336.2389526367,338.3327331543,339.7821960449,341.0874023438,341.5817871094,363.8977661133,362.6888122559,360.6513671875,359.1800231934,358.4331359863,357.2379760742,355.9929199219,354.4517211914],"5":[366.6084289551,362.2987060547,358.3858337402,354.883392334,351.5780639648,348.6102905273,347.0070495605,343.8904418945,371.6823730469,375.3801574707,378.6795654297,382.0175170898,385.136138916,387.796295166,390.4355773926,393.0977172852],"6":[97.6053695679,95.7429122925,94.0382003784,92.3984909058,91.0074157715,89.1254806519,87.11769104,84.7834396362,105.2483825684,107.1236572266,108.9762191772,110.8839492798,112.6697616577,114.3910446167,115.8738098145,117.2234191895],"7":[277.9322509766,277.8758850098,278.0297241211,277.7218017578,277.502532959,277.6912231445,277.3500366211,277.83203125,341.7400512695,342.3171081543,342.555480957,342.397644043,342.5782470703,342.6571350098,342.734954834,342.564453125],"8":[36.9313812256,35.703868866,35.4764480591,35.017162323,34.3009986877,33.6017456055,33.0349197388,32.3011054993,58.3624420166,58.9282264709,59.1439781189,59.4468421936,60.0630531311,60.544631958,60.8378448486,61.4084777832],