{"polygon_x":{"0":[264.1748657227,285.688873291,306.5819702148,327.8340454102,349.214630127,370.5237121582,391.8048706055,414.7533874512,440.4254150391,419.4440002441,397.7802124023,376.0213012695,356.5446777344,335.4605712891,314.4820556641,296.5377807617],"1":[536.3811645508,547.3275756836,558.8642578125,570.1259155273,581.5374145508,592.4939575195,603.5143432617,614.3372802734,615.9909667969,603.8675537109,592.9392089844,581.4066162109,570.2398071289,559.3043212891,548.0800170898,536.4171142578],"2":[43.9018974304,53.8336143494,63.9607620239,73.9430160522,83.9404373169,93.7669219971,103.083946228,113.1959533691,113.8041000366,103.5320129395,93.5316390991,83.5225830078,73.6960754395,63.7245254517,53.8487319946,43.4820556641],"3":[157.9670410156,170.5193939209,183.4722900391,196.2297058105,208.7321166992,220.805267334,233.1616973877,246.3516845703,246.7852172852,234.5380401611,221.3571777344,209.1647644043,196.7453918457,184.2037811279,171.266494751,158.4344177246],"4":[119.85131073,124.4509887695,129.4708557129,134.3441009521,138.7388458252,143.3721923828,147.6280212402,152.5347747803,152.9933776855,148.4358520508,143.2247314453,138.6965942383,134.4897918701,129.9622192383,125.1460418701,120.4676742554],"5":[620.3023681641,638.5634765625,656.2208251953,674.2165527344,691.9417724609,709.7177124023,727.0903320312,744.9273681641,745.6415405273,727.4573974609,709.9813232422,691.7590942383,674.001953125,656.3278808594,638.2577514648,619.6207275391],"6":[381.4212341309,387.8452758789,394.4630737305,400.9770507812,407.6652526855,414.5138549805,421.1004943848,426.6890869141,427.1507568359,421.3378601074,414.2038269043,407.443359375,400.9088134766,393.9640808105,387.6557006836,380.3411254883],"7":[880.1982421875,884.7827758789,889.5752563477,894.5876464844,899.1403808594,903.9273681641,908.4351196289,913.5882568359,915.6265869141,910.7453613281,905.807800293,900.9520874023,896.7744140625,892.1265258789,887.4706420898,882.3062744141],"8":[353.583404541,357.9360656738,362.7645874023,368.0453796387,372.5686035156,377.3638305664,381.9282226562,386.3232727051,386.3719177246,382.4165344238,377.3185424805,372.725769043,368.0943603516,363.1481323242,358.6164550781,353.4322509766],"9":[703.06640625,713.3328857422,723.6604003906,733.9799804688,744.3344116211,755.0968017578,765.8087768555,775.9771728516,776.2047119141,765.7153320312,755.3082885742,744.9016113281,734.5288085938,724.0804443359,713.7151489258,702.8841552734],"10":[79.683883667,83.2081298828,86.7766647339,90.6425018311,94.1556091309,97.8581695557,101.0098876953,105.2687911987,106.2981414795,102.3785476685,98.3280029297,94.4933319092,91.0904693604,87.5448303223,83.8990097046,80.1628265381],"11":[911.8372802734,918.5303955078,924.9529418945,931.339050293,938.0248413086,944.983215332,951.455078125,958.0107421875,957.2885131836,951.3257446289,944.4326782227,937.9273681641,931.3421020508,924.8817138672,918.51953125,911.4421386719],"12":[446.7485351562,451.5262451172,455.3860473633,459.6724243164,464.2507629395,469.0040283203,473.0430297852,476.665802002,476.4133300781,473.0680541992,467.8725585938,463.2876281738,458.7332763672,454.2832946777,449.8641662598,445.9023742676],"13":[169.2897338867,172.7629089355,175.7495880127,178.9473114014,182.0971984863,185.6918334961,189.2907714844,192.6808929443,193.1944885254,189.7557983398,185.9139862061,182.5412902832,179.4527893066,176.3975219727,173.2823791504,169.7569122314],"14":[78.6797790527,89.6676712036,100.5449752808,112.1193695068,123.9025497437,135.4866333008,146.5746765137,158.1198730469,157.8040313721,146.6420593262,135.7370605469,124.0016174316,112.4460144043,100.8374176025,89.9225540161,78.4927825928],"15":[391.2629394531,399.4396362305,406.1819763184,413.4433288574,420.7597045898,427.3554077148,434.1572875977,442.5914916992,441.8360900879,433.8897094727,426.9601745605,420.114074707,413.6406860352,407.4993286133,400.7846069336,393.776550293],"16":[0.1321382225,8.7366495132,16.9373283386,25.907371521,34.4676246643,44.1960678101,53.9664154053,63.1052780151,63.7775039673,53.2996139526,43.8125228882,34.6358604431,25.8224849701,17.2654953003,8.6178092957,0.1187643036],"17":[83.2134399414,92.7871627808,102.8062591553,112.1304244995,122.5146102905,132.8937835693,142.227722168,151.7093048096,151.0714416504,141.9684753418,131.9482879639,121.9430465698,112.11378479,102.1799087524,92.4909286499,82.3929977417],"18":[568.2770385742,571.4943237305,575.7018432617,579.8063354492,584.3457641602,589.0255126953,592.7350463867,595.6472167969,598.908203125,597.2689208984,594.8793945312,590.3148803711,586.5299072266,583.4907836914,578.7329711914,573.1157836914],"19":[484.5550842285,531.7139282227,580.2523193359,628.5056152344,676.276184082,723.7515258789,771.802734375,818.9968261719,830.5804443359,780.5515136719,734.8420410156,688.3515625,641.5228271484,595.2038574219,548.6666259766,503.2030944824],"20":[353.5157775879,363.7044677734,373.9072875977,383.8605041504,393.619354248,404.2221679688,414.4681396484,425.8847045898,425.0554199219,415.9310913086,403.918182373,394.1354064941,384.5204467773,374.3842773438,364.2155151367,354.3208312988]},"polygon_y":{"0":[964.0854492188,952.7456054688,943.1461181641,933.27734375,924.0241699219,914.2797851562,905.139831543,893.3185424805,938.3806762695,949.5235595703,959.4161376953,970.0853271484,979.4052734375,987.4010620117,994.9752197266,999.9469604492],"1":[547.1976318359,547.6514892578,548.0611572266,548.5225830078,548.83203125,548.99609375,549.1545410156,549.0435791016,578.1618652344,578.2379760742,578.4013671875,578.2655029297,578.1854858398,578.0856933594,578.250793457,578.0349121094],"2":[779.8010864258,780.3500976562,780.7222900391,781.1943359375,781.6649780273,781.9076538086,781.8475341797,781.8206176758,809.5602416992,809.4876098633,809.4122924805,809.1248168945,808.8596191406,808.8558349609,808.5952758789,808.5711669922],"3":[779.8737792969,780.279296875,780.5833740234,780.946105957,781.4612426758,781.7503662109,781.619140625,781.2924804688,809.1121826172,808.7897949219,809.1760253906,809.2302246094,809.16796875,809.0314941406,808.9946289062,808.9516601562],"4":[779.4489135742,779.4744262695,779.8425292969,779.8681640625,780.1511230469,780.3536376953,780.6112060547,781.3280639648,808.8317871094,808.4993896484,808.7415771484,808.7586669922,808.6458740234,808.5802612305,808.3344726562,808.1098632812],"5":[548.2239990234,548.9592285156,549.0277709961,548.9851074219,549.0479125977,548.8455200195,548.6870727539,548.4742431641,577.7832641602,577.6405029297,577.6232910156,577.610534668,577.6101074219,577.8726196289,577.4672851562,577.2037353516],"6":[496.008026123,495.8824157715,495.8962402344,495.8402709961,495.7635192871,495.5737915039,495.3583068848,495.6390991211,518.7515869141,518.3275756836,517.9731445312,517.5621337891,517.6442260742,518.0661621094,518.1569213867,517.8374023438],"7":[771.0262451172,770.9232177734,770.9150390625,770.3882446289,770.0769042969,769.3767089844,768.9455566406,768.6130371094,795.7970581055,795.7329101562,795.8718261719,796.0523681641,796.3861083984,796.7646484375,797.2764892578,797.5389404297],"8":[795.4356689453,795.7678833008,795.9124145508,795.6710205078,795.7064819336,795.7897949219,795.7183837891,795.7999267578,822.0169677734,821.7984619141,821.7670898438,821.6943359375,821.7022094727,821.5960083008,821.7235717773,821.8427124023],"9":[614.5244750977,613.3781738281,612.9246826172,612.3709716797,612.3259277344,611.760925293,611.5407714844,611.6932983398,634.3175048828,633.6141967773,633.5960083008,633.8463745117,634.2121582031,634.4312133789,635.1043701172,635.205078125],"10":[659.6458740234,659.6426391602,659.4931640625,659.3267211914,658.9724121094,658.4680786133,658.1549682617,657.8699951172,686.4777832031,686.2942504883,686.2758789062,686.5750732422,686.9445800781,687.1740722656,687.3941040039,687.5853271484],