{"polygon_x":{"0":[898.5782470703,904.7683105469,911.0065307617,917.1568603516,923.4006347656,929.7854614258,935.9868164062,942.0715942383,942.3752441406,937.3543701172,930.9916992188,924.6038208008,918.3554077148,912.3741455078,906.3076782227,899.7022094727],"1":[822.4012451172,827.0520019531,831.48828125,836.6324462891,841.0305175781,845.9263916016,849.889465332,854.649597168,854.3020019531,850.2209472656,845.2490234375,840.657043457,836.1921386719,831.6381225586,826.8349609375,821.8363037109],"2":[891.3040771484,896.4760742188,901.4452514648,906.678527832,911.4790039062,916.825012207,921.5078735352,926.4467773438,926.5960693359,921.6317138672,916.336730957,911.4373168945,906.2912597656,901.2734375,896.1755981445,890.6845092773],"3":[676.1214599609,682.6256713867,689.0771484375,695.8983764648,703.3122558594,710.1047363281,716.6031494141,722.0565795898,723.3695068359,717.3552246094,710.5682983398,703.5527954102,696.6024780273,689.7371826172,683.3039550781,676.3555297852],"4":[956.2469482422,959.4125976562,963.4692382812,967.5035400391,971.9574584961,975.5688476562,979.0183105469,982.4701538086,999.7903442383,994.5549316406,990.7892456055,986.8715820312,982.3181762695,978.4506225586,974.1899414062,969.1388549805]},"polygon_y":{"0":[726.9016113281,726.5811767578,726.3487548828,726.1590576172,725.9811401367,725.6122436523,725.2642822266,725.0961303711,748.0693969727,748.3885498047,748.4467163086,748.4277954102,748.5040283203,748.819519043,749.2278442383,749.6871337891],"1":[915.0678100586,914.7769165039,915.0506591797,915.5893554688,916.0537109375,916.4677734375,917.1088867188,917.7899780273,942.8507080078,942.6917724609,942.3355102539,941.8659667969,941.4080810547,941.1658935547,940.9613037109,940.7913818359],"2":[602.8217773438,602.4393310547,602.4409179688,602.3088989258,602.2275390625,602.4522705078,602.0476074219,601.9066772461,622.282043457,623.0795288086,622.7161865234,622.6666870117,622.464050293,622.6563110352,622.7478637695,622.5858154297],"3":[850.5740966797,850.4149780273,850.2934570312,850.1104736328,849.9010620117,849.6038818359,849.5925292969,850.0844726562,871.7409667969,871.7374267578,871.7222900391,871.6665039062,871.8454589844,871.8547363281,871.9519042969,872.2085571289],"4":[822.6906738281,819.4321289062,815.9188232422,813.1091308594,810.5029296875,807.69921875,804.5754394531,801.0375366211,824.9614257812,828.6350097656,832.2454833984,835.7298583984,839.2381591797,842.325378418,846.4492797852,848.4520263672]},"text":{"0":"765.","1":"31","2":"170","3":"766.5","4":"ST."},"score":{"0":0.8982175589,"1":0.9581682682,"2":0.7518337965,"3":0.9714169502,"4":0.9156669378}}