{"polygon_x":{"0":[1.6181824207,14.0985927582,26.3697719574,39.1022949219,51.6449317932,64.1586608887,76.8546142578,89.1967849731,88.1610412598,75.8184280396,63.2496299744,51.2975730896,39.2044448853,26.8280296326,14.1202754974,0.8386704326],"1":[169.2961730957,188.6768951416,207.713684082,226.9698181152,246.3074035645,265.5491333008,284.4934692383,303.581237793,303.1218261719,284.2814941406,264.7359924316,245.3348693848,225.6518554688,205.8175048828,185.9465789795,165.9255828857],"2":[0.2671501935,16.7684059143,33.6447296143,50.935634613,68.326461792,85.3018951416,103.0454711914,120.7600326538,120.1692657471,102.2039413452,84.3007278442,67.4811401367,50.0527648926,33.3563613892,16.5164699554,0.1476661563],"3":[0.2152644694,13.0937728882,26.2691898346,40.3617782593,53.7809677124,67.1714324951,81.3589630127,96.973197937,95.6236877441,81.0922088623,66.8474578857,53.3874130249,39.4131393433,25.8672161102,12.2752990723,0.0646979287],"4":[0.0623880401,12.4646816254,26.0914726257,39.7111968994,53.6528930664,66.8999938965,82.7953033447,99.8752593994,98.9872131348,83.6217803955,69.0974502563,54.6314086914,40.3206939697,26.6458778381,12.705499649,0.0724188536],"5":[66.7890777588,73.389213562,79.9409942627,86.5426635742,92.9595794678,99.1032104492,105.2047729492,111.7744903564,110.6455154419,104.2145843506,97.4738235474,91.1533813477,85.0246124268,78.6833114624,72.5327453613,65.6937332153],"6":[47.4314460754,74.9054107666,102.5628662109,131.6443023682,160.2390136719,188.7525634766,216.3603210449,245.5026092529,244.2050323486,216.8397674561,189.1148071289,160.0540161133,131.2757110596,102.0824127197,72.8600997925,46.969909668],"7":[0.0924762264,8.6862363815,17.6902351379,26.2176704407,35.3357772827,44.8001327515,53.9276275635,63.4694633484,62.1080703735,51.708568573,42.7939453125,34.479221344,25.4349346161,16.775302887,8.0291233063,0.0368944407],"8":[0.131682381,12.495388031,25.3934688568,39.0651092529,52.3860549927,66.3839645386,80.2574310303,94.4185714722,94.2830276489,79.9545974731,66.3584289551,52.4536933899,39.1054840088,25.9735603333,12.6202011108,0.1396416575],"9":[122.2735900879,128.5472259521,135.3340454102,142.1482849121,148.7171020508,155.5539245605,162.0034790039,169.2317199707,167.929473877,161.3483886719,154.6929168701,147.988067627,141.4951171875,134.5860443115,127.9625015259,121.24609375],"10":[50.4410934448,75.4485473633,102.9305877686,130.5487976074,157.9867248535,185.6371459961,212.038848877,239.6502990723,238.8979949951,213.0483398438,185.464630127,158.2877349854,131.104675293,103.6542129517,76.1094894409,50.4288444519],"11":[0.0457928516,14.200012207,29.9297733307,45.5108070374,61.328994751,77.2034301758,94.2418518066,113.9298095703,112.9423904419,93.723526001,76.8395233154,61.0918121338,45.0032234192,29.225025177,13.4027194977,0.035638269],"12":[0.126206398,7.7731699944,15.4859361649,22.9490261078,30.4393501282,38.2709312439,46.1424484253,54.3094444275,54.2206611633,46.1433372498,38.2106018066,30.3795089722,22.3989200592,15.2125205994,7.3635177612,0.0470294654],"13":[0.2097570747,7.5129055977,14.8202409744,22.6563339233,29.928571701,37.9084625244,45.9455451965,54.3229484558,54.8054733276,46.1804237366,37.5554618835,29.8216896057,22.1856899261,14.7356529236,7.1631550789,0.114187263],"14":[2.9873747826,8.8322935104,14.3091125488,19.7486228943,25.2664146423,31.1318054199,36.3674049377,41.3918380737,41.2486457825,33.9676132202,29.3433208466,23.5762138367,17.2606506348,12.0993757248,6.5362920761,0.2340501249],"15":[0.4217839241,6.1531352997,11.4657421112,17.1746311188,22.50041008,28.1155586243,34.5581169128,41.9532356262,41.1833114624,34.1920127869,27.8045806885,22.1444091797,16.5428791046,11.3872489929,5.8331794739,0.1107292622],"16":[2.3928074837,7.9733552933,13.721944809,19.467666626,25.176410675,30.8368263245,37.0023269653,43.5407714844,43.0914993286,35.9363441467,29.7934112549,23.8629245758,18.1427955627,12.7322473526,6.6601681709,0.3993952274]},"polygon_y":{"0":[918.9350585938,917.6398925781,917.1588134766,916.7705688477,916.48828125,915.741027832,916.2704467773,916.8102416992,945.4126586914,945.479675293,947.051940918,947.3488769531,946.5438842773,947.2404785156,948.918762207,949.3990478516],"1":[779.4473876953,780.1223754883,781.163269043,782.1901855469,782.7847290039,782.4343261719,782.0043945312,782.1922607422,813.7136230469,814.9457397461,814.9750366211,814.9868774414,815.2307739258,814.9974975586,815.1992797852,813.5266723633],"2":[401.3033752441,400.080871582,399.5440979004,398.9732666016,398.4808349609,398.5794067383,399.7665710449,399.6602783203,426.9598999023,426.7808532715,426.1576538086,426.2830810547,426.1448669434,426.4549560547,426.6445617676,426.508972168],"3":[702.0653686523,701.3518676758,701.1528930664,700.2954101562,700.302734375,699.7945556641,699.2921142578,700.0234985352,728.3485107422,728.4740600586,727.7086181641,727.8676757812,727.751159668,727.9818725586,728.030090332,728.6165771484],"4":[875.376953125,873.6740722656,873.2301025391,872.8092041016,872.2626953125,872.0966186523,871.7965698242,872.1331787109,899.1649169922,899.3930053711,898.8219604492,898.8235473633,898.4795532227,898.9173583984,899.3421020508,899.4133300781],"5":[780.2878417969,780.2637939453,780.4218139648,780.5250244141,780.6231689453,780.9349365234,781.1956787109,781.6452636719,813.1882324219,813.2437744141,813.2990112305,813.3638916016,813.0895385742,813.0009765625,812.8900146484,812.4792480469],"6":[134.8692932129,135.2116088867,134.9876251221,135.4792480469,134.9143218994,134.7533569336,135.0807495117,136.0006866455,167.6787414551,168.002243042,167.7003173828,167.9033050537,167.9040679932,167.9752197266,167.8945770264,167.7922058105],"7":[658.5106201172,657.6705932617,658.3198242188,658.2604980469,657.7654418945,658.2864379883,659.3858642578,659.3305664062,685.0311279297,684.9013671875,684.7083740234,684.2203369141,684.2565917969,684.2583618164,685.1168212891,685.2373657227],"8":[575.3916625977,574.2906494141,573.6170043945,572.8452148438,572.1979980469,571.8497314453,570.701965332,571.7998046875,598.1452026367,598.3670654297,598.4266357422,598.6761474609,599.0057983398,599.0440673828,599.4007568359,599.7854003906],"9":[779.8043823242,779.2715454102,777.535949707,776.0360717773,775.0719604492,773.7788085938,772.6202392578,770.5941162109,806.3506469727,806.7036132812,808.0184326172,809.0673828125,809.8151245117,810.7453613281,811.8395385742,812.763671875],"10":[446.4315795898,443.5622558594,442.3215026855,440.884552002,439.8275146484,439.4319458008,438.8609619141,439.1416015625,470.8345336914,470.3781738281,470.2272949219,470.5203552246,471.9833068848,472.4479370117,474.3039550781,477.2108459473],"11":[616.7349243164,615.0128173828,614.6735229492,614.2253417969,613.8017578125,612.892578125,612.2211914062,612.2984619141,640.5752563477,641.3872070312,641.1215820312,641.2104492188,641.2108154297,641.649230957,642.3137817383,642.2885131836],"12":[183.0171051025,183.6583709717,183.5724639893,183.0139923096,182.1535949707,181.6940002441,181.3816986084,182.1840820312,209.132232666,209.9275970459,209.5623931885,210.0685272217,210.0922851562,209.9035644531,210.4023132324,210.209197998],"13":[789.6348876953,789.2198486328,788.7231445312,788.2555541992,787.9177856445,787.6450195312,786.9714355469,786.9384155273,812.180480957,811.9661865234,811.9296264648,812.1234741211,812.130065918,812.3585205078,813.1958007812,813.1488647461],"14":[93.4396820068,93.5625457764,93.7848739624,93.8222198486,93.4189910889,93.350769043,93.5615997314,94.5405731201,125.4020614624,125.5794067383,125.1144866943,125.1666564941,125.8450012207,125.7098999023,125.4408950806,125.0804290771],"15":[144.7652435303,144.0892791748,143.7603607178,143.3543548584,142.9515686035,142.6483459473,142.3792266846,142.1329650879,166.2939758301,166.5758514404,166.2909240723,166.2809143066,166.5087280273,166.7952575684,166.9453582764,166.8199462891],