{"polygon_x":{"0":[0.2842833996,17.9585647583,35.2667427063,53.4576416016,71.3070526123,89.3366546631,106.9477996826,125.3423919678,123.2979507446,106.2215270996,87.2766876221,69.5826568604,51.2195587158,34.5641403198,16.6563911438,0.042071119],"1":[175.6325683594,181.8996276855,188.1712341309,194.1821594238,199.9453887939,205.7112731934,211.3900909424,217.9042663574,217.090927124,210.9064483643,204.3070678711,198.1775817871,192.4373474121,186.4785919189,180.7978515625,174.4222259521],"2":[0.9501947165,12.9877529144,24.7441501617,37.3894042969,49.2556419373,61.23878479,73.6122207642,85.4853668213,84.7162780762,72.1257324219,60.5309753418,48.8802261353,36.4528198242,24.4919681549,12.4384441376,0.3206786811],"3":[69.5761795044,83.9088897705,97.4819564819,111.2439804077,125.0956039429,139.2019805908,152.5839080811,166.561416626,165.9962463379,152.3989715576,138.4625549316,124.6320419312,110.6177215576,96.58203125,82.3357086182,68.9128265381],"4":[165.3242797852,184.3237457275,203.2339477539,223.397354126,242.3882751465,261.9218444824,282.3203430176,303.0444335938,304.2369995117,284.5763244629,264.1313781738,244.118927002,224.5554504395,205.0267944336,185.1864471436,165.4483642578],"5":[0.0605670176,12.8008441925,25.8480625153,39.8865470886,52.7565574646,66.0859985352,81.1393127441,96.2704086304,95.6464691162,80.7204055786,66.5808944702,52.8129730225,38.9798049927,25.5630836487,12.0194683075,0.0471485965],"6":[0.7600739598,10.6325340271,20.4276847839,30.6446857452,40.5486335754,50.8013000488,60.7920150757,71.4727554321,69.1338882446,59.2168235779,49.4105567932,39.8136100769,30.2046928406,20.0291156769,10.2583045959,0.3452222943],"7":[271.7462158203,287.9704284668,303.9801025391,320.3711242676,336.8359375,352.9746704102,369.160736084,386.3900756836,385.6066894531,368.80078125,352.2037963867,335.535736084,319.1064147949,302.3844604492,286.0347900391,270.0625],"8":[1.6821625233,10.3523368835,18.4378089905,26.6664428711,35.1911125183,43.4250068665,51.0761489868,59.8403358459,58.404045105,50.2897338867,42.7802124023,34.6978569031,26.5814971924,18.3007850647,9.7361221313,0.7297233343],"9":[228.7348175049,234.2764129639,240.6015625,246.269317627,252.0313720703,258.2565002441,264.1120300293,271.3474121094,271.7215270996,265.9248962402,258.724609375,252.2955322266,245.8807067871,239.5735778809,233.4298095703,227.9668884277],"10":[0.1280462742,8.1764125824,16.2474803925,24.5768356323,32.859577179,41.2805633545,50.9247360229,63.4486541748,61.6852874756,51.1135177612,41.3007278442,32.8120002747,24.3094062805,15.9667921066,7.6850500107,0.0993752629],"11":[0.5356054306,8.242893219,15.7149457932,23.8518428802,31.5619182587,39.1557426453,47.3357048035,56.7100982666,55.8539161682,45.6221313477,37.9816665649,30.2389144897,22.2555446625,14.598818779,7.1285572052,0.1008575857],"12":[0.0526089072,8.7140398026,17.9767532349,27.0825862885,36.2846641541,45.595993042,55.7609481812,65.8973693848,66.1643829346,55.3840332031,45.4602661133,36.2913398743,26.6412639618,17.6723899841,8.3785190582,0.0510679595],"13":[0.0265952852,19.4153003693,41.7133750916,64.0425186157,84.9627838135,107.1999053955,128.5569610596,150.002532959,151.3320007324,129.7713470459,107.8431091309,86.4840087891,63.9055328369,42.9477882385,20.768447876,0.1315717995],"14":[0.4255731106,7.2665262222,13.8822135925,21.1026802063,27.8164138794,34.6996459961,42.5660324097,49.704460144,48.3147850037,40.1874351501,33.6871643066,27.2772369385,20.776594162,13.7965316772,7.0686235428,0.3645097911],"15":[0.2534886897,8.8971176147,17.460193634,26.3868904114,35.3684387207,44.1277351379,53.1219100952,62.5208511353,62.4759597778,54.1956100464,45.0623664856,36.201713562,27.0620880127,18.2688312531,9.7469406128,0.5372264981],"16":[0.0527979359,7.4340734482,14.9280853271,22.1912555695,30.0327644348,37.5912590027,46.4556350708,55.0755500793,55.2632064819,45.6433830261,38.2184066772,30.1690216064,22.116186142,14.9641208649,7.0844173431,0.0563103184],"17":[0.0130867725,12.5951080322,26.68201828,40.707698822,55.2131690979,69.9235076904,85.2937469482,100.4093017578,99.2195587158,84.0664749146,69.6108093262,55.1800842285,40.8353729248,26.9588508606,12.731803894,0.022665197],"18":[0.4177379012,4.9256811142,9.0245637894,12.8740577698,16.6781272888,20.7363014221,26.3209075928,30.9736614227,30.4270915985,24.6370124817,19.9542751312,15.7240056992,11.6559114456,8.0294303894,4.0324296951,0.0690073073],"19":[1.7305399179,5.1415205002,8.4938726425,12.2610139847,15.8550834656,19.8725013733,24.7118263245,30.7571716309,32.0342826843,25.7054176331,20.4525279999,16.1979560852,12.3343353271,8.8593845367,5.2879514694,1.7780548334]},"polygon_y":{"0":[81.4828796387,81.1131439209,80.4241943359,80.6452331543,80.7355194092,80.3714904785,80.3789215088,80.5827026367,113.9337463379,113.6874771118,113.7072067261,113.3722076416,113.6829681396,112.8526306152,113.4151000977,112.9412460327],"1":[293.2397766113,293.3298034668,293.5776977539,293.3862915039,293.1621398926,293.1887207031,293.3903808594,293.9728393555,327.3851318359,327.5619812012,327.2291564941,327.3666381836,327.3034973145,327.024597168,326.9412536621,326.5436401367],"2":[260.9630126953,260.1516418457,260.3327331543,259.958770752,260.0350341797,259.8113708496,259.6030273438,259.788269043,285.6729736328,285.380279541,284.7586669922,284.738494873,284.6530761719,284.5131835938,284.73828125,284.9579772949],"3":[295.3525390625,295.5360107422,295.4023742676,295.1316223145,294.9853820801,294.8352661133,294.4985656738,295.5838623047,328.417175293,328.0952148438,329.4315185547,329.8729248047,329.4942016602,329.5594787598,329.9533691406,330.1835327148],"4":[722.698425293,722.3448486328,722.1447143555,721.6938476562,721.7316894531,720.954284668,720.1997070312,720.9377441406,766.4255371094,766.2824707031,765.9150390625,765.8516845703,765.6063232422,765.6224365234,766.1014404297,766.6662597656],"5":[520.7058105469,519.9938354492,520.0858154297,519.8342895508,519.2617797852,518.7052612305,518.9976196289,519.6431884766,545.0322265625,544.9277954102,544.6334228516,543.989074707,543.7279663086,543.9935913086,543.7612304688,543.8435668945],"6":[556.598449707,556.2022705078,556.311706543,555.0483398438,555.3337402344,555.1669921875,554.3837890625,556.3654174805,585.689453125,586.063293457,585.6415405273,585.618347168,585.2606811523,585.0446166992,585.3751831055,585.1952514648],"7":[293.202331543,292.984588623,294.1305847168,294.9501647949,295.0863037109,295.4811706543,295.9819335938,296.1228637695,328.3971557617,327.9687805176,327.6866149902,327.5201721191,326.7675170898,326.5829772949,326.2247314453,326.3219909668],"8":[0.201533258,0.2726623416,0.335920006,0.3397298157,0.387845695,0.3950372636,0.6121306419,0.5513846874,27.508441925,27.8162460327,27.333656311,27.0944004059,26.8540554047,27.1612510681,27.2888336182,27.3429965973],"9":[293.3616333008,292.3301391602,291.213470459,290.4119262695,289.3031311035,287.6383361816,286.4790649414,284.5762634277,321.8135070801,320.9111022949,321.8537597656,322.8071594238,323.957244873,324.5824584961,325.6941223145,326.2756652832],"10":[347.5368652344,347.4233398438,347.3213195801,346.6067504883,346.2563476562,345.9295349121,345.7680664062,346.0778808594,370.7469482422,370.9330749512,370.3589172363,370.1571655273,370.2215270996,370.2966308594,370.7289428711,370.5415039062],"11":[438.3971557617,437.6594543457,437.5015869141,436.7235717773,436.1540222168,436.2719116211,435.9633789062,437.91796875,464.0955810547,464.522644043,464.1006469727,463.9629516602,463.6187744141,463.0024414062,462.5512695312,463.2233276367],"12":[304.9120483398,304.3898620605,304.201385498,303.7685852051,303.5219116211,303.030670166,302.3325195312,302.4137878418,327.1801147461,327.3826904297,326.8528747559,326.7020263672,326.8894958496,327.1586303711,327.4559020996,328.0118103027],