{"polygon_x":{"0":[651.9845581055,671.8494873047,691.9017333984,711.8323974609,731.5649414062,751.6943359375,771.0006713867,791.1083984375,789.6560668945,769.2040405273,749.6209716797,730.3168334961,710.6014404297,690.4383544922,670.1382446289,649.3952026367],"1":[337.3928833008,361.5681152344,385.8805541992,410.5450439453,435.1252746582,459.1455078125,482.7865600586,508.6487426758,508.1890258789,483.9762878418,459.733215332,435.3285217285,410.566986084,385.8825683594,361.4735412598,336.2774047852],"2":[64.4744949341,84.1960449219,103.5612411499,123.4753570557,143.1352081299,162.6246643066,181.638885498,202.2366485596,202.7423248291,183.3027496338,163.5202789307,143.5731048584,124.0537567139,104.2478790283,84.6703262329,64.7577209473],"3":[653.4493408203,668.78125,684.5133056641,700.7475585938,716.5460205078,732.0560302734,747.6439819336,763.7752685547,763.9907836914,748.1613769531,732.4398803711,716.4224243164,700.8891601562,684.7868652344,669.0935058594,652.8128051758],"4":[646.1286621094,661.208984375,676.4401245117,692.403503418,707.8801879883,723.1790161133,738.3868408203,754.1052856445,755.5358886719,739.2241821289,723.9089355469,707.9869995117,692.5424804688,677.1022949219,662.0157470703,646.2100830078],"5":[874.5670166016,889.6353759766,904.5795288086,919.7891845703,934.5325927734,949.7657470703,964.716796875,978.8212890625,979.0421142578,964.5449829102,949.4779052734,934.6576538086,919.8209228516,904.9118652344,890.172668457,874.9624633789],"6":[520.0667724609,524.7222290039,529.1981201172,533.8300170898,538.4931640625,543.4154052734,547.7529296875,551.7916870117,549.3080444336,545.5912475586,540.2603149414,535.5080566406,531.0546264648,526.4749755859,522.3296508789,517.1068115234],"7":[771.1258544922,777.1036376953,782.8179321289,789.0531005859,794.8537597656,801.0434570312,806.7446289062,812.3112792969,812.9177856445,807.2036743164,800.9680786133,795.1974487305,789.2963867188,783.4468994141,777.3707275391,771.1704101562],"8":[781.8731079102,787.4027099609,793.2623291016,799.0802612305,804.6662597656,810.4714355469,816.1480712891,821.5044555664,822.0075073242,816.5483398438,810.6888427734,805.1446533203,799.8918457031,794.5028686523,788.59375,782.5108642578],"9":[826.561340332,832.2978515625,837.8905029297,843.6884765625,848.9240722656,854.2107543945,859.3112792969,865.3775634766,865.6695556641,860.0266113281,854.1920166016,848.9468383789,843.8551025391,838.6040649414,833.1052246094,827.4408569336],"10":[844.8718261719,854.5222167969,865.2229003906,875.8508300781,886.1499633789,896.8012084961,907.5329589844,918.2403564453,917.1879882812,906.5498046875,896.3592529297,885.8674316406,874.9927368164,863.8718261719,853.1777954102,843.3944702148],"11":[794.3060302734,798.3813476562,802.5941162109,806.8615722656,810.8596801758,815.0263061523,818.6799316406,822.1896972656,821.3431396484,817.5089111328,812.8013916016,809.3532714844,805.3596191406,801.5599975586,797.5407714844,793.1524658203],"12":[722.12109375,727.3456420898,732.795715332,738.204284668,743.0233154297,748.0791625977,753.2674560547,758.4442138672,758.3919677734,753.4848632812,748.1184082031,743.0028076172,738.0884399414,733.2152099609,727.8503417969,722.3956298828],"13":[845.0319824219,854.580078125,864.6008911133,874.8497314453,884.4322509766,894.1147460938,904.0070800781,913.7030029297,914.8589477539,904.5040893555,894.6968994141,884.989074707,875.3524169922,865.4846191406,855.6408691406,845.0224609375],"14":[207.5181884766,216.7385253906,225.7002868652,235.3651428223,245.4386138916,255.4281463623,264.8684692383,274.5817260742,278.6982421875,268.990814209,259.222869873,249.7491455078,239.8566436768,229.9910125732,220.375,210.7820281982],"15":[284.4287414551,289.8071594238,295.3975830078,301.0337524414,306.1340026855,311.4582824707,316.921875,322.4327087402,323.0175476074,318.1055908203,311.9715576172,306.2897033691,301.224395752,295.8541564941,290.326751709,284.9508056641],"16":[895.9481811523,903.9618530273,911.9367675781,919.5709228516,927.1989746094,934.5162353516,941.8506469727,949.8540649414,948.9417724609,941.9190673828,934.0736083984,926.3399658203,919.1497192383,912.1792602539,904.7806396484,896.9079589844],"17":[388.1855773926,409.9995422363,432.4851074219,455.2973022461,477.3695068359,499.4381103516,521.4825439453,542.9147338867,545.9384155273,521.1697387695,498.7747802734,476.8977661133,454.4783325195,431.5789794922,410.9504699707,389.5399780273],"18":[553.7708129883,563.9179077148,574.653503418,586.2952880859,596.7882080078,607.5118408203,618.1917724609,629.5191040039,631.6335449219,620.1619262695,608.7593994141,597.7423706055,586.4848022461,575.6833496094,564.4899902344,554.0024414062],"19":[599.7014160156,614.3212890625,629.8953857422,645.4859619141,660.6625366211,676.0784301758,691.0369262695,707.0347900391,706.9190063477,691.7721557617,676.4006347656,661.1028442383,645.5524902344,630.0895996094,614.7167358398,599.7432250977],"20":[825.7458496094,828.9647216797,831.1324462891,833.7188720703,836.5579223633,839.8181152344,842.4732666016,845.0770263672,842.4743652344,842.5143432617,838.96484375,836.3330688477,833.4594116211,830.6621704102,828.2708740234,825.2376708984],"21":[584.0902099609,644.0097045898,702.0410766602,761.3421630859,820.6048583984,881.5759887695,940.6544189453,999.7055053711,999.6217041016,939.8895874023,881.8929443359,822.0108032227,762.5793457031,702.4724121094,643.8513183594,584.1208496094],"22":[79.9889831543,84.4742431641,89.2784729004,94.4485397339,99.2548522949,104.4688491821,109.0506744385,114.1635513306,113.3218536377,108.7033538818,103.337677002,98.4617233276,93.5718612671,88.7612228394,83.8147735596,79.2599487305],"23":[771.8511962891,777.1080932617,782.2018432617,787.7145996094,793.1326293945,798.8574829102,804.0322875977,809.1510620117,809.1119384766,803.7946777344,798.3406982422,793.1273803711,787.6778564453,782.0117797852,776.740234375,771.4796142578],"24":[543.3347167969,548.4081420898,553.3218383789,558.6970214844,563.9625244141,569.8586425781,574.8450927734,579.3063964844,578.8868408203,574.1945800781,568.7186889648,563.8776245117,558.2099609375,552.9125366211,547.5779418945,541.9449462891],"25":[201.4151000977,204.3912658691,208.205871582,212.728805542,216.9651794434,220.9916534424,225.0195465088,228.9392852783,227.9476318359,224.3494567871,219.6247558594,215.8519134521,211.7701721191,207.7334594727,203.587890625,199.6611175537],"26":[768.0142211914,784.4854736328,801.2521972656,818.9095458984,835.7122802734,852.4536132812,869.2932739258,885.5217895508,886.2974853516,870.677734375,853.3902587891,836.3430175781,819.5422363281,802.59375,786.217956543,768.5006103516],"27":[580.7760009766,637.2258911133,697.1538696289,748.4317626953,808.6410522461,865.1240234375,925.1315917969,992.7171630859,992.361328125,924.5612792969,866.6994628906,812.578125,750.3630981445,689.1079711914,627.095703125,580.3591308594],"28":[958.2111816406,965.0780029297,971.0504150391,976.2416992188,981.9684448242,987.2415161133,992.7642822266,998.5657348633,999.8468017578,994.3850097656,988.8631591797,983.0988769531,977.193359375,971.6353759766,965.280090332,957.3391723633],"29":[869.0103149414,871.556640625,873.5979003906,876.3186035156,878.6527099609,881.7185058594,884.2313232422,886.3128662109,885.7573852539,884.6286621094,881.3577270508,878.9024658203,875.8138427734,872.9366455078,871.092590332,867.7637329102]},"polygon_y":{"0":[627.2477416992,627.7620239258,628.4712524414,628.8088989258,629.2005004883,629.2870483398,629.7600708008,629.5886230469,654.1675415039,653.8201904297,653.8687133789,654.850769043,655.0399780273,655.279296875,655.5280151367,655.358215332],"1":[355.6954650879,356.6714782715,356.8530578613,357.2027893066,357.7235412598,357.9840087891,357.1801757812,358.050994873,402.9571838379,401.875579834,404.1164855957,404.2382202148,403.0751342773,402.6858520508,402.5075683594,401.141204834],