{"polygon_x":{"0":[50.995136261,60.0127029419,69.3380584717,78.8674926758,88.1682891846,97.6093292236,106.6627197266,115.9334182739,115.9204711914,106.5856170654,97.4890899658,88.1398773193,78.9842758179,69.5642852783,60.3046989441,50.9184989929],"1":[0.0407937765,12.075750351,24.6539840698,37.8584060669,50.4417266846,63.4115943909,76.8271484375,90.947303772,88.9700698853,75.5439300537,62.5840797424,49.5942268372,36.4807624817,24.2608222961,11.3061294556,0.0292514171],"2":[122.6324081421,129.6724853516,136.6459960938,143.8082885742,150.622756958,157.5472564697,164.0909729004,170.7903747559,171.5448608398,164.4363098145,157.2280731201,150.0361328125,143.2643432617,136.2648468018,128.9913330078,121.7932739258],"3":[339.8176574707,348.3574829102,356.9979553223,366.0490722656,375.4498901367,384.6488647461,393.4061279297,402.089263916,402.4306945801,393.916809082,384.6358642578,375.5112304688,366.5663146973,357.5768432617,348.6499023438,339.9549560547],"4":[406.7661743164,411.4875488281,415.9435424805,420.9361572266,425.7926025391,430.293762207,434.3668823242,438.5774536133,438.4216308594,433.8598022461,428.4944152832,423.5836486816,419.2364196777,414.7781982422,410.5618896484,405.9995727539],"5":[0.1931713521,13.9108028412,27.4378795624,41.7370567322,55.6572570801,69.8371429443,84.6355438232,99.8307113647,97.514793396,82.2523498535,67.6422271729,53.8862457275,39.9316253662,26.24958992,12.4116621017,0.0501420014],"6":[0.0416947156,16.147228241,33.6656417847,51.2448959351,68.7149124146,86.8074798584,106.0823898315,124.066116333,122.8248291016,104.4682312012,87.0175476074,69.3423843384,51.4865341187,34.2805633545,16.6541976929,0.0678861588],"7":[1.2903110981,10.2778959274,17.2789649963,23.9377689362,30.8276367188,37.7877235413,44.5496749878,51.6439094543,48.1152648926,42.1679611206,34.5414237976,28.0688400269,20.8679676056,14.1577825546,6.8392224312,0.0386353061],"8":[0.0195910372,14.4914999008,30.5964374542,46.5528831482,62.376537323,78.3813552856,96.87109375,114.84375,112.8856964111,95.0915985107,78.3078536987,62.0136413574,45.7397003174,29.5855426788,13.4964790344,0.014180053],"9":[0.2886523604,9.3150491714,17.9529399872,26.4775104523,34.9818000793,43.8199310303,53.0630455017,62.1007575989,60.6564331055,50.1037826538,41.7372932434,33.6104850769,24.8280296326,16.7080554962,8.1605587006,0.0694644526],"10":[0.3704577386,9.9388589859,19.0139312744,28.4878768921,37.5147132874,46.6723327637,58.1337776184,67.3559875488,65.0531616211,54.534614563,44.8742637634,36.0514984131,26.757352829,17.3373584747,8.4673490524,0.0602420829],"11":[310.8518981934,313.4627990723,317.3088989258,321.5118408203,325.5258483887,330.0971984863,333.7817382812,337.4888916016,337.1375732422,335.4561157227,330.8581848145,326.7317504883,322.0785217285,317.945892334,314.3522949219,313.5298461914],"12":[1.5508986712,7.7292995453,13.1731519699,19.07604599,24.1739864349,30.1188182831,37.0748672485,45.2576446533,45.3391685486,37.9166412354,31.5493278503,24.987745285,18.7541160583,12.6984319687,6.9966983795,0.5038391352],"13":[293.7963562012,296.2208251953,298.304107666,301.4000854492,304.6961669922,306.1513671875,308.3773193359,309.5688476562,308.7846984863,310.3517456055,307.7881164551,304.8537902832,301.8276977539,298.7902526855,296.4604797363,294.7655944824],"14":[177.1331787109,193.2330627441,210.0135498047,226.926574707,244.1563262939,260.9026794434,276.9720153809,294.257232666,294.4960021973,276.8063964844,260.8586425781,243.6285400391,226.7808227539,209.9069061279,193.2524871826,177.0368652344]},"polygon_y":{"0":[736.5910644531,736.7971801758,736.7222900391,736.6927490234,736.9019775391,736.6503295898,736.6293945312,737.1290283203,765.2551879883,764.955078125,764.5478515625,764.1995239258,764.2177734375,764.1472167969,764.35546875,764.1488647461],"1":[378.9260253906,377.164642334,376.3413085938,375.4369506836,375.4859008789,375.9368591309,376.7316894531,378.051940918,408.6517944336,407.7264709473,406.2502746582,406.1349487305,405.8191223145,405.6347045898,406.0292358398,407.1609802246],"2":[737.5133666992,737.1838989258,737.535949707,738.1149902344,738.1213378906,738.2959594727,738.3955078125,738.7380371094,771.6166992188,770.4139404297,769.2548828125,768.2600097656,767.872253418,767.3352050781,766.4741210938,765.842590332],"3":[738.1068115234,738.0640869141,738.5113525391,738.6824951172,738.8153076172,738.8143310547,738.6309814453,738.850769043,766.4005126953,766.0902099609,765.7982788086,765.5036621094,765.5327758789,765.5255126953,765.853515625,765.9063720703],"4":[737.5546264648,738.4747924805,739.4918823242,740.6492919922,741.8464355469,742.9899902344,744.0257568359,745.6652832031,777.8182983398,776.0692749023,773.7027587891,772.5494384766,771.6000976562,769.884765625,768.0709228516,765.8736572266],"5":[460.1486816406,459.8563232422,459.6148071289,459.676940918,459.883605957,460.7716369629,461.1065063477,461.4424133301,500.2477722168,498.8188171387,497.6274414062,496.486328125,495.6505737305,495.3596801758,492.606262207,492.554473877],"6":[247.9546813965,247.7382049561,247.756652832,246.6306915283,246.3484344482,245.1908874512,244.8907775879,245.9996032715,278.698059082,278.8978271484,278.677154541,278.8352355957,278.4444580078,278.7926940918,278.5413208008,278.3930664062],"7":[203.1180419922,201.9526367188,202.265838623,202.7571105957,202.7620239258,203.0714263916,203.3433837891,203.9224853516,235.3663024902,235.4156799316,235.139465332,235.000579834,234.9076843262,234.8285064697,234.8992767334,233.9958190918],"8":[593.5311889648,592.4018554688,592.1538085938,591.7315673828,591.2383422852,591.3544921875,591.2613525391,592.3751220703,625.0616455078,625.6997070312,624.0589599609,623.6531982422,623.6864624023,623.3244628906,624.2200927734,622.5838012695],"9":[290.465423584,290.455291748,291.8633422852,292.7182922363,292.6914672852,294.1415710449,295.3104553223,295.9115905762,323.3676757812,322.743560791,321.9709472656,320.9737548828,320.8784484863,320.5560913086,320.338684082,320.020904541],"10":[417.5353393555,418.8857727051,420.0383911133,420.6243896484,420.8765258789,421.9288330078,422.5909729004,423.4840698242,451.6962890625,450.9963684082,449.8962097168,449.2854614258,448.8251037598,448.565826416,449.0535888672,449.23046875],"11":[737.884765625,738.3707275391,738.8239746094,738.4071044922,738.3342285156,738.4287109375,738.6297607422,739.1287841797,764.6026611328,764.9295043945,764.5667724609,764.6294555664,764.4487915039,764.528503418,764.8344726562,764.1455688477],"12":[332.4814453125,331.4212341309,331.2674255371,330.3137817383,329.8825378418,329.5750427246,329.2379455566,329.1863708496,362.2146606445,363.7811279297,363.2607727051,363.4400024414,363.3836364746,363.2653808594,362.5916137695,362.3050231934],"13":[741.2459716797,741.205078125,741.5269775391,741.7535400391,741.8096313477,741.825012207,742.0877685547,742.4370727539,764.6248779297,764.7093505859,764.7132568359,764.3635253906,764.1065673828,764.4704589844,764.8083496094,764.3597412109],"14":[738.0834960938,738.5372924805,738.9483642578,738.9100341797,738.7692260742,738.6276855469,738.3016357422,738.3753662109,765.7097167969,765.4581298828,765.5596313477,765.5338134766,765.3453369141,765.4674682617,765.4537353516,765.6890869141]},"text":{"0":"Paris","1":"pliers.","2":"Imp","3":"Seine","4":"57","5":"harby.","6":"Lakhrah.","7":"la","8":"intique.","9":"ssa.","10":"ines..","11":"de","12":"il","13":"r.","14":"Lemercier"},"score":{"0":0.986073494,"1":0.9851627946,"2":0.9817958474,"3":0.9833632708,"4":0.9820441008,"5":0.9888688326,"6":0.9904008508,"7":0.9847746491,"8":0.9805108905,"9":0.9719210863,"10":0.8647483587,"11":0.8572666645,"12":0.9309194088,"13":0.5956264138,"14":0.980440557}}