{"polygon_x":{"0":[504.2269287109,511.673614502,520.1565551758,527.7892456055,535.6236572266,542.6204833984,550.444519043,560.5036010742,542.3348388672,533.4971923828,525.2653808594,517.3693847656,510.1282348633,501.459777832,493.0899353027,485.7697143555],"1":[210.3944702148,241.9273986816,274.6474609375,307.8323059082,340.7223815918,373.6488037109,406.4255981445,441.1423950195,424.3778076172,391.7559814453,359.83984375,327.8791809082,296.6739807129,263.113494873,229.1929321289,197.3899688721],"2":[732.741027832,757.069152832,782.1119384766,807.5634155273,832.4395751953,857.1334838867,881.66796875,907.6104736328,908.7600708008,884.186340332,859.5173339844,834.542175293,809.6492919922,785.1061401367,760.2523193359,734.9326171875],"3":[707.7885742188,727.0385131836,746.2832641602,765.7196655273,784.6232910156,802.633605957,820.5998535156,839.7583007812,847.3005371094,826.3165893555,808.5397338867,789.8676757812,770.5618896484,751.3148193359,731.8142089844,711.9371337891],"4":[698.2147216797,714.0375366211,730.0537719727,747.4870605469,763.5870361328,779.3335571289,795.3256225586,812.3122558594,816.7709350586,800.1395263672,784.473815918,768.0053710938,751.6455688477,735.2495727539,718.776550293,702.975402832],"5":[217.8154907227,224.0468597412,231.3048553467,238.1585388184,244.6690063477,251.4253234863,259.2755432129,265.7394104004,240.1357421875,233.5645751953,226.0234222412,218.5022735596,211.4938201904,203.7817687988,196.2869873047,188.7565002441],"6":[812.0856323242,810.5634155273,807.9415893555,804.2955322266,802.0899047852,800.2514038086,797.6402587891,793.1896362305,825.271484375,828.255065918,831.7090454102,833.9876708984,835.7111816406,838.6967773438,841.8118286133,842.9508056641],"7":[674.6701049805,689.1344604492,703.8055419922,718.8601074219,734.006652832,748.5863647461,762.8119506836,777.0002441406,782.1380615234,766.8908691406,752.470703125,737.6990966797,723.0772705078,707.8503417969,692.6552734375,677.7459716797],"8":[320.7650146484,333.7597961426,346.1905517578,359.3601989746,371.0813903809,383.5439758301,395.4883117676,410.0885009766,377.0352478027,362.9661560059,349.9788208008,338.0563659668,324.8405761719,313.0636901855,302.2404785156,289.9655456543],"9":[657.453918457,674.5045166016,691.2607421875,708.546081543,725.994140625,742.6883544922,759.9150390625,777.9938354492,785.4312133789,766.551574707,749.6923828125,732.4794921875,715.0817871094,697.591003418,680.2603149414,662.291809082],"10":[657.4618530273,674.4838867188,691.3276367188,708.5798339844,725.9367675781,742.6486816406,759.8778076172,777.958984375,785.387878418,766.5823974609,749.7265625,732.5198364258,715.1742553711,697.7074584961,680.2786254883,662.3224487305],"11":[437.7546386719,479.2054443359,518.6899414062,559.4708862305,600.6075439453,641.6325683594,681.81640625,722.857421875,733.2298583984,693.4641113281,652.25390625,612.1906738281,573.0426635742,532.6221923828,492.7182312012,453.8708496094]},"polygon_y":{"0":[918.2563476562,920.4017333984,924.0015258789,927.5158081055,931.8460693359,935.1644287109,938.5328369141,943.5504760742,994.3391113281,987.9743041992,984.0825805664,980.3343505859,976.8625488281,972.6337280273,969.2880859375,965.9644165039],"1":[820.4840698242,826.3001708984,835.2108764648,845.4812011719,856.9620361328,868.20703125,881.1080322266,896.8034667969,945.5600585938,934.1574707031,923.18359375,913.5622558594,903.5174560547,893.5402832031,884.6646728516,877.2930297852],"2":[483.0084228516,481.7694396973,481.236907959,480.6774597168,480.401550293,480.6674499512,480.8276672363,481.9395446777,538.2542724609,537.6447753906,538.631652832,538.9460449219,539.1556396484,539.2235717773,540.1370849609,540.2966918945],"3":[905.7294921875,902.9664306641,900.3898925781,897.2009277344,893.6092529297,890.5504150391,886.5973510742,881.7578125,907.7737426758,912.3276367188,916.7623901367,920.8107910156,924.6819458008,929.0426635742,933.4971923828,936.9656982422],"4":[841.2615966797,838.8149414062,836.2342529297,833.5403442383,830.9167480469,827.8663330078,825.47265625,821.4000244141,852.4669189453,856.2719726562,860.0216674805,862.7850341797,866.0650024414,869.2476806641,872.4796142578,874.5104980469],"5":[541.6468505859,548.9228515625,555.9477539062,563.3452148438,570.6334228516,577.7733154297,585.5130615234,595.6820678711,617.469909668,611.9241943359,604.3085327148,597.5442504883,590.6575317383,583.5817871094,576.8506469727,569.6327514648],"6":[730.1362304688,710.999206543,691.9916992188,671.6984863281,651.0430908203,632.2069091797,613.6770019531,597.4631347656,593.9934082031,610.8350219727,629.4533081055,651.2735595703,671.6578369141,692.0048828125,708.9683837891,727.2879638672],"7":[694.4307861328,692.3101806641,689.451965332,686.7186889648,684.3201904297,681.688293457,679.5404663086,675.4873046875,713.7834472656,716.2980957031,719.0798339844,722.0865478516,724.9740600586,727.6893310547,729.903503418,732.1289672852],"8":[618.3975830078,629.827331543,641.6134033203,653.7749633789,665.0622558594,676.8530883789,689.8999023438,706.3273925781,735.832824707,724.8364868164,711.7521972656,700.8569946289,689.3205566406,677.7088012695,666.2769775391,651.6490478516],"9":[621.6359863281,619.0399780273,615.55078125,611.5625610352,608.4996337891,604.1114501953,599.9976196289,595.9393310547,635.9634399414,640.154296875,644.1815185547,647.8728027344,651.1875,655.1897583008,658.0059814453,660.126953125],"10":[621.6448974609,619.0178222656,615.5333862305,611.5475463867,608.5032958984,604.0939941406,599.9001464844,595.8236083984,635.9002075195,640.1166381836,644.1589355469,647.9068603516,651.2155151367,655.1770629883,658.0354003906,660.174621582],"11":[546.8281860352,535.6936035156,526.3984375,516.0404052734,507.8981323242,500.7084960938,493.3531494141,487.0926208496,537.8547363281,545.9196777344,554.4606323242,563.1536865234,571.3388671875,582.0118408203,593.2950439453,605.5427856445]},"text":{"0":"B.","1":"Gihon","2":"Anbau","3":"Krankenh","4":"Mission","5":"str.","6":"Gasthau","7":"Firche","8":"Jaffa","9":"Hospitz","10":"Hospitz","11":"Russischer"},"score":{"0":0.9906702042,"1":0.9895519614,"2":0.9886341095,"3":0.9788080454,"4":0.9797943234,"5":0.9845346212,"6":0.951166153,"7":0.9831482172,"8":0.9878766537,"9":0.9854506254,"10":0.9856410623,"11":0.9881134629}}