{"polygon_x":{"0":[839.7474365234,864.1534423828,887.6703491211,910.5424804688,933.0510253906,956.3945922852,979.3030395508,999.9158935547,999.8666381836,978.3400878906,955.1134643555,932.0291137695,908.6492919922,885.3786621094,862.3140869141,837.8513183594],"1":[785.9262695312,801.2989501953,816.25390625,831.6510009766,846.618347168,862.3010253906,877.9460449219,892.5390014648,892.1818847656,877.0160522461,861.3729248047,845.5511474609,830.1075439453,814.1344604492,798.7301635742,782.8832397461],"2":[739.6867675781,753.6136474609,767.6116943359,781.3933105469,794.9212036133,808.9061889648,822.6806030273,836.4230957031,835.3491210938,821.158996582,807.9694213867,794.2536621094,780.5347290039,766.3643798828,752.6723632812,738.4298706055],"3":[344.688659668,351.1435546875,355.8439331055,360.727722168,364.6832275391,368.5516967773,372.904083252,376.6422729492,348.9753723145,344.9835205078,341.465637207,337.7099304199,333.0220336914,328.0276794434,323.3174438477,316.8255004883],"4":[325.3548583984,332.4306640625,339.3277587891,346.5018310547,353.3907775879,360.2960510254,367.2546081543,374.1130981445,374.8222351074,368.0601806641,360.9623718262,354.0844421387,347.2415161133,340.3674926758,333.5510559082,325.8880615234],"5":[778.3626708984,791.4948120117,803.8186035156,816.9527587891,829.9877319336,842.9733886719,855.9418334961,869.1325683594,868.9254760742,856.2409057617,843.4440917969,830.1787719727,817.2387084961,803.6273803711,790.8146972656,777.1253662109],"6":[799.3524169922,819.3792114258,838.4524536133,857.6592407227,876.2792358398,895.6035766602,914.5100097656,932.8110351562,931.9604492188,912.8839111328,894.2470703125,875.076965332,856.3561401367,837.8771362305,818.7085571289,799.0233764648],"7":[321.5481567383,328.1806030273,335.2878417969,342.2122802734,349.4667053223,356.4487915039,363.1497497559,370.3518371582,369.7474975586,363.1473999023,355.893737793,348.9704589844,342.0585327148,334.9785766602,328.2451171875,320.818359375],"8":[354.3375854492,364.407623291,374.3919372559,384.1990661621,393.9887084961,403.9188842773,413.6845703125,423.596496582,423.6813049316,413.756652832,403.799987793,393.9235229492,383.888885498,374.2327880859,364.1891174316,353.7094726562],"9":[300.8173217773,304.4293823242,307.415222168,312.826965332,315.3928222656,317.900970459,320.4946289062,323.1513977051,298.4891967773,294.4163818359,289.9768676758,286.2687683105,282.4418945312,277.893157959,274.2487182617,268.6762695312],"10":[163.6533508301,170.7280273438,178.2143249512,185.8175354004,193.0636291504,200.5529937744,207.7952270508,215.7362213135,215.4797515869,208.0324401855,200.54246521,193.3893127441,186.1029815674,178.4918060303,171.1135253906,163.6230316162],"11":[81.6657943726,88.3867492676,95.5847854614,102.8480224609,109.9147872925,117.2525024414,124.1322402954,131.4435272217,131.5138092041,124.015914917,116.9166946411,110.3652114868,103.1812133789,95.9951324463,88.7892074585,81.8283233643],"12":[642.926574707,661.80078125,680.067199707,698.4539794922,716.2093505859,734.0307617188,751.057800293,768.7286376953,766.6582641602,749.6200561523,732.8120117188,715.2691650391,696.5308837891,677.8500366211,659.2100830078,640.3182983398],"13":[805.1102294922,815.4913330078,825.703125,835.9022216797,846.0318603516,856.33203125,866.7198486328,877.2395019531,876.7956542969,865.701965332,855.5579833984,845.2837524414,835.1943969727,824.8375244141,814.3689575195,803.3228149414],"14":[403.4432983398,399.8942871094,397.0684204102,392.4081726074,389.5144958496,384.5053710938,379.9346313477,374.1362915039,337.0127868652,341.121673584,343.5957336426,347.7116394043,352.0192260742,356.0517578125,359.4543762207,362.164642334],"15":[216.1465301514,222.5092163086,228.8146057129,235.02684021,241.4222564697,247.9100646973,254.1253814697,261.1499938965,260.7049255371,254.2947692871,247.4658203125,241.3117980957,234.9692687988,228.6889343262,222.451385498,215.4993591309],"16":[470.7315673828,497.5778808594,525.5599365234,552.8682250977,581.2005004883,608.2432861328,636.3374023438,662.5680541992,665.432800293,637.6403198242,608.9337768555,581.3961791992,553.8118896484,526.7623291016,499.1456604004,471.4951171875],"17":[823.8829345703,825.3585205078,826.5590820312,827.486328125,827.7658081055,828.4443359375,828.5493164062,827.7960205078,800.7631835938,797.4700317383,795.6812133789,794.6201171875,793.3596191406,792.6215820312,790.5705566406,789.6762695312],"18":[970.5419921875,975.9180297852,980.6370849609,984.7977294922,988.5279541016,992.3723754883,996.0772705078,999.8531494141,999.460144043,994.7126464844,990.7510986328,986.7694091797,982.6574707031,978.7500610352,974.2476806641,967.2219848633],"19":[195.914855957,200.3730926514,205.9864501953,213.3029174805,220.2922668457,227.4610748291,235.8968353271,244.9371948242,286.8016967773,277.5789794922,269.5657043457,262.1475830078,255.1184234619,250.6516265869,245.0556640625,240.6371307373],"20":[87.9083938599,93.4401245117,98.0432128906,103.2116851807,108.1337127686,112.5785827637,117.4371643066,122.2235946655,122.1679534912,117.2848358154,111.5649490356,106.9593963623,102.0901641846,97.2765731812,92.3005065918,87.2190093994],"21":[938.2860107422,948.5614013672,957.7958984375,966.6881103516,975.5550537109,984.556640625,992.8985595703,999.9703369141,999.9344482422,991.9388427734,983.1932983398,974.2252197266,964.9781494141,956.0409545898,946.6685791016,936.9499511719],"22":[0.0151825231,13.3343658447,27.5829238892,42.3844070435,56.4037704468,70.7441482544,85.1619033813,100.780166626,101.0289764404,86.2317199707,71.1996307373,56.4276733398,41.8129119873,27.4683494568,13.7144994736,0.0835041627],"23":[44.2343940735,99.6134872437,154.0152893066,211.5908203125,266.4647827148,320.0077819824,375.1259155273,427.5091552734,426.070892334,371.7152404785,318.9590759277,264.6791992188,209.5057830811,155.0021972656,99.9614715576,44.8563308716],"24":[260.1902770996,261.3416748047,261.8833007812,263.4031677246,264.0260620117,265.0446166992,265.6503295898,264.7250976562,291.6702575684,291.3766174316,291.2308959961,290.6548156738,290.0931091309,289.6400756836,289.4208068848,289.3402709961],"25":[657.5981445312,676.994140625,698.1638183594,719.3095703125,740.1976928711,761.3527832031,782.0313110352,802.7911987305,802.6973876953,781.2713012695,760.8700561523,740.1424560547,719.0074462891,697.9577636719,676.9058837891,654.6326904297],"26":[750.4114379883,756.0196533203,762.540222168,769.6153564453,776.1962280273,782.4250488281,788.1340942383,794.6487426758,793.8177490234,787.787109375,781.6864013672,775.6000366211,769.4932861328,763.3299560547,756.823425293,750.3011474609],"27":[0.056408722,8.7636909485,17.513469696,26.1608581543,34.6124458313,43.4635353088,52.2337722778,62.5171966553,62.0272407532,54.1064491272,44.9721450806,35.9622116089,26.9854831696,18.1763877869,9.1632738113,0.0426638201],"28":[816.8565673828,823.2579345703,829.0100097656,834.9666748047,840.5988769531,846.7731933594,852.2280883789,857.7414550781,854.6141357422,848.9055175781,842.7635498047,837.189453125,831.7559204102,826.0454711914,820.6563720703,814.5819702148],"29":[612.2496337891,615.4533691406,618.1224365234,621.2166748047,625.1641235352,628.366027832,631.995300293,635.4098510742,693.7556152344,688.4884033203,684.3876953125,680.5073242188,675.8033447266,672.564453125,669.7909545898,665.6968994141],"30":[661.0559082031,684.2084960938,706.8564453125,729.7906494141,751.1877441406,772.5897827148,795.0311889648,816.2249755859,813.6731567383,791.8026733398,769.8516235352,749.3074951172,727.1895751953,704.0466308594,681.4541625977,658.9786376953],"31":[831.8011474609,837.7551879883,845.0715332031,851.7767944336,857.0343017578,861.8228149414,865.6530761719,871.4724121094,840.3319091797,835.0051269531,827.5607299805,822.3092651367,813.9771728516,809.0017089844,804.0667114258,798.6091308594],