{"polygon_x":{"0":[312.7492675781,330.2543640137,347.821105957,364.5834350586,382.1262207031,400.1047058105,416.7880249023,435.0609130859,420.1477050781,402.3104248047,385.1926879883,367.3929443359,349.9329223633,332.4498901367,314.8655395508,297.0445251465],"1":[769.5943603516,782.2954101562,795.5452880859,808.8363647461,822.013671875,835.4127197266,848.5665893555,861.6911621094,857.9337158203,844.415222168,831.2244873047,818.1411132812,805.1281738281,791.5673217773,778.4117431641,765.5142211914],"2":[197.1530761719,210.5847320557,223.8453826904,238.2805175781,252.1397705078,265.3843994141,279.3608703613,293.1052856445,288.6232910156,274.6419067383,260.9414978027,247.084274292,233.6614227295,219.4993591309,205.3805236816,192.0441894531],"3":[882.1865844727,898.7775878906,915.5700073242,931.0734863281,947.5009155273,963.9501342773,980.9643554688,998.6237792969,999.180847168,982.5137939453,965.4430541992,948.0417480469,931.2014770508,915.0378417969,899.0234985352,882.5437011719],"4":[294.4599914551,307.6064453125,319.4522399902,332.1473999023,345.0677185059,357.446472168,370.2584228516,383.274230957,377.0242919922,363.5502929688,350.4211425781,337.4299316406,324.9016723633,311.9800109863,298.9374389648,286.3440856934],"5":[302.0246887207,302.3060302734,302.434753418,302.7585754395,302.3612670898,302.6211853027,302.4258728027,302.3267211914,326.8520812988,326.5328674316,326.1536254883,326.547088623,326.5918579102,326.6730041504,326.9871826172,327.2816162109],"6":[560.4824829102,576.0420532227,591.3955078125,605.8604736328,620.3660888672,635.4238891602,650.3444824219,666.1719360352,664.0493164062,648.2823486328,633.698059082,618.9349365234,604.0414428711,588.5493774414,573.0868530273,557.4448852539],"7":[293.5190124512,312.011505127,330.755645752,349.8719482422,368.546295166,387.6463012695,406.1377563477,425.7659606934,423.2689208984,403.9482421875,384.8222351074,365.7051391602,347.2293395996,328.5258483887,309.4390563965,289.7460632324],"8":[668.0476074219,674.9703979492,682.384765625,690.0457763672,697.3931274414,704.871887207,712.7002563477,720.3876953125,716.3620605469,709.9125976562,702.048034668,695.2362060547,688.6123657227,681.4748535156,674.2829589844,666.8430175781],"9":[188.2082824707,202.3224182129,217.5327301025,232.6797485352,247.7155151367,262.1281738281,277.2557373047,293.039276123,289.9927062988,275.4145812988,259.930847168,244.3932952881,229.6831512451,214.4666900635,199.3104705811,184.9191589355],"10":[208.893737793,222.1981048584,232.8845062256,244.1360168457,255.4496612549,266.6083068848,277.4207763672,288.3030090332,282.5223693848,271.2039489746,259.4949951172,248.6033325195,237.8691253662,226.9069519043,214.6924133301,204.3401489258],"11":[725.4005126953,730.9585571289,735.8361206055,741.1466064453,746.2036743164,752.0240478516,757.7944946289,763.1604614258,760.5108032227,755.0701293945,748.9212036133,743.2778320312,737.6434936523,731.7427978516,726.0424194336,720.3662109375],"12":[488.6321411133,496.2250061035,503.4216918945,510.8700866699,518.79296875,526.2561035156,533.2249755859,542.3719482422,539.8253173828,531.4606933594,523.6559448242,515.4482421875,507.4505310059,499.3699645996,491.9628601074,482.8598022461]},"polygon_y":{"0":[176.7269744873,182.4004364014,188.3612213135,194.234375,201.4319152832,208.1772155762,216.7671508789,225.9641113281,254.9418792725,247.3356933594,241.0960540771,234.2951202393,228.4179534912,222.0396118164,215.7898864746,208.8241271973],"1":[821.5453491211,822.4158935547,823.1826782227,823.8997802734,824.8587036133,825.7731933594,826.9626464844,826.9624023438,867.2233886719,864.4399414062,862.7620849609,861.3446044922,859.9837646484,858.7625732422,858.0077514648,858.3095703125],"2":[160.3245544434,161.024017334,163.3163299561,164.7590637207,166.1351776123,167.6126098633,169.6838531494,171.54737854,208.0676879883,206.0906677246,203.8984680176,202.3641204834,200.6358184814,198.6939697266,197.119140625,195.7074584961],"3":[529.5076293945,528.6090698242,529.0310058594,528.4349365234,528.6864624023,528.6788330078,529.1991577148,528.7928466797,574.5297851562,575.0548095703,575.1813354492,575.5975952148,575.7632446289,575.8284301758,576.0060424805,576.1289672852],"4":[371.9639587402,374.1506652832,376.568939209,378.0643920898,379.9295043945,381.475769043,383.4891967773,385.0618896484,416.3076171875,415.0208740234,412.9150695801,411.1785888672,409.288482666,407.4711303711,405.7502441406,403.4098510742],"5":[999.3423461914,993.0998535156,986.1960449219,980.2178344727,973.072265625,967.2512207031,959.9833984375,952.4323120117,952.4865112305,959.9537353516,967.1429443359,973.2657470703,979.4665527344,985.8880615234,993.275390625,999.616394043],"6":[823.3399047852,823.9594116211,824.2257080078,823.8751831055,823.7608642578,823.4931640625,822.7755737305,823.0919799805,859.4777832031,859.6002807617,859.7785644531,860.0434570312,860.3132324219,860.2676391602,859.9348144531,859.9515380859],"7":[332.5256347656,335.4194946289,337.9505004883,340.5428771973,344.0814208984,347.3277587891,350.518157959,353.4841918945,386.9600219727,385.0113220215,381.9839172363,379.4945983887,376.9353942871,374.4454345703,372.8056640625,369.3443603516],"8":[820.8101806641,820.9787597656,821.124206543,821.0152587891,820.6519165039,820.6401977539,820.4219970703,821.0045166016,857.5774536133,857.4671630859,857.2855224609,857.0726318359,857.2644042969,857.6407470703,857.4331054688,857.428894043],"9":[316.2393493652,318.1469116211,320.4620666504,322.275390625,324.8622436523,326.8985595703,330.081817627,332.666015625,370.4678955078,368.1643066406,365.9124755859,364.2628173828,362.2630615234,360.2987976074,358.4004211426,356.591796875],"10":[358.7780761719,360.3659057617,363.0411071777,365.0832519531,367.2307128906,370.0436706543,371.6983032227,375.0018920898,405.9564208984,404.3419799805,402.1845703125,400.1337890625,398.5756225586,396.9243164062,394.7799987793,392.8473510742],"11":[822.3732910156,822.2822265625,822.6727294922,823.258605957,823.3212890625,822.8876953125,822.8480224609,823.1638183594,857.3726806641,857.2761230469,857.5656738281,857.4492797852,857.7272949219,857.8497924805,857.7548217773,857.8898925781],"12":[332.0137329102,332.4895935059,333.8111572266,334.5437011719,334.8240661621,335.3889465332,336.0780639648,337.0674133301,389.1974487305,389.0475158691,388.4465942383,387.8733825684,387.8593139648,387.4291992188,386.6557006836,386.6311035156]},"text":{"0":"Graher","1":"Georg","2":"Tirk","3":"Jaff","4":"Teich","5":"RD","6":"Griech","7":"Mamilla","8":"RI.","9":"Birket","10":"Ol-r","11":"St.","12":"T"},"score":{"0":0.9851080775,"1":0.9746040702,"2":0.9887429476,"3":0.9784588814,"4":0.9730027318,"5":0.8145352006,"6":0.9842072725,"7":0.9822784662,"8":0.9772756696,"9":0.9758418798,"10":0.902274251,"11":0.9682862163,"12":0.7990032434}}