{"polygon_x":{"0":[736.1519775391,758.3971557617,780.3974609375,804.1832275391,826.6635742188,848.3609008789,870.6904296875,893.8116455078,897.7258911133,874.7473754883,853.5332641602,829.3869018555,806.9848632812,784.2330322266,761.0785522461,736.8588256836],"1":[905.0310668945,919.5038452148,933.9693603516,947.7325439453,961.1478271484,974.5330200195,988.864440918,999.9700927734,999.982421875,988.796875,975.032409668,961.3109741211,947.6878662109,934.0215454102,920.4475097656,905.3051757812],"2":[664.1821289062,675.2770385742,688.5532226562,701.9212646484,715.0048217773,728.3372802734,738.6563110352,752.111328125,785.5347900391,774.4383544922,760.6657714844,747.0299682617,733.9722290039,720.5623779297,707.3192138672,695.8695068359]},"polygon_y":{"0":[97.4258880615,95.5303649902,95.2351226807,94.50390625,92.4410705566,91.370803833,91.3787384033,89.5344924927,152.6350708008,151.317276001,150.3946990967,151.3564605713,152.8124084473,152.5346374512,154.2584381104,155.9840087891],"1":[81.6411590576,81.4499511719,82.5988769531,83.6617279053,84.5574188232,85.3770599365,86.3703765869,87.3822784424,138.5402832031,138.8921203613,139.1657409668,139.1133422852,139.0866088867,138.9147033691,138.9883117676,138.8667907715],"2":[138.5585021973,116.314201355,94.3901519775,74.1913909912,52.7093505859,27.3555641174,11.4744415283,0.0100011239,8.6188116074,31.9871864319,51.9134063721,72.7888793945,94.0203857422,114.6733551025,136.9392242432,157.9882202148]},"text":{"0":"Berg","1":"des","2":"B-thlche"},"score":{"0":0.9821004272,"1":0.9862430692,"2":0.9675917029}}