{"polygon_x":{"0":[1248.7365722656,1269.2204589844,1290.0738525391,1311.0960693359,1331.8001708984,1351.4948730469,1372.4954833984,1394.0666503906,1399.7565917969,1376.8171386719,1355.3010253906,1333.3776855469,1313.1586914062,1291.3889160156,1270.0502929688,1248.6397705078],"1":[984.9321899414,1004.9398803711,1025.2097167969,1044.5382080078,1065.6402587891,1085.7690429688,1106.3537597656,1122.6301269531,1124.3249511719,1103.9190673828,1085.5240478516,1065.2199707031,1045.2808837891,1025.1497802734,1004.8320922852,984.2466430664],"2":[366.0515441895,366.6443481445,367.7464904785,368.4250793457,368.6994018555,369.8076171875,370.4792785645,371.5061340332,402.8345031738,402.4989013672,401.131652832,400.6873168945,400.6364135742,400.0960388184,400.1321411133,400.9455871582],"3":[258.1343383789,264.4733886719,271.0412597656,277.2329101562,282.5837097168,288.2122802734,293.1401672363,297.2871704102,297.3290405273,292.1588134766,285.8936767578,279.4110107422,273.8061523438,267.2073059082,262.0272827148,255.936126709],"4":[1777.6628417969,1780.1368408203,1783.41015625,1788.166015625,1791.4025878906,1792.6579589844,1794.9223632812,1795.9661865234,1773.8557128906,1771.8858642578,1768.7520751953,1767.1173095703,1764.0849609375,1761.9154052734,1760.6416015625,1759.7879638672]},"polygon_y":{"0":[1366.0900878906,1365.9913330078,1366.0355224609,1365.3693847656,1365.5187988281,1365.7045898438,1365.9329833984,1367.1994628906,1414.0327148438,1414.3414306641,1415.0728759766,1414.9361572266,1415.1398925781,1414.6722412109,1414.7122802734,1414.8702392578],"1":[1363.8450927734,1366.84765625,1366.626953125,1368.0172119141,1368.1884765625,1369.3559570312,1369.3149414062,1368.8737792969,1415.0726318359,1415.0017089844,1414.1282958984,1413.4343261719,1413.8803710938,1414.5965576172,1414.2213134766,1413.4622802734],"2":[1267.3161621094,1262.1812744141,1256.3209228516,1249.1630859375,1243.7624511719,1237.5363769531,1231.1196289062,1225.5112304688,1226.0474853516,1233.2624511719,1239.7448730469,1246.7985839844,1252.8806152344,1259.0240478516,1264.8068847656,1268.8896484375],"3":[898.4235229492,899.1357421875,900.3391723633,900.6123657227,900.9839477539,901.4343261719,901.4598388672,901.481262207,934.2321166992,934.7376708984,934.8275756836,934.7952270508,934.8104248047,934.8291015625,934.616027832,935.2157592773],"4":[927.9742431641,930.0348510742,932.9359741211,934.3456420898,937.0557250977,937.8305664062,940.0842285156,945.8977661133,969.4229125977,967.7949829102,964.1022338867,960.0867919922,957.2999267578,954.1055908203,950.7401123047,947.1582641602]},"text":{"0":"Sheik","1":"Kerm","2":"NE","3":"R","4":"3"},"score":{"0":0.9438030124,"1":0.8578160405,"2":0.5966986418,"3":0.4784703255,"4":0.4907996356}}