{"polygon_x":{"0":[665.8267822266,677.6075439453,690.6177368164,702.4144287109,714.819519043,728.3213500977,740.1360473633,753.3407592773,752.9652099609,740.8602905273,727.8625488281,714.9177856445,702.1522827148,689.5817260742,676.9576416016,664.3645019531],"1":[176.1145477295,194.149810791,211.717376709,230.1358795166,247.8750610352,266.4140014648,284.1822509766,301.4563903809,299.9324035645,281.1985778809,262.9796142578,245.1295471191,228.0955505371,209.640914917,191.5819091797,173.2161560059],"2":[1286.5067138672,1298.6999511719,1311.375,1323.6787109375,1336.3056640625,1350.5472412109,1364.1112060547,1376.0306396484,1374.6809082031,1362.6936035156,1349.6510009766,1337.0290527344,1324.6988525391,1311.3564453125,1298.8082275391,1286.083984375],"3":[440.5670166016,452.0391540527,464.3427734375,476.2406311035,488.3827514648,501.2311096191,513.9967041016,526.8129882812,524.9322509766,512.7260742188,499.409942627,487.4282226562,475.5220947266,463.134185791,450.7553710938,439.4416809082],"4":[159.3112030029,174.2425994873,190.0640106201,206.0150604248,220.7102203369,235.8593444824,250.2687835693,266.1879577637,266.4242248535,250.8163452148,234.9939880371,219.4740447998,204.6378326416,188.6384735107,173.1922302246,157.627822876],"5":[762.6134643555,787.0805664062,811.928894043,835.5244750977,859.7508544922,884.2637939453,908.6470947266,934.0606689453,933.6519165039,909.9816894531,884.8106689453,859.9147949219,835.954284668,810.5211181641,786.7341308594,762.1072387695],"6":[130.9203643799,156.3310089111,179.0380096436,202.4765014648,226.1019134521,249.7330322266,274.2991027832,300.5896606445,297.6414794922,275.5205993652,249.9163818359,225.2433624268,202.070602417,176.9993133545,153.3996734619,129.9730072021],"7":[31.4302959442,42.9016189575,55.1020202637,69.4500274658,82.3097686768,95.93724823,109.1506729126,123.4806976318,123.1438293457,109.1995925903,95.4054946899,81.9668884277,68.7024459839,55.7229537964,42.4868659973,27.9553394318],"8":[1767.0607910156,1784.2635498047,1801.8543701172,1816.8597412109,1832.7825927734,1847.4871826172,1862.0603027344,1874.9127197266,1874.8851318359,1861.8413085938,1847.1943359375,1831.3033447266,1815.9468994141,1800.0981445312,1783.7404785156,1766.1195068359],"9":[1384.0374755859,1409.9898681641,1437.3890380859,1463.4039306641,1489.2436523438,1516.2191162109,1542.3896484375,1571.1635742188,1570.0561523438,1543.9622802734,1517.1788330078,1489.5546875,1463.1137695312,1436.1967773438,1408.7545166016,1382.5782470703]},"polygon_y":{"0":[1128.8603515625,1128.0511474609,1127.99609375,1127.6212158203,1127.91796875,1127.9713134766,1128.0891113281,1128.0633544922,1174.1256103516,1173.396484375,1173.0344238281,1172.8669433594,1173.109375,1173.25,1173.7098388672,1173.8153076172],"1":[891.8034667969,891.6979980469,891.9549560547,891.7606201172,891.5255737305,892.4065551758,892.8588867188,893.0388183594,941.6641235352,939.3209838867,937.6522216797,936.9501953125,936.240234375,935.294128418,934.6409301758,934.2426147461],"2":[1052.6346435547,1051.2224121094,1050.2669677734,1049.4733886719,1049.2391357422,1048.8187255859,1048.3204345703,1047.5888671875,1095.3792724609,1095.4217529297,1095.5153808594,1095.6783447266,1096.1639404297,1096.5115966797,1096.9812011719,1097.2886962891],"3":[969.9525756836,969.6409912109,969.7453613281,969.3552246094,969.409362793,969.3622436523,968.9815063477,969.1428833008,1005.081237793,1004.2631225586,1004.3475952148,1004.7716674805,1004.9605712891,1005.1853027344,1005.6943969727,1005.5580444336],"4":[847.2860717773,847.1820678711,847.9421386719,847.9331665039,847.8137817383,847.8060302734,848.3448486328,848.2569580078,893.6449584961,893.9758300781,894.2593383789,894.5338745117,894.5472412109,894.5919189453,893.882019043,893.2239379883],"5":[1130.4934082031,1130.6378173828,1131.5655517578,1131.8430175781,1132.4527587891,1133.0593261719,1134.2080078125,1133.8962402344,1175.9761962891,1175.5704345703,1175.8353271484,1174.9451904297,1175.2534179688,1174.8009033203,1175.6773681641,1176.1522216797],"6":[1324.6008300781,1325.7512207031,1326.6655273438,1328.0792236328,1328.6264648438,1330.9710693359,1333.0751953125,1333.5837402344,1376.2707519531,1375.8433837891,1375.8181152344,1375.8237304688,1375.4172363281,1374.7387695312,1374.3211669922,1373.9127197266],"7":[1325.6444091797,1325.51171875,1325.0447998047,1325.2944335938,1324.8640136719,1324.3820800781,1323.8297119141,1323.9737548828,1374.2738037109,1372.8551025391,1372.5130615234,1371.8450927734,1372.2751464844,1372.3502197266,1372.6091308594,1372.5258789062],"8":[978.1730957031,979.1371459961,979.1977539062,979.3210449219,979.9943847656,981.1312866211,981.5751342773,982.0905761719,1022.0461425781,1022.8869018555,1023.6126098633,1023.6801757812,1023.3036499023,1023.5126953125,1023.2878417969,1023.1820678711],"9":[1050.6295166016,1051.5284423828,1052.4963378906,1055.0034179688,1055.6948242188,1056.37109375,1056.8209228516,1057.5006103516,1092.8448486328,1092.9781494141,1093.0871582031,1093.0194091797,1093.2485351562,1093.2471923828,1094.2481689453,1094.8889160156]},"text":{"0":"Old","1":"Heap","2":"Old","3":"2558","4":"Ash","5":"Cistern","6":"Cistern","7":"Old","8":"Cister","9":"Cisterno"},"score":{"0":0.9653146267,"1":0.9861770272,"2":0.9511607289,"3":0.9646039605,"4":0.9799465537,"5":0.9529440403,"6":0.9174587727,"7":0.9608792067,"8":0.9262288213,"9":0.8281854987}}