{"polygon_x":{"0":[752.3303222656,788.1491088867,821.8778076172,855.0048828125,889.2694091797,921.2186889648,954.928527832,989.3217163086,989.555847168,955.8606567383,921.6099243164,888.6572875977,854.8258056641,820.8500366211,787.2515869141,753.4474487305],"1":[1177.9056396484,1203.8096923828,1230.5592041016,1257.2847900391,1282.3253173828,1308.2243652344,1334.6199951172,1361.0260009766,1357.0677490234,1331.2534179688,1305.8151855469,1280.3432617188,1255.2908935547,1229.4691162109,1203.9382324219,1176.5324707031],"2":[1634.9697265625,1636.6389160156,1638.1175537109,1641.2502441406,1645.78125,1652.3863525391,1656.7103271484,1661.8115234375,1749.1163330078,1745.1094970703,1740.6278076172,1737.1799316406,1732.7775878906,1728.97265625,1725.3237304688,1720.6508789062],"3":[710.1622924805,736.2847290039,760.5328979492,784.7728881836,810.1376342773,833.5735473633,858.2577514648,883.754699707,884.0180053711,858.8132324219,833.7390136719,808.8664550781,784.3736572266,760.1017456055,735.9551391602,711.4475708008],"4":[733.4411010742,755.6411132812,776.1016845703,796.5783081055,817.4276123047,837.7561645508,858.5758056641,879.3074951172,878.3609008789,857.3943481445,836.1860961914,815.2191162109,794.6939086914,773.5798950195,752.7723999023,731.5992431641],"5":[532.8842163086,561.6126098633,590.4150390625,618.0686035156,645.9776000977,673.2294921875,700.9535522461,729.6430053711,728.7872314453,701.348815918,672.9608154297,645.6159057617,617.6419067383,589.4216308594,562.1536865234,533.1884765625],"6":[1438.8146972656,1452.8955078125,1465.9458007812,1479.1846923828,1492.0994873047,1504.3704833984,1517.4853515625,1530.1008300781,1530.6085205078,1517.7918701172,1504.3370361328,1491.7025146484,1479.1628417969,1466.7542724609,1453.3469238281,1440.5140380859],"7":[424.4978637695,437.2076721191,449.9255065918,462.7666931152,476.4119262695,489.6999206543,502.7697753906,515.2077636719,514.9638061523,502.7715759277,488.8813781738,475.5316772461,462.2520446777,449.1946411133,436.7409362793,423.155670166],"8":[1546.3603515625,1587.4373779297,1626.4893798828,1666.2105712891,1705.333984375,1744.7720947266,1783.4321289062,1826.8062744141,1823.3406982422,1785.8615722656,1746.3305664062,1706.4221191406,1666.0590820312,1626.4752197266,1588.4904785156,1548.3931884766],"9":[595.0905151367,602.7960205078,610.7742919922,618.9986572266,627.6433105469,637.5927124023,646.5120849609,653.2166748047,652.9295654297,647.0951538086,637.8358154297,628.9881591797,619.720703125,611.0955200195,603.4663696289,593.7790527344],"10":[659.6472167969,673.5326538086,686.2542724609,698.6669311523,710.9591064453,721.958984375,733.9512329102,747.9984741211,746.1360473633,736.1956787109,723.4701538086,711.0366821289,699.0073242188,686.5360107422,673.1770019531,659.0623168945],"11":[1755.0063476562,1755.9505615234,1757.1256103516,1761.0168457031,1763.6435546875,1765.3465576172,1763.5063476562,1764.0112304688,1825.8503417969,1826.3538818359,1825.6890869141,1825.0494384766,1823.6567382812,1822.6540527344,1820.7094726562,1816.5137939453],"12":[1295.1315917969,1297.7069091797,1300.4155273438,1303.484375,1307.0975341797,1312.5953369141,1315.9267578125,1322.9382324219,1339.7509765625,1334.6326904297,1332.1351318359,1330.0531005859,1327.6608886719,1323.8898925781,1320.4383544922,1318.5407714844],"13":[1152.1082763672,1182.3039550781,1209.2941894531,1238.7650146484,1266.7839355469,1294.3626708984,1321.7430419922,1346.6688232422,1348.0433349609,1324.4942626953,1295.2670898438,1268.0084228516,1239.6655273438,1212.1968994141,1184.1665039062,1152.8708496094],"14":[294.3072814941,294.9252319336,295.3274841309,295.7976379395,296.5244750977,297.2467651367,298.1192016602,298.446105957,328.4703063965,327.6502685547,326.6348876953,326.0667419434,325.4859924316,325.1484680176,324.2152404785,324.4166870117],"15":[1819.5943603516,1825.9144287109,1833.0086669922,1839.4117431641,1846.2445068359,1852.5295410156,1860.1284179688,1865.1878662109,1869.4110107422,1861.9301757812,1855.7219238281,1849.0350341797,1843.0100097656,1836.9918212891,1830.13671875,1822.8780517578],"16":[1362.3107910156,1371.9583740234,1379.6198730469,1387.4067382812,1395.3500976562,1404.8576660156,1413.4018554688,1421.7357177734,1422.5235595703,1415.1813964844,1407.1467285156,1397.2491455078,1388.6553955078,1380.8676757812,1372.8149414062,1363.7100830078],"17":[1481.0133056641,1501.5573730469,1548.2779541016,1583.0061035156,1628.2357177734,1679.9852294922,1735.3127441406,1804.7720947266,1872.5720214844,1802.974609375,1752.4027099609,1701.2609863281,1653.7980957031,1614.3212890625,1576.6306152344,1551.2808837891],"18":[1607.8760986328,1611.1982421875,1614.2908935547,1618.0845947266,1621.7208251953,1625.7421875,1628.2430419922,1632.6368408203,1690.5207519531,1686.5115966797,1683.1843261719,1679.7529296875,1675.931640625,1670.8917236328,1667.3575439453,1663.0979003906]},"polygon_y":{"0":[1315.4484863281,1317.7962646484,1318.2911376953,1317.3073730469,1318.7121582031,1318.3717041016,1317.0623779297,1318.19921875,1371.1876220703,1372.6259765625,1374.0518798828,1372.4010009766,1372.017578125,1372.2209472656,1372.0173339844,1369.8336181641],"1":[515.6911621094,516.9729614258,518.6758422852,518.6741943359,520.1352539062,521.5151977539,523.0548706055,522.86328125,563.9782714844,563.3498535156,562.6270751953,562.6202392578,562.4229125977,561.6677856445,561.8303222656,561.314453125],"2":[835.4340820312,826.2430419922,817.91796875,808.2661132812,798.6369018555,787.286315918,777.8258056641,768.3604125977,803.6727294922,808.0531005859,818.2388305664,825.8628540039,834.0260620117,844.4528198242,857.1116333008,867.4362182617],"3":[1269.0390625,1268.6175537109,1268.1929931641,1267.5916748047,1268.8568115234,1269.0836181641,1268.6193847656,1269.2648925781,1319.8845214844,1320.1043701172,1319.5762939453,1319.8681640625,1319.7860107422,1319.2844238281,1319.3912353516,1318.7396240234],"4":[206.7947845459,207.1213226318,208.1731872559,208.2815246582,209.00340271,209.6764373779,210.056350708,211.5977478027,253.524017334,253.4571685791,252.6944732666,252.7986755371,252.8336639404,252.6622467041,252.8183135986,252.2939910889],"5":[340.5836181641,340.7463989258,341.5887756348,342.0763244629,342.3583374023,342.949005127,343.3349914551,344.5547485352,385.860748291,385.2639465332,385.4751586914,385.4497680664,385.2213134766,385.5141906738,385.4532775879,385.5482177734],"6":[44.8989257812,44.6162414551,43.9275550842,43.5826835632,43.5075302124,42.884967804,42.8144226074,46.6535110474,96.4477386475,97.1483840942,97.6028137207,97.4233779907,97.4035263062,97.7312545776,97.2747039795,96.683013916],"7":[338.2982788086,337.5183105469,337.6203308105,337.1847229004,338.2533874512,338.4020690918,338.3017578125,338.2514343262,385.5625915527,385.6723937988,385.1788635254,385.474029541,385.3851928711,385.6170654297,385.4705200195,385.2465209961],"8":[44.4554214478,45.2192611694,45.0813598633,44.9697151184,45.3540840149,44.9951782227,43.8126525879,42.773727417,95.8560714722,94.7811889648,94.6497344971,94.8873901367,95.5990753174,95.9668045044,95.8879165649,95.4720306396],"9":[1321.1905517578,1320.0366210938,1318.7963867188,1318.4206542969,1318.6823730469,1317.9506835938,1316.9635009766,1317.3653564453,1369.5228271484,1370.4548339844,1370.5749511719,1370.5549316406,1370.7825927734,1370.9409179688,1370.9739990234,1370.0250244141],"10":[1318.2850341797,1318.4368896484,1318.0057373047,1317.4234619141,1317.3540039062,1317.1160888672,1315.8729248047,1317.9653320312,1368.3291015625,1368.923828125,1369.134765625,1369.8909912109,1370.1053466797,1370.7291259766,1370.3234863281,1369.4853515625],"11":[664.0095825195,652.212890625,635.5291137695,619.8925170898,604.7732543945,590.6351318359,580.6218261719,573.4613647461,563.4922485352,579.3336791992,594.7593994141,610.2963867188,625.1956176758,640.2373657227,652.9158325195,666.905456543],