{"polygon_x":{"0":[602.8726806641,631.7780761719,660.1187744141,689.5835571289,716.7639160156,743.9306640625,770.8885498047,800.4507446289,790.915222168,760.0744628906,731.8916015625,702.5088500977,673.4141235352,644.0925292969,613.8427124023,587.2813110352],"1":[536.8479614258,545.1845703125,554.6807250977,564.0565795898,573.9596557617,584.8062744141,593.6913452148,602.455871582,601.4598999023,592.7855834961,583.5416870117,574.0737304688,564.4041748047,555.3096923828,546.1370849609,536.705078125],"2":[506.1545715332,517.4253540039,528.9378662109,539.6699829102,550.760559082,562.5473022461,573.8548583984,585.6671142578,586.1440429688,573.8551635742,562.0064697266,550.9733276367,539.5319824219,528.2455444336,517.1823120117,505.2420654297],"3":[524.1923828125,543.6667480469,563.0263061523,581.8298950195,601.6875,620.1458740234,638.7384033203,658.7676391602,659.0678710938,640.0557250977,619.9279785156,600.3274536133,581.5331420898,562.364074707,542.9945678711,524.0675048828],"4":[534.9415283203,541.8853759766,549.916015625,557.6970825195,565.5037231445,573.6867675781,582.6560668945,589.882019043,565.223449707,556.3596801758,548.7836914062,540.0149536133,531.9273071289,523.5405883789,514.1771240234,505.3760375977],"5":[381.7658691406,394.7847900391,407.4544067383,419.2994995117,431.9202880859,443.7636108398,455.8262939453,467.9494018555,467.3290710449,456.1419677734,443.142578125,429.9673461914,417.6506652832,405.3821716309,393.2310791016,380.2393493652],"6":[467.3941650391,476.1727905273,486.0144958496,495.6810302734,505.6645812988,515.443359375,524.2305908203,532.7935180664,532.5107421875,524.4057006836,514.2473754883,504.1323852539,495.0321960449,486.0385131836,475.7411804199,465.7729187012],"7":[828.7835083008,835.7281494141,840.5024414062,846.2485961914,852.7223510742,859.196472168,865.0875244141,870.7438964844,869.5079345703,865.0180053711,858.1890258789,851.938659668,845.0461425781,838.959777832,833.8706054688,825.8604736328],"8":[13.690952301,21.8343048096,29.2003059387,36.8928031921,44.4636688232,52.083946228,60.1541862488,68.0731735229,67.6689834595,58.8386802673,50.3379020691,43.1561813354,35.4998779297,28.1070861816,20.0988292694,12.7232866287],"9":[472.8343200684,479.3879394531,484.9988098145,492.153503418,498.3456115723,505.6196289062,512.8478393555,519.1823120117,519.4242553711,514.410949707,507.256439209,499.7803344727,493.3728637695,487.4808349609,481.0551452637,473.0768127441],"10":[674.725769043,680.4692993164,685.6907958984,691.1669311523,696.0247802734,699.8605957031,704.8862915039,709.9058837891,710.3934326172,706.9846801758,703.4558105469,696.8179321289,689.6624755859,683.8791503906,678.4382324219,674.5746459961],"11":[673.9688110352,686.0165405273,698.1434326172,711.5342407227,724.8272094727,739.1239624023,753.5703125,766.0510864258,763.6267700195,753.3447265625,740.1636962891,725.4838867188,712.4301757812,699.6962280273,685.922668457,672.6337280273]},"polygon_y":{"0":[483.6432189941,493.2985839844,501.2383728027,509.8683776855,516.4465332031,522.1950683594,525.8457641602,530.0220336914,582.0682983398,575.9124145508,569.9097290039,563.5244750977,556.1911010742,548.6477050781,540.6600341797,532.2510986328],"1":[73.8414459229,73.3160247803,73.555557251,73.1562194824,72.9088973999,72.0913696289,71.8312911987,71.635055542,109.6338806152,109.2597885132,109.0786132812,109.014793396,109.0744094849,109.2580795288,109.6046905518,110.0160446167],"2":[556.3918457031,556.6593017578,556.2033691406,556.1340942383,556.0392456055,555.8366088867,555.3796386719,555.5479736328,591.1698608398,590.9057006836,590.7890625,590.5668945312,590.7073364258,590.8134155273,591.0479736328,591.8825683594],"3":[32.723991394,32.6797866821,32.7884254456,33.8168029785,34.1627311707,34.5254020691,34.3820915222,34.9426002502,70.8006668091,69.9729995728,69.9275588989,70.1800537109,70.2362594604,70.2074661255,70.1704330444,69.7907867432],"4":[447.020324707,451.2769165039,456.4980163574,461.6524963379,467.2186279297,473.2587890625,480.1454772949,489.5661621094,524.9622802734,518.9020996094,513.3572387695,508.064666748,502.3008728027,496.6585388184,491.3779907227,486.5649108887],"5":[30.2114105225,30.9403362274,32.112663269,32.8152694702,33.172077179,33.2912330627,33.8556175232,34.6142044067,70.7105560303,70.5600967407,70.3910903931,70.1471710205,69.9794845581,70.0635528564,70.1361618042,70.1891860962],"6":[73.0966262817,73.4367828369,73.9963378906,74.7220458984,74.873550415,75.2381744385,75.4378433228,75.986618042,110.0601348877,110.1981048584,109.9310684204,109.7103347778,109.4767684937,109.3340454102,109.4652099609,109.1899337769],"7":[51.0610923767,51.4565696716,51.8561439514,52.1835441589,52.1937065125,51.9633636475,51.9403114319,52.1512565613,91.8534698486,91.635269165,91.3001403809,91.2103652954,91.1610488892,90.9437866211,90.8066635132,90.6075057983],"8":[49.1490783691,49.5432052612,50.2730026245,50.4084205627,50.5015029907,50.5836410522,51.3213882446,51.436466217,80.2424240112,80.6818618774,80.0547409058,79.4703216553,79.3151550293,78.9261703491,78.8197555542,78.8900985718],"9":[35.3028030396,35.6541595459,35.4254150391,35.2471542358,34.9052505493,34.1299591064,33.0001831055,32.7162818909,69.7158737183,69.9863891602,70.4253616333,70.9673156738,71.0644378662,71.5542907715,72.2644958496,72.2035293579],"10":[30.8596897125,30.8901767731,31.4354705811,31.9092235565,32.0479125977,32.2436714172,32.2372436523,33.0978355408,65.9186859131,65.9769821167,65.5012512207,65.5017547607,66.1394195557,66.6201934814,66.6749954224,67.2234802246],"11":[29.3505401611,30.0069484711,30.3598232269,30.1843395233,30.562253952,30.411649704,29.3370933533,29.4567584991,69.0760879517,68.6991195679,68.8569793701,68.6945648193,68.9241867065,68.1155700684,67.7469100952,68.3312225342]},"text":{"0":"Bethany","1":"Pl.","2":"2258","3":"Section","4":"To","5":"Line","6":"See","7":"B","8":"666","9":"of","10":"A","11":"A."},"score":{"0":0.9817724228,"1":0.9752420783,"2":0.9498417377,"3":0.9693961143,"4":0.9692530632,"5":0.9648787975,"6":0.9616189599,"7":0.9065151215,"8":0.7799326777,"9":0.9648559093,"10":0.455304265,"11":0.5472664237}}