{"polygon_x":{"0":[36.3371238708,63.3455314636,86.3250808716,110.3559036255,134.4323120117,159.2219543457,183.745010376,207.0445251465,205.4214630127,181.4702148438,155.9956817627,131.7846221924,107.741027832,83.2934265137,59.5483360291,35.5162315369],"1":[45.5692672729,79.3887023926,111.1930770874,143.6351318359,175.5801544189,207.5037536621,240.0321960449,272.6284484863,270.3584289551,237.1252441406,205.1083831787,172.480758667,140.3651428223,108.0625457764,75.9120025635,44.0092964172],"2":[28.419002533,67.2495269775,105.917755127,145.8911895752,184.5881500244,223.6654663086,262.4406738281,301.1720581055,298.0859375,258.6266479492,221.3499755859,181.2901763916,143.088760376,104.7037124634,65.3288192749,27.2700977325],"3":[1137.9702148438,1161.353515625,1185.7509765625,1208.4461669922,1231.7077636719,1254.1865234375,1277.3444824219,1302.5246582031,1301.9187011719,1278.6331787109,1255.6644287109,1231.7062988281,1208.5842285156,1185.0728759766,1161.2559814453,1137.2780761719],"4":[627.5364990234,649.5051269531,671.0270385742,692.6024780273,714.5307006836,735.4921264648,757.4434814453,779.3180541992,779.4255371094,755.7791137695,734.3518676758,712.7487792969,691.4931640625,669.5171508789,647.5596923828,625.1821289062],"5":[630.4410400391,650.9119873047,670.7048339844,690.6233520508,711.0678100586,731.0606079102,750.8358764648,770.6359863281,768.4783935547,748.2092285156,727.5875244141,707.001953125,687.5284423828,667.3567504883,647.0591430664,627.0341186523],"6":[1578.8012695312,1587.6331787109,1595.8093261719,1603.7893066406,1611.0926513672,1619.2962646484,1628.5059814453,1637.1240234375,1643.0274658203,1633.8187255859,1625.5301513672,1616.7830810547,1608.4260253906,1600.5906982422,1592.4593505859,1584.0133056641],"7":[1100.5139160156,1119.5545654297,1138.4802246094,1156.4147949219,1176.2647705078,1195.1594238281,1214.0396728516,1233.9040527344,1232.6097412109,1213.8791503906,1194.4371337891,1175.1845703125,1156.4235839844,1137.4116210938,1118.1820068359,1099.6099853516],"8":[1691.2994384766,1697.2075195312,1705.1104736328,1712.22265625,1719.4729003906,1727.3812255859,1734.4346923828,1742.6899414062,1704.5428466797,1696.2506103516,1688.7987060547,1681.2797851562,1673.6154785156,1666.7161865234,1659.4979248047,1650.7729492188],"9":[783.9048461914,791.8281860352,800.0407104492,808.5829467773,817.1083984375,825.9233398438,834.0798339844,842.6948852539,840.708190918,832.7116088867,823.5379638672,814.8166503906,806.3641967773,797.440246582,789.5303955078,780.1132202148],"10":[303.6161193848,324.388671875,344.55859375,365.6260986328,386.4576721191,407.1350708008,427.6008300781,448.5,445.4701538086,424.5916137695,403.9199523926,383.2215881348,363.0981750488,342.039642334,321.0414428711,301.1916503906],"11":[1375.1726074219,1383.2335205078,1392.2625732422,1401.1705322266,1409.5422363281,1419.1036376953,1427.7275390625,1437.3376464844,1439.6727294922,1429.7814941406,1421.0424804688,1412.0671386719,1403.4978027344,1394.8563232422,1386.080078125,1377.2186279297],"12":[871.6576538086,884.048828125,896.4515380859,908.9509887695,921.8153686523,936.1095581055,951.2943115234,968.1974487305,968.2629394531,952.7911987305,936.9011230469,923.3737792969,909.7968139648,896.6001586914,883.6768188477,869.834777832],"13":[1297.4826660156,1312.0208740234,1326.8958740234,1340.4324951172,1355.0615234375,1368.8636474609,1383.2957763672,1396.4227294922,1396.3740234375,1382.6958007812,1368.4189453125,1354.2713623047,1340.3687744141,1326.1890869141,1311.6729736328,1297.0867919922],"14":[286.8273620605,309.3870239258,332.9241333008,357.1254272461,380.2283935547,402.5772705078,425.6823730469,448.7997741699,446.6279907227,423.1018066406,399.5793762207,376.9148864746,354.2666625977,331.2373352051,307.9461364746,285.5947265625],"15":[1612.8828125,1635.79296875,1656.4051513672,1677.7315673828,1698.0656738281,1718.9245605469,1739.2919921875,1760.3354492188,1755.1395263672,1733.7010498047,1712.123046875,1690.8382568359,1669.6391601562,1648.1395263672,1624.9019775391,1605.18359375],"16":[253.169128418,274.353302002,294.5990905762,315.5994873047,337.180847168,358.227142334,379.8280334473,401.3156433105,399.6863708496,377.1549377441,356.1981811523,335.1165161133,314.2627258301,292.9780273438,271.5954589844,251.2647247314],"17":[1177.9721679688,1186.6798095703,1196.3344726562,1206.5590820312,1215.3634033203,1225.5261230469,1235.5964355469,1246.1083984375,1246.5496826172,1236.0794677734,1226.4475097656,1217.23828125,1208.0141601562,1198.5020751953,1189.6551513672,1180.1286621094],"18":[0.2097663879,29.7607383728,60.7047958374,93.9168777466,127.7516937256,163.3067321777,198.8065185547,237.6441192627,237.5325012207,200.2035675049,163.6518249512,129.3312683105,93.8314056396,61.3252639771,28.9103126526,0.2024150938],"19":[981.4727783203,991.8487548828,1002.3505859375,1013.0464477539,1022.3161621094,1032.2730712891,1042.6740722656,1052.6854248047,1060.3687744141,1048.3472900391,1037.8902587891,1026.9261474609,1015.5252075195,1004.819152832,995.2828369141,984.7694702148],"20":[1788.7764892578,1797.8555908203,1807.1850585938,1815.5178222656,1824.4078369141,1833.9525146484,1843.0141601562,1852.2663574219,1858.1168212891,1847.6920166016,1839.9147949219,1831.5572509766,1823.5294189453,1815.1900634766,1805.6701660156,1795.7153320312],"21":[1591.4367675781,1597.8270263672,1602.8629150391,1608.2919921875,1613.8415527344,1619.4155273438,1623.7060546875,1627.7344970703,1596.033203125,1591.1336669922,1586.3752441406,1582.8319091797,1576.3990478516,1571.0607910156,1566.0482177734,1559.5509033203],"22":[1094.6221923828,1116.6584472656,1139.7052001953,1162.7325439453,1187.509765625,1208.4327392578,1232.1663818359,1252.1802978516,1252.9926757812,1233.4464111328,1210.3927001953,1186.4693603516,1162.3009033203,1139.0515136719,1116.8364257812,1093.4274902344],"23":[1818.4645996094,1827.5395507812,1836.4288330078,1844.3918457031,1852.8547363281,1859.9144287109,1868.1981201172,1874.9438476562,1873.9381103516,1862.4821777344,1852.5068359375,1842.9799804688,1834.6292724609,1826.6518554688,1816.3924560547,1806.3046875],"24":[218.3039550781,250.0020751953,281.0678405762,313.1070861816,343.0053710938,374.7924194336,405.5228271484,437.4518432617,434.8759765625,401.7742919922,370.5900878906,339.607421875,309.1872253418,278.1171264648,246.9577331543,215.2469787598],"25":[1548.0882568359,1566.8702392578,1589.0672607422,1611.1273193359,1633.8857421875,1655.9172363281,1677.3787841797,1696.1649169922,1699.5455322266,1679.4802246094,1658.3034667969,1636.1137695312,1612.0556640625,1592.8577880859,1571.5638427734,1550.1815185547],"26":[1095.919921875,1117.3668212891,1140.9366455078,1162.1896972656,1186.2541503906,1207.3270263672,1231.1672363281,1253.1041259766,1252.3728027344,1232.6149902344,1209.1602783203,1185.0257568359,1162.6505126953,1140.4306640625,1117.9439697266,1093.1020507812],"27":[1464.6501464844,1472.8156738281,1482.3562011719,1491.7269287109,1500.8068847656,1509.7075195312,1519.1170654297,1529.1772460938,1513.4135742188,1502.5623779297,1491.7883300781,1483.6822509766,1474.5133056641,1465.8391113281,1457.0119628906,1446.5018310547],"28":[1246.5739746094,1255.4215087891,1265.3682861328,1274.8790283203,1284.3294677734,1294.353515625,1304.3568115234,1314.8986816406,1306.7430419922,1294.6253662109,1281.984375,1272.7951660156,1263.46484375,1253.9346923828,1244.2705078125,1233.1859130859]},"polygon_y":{"0":[612.6954345703,616.7047729492,617.698059082,619.3890380859,621.7690429688,622.1359863281,625.4509887695,625.4609375,670.471496582,668.4743041992,666.3254394531,664.7622680664,663.0025634766,660.9183349609,658.9920043945,657.1615600586],"1":[501.4077453613,501.2805480957,502.8366699219,504.4020080566,505.9088439941,507.2508544922,508.3403930664,508.8930358887,562.7995605469,562.241027832,559.5614624023,558.0068359375,556.6978759766,554.779296875,553.9688720703,553.1034545898],