{"polygon_x":{"0":[467.7365722656,484.5032348633,500.2438964844,515.4854736328,531.4252319336,547.673828125,563.7141113281,579.7420654297,577.9469604492,562.3289794922,545.6207885742,529.1054077148,513.1971435547,496.9426879883,481.1311950684,464.8422851562],"1":[475.2673339844,492.5205078125,509.115814209,524.8806762695,541.7299804688,558.629699707,575.4417114258,592.0641479492,589.4574584961,573.9453125,556.8921508789,540.0147705078,523.2191772461,506.4632568359,490.1395263672,472.8079528809],"2":[548.0310058594,568.0119628906,587.8690795898,606.8389282227,627.2717285156,647.0187988281,667.4134521484,687.8375244141,685.422668457,665.7924804688,645.5611572266,625.2863769531,605.3947143555,585.3839111328,565.8200683594,545.6729736328],"3":[1.2782692909,14.1445760727,26.2199878693,39.1259880066,51.3352813721,63.9240074158,77.7662658691,88.635925293,88.7085342407,74.0692214966,61.5664596558,49.5055656433,37.6941871643,24.8467712402,12.9759540558,0.4027681649],"4":[509.3941040039,514.3706054688,518.5469360352,523.9829711914,528.2443237305,534.2955932617,538.7350463867,543.6132202148,545.88671875,542.0668945312,537.4285888672,531.4865722656,525.5673217773,520.3833007812,515.9594726562,509.9553527832]},"polygon_y":{"0":[717.7135620117,719.1667480469,720.3145141602,721.2040405273,722.0028686523,722.6731567383,723.3163452148,722.8037109375,766.9203491211,765.9834594727,765.8428955078,765.4359130859,764.8360595703,764.6446533203,764.7751464844,764.1956787109],"1":[835.0142822266,835.5188598633,836.8768310547,837.6032714844,837.9432373047,838.5546875,839.8806762695,839.7783813477,886.4393310547,885.9584350586,885.6002807617,885.4575805664,885.1531982422,885.1172485352,885.5795898438,885.5435791016],"2":[1054.6025390625,1055.103515625,1055.138671875,1055.3267822266,1056.1614990234,1056.5845947266,1056.5902099609,1056.5716552734,1106.1700439453,1106.2593994141,1105.8254394531,1105.3287353516,1104.4322509766,1104.6026611328,1104.3900146484,1103.7615966797],"3":[994.1090087891,993.6703491211,993.6852416992,994.0692749023,994.3298950195,994.5811767578,994.4264526367,995.1094970703,1032.1773681641,1032.0416259766,1030.4704589844,1029.6209716797,1029.5565185547,1029.2662353516,1029.3748779297,1029.2803955078],"4":[1064.5179443359,1065.0726318359,1065.642578125,1065.1197509766,1064.7769775391,1064.07421875,1063.5242919922,1062.5344238281,1106.0915527344,1106.6550292969,1106.1403808594,1106.0473632812,1106.4743652344,1107.4979248047,1107.9266357422,1108.3664550781]},"text":{"0":"Cove","1":"Cave","2":"Tomb","3":"rns","4":"J"},"score":{"0":0.9672332406,"1":0.973511219,"2":0.980132699,"3":0.4769655168,"4":0.5400358438}}