{"polygon_x":{"0":[113.3920669556,125.9314575195,138.3090209961,151.179977417,163.2011260986,175.5398406982,187.6516571045,201.0016174316,201.3147277832,188.2598266602,175.8735046387,163.9800567627,151.6833496094,138.9785003662,126.9295196533,114.1446151733],"1":[1769.3022460938,1785.5944824219,1801.6578369141,1816.6499023438,1831.9763183594,1846.9808349609,1861.9556884766,1874.8991699219,1874.9295654297,1862.1944580078,1847.4305419922,1832.4715576172,1817.1131591797,1801.8942871094,1786.7130126953,1769.5239257812],"2":[1459.7940673828,1488.9583740234,1518.8150634766,1547.8608398438,1576.5452880859,1605.6723632812,1635.0561523438,1663.7958984375,1661.8441162109,1633.6091308594,1604.5307617188,1575.7259521484,1546.7747802734,1517.5178222656,1489.0710449219,1459.8070068359],"3":[1375.78125,1373.0141601562,1373.5220947266,1373.6257324219,1372.4221191406,1371.3690185547,1372.2601318359,1375.3491210938,1310.6087646484,1310.0623779297,1308.9525146484,1308.4929199219,1308.3199462891,1308.8497314453,1309.4643554688,1307.4676513672],"4":[1376.2321777344,1375.3665771484,1376.3549804688,1378.5797119141,1379.5554199219,1378.0379638672,1377.0766601562,1375.1026611328,1301.9860839844,1304.1223144531,1306.2795410156,1307.3635253906,1306.5616455078,1306.2429199219,1305.6447753906,1303.6209716797]},"polygon_y":{"0":[1320.8189697266,1320.6411132812,1320.6301269531,1320.3763427734,1320.3859863281,1319.9774169922,1319.9984130859,1319.4594726562,1354.3913574219,1354.115234375,1353.7514648438,1354.0183105469,1353.9949951172,1354.3757324219,1354.0098876953,1354.1032714844],"1":[986.8934936523,986.9362182617,986.7680053711,986.6427001953,986.6356201172,986.3182983398,987.2139282227,987.4099731445,1028.7094726562,1030.5550537109,1030.6708984375,1030.8820800781,1031.1402587891,1031.4538574219,1031.7813720703,1032.2517089844],"2":[204.8017425537,204.645980835,205.3177947998,205.9980163574,206.1825866699,207.105758667,208.3770904541,209.644821167,253.6768798828,252.7356414795,252.6686859131,252.9012298584,252.4583282471,252.1112670898,252.2809143066,252.4999237061],"3":[175.7562103271,183.8396453857,197.7245635986,211.408493042,225.2462158203,240.5876617432,252.8276977539,266.4337768555,262.2382507324,246.8531494141,232.0525512695,219.9046783447,207.4091186523,196.845916748,183.695602417,172.4165802002],"4":[50.6325531006,60.7563171387,70.6541824341,80.6042404175,94.0864868164,105.395652771,112.8598861694,118.6068267822,103.549911499,106.7933502197,100.34375,91.7197189331,78.8872299194,69.6381835938,59.1547622681,54.8108139038]},"text":{"0":"2382","1":"Ciste","2":"Cisterns","3":"W","4":"O"},"score":{"0":0.9453044534,"1":0.9675810933,"2":0.972805202,"3":0.9014939666,"4":0.5095732212}}