{"polygon_x":{"0":[1060.0720214844,1074.4990234375,1089.3491210938,1103.5495605469,1118.2221679688,1132.6990966797,1147.24609375,1161.9416503906,1173.9979248047,1160.0031738281,1145.1314697266,1132.4263916016,1118.4517822266,1104.5178222656,1092.0102539062,1081.2087402344],"1":[1015.3599853516,1043.9001464844,1073.0810546875,1101.0340576172,1129.9426269531,1158.5010986328,1187.3345947266,1216.5623779297,1215.9555664062,1186.75,1158.2001953125,1130.2331542969,1101.0661621094,1072.1145019531,1043.1353759766,1013.9513549805],"2":[1017.3018798828,1024.2058105469,1029.3037109375,1034.8327636719,1039.9149169922,1045.5767822266,1050.5728759766,1056.9860839844,1079.3767089844,1072.81640625,1065.1577148438,1060.3062744141,1054.1947021484,1048.5546875,1044.4379882812,1039.1496582031],"3":[1813.6182861328,1823.8155517578,1833.9294433594,1841.2049560547,1849.7088623047,1857.5520019531,1865.9150390625,1874.7125244141,1874.8680419922,1866.4918212891,1858.2231445312,1850.1655273438,1841.6624755859,1833.4099121094,1823.6374511719,1813.4844970703]},"polygon_y":{"0":[336.5736083984,324.3858642578,314.774017334,306.449005127,298.9017333984,292.6600952148,286.3866577148,280.8136291504,310.7715148926,316.540435791,323.6142578125,330.1702575684,338.0328369141,347.9148254395,357.4865112305,368.6808776855],"1":[435.1694641113,434.3399047852,434.4488830566,435.3046875,435.7197875977,436.1134338379,435.4193725586,436.7019348145,481.290802002,480.8662414551,481.6863098145,482.1875305176,482.4081420898,482.7934265137,483.2157287598,483.2585144043],"2":[379.279296875,372.6026306152,368.8973388672,364.455291748,360.1091003418,355.2744445801,350.4629516602,344.9648132324,372.9189147949,379.9996337891,386.6145629883,390.6640319824,395.5430908203,399.7442932129,403.9538269043,408.5933227539],"3":[705.5892944336,704.3401489258,702.7313232422,702.2607421875,703.138671875,703.5012817383,703.7218017578,706.9993286133,749.625793457,750.90625,750.5587768555,750.4074707031,749.934387207,749.3704833984,749.1003417969,748.1224975586]},"text":{"0":"Gaza","1":"Cisterns","2":"To","3":"Cis"},"score":{"0":0.9776206613,"1":0.9744288921,"2":0.9592760205,"3":0.9491690397}}