{"polygon_x":{"0":[1625.8753662109,1662.0794677734,1699.4263916016,1736.7856445312,1771.857421875,1807.3897705078,1843.1625976562,1874.7996826172,1874.8967285156,1844.3442382812,1808.6396484375,1772.7147216797,1736.6265869141,1700.3666992188,1663.9088134766,1626.1710205078],"1":[385.8792419434,427.1719360352,468.0374145508,509.5289001465,550.6381835938,590.2495727539,630.4637451172,680.0980224609,684.16015625,637.6677856445,595.8121337891,551.9485473633,510.0262756348,467.5511474609,426.1721191406,385.9241943359],"2":[1689.4017333984,1716.453125,1742.7874755859,1769.2635498047,1794.5814208984,1821.6201171875,1848.5352783203,1873.9600830078,1874.431640625,1848.6876220703,1822.1733398438,1795.61328125,1769.4932861328,1743.4957275391,1717.3486328125,1690.2548828125],"3":[1590.2772216797,1625.689453125,1662.5511474609,1699.3157958984,1734.9014892578,1771.6644287109,1808.5621337891,1845.2315673828,1845.2821044922,1809.1068115234,1772.3953857422,1735.6170654297,1699.2338867188,1663.3685302734,1626.1900634766,1590.1575927734],"4":[1743.5141601562,1756.5118408203,1770.9822998047,1785.3111572266,1799.1751708984,1813.2071533203,1827.4368896484,1842.3668212891,1842.6474609375,1827.8474121094,1813.8541259766,1799.5227050781,1785.4442138672,1771.6392822266,1757.8195800781,1743.65625],"5":[1671.7430419922,1698.5563964844,1725.9476318359,1752.9991455078,1778.6872558594,1805.1530761719,1832.3149414062,1859.3447265625,1859.2624511719,1833.7010498047,1806.2258300781,1779.0942382812,1753.3635253906,1726.4721679688,1700.060546875,1672.5867919922],"6":[897.8804931641,909.9163818359,921.7088012695,933.1976318359,945.4158325195,957.8909301758,970.1936645508,983.3255004883,983.8302612305,971.6823120117,959.3604736328,947.7005004883,935.4701538086,923.463684082,911.7185668945,899.0708618164],"7":[554.737121582,580.1070556641,606.9323730469,632.4039916992,658.8941040039,684.3990478516,710.5582885742,738.6641845703,737.9205932617,712.1125488281,684.7662963867,658.4896240234,632.7979125977,606.5526123047,579.0799560547,553.4732666016],"8":[1599.6401367188,1616.7219238281,1633.5534667969,1651.3354492188,1668.5643310547,1685.646484375,1702.7509765625,1720.9624023438,1721.2495117188,1703.2908935547,1686.1962890625,1669.5716552734,1652.3957519531,1635.3369140625,1618.4953613281,1600.6588134766],"9":[837.9875488281,849.9389648438,861.2403564453,873.3521728516,885.7072753906,898.2622680664,909.7995605469,922.4905395508,923.8483276367,911.4658203125,899.0123901367,886.828918457,874.8258056641,862.9739990234,850.6634521484,838.8203735352],"10":[1607.9117431641,1626.5227050781,1646.2098388672,1663.7916259766,1681.6781005859,1700.9298095703,1719.9172363281,1737.4803466797,1738.984375,1720.1812744141,1701.5146484375,1682.3510742188,1664.0977783203,1645.9810791016,1627.1848144531,1607.7932128906],"11":[967.6294555664,986.4995117188,1005.852355957,1024.517578125,1044.046875,1063.1896972656,1082.7971191406,1102.2620849609,1100.8785400391,1082.3562011719,1062.7940673828,1043.1693115234,1024.0939941406,1005.1694335938,986.3511352539,966.3724975586],"12":[764.6974487305,791.0371704102,817.6657714844,844.7050170898,872.2155151367,898.9537963867,925.9452514648,953.846496582,954.0099487305,926.8654785156,899.3704223633,872.5825805664,844.724609375,817.3472900391,791.4458007812,762.9456176758],"13":[148.1936035156,169.6419067383,191.5304718018,213.9219970703,235.4972991943,257.4664001465,279.1875,299.6746520996,299.8029174805,279.5645141602,257.5309143066,236.4868469238,214.807144165,193.0161590576,171.674118042,151.070098877],"14":[1618.9337158203,1646.2287597656,1676.3438720703,1706.2575683594,1734.3022460938,1763.0441894531,1790.8914794922,1820.5767822266,1824.6722412109,1796.3552246094,1766.6762695312,1736.9074707031,1706.4842529297,1676.1612548828,1644.4155273438,1617.5423583984],"15":[384.8512268066,404.7261657715,426.5123596191,448.723236084,469.3888244629,490.7200317383,513.0744628906,536.7601928711,537.3751220703,517.2848510742,493.7919311523,471.5287780762,449.8449401855,427.5155639648,404.5054321289,383.8120727539],"16":[1828.3425292969,1835.6275634766,1841.7689208984,1847.6734619141,1852.3559570312,1856.6577148438,1861.4284667969,1865.2484130859,1874.4393310547,1868.5615234375,1864.1298828125,1859.2467041016,1854.1867675781,1849.3464355469,1843.232421875,1837.5209960938],"17":[846.4522705078,870.0658569336,895.0472412109,918.2889404297,943.0673828125,965.7677001953,988.4685058594,1016.5443725586,1018.821472168,991.8145141602,967.0789794922,942.4736938477,919.2639770508,895.9778442383,871.0974731445,846.0400390625],"18":[1062.2556152344,1075.2076416016,1086.3153076172,1096.5596923828,1106.6833496094,1119.8040771484,1129.4776611328,1142.6262207031,1146.8353271484,1136.3974609375,1127.1998291016,1116.1439208984,1102.5657958984,1091.4113769531,1080.6928710938,1068.7757568359],"19":[1503.1075439453,1513.9849853516,1526.1619873047,1537.8033447266,1548.4669189453,1559.5177001953,1570.4259033203,1583.2846679688,1585.0780029297,1574.4106445312,1561.4611816406,1549.3858642578,1538.0939941406,1526.7482910156,1515.2108154297,1504.6999511719],"20":[912.1392211914,922.0206298828,931.6841430664,941.5133666992,950.2584838867,961.4990844727,972.1675415039,982.2922363281,985.7357177734,978.4802246094,966.717956543,956.7066040039,945.8088378906,936.2222900391,925.9575195312,916.4273681641],"21":[888.2422485352,901.142578125,914.9978027344,928.8212280273,943.2355957031,956.9937133789,969.9235229492,982.083984375,984.3817138672,972.4890136719,958.0861206055,943.4488525391,929.4419555664,915.3948364258,901.6368408203,885.8967895508],"22":[761.5051879883,765.6928710938,770.9719848633,775.9664916992,780.3701171875,786.2458496094,791.0737915039,795.0955200195,794.6975097656,791.7650756836,784.8168945312,778.4293212891,772.8892211914,767.7315673828,761.7657470703,757.5137939453],"23":[1822.6694335938,1832.8740234375,1841.6968994141,1849.5434570312,1856.7060546875,1862.6547851562,1869.1329345703,1874.7847900391,1865.4868164062,1857.6491699219,1849.9609375,1841.916015625,1834.1495361328,1826.6721191406,1818.1683349609,1808.5336914062],"24":[926.0886230469,946.4314575195,966.6440429688,987.3489379883,1009.8015136719,1031.84765625,1051.7983398438,1072.361328125,1073.7603759766,1053.2517089844,1030.6422119141,1009.6591796875,989.7252197266,969.1500854492,947.3804321289,927.4776000977]},"polygon_y":{"0":[808.4243774414,808.8860473633,808.9014892578,808.460144043,808.6201171875,808.0075683594,808.4161376953,808.1089477539,853.1077270508,852.8490600586,852.5569458008,852.2672729492,852.9814453125,852.9805297852,853.345703125,853.5020141602],"1":[1336.5999755859,1338.1695556641,1337.1492919922,1339.0697021484,1339.2606201172,1340.4215087891,1339.8936767578,1338.4477539062,1388.5893554688,1388.9332275391,1389.5709228516,1389.9921875,1390.3034667969,1389.5837402344,1389.8226318359,1390.4727783203],"2":[919.1528320312,920.3412475586,921.8195800781,921.5913085938,921.123046875,922.2256469727,923.3842773438,922.7809448242,972.8265991211,973.1584472656,973.4565429688,972.8879394531,973.2261352539,972.7380371094,972.4667358398,972.2597045898],"3":[1256.7724609375,1259.2492675781,1260.3332519531,1260.8444824219,1261.3690185547,1262.0406494141,1261.2182617188,1260.9007568359,1308.9470214844,1308.1953125,1308.1477050781,1307.9769287109,1307.8511962891,1306.8703613281,1306.9790039062,1306.7237548828],"4":[638.9586181641,639.5414428711,640.0048828125,639.887878418,639.7299194336,640.1773681641,640.6002197266,640.5706176758,680.0112304688,680.0029907227,679.810546875,679.5014038086,679.5207519531,679.4170532227,680.2984619141,680.0039672852],"5":[711.0391235352,711.0354614258,711.2985229492,710.9317626953,710.7689208984,710.6490478516,710.5461425781,710.1931762695,755.6240234375,754.5139770508,754.2672119141,753.9710693359,754.1194458008,753.827331543,754.5735473633,755.5114746094],