{"polygon_x":{"0":[480.7676696777,500.4700622559,520.3185424805,539.3022460938,559.7689208984,579.4939575195,599.6745605469,618.7304077148,618.3027954102,599.2071533203,578.8258666992,558.6212768555,538.318359375,517.8160400391,497.4285888672,478.366973877],"1":[698.4893798828,720.2137451172,741.6973876953,762.8579711914,784.6297607422,806.6111450195,828.2639770508,849.2180786133,848.8111572266,827.7130737305,805.8706054688,783.5718383789,762.1116333008,740.6307373047,718.7890014648,697.8010864258],"2":[605.2552490234,616.7993164062,627.622253418,640.7367553711,653.8334960938,666.7056274414,679.4069213867,689.3732910156,690.4022827148,679.032043457,666.3608398438,653.7007446289,641.4882202148,628.0725708008,615.844543457,603.2737426758]},"polygon_y":{"0":[1227.0407714844,1228.4337158203,1228.4205322266,1228.8862304688,1229.4344482422,1229.6756591797,1230.6697998047,1229.6878662109,1278.6031494141,1279.1176757812,1279.5795898438,1279.3928222656,1278.6162109375,1278.5595703125,1277.3878173828,1276.2497558594],"1":[339.1285705566,339.458770752,340.3571166992,341.1117248535,341.1762695312,342.2018432617,343.2691345215,343.3079223633,383.6734008789,382.8514404297,383.8478088379,383.5230102539,383.759552002,383.031036377,383.693145752,384.3257141113],"2":[339.8130187988,339.0694885254,339.2132568359,338.7021789551,338.9808654785,337.9121398926,337.6566162109,337.9773254395,385.0059509277,383.8604125977,383.2461242676,382.8622436523,383.6501464844,384.3647766113,384.9766845703,384.9506835938]},"text":{"0":"Tomb","1":"Cistern","2":"Old"},"score":{"0":0.9819340706,"1":0.9281915426,"2":0.9520586729}}