{"polygon_x":{"0":[1604.0196533203,1621.6614990234,1639.3149414062,1657.2202148438,1674.3092041016,1692.1180419922,1709.8548583984,1727.69921875,1728.0865478516,1710.0263671875,1692.7114257812,1675.3916015625,1657.8494873047,1640.3464355469,1622.4151611328,1604.814453125],"1":[896.5501098633,909.9216918945,922.8491821289,936.8557128906,951.6877441406,965.1500854492,978.740234375,992.4868164062,993.0630493164,980.1893310547,966.3728027344,953.1891479492,939.0703735352,924.9287719727,911.5162963867,897.1973266602],"2":[816.8065795898,830.5424804688,844.2434692383,858.6533203125,873.9349365234,887.9990234375,902.1256103516,916.4449462891,916.8676147461,902.9420166016,888.8135375977,875.022644043,860.3397216797,845.8435668945,832.020690918,817.4118041992],"3":[988.0609130859,1008.7925415039,1032.4577636719,1054.6217041016,1077.8131103516,1100.9396972656,1124.5579833984,1145.1976318359,1146.5932617188,1125.0592041016,1102.5048828125,1079.7722167969,1056.6418457031,1034.8011474609,1012.1495361328,988.0643920898],"4":[699.8009643555,722.200378418,744.1264648438,765.6932983398,788.6580200195,810.8307495117,832.2676391602,855.8002319336,855.5955200195,831.4957885742,810.2182617188,787.6787719727,765.1833496094,742.6243286133,720.4597167969,698.7173461914],"5":[1683.7985839844,1701.1143798828,1717.9598388672,1735.6121826172,1752.5900878906,1770.3184814453,1787.3975830078,1804.9493408203,1805.2449951172,1788.6170654297,1771.4185791016,1753.8055419922,1736.2919921875,1718.7579345703,1702.0772705078,1684.4577636719],"6":[1195.3288574219,1205.7741699219,1215.2366943359,1225.1444091797,1235.4510498047,1245.3792724609,1255.4136962891,1264.9416503906,1265.9400634766,1257.1246337891,1246.7359619141,1236.8625488281,1226.4581298828,1216.1798095703,1206.3477783203,1195.9605712891],"7":[399.860748291,411.8796386719,424.065032959,436.4891052246,449.4248046875,462.0017700195,474.4058227539,486.3957519531,487.2489624023,474.9502258301,462.423034668,449.7795715332,437.4449157715,424.7314758301,412.9223022461,399.8140563965],"8":[1077.4348144531,1091.2868652344,1104.4222412109,1117.7843017578,1132.2124023438,1145.6365966797,1159.1741943359,1172.50390625,1172.4262695312,1159.3555908203,1145.8786621094,1132.3127441406,1118.4591064453,1105.0928955078,1092.5662841797,1077.0792236328],"9":[701.4362182617,724.2591552734,746.9306640625,769.955871582,793.5783081055,815.4120483398,837.5130004883,860.725769043,860.8984985352,838.2184448242,815.9797973633,793.1701660156,770.9142456055,749.0574951172,726.427734375,702.9116210938],"10":[1627.7094726562,1646.568359375,1665.7192382812,1685.1302490234,1703.8735351562,1721.8566894531,1740.6290283203,1760.3491210938,1759.77734375,1740.4837646484,1722.400390625,1703.3500976562,1684.8585205078,1666.2943115234,1647.9890136719,1627.0037841797],"11":[17.5675621033,28.7461833954,40.8816146851,53.4046630859,65.4004898071,77.7448196411,89.9246292114,101.4371490479,102.6356811523,89.9432907104,77.4273605347,65.5852737427,53.4284934998,41.1781692505,29.2362422943,17.3123645782],"12":[917.1680908203,941.7799682617,963.5827026367,986.0887451172,1009.389465332,1031.8775634766,1054.9276123047,1078.6101074219,1079.7058105469,1054.4660644531,1032.0335693359,1008.600402832,985.275390625,962.2318115234,938.9447631836,915.8163452148],"13":[1176.7341308594,1194.3514404297,1210.8999023438,1226.9530029297,1244.0495605469,1261.0931396484,1277.8835449219,1293.9229736328,1294.5837402344,1278.0109863281,1260.5764160156,1244.1490478516,1227.2094726562,1210.6379394531,1194.0367431641,1176.314453125],"14":[908.0637207031,915.6912841797,922.7663574219,930.733581543,937.8456420898,944.7191772461,952.0220947266,959.5212402344,960.5901489258,953.1789550781,945.9226074219,939.125793457,931.4432983398,924.0057373047,917.0865478516,908.5853271484],"15":[1584.7457275391,1590.2872314453,1594.2133789062,1599.3391113281,1603.7794189453,1608.3870849609,1613.0822753906,1616.3454589844,1616.3648681641,1612.4488525391,1608.1409912109,1602.9880371094,1598.435546875,1593.7440185547,1589.2967529297,1583.9012451172],"16":[533.7236938477,541.6654052734,549.8342285156,558.3709716797,566.8771972656,575.4509277344,582.8883056641,590.5356445312,591.9075317383,584.8257446289,575.7059936523,567.2885742188,558.740234375,550.51171875,542.5586547852,533.0531005859],"17":[1511.1989746094,1521.0579833984,1530.1726074219,1539.4345703125,1548.0743408203,1556.3719482422,1564.9500732422,1573.7884521484,1575.0274658203,1566.1400146484,1557.572265625,1548.8937988281,1540.2183837891,1531.6202392578,1521.8919677734,1512.2789306641],"18":[117.7434463501,125.5556793213,132.5229949951,139.7901306152,146.5795288086,154.0458984375,159.9962768555,167.2632446289,168.850982666,161.7425689697,154.3090209961,146.5086364746,139.1588745117,131.737197876,124.6111450195,116.7902679443],"19":[1289.376953125,1317.6870117188,1346.0889892578,1375.3455810547,1405.2467041016,1434.0385742188,1462.8742675781,1490.5987548828,1490.529296875,1461.3553466797,1433.3582763672,1404.4538574219,1374.9549560547,1345.9450683594,1317.3739013672,1288.6865234375],"20":[216.9502563477,241.331741333,265.9723510742,290.5469970703,314.9652404785,338.8967590332,363.0708618164,387.0140380859,387.602355957,362.4138183594,338.1664123535,314.7747497559,290.8034362793,266.2590637207,242.3655395508,216.9616241455],"21":[1731.9337158203,1737.0985107422,1741.6861572266,1746.0234375,1750.8382568359,1755.7651367188,1760.8803710938,1764.9348144531,1767.7760009766,1763.6942138672,1759.4138183594,1753.7265625,1749.2322998047,1744.9820556641,1740.4591064453,1736.0733642578],"22":[1086.1500244141,1099.0751953125,1110.3488769531,1122.5111083984,1135.3520507812,1147.5859375,1160.2282714844,1173.5306396484,1171.3513183594,1158.0319824219,1145.3959960938,1133.6613769531,1121.3968505859,1109.3308105469,1097.5141601562,1084.3121337891],"23":[863.3181152344,872.1170043945,879.1861572266,885.8532714844,893.4843139648,900.9431152344,908.1889038086,913.8817749023,912.87890625,907.6640625,900.2770996094,893.0360717773,884.542175293,876.8338623047,869.0979614258,861.2030029297],"24":[651.3706665039,658.8701782227,664.4248657227,669.9327392578,676.165222168,682.4304199219,689.065612793,695.3165283203,697.7684326172,691.6315917969,684.2327880859,678.3234863281,672.0283203125,665.823425293,659.6895141602,651.5687866211],"25":[845.3341064453,851.3100585938,856.7092895508,863.116394043,869.5682373047,875.1149291992,880.4851074219,886.6831665039,884.7925415039,881.0095214844,875.5239868164,869.4066162109,862.8079223633,856.623046875,851.0718383789,844.4119262695],"26":[192.826461792,199.5032043457,205.1276855469,210.2585296631,215.2116241455,221.5281524658,227.2566986084,232.9212188721,234.9055786133,228.133102417,221.8763427734,216.1499176025,210.4276733398,205.0746154785,199.1566925049,192.4443664551],"27":[1299.9681396484,1311.0172119141,1321.4896240234,1330.9201660156,1340.8863525391,1350.3762207031,1359.8902587891,1371.7355957031,1369.9766845703,1360.0257568359,1349.9410400391,1340.412109375,1330.6403808594,1320.6690673828,1311.0114746094,1299.5010986328],"28":[1693.7491455078,1705.2844238281,1716.5653076172,1727.7669677734,1739.1025390625,1750.5317382812,1761.6955566406,1773.0126953125,1772.3173828125,1761.3653564453,1750.095703125,1738.4965820312,1726.8807373047,1715.4105224609,1704.0767822266,1691.8647460938],"29":[1526.4243164062,1539.0173339844,1552.3881835938,1566.1689453125,1578.9403076172,1592.2878417969,1605.2464599609,1618.5129394531,1619.1353759766,1605.2999267578,1592.3558349609,1579.5056152344,1566.9581298828,1553.5270996094,1540.8132324219,1526.5501708984],"30":[1387.6187744141,1431.0014648438,1472.1978759766,1514.6383056641,1557.3826904297,1599.6788330078,1640.4423828125,1681.6187744141,1680.3327636719,1638.7103271484,1597.3073730469,1555.6124267578,1513.6691894531,1472.01171875,1430.7337646484,1386.9276123047]},