{"polygon_x":{"0":[549.9688720703,585.809753418,622.2185058594,659.7952270508,695.7990112305,732.2744750977,769.4261474609,805.4514160156,806.7341918945,770.1890258789,732.9705200195,696.5358276367,660.4261474609,623.2242431641,586.6588134766,549.6253662109],"1":[563.1206665039,598.1669921875,632.242980957,666.3414306641,700.3977661133,735.4947509766,771.2291259766,805.0706787109,805.8736572266,770.4586791992,735.7482299805,701.8228149414,667.0514526367,632.2764282227,598.0060424805,562.5361328125],"2":[300.0824890137,327.5123901367,355.5572814941,384.4692382812,412.073638916,439.9184570312,467.6338806152,495.7941589355,496.651763916,467.8680114746,440.6586608887,412.3204650879,384.7878417969,357.1520080566,329.1477050781,300.2051086426],"3":[170.4738006592,186.5078277588,203.4370269775,220.1044616699,236.9831542969,253.9361419678,270.8979187012,286.7548522949,287.9167480469,271.9856872559,255.2067565918,238.5154418945,222.0226135254,205.066696167,188.5868682861,171.6049346924],"4":[582.8235473633,599.3149414062,616.5658569336,634.0280761719,650.65234375,667.0739135742,684.1259155273,700.9949951172,700.5039672852,683.6458740234,666.642578125,649.8099365234,633.3996582031,616.6338500977,600.0206298828,582.4674682617],"5":[413.6561889648,470.099395752,526.0894775391,582.2252197266,637.9675292969,694.2749633789,751.3016357422,808.7331542969,808.1306152344,750.0109863281,694.4753417969,638.2658081055,582.3012084961,526.7307739258,470.0189208984,414.3860778809],"6":[247.2420806885,285.1774597168,323.647064209,363.2994384766,401.6656799316,441.8673095703,481.2344055176,521.3389282227,522.3622436523,482.1127929688,443.6884155273,403.9605712891,364.1558837891,323.9090576172,285.4258422852,246.2143859863],"7":[269.0870361328,287.4764709473,306.3923034668,326.0223388672,344.776763916,364.232208252,383.5019836426,401.2928466797,401.3111877441,382.4801635742,362.7388305664,344.3788757324,325.564453125,306.4227600098,287.4426879883,267.6314086914],"8":[0.0187491383,19.9115047455,43.1067428589,64.7036743164,88.0178833008,111.1583557129,134.2853240967,156.5608062744,156.4894104004,133.764251709,110.8614578247,88.506439209,65.4356307983,43.2394561768,20.456407547,0.0296922605],"9":[203.0070343018,249.1633453369,300.470123291,350.5342102051,402.5796508789,452.7346801758,503.7338562012,550.8359985352,552.814453125,503.7190551758,452.5876464844,402.1737976074,351.4223632812,300.7840270996,250.4962615967,201.3966522217],"10":[506.703704834,516.8686523438,525.5342407227,535.42578125,544.2292480469,553.7477416992,563.6656494141,572.6602172852,572.4312133789,563.9219360352,554.548828125,545.2694702148,535.7516479492,526.7059936523,517.4028320312,507.898223877],"11":[1702.5460205078,1724.4217529297,1750.3334960938,1776.8157958984,1798.7098388672,1820.9393310547,1845.2333984375,1872.515625,1872.7622070312,1848.0930175781,1825.0192871094,1801.7818603516,1778.0520019531,1753.2734375,1728.7976074219,1704.5577392578],"12":[1.1265654564,8.4465303421,15.5334606171,22.6033802032,29.4276390076,36.942943573,47.1771278381,61.1746673584,64.8092269897,49.5113220215,38.9607925415,30.9424667358,23.4885692596,16.8109817505,9.698182106,1.3103989363]},"polygon_y":{"0":[120.2941818237,119.0573577881,118.5988616943,118.4813919067,117.7414703369,116.9270782471,116.6781921387,117.6120834351,183.7691955566,183.8088989258,183.1391448975,182.8017730713,183.7416992188,183.7748413086,183.7419281006,183.8364105225],"1":[215.6106872559,215.1857757568,215.9030151367,215.057723999,215.1699523926,214.3008270264,214.0132293701,214.7601318359,275.6971130371,276.1502075195,275.3813476562,275.605682373,275.7171020508,275.2611999512,275.8871459961,275.326171875],"2":[0.5761232376,1.7004508972,2.8851978779,4.1455783844,4.7299222946,5.2640914917,6.0505552292,5.2280249596,57.0987586975,57.2238235474,57.182056427,56.620475769,56.4292106628,56.4042015076,56.0826072693,55.8759689331],"3":[11.9756441116,9.7600545883,7.857448101,6.1041607857,4.2190704346,2.6888036728,1.5516613722,0.6915250421,55.7263755798,56.3150939941,56.7534980774,56.9462165833,57.0954170227,57.2577629089,57.4664382935,58.3808479309],"4":[0.8719899654,1.5563418865,1.8718092442,1.6376696825,1.569046855,1.5664339066,1.4516943693,0.8014092445,55.7215690613,56.1797637939,56.2534408569,55.677986145,56.0222549438,56.2203598022,55.5680618286,55.4453201294],"5":[308.6216430664,308.2330932617,307.2069702148,306.4671630859,306.6444091797,305.7344665527,304.9105834961,305.4358215332,364.8134765625,365.3531799316,364.9359436035,365.5208740234,365.5825805664,365.283782959,364.8618774414,366.0241088867],"6":[120.5190811157,120.1999588013,118.8254470825,119.2094726562,119.0434036255,118.4740600586,118.9505462646,119.6326675415,187.1380310059,185.155166626,185.1459350586,186.2382049561,184.5148620605,184.1445617676,185.695098877,186.0004425049],"7":[309.0440063477,308.3519897461,307.9923095703,307.6292419434,307.5869750977,307.8004760742,308.2330627441,309.0810241699,364.5489807129,364.4214172363,364.1555786133,363.9982299805,363.4872131348,363.9540100098,364.5501708984,364.4038696289],"8":[12.6543197632,9.0814123154,6.7494292259,5.243698597,5.5124621391,5.2028398514,4.9978656769,8.4736356735,55.8059501648,57.0359954834,56.2447319031,55.8569793701,55.9370117188,55.4970588684,55.5516967773,56.4451446533],"9":[211.9722290039,212.1383514404,211.3851318359,211.4160766602,210.9149932861,210.5039520264,210.7222137451,211.0872650146,280.4327697754,279.755065918,278.7581176758,278.5270385742,277.734375,277.140625,277.6974487305,278.3006286621],"10":[1.2874010801,1.478063345,2.3438472748,2.8449878693,2.7222969532,3.50025177,5.4340324402,6.7103476524,57.0223388672,58.3377227783,59.4437866211,58.9382095337,58.4019927979,58.3301734924,58.0705566406,57.4098739624],"11":[16.2808685303,17.2089157104,18.534324646,17.8266429901,18.570930481,19.0846595764,20.1058387756,20.5521411896,61.8226928711,61.3203163147,62.0044212341,61.8175582886,62.0268554688,62.3162612915,61.9568939209,61.8169212341],"12":[238.3199768066,237.6725006104,238.2464141846,237.3914031982,236.3119506836,235.8671112061,236.2803955078,235.5671234131,276.1162109375,276.9556884766,277.1092224121,277.0804443359,277.5296020508,277.8393554688,278.2135009766,278.1000366211]},"text":{"0":"OPHEL","1":"OPHLA","2":"Names","3":"and","4":"Red","5":"DOLOROSA","6":"ZION,","7":"VHA","8":"mains","9":"XYSTUS,","10":"in","11":"Gistern","12":"CC."},"score":{"0":0.9853439927,"1":0.9851234555,"2":0.9902437329,"3":0.9875738025,"4":0.9881778359,"5":0.986453712,"6":0.9593142271,"7":0.9754853249,"8":0.9840477109,"9":0.9864572883,"10":0.9857590199,"11":0.9059354663,"12":0.8757789135}}