{"polygon_x":{"0":[749.8925170898,757.2949829102,760.7709350586,766.3406982422,772.3104858398,779.592956543,785.6974487305,790.6585693359,827.6174316406,822.5932617188,817.3592529297,812.8544311523,807.7979125977,803.0487060547,798.633605957,794.1560668945],"1":[49.1743087769,72.0882110596,92.8583526611,114.5284805298,136.4880218506,157.8935394287,179.5865020752,202.1800689697,207.3147277832,183.1762390137,159.8294830322,136.6332550049,113.6009750366,91.7601852417,70.3904495239,46.9316635132],"2":[792.3851928711,810.7252807617,830.6157836914,849.944152832,869.6896972656,890.5215454102,909.0972290039,929.9429931641,960.6937866211,942.0487670898,923.3631591797,904.8522949219,886.9096069336,868.0520019531,849.3883056641,824.9960327148],"3":[1537.4306640625,1547.2436523438,1554.8034667969,1565.1916503906,1573.8332519531,1583.7144775391,1593.1070556641,1608.4937744141,1641.7873535156,1634.0968017578,1623.8128662109,1613.6322021484,1604.2078857422,1595.0887451172,1587.1636962891,1579.5747070312],"4":[1620.5393066406,1626.6328125,1631.3892822266,1636.9779052734,1641.8741455078,1646.6153564453,1650.2443847656,1655.7484130859,1688.9256591797,1684.2899169922,1679.0560302734,1672.6772460938,1666.7087402344,1661.5179443359,1657.7197265625,1653.3984375],"5":[1598.43359375,1606.4602050781,1613.6579589844,1624.9816894531,1635.0607910156,1647.5404052734,1657.5633544922,1668.7470703125,1714.7163085938,1705.4689941406,1695.94921875,1683.6273193359,1672.3764648438,1659.1505126953,1649.5440673828,1636.4449462891],"6":[1592.1948242188,1601.9342041016,1613.7320556641,1626.3337402344,1639.02734375,1650.9389648438,1661.8679199219,1673.3372802734,1703.5528564453,1693.6146240234,1683.1846923828,1670.8983154297,1661.6207275391,1650.8383789062,1637.1142578125,1630.2596435547],"7":[1674.7425537109,1681.1843261719,1688.4470214844,1694.7517089844,1701.7139892578,1705.7590332031,1710.9735107422,1718.9501953125,1755.0783691406,1748.4577636719,1742.7120361328,1735.9755859375,1729.4635009766,1723.6459960938,1717.6016845703,1712.0736083984],"8":[1780.4578857422,1795.8420410156,1807.1273193359,1820.4375,1832.4299316406,1842.7248535156,1852.9503173828,1861.1971435547,1874.9812011719,1868.8431396484,1859.8034667969,1851.2589111328,1842.5810546875,1833.03515625,1822.1472167969,1813.7899169922],"9":[1683.3377685547,1701.3841552734,1726.5472412109,1752.4576416016,1772.5462646484,1795.2030029297,1815.4504394531,1840.1740722656,1874.9483642578,1855.7774658203,1830.0895996094,1811.3811035156,1790.029296875,1768.2268066406,1744.7791748047,1722.4235839844],"10":[1664.4447021484,1681.7407226562,1695.0345458984,1710.5690917969,1725.3541259766,1738.8825683594,1751.2901611328,1768.0462646484,1799.9949951172,1787.6239013672,1774.3898925781,1758.6910400391,1744.2349853516,1728.3193359375,1714.0219726562,1696.2662353516]},"polygon_y":{"0":[524.7185058594,517.9180297852,512.2713012695,505.4823303223,498.226776123,490.1257324219,482.3270263672,474.3775634766,495.7433776855,505.1647644043,513.9694824219,521.3951416016,529.2603759766,535.4562988281,543.3312988281,551.309753418],"1":[61.9625816345,62.3892440796,63.5401802063,63.8904304504,64.1347503662,64.8745880127,65.699546814,65.6177520752,113.1624450684,111.4305496216,109.4961624146,110.3411712646,110.1940078735,109.8025817871,111.4052276611,113.2496795654],"2":[452.6946716309,422.8058776855,393.7448425293,365.1006469727,338.3829345703,306.4033203125,277.0411376953,249.4075012207,272.0957946777,306.1998901367,335.8535461426,362.1354370117,391.5564575195,421.4366455078,452.5995483398,483.0330810547],"3":[515.637512207,494.0806884766,473.3501281738,452.1728515625,429.2920532227,410.5839233398,392.3775024414,366.6039733887,394.7044372559,412.9170837402,432.2008666992,452.1083068848,473.0903625488,492.8438110352,514.9792480469,539.6916503906],"4":[345.9107055664,340.3089294434,333.0066223145,324.5532836914,317.4572143555,310.476348877,302.3471069336,292.2703552246,317.6419677734,323.8341674805,331.7980957031,340.0770874023,347.7317810059,355.0327148438,361.9891052246,370.2751464844],"5":[532.8920898438,503.9172363281,482.5808105469,463.8479003906,445.4033813477,424.2230224609,402.4268798828,381.8555908203,400.7686767578,422.7825317383,445.8577880859,466.3641052246,487.9649047852,510.1441345215,530.5433959961,554.3059692383],"6":[191.2207183838,170.2013702393,148.5892486572,127.8084259033,104.7024688721,81.849281311,55.9658241272,34.2183837891,65.305809021,89.355140686,106.9362258911,127.9621200562,146.7917175293,166.4768676758,187.8373413086,212.1469116211],"7":[28.5774288177,24.7259235382,19.5849895477,15.4975366592,10.0836439133,6.3111820221,2.7602119446,0.0580741726,15.5634202957,21.7629985809,27.0062980652,32.6934509277,38.3734283447,43.4969329834,49.7387619019,55.9417381287],"8":[153.5328063965,139.8095855713,128.177734375,116.9101791382,105.8025817871,95.3180084229,83.9339141846,72.9586715698,108.5351715088,119.6859436035,132.5332489014,142.4283752441,151.3257904053,160.2495727539,171.7152099609,184.028137207],"9":[349.5783996582,321.762512207,297.4229736328,266.3482971191,241.727722168,213.837387085,190.2904205322,163.8678588867,199.1942138672,226.1906280518,252.7916564941,273.7053527832,298.5985412598,324.8085327148,354.7903747559,384.0833740234],"10":[270.0554199219,251.2121124268,235.301864624,221.8632354736,205.5336303711,189.9246063232,170.3829040527,152.2927703857,186.553527832,200.9922180176,215.2000427246,232.370513916,249.6670379639,268.2427978516,283.6272277832,303.9095153809]},"text":{"0":"To","1":"Quarry","2":"Bethlehemu","3":"HILL","4":"OF","5":"Jebe","6":"Ancient","7":"Tor","8":"COURT","9":"DelA","10":"EVIL"},"score":{"0":0.9470329881,"1":0.939781487,"2":0.9658623338,"3":0.9372823834,"4":0.9101347327,"5":0.9218961,"6":0.9226050973,"7":0.9380019903,"8":0.9085372686,"9":0.9093498588,"10":0.9248068929}}