{"polygon_x":{"0":[1566.4597167969,1599.9544677734,1631.5490722656,1662.6613769531,1693.3118896484,1724.3712158203,1757.6149902344,1791.0441894531,1788.7556152344,1758.6715087891,1726.9486083984,1694.3558349609,1662.5061035156,1630.615234375,1599.0845947266,1567.3897705078],"1":[1506.2060546875,1547.0893554688,1585.6041259766,1624.8479003906,1663.4146728516,1702.4260253906,1741.7163085938,1781.0660400391,1778.90625,1740.3361816406,1702.1887207031,1663.2609863281,1624.4119873047,1585.2239990234,1546.6951904297,1507.0432128906],"2":[1499.9796142578,1533.3677978516,1565.8143310547,1599.0157470703,1631.5416259766,1664.7209472656,1697.6768798828,1730.7796630859,1729.8669433594,1698.1376953125,1665.6027832031,1631.4323730469,1598.7980957031,1565.6411132812,1533.2808837891,1500.0437011719],"3":[985.7275390625,1015.739074707,1045.1231689453,1074.1259765625,1103.6881103516,1133.3189697266,1161.8599853516,1192.25390625,1191.3623046875,1161.6171875,1132.5275878906,1102.69140625,1073.0567626953,1042.4871826172,1012.5462646484,983.0061645508],"4":[1505.9715576172,1516.8000488281,1526.7814941406,1536.6094970703,1546.7266845703,1557.2673339844,1567.4620361328,1577.9124755859,1575.0970458984,1565.1568603516,1555.6246337891,1545.0749511719,1535.2237548828,1524.4692382812,1513.7890625,1503.1287841797],"5":[1202.3190917969,1220.1838378906,1238.9114990234,1256.7445068359,1275.2890625,1292.8116455078,1307.7523193359,1331.8594970703,1326.2017822266,1306.2606201172,1287.2384033203,1269.3653564453,1252.2252197266,1235.0523681641,1217.2863769531,1200.1188964844],"6":[1794.2026367188,1808.4229736328,1820.6518554688,1832.2888183594,1843.3265380859,1855.1799316406,1866.3548583984,1874.9753417969,1874.9110107422,1865.1337890625,1854.5030517578,1843.6834716797,1831.5460205078,1819.837890625,1807.7191162109,1793.7935791016],"7":[812.3513793945,828.9110717773,846.8828735352,863.6162109375,881.18359375,899.6865234375,916.8737182617,932.1641845703,930.912902832,914.1087036133,895.753112793,878.4566650391,860.9420776367,844.0429077148,827.5289916992,809.6768798828],"8":[933.3210449219,941.4017333984,947.5723266602,953.8327636719,960.1441040039,968.1235961914,975.5084228516,981.842590332,980.0172119141,975.0031738281,967.1727294922,959.7912597656,952.6818237305,944.9799194336,937.7716674805,929.6837768555],"9":[1584.5866699219,1621.3438720703,1656.5014648438,1690.4366455078,1726.2360839844,1761.8690185547,1797.5827636719,1833.3168945312,1832.0715332031,1795.9288330078,1760.2416992188,1725.056640625,1689.1387939453,1654.3082275391,1619.8050537109,1583.4114990234]},"polygon_y":{"0":[0.6712762117,1.3322530985,1.7395871878,1.804664731,2.2838125229,2.3196020126,2.2186427116,1.7037956715,55.5362815857,56.4683570862,56.9250869751,57.1987991333,57.1895446777,57.1911849976,57.0156440735,56.3068237305],"1":[311.582824707,311.3145446777,312.501953125,312.0938415527,311.3460998535,310.5947265625,310.0718688965,311.244140625,369.8912353516,370.1851196289,371.240020752,371.4245605469,371.4635009766,370.2962036133,370.9450378418,369.395904541],"2":[129.006149292,128.0773010254,128.4470672607,127.9065246582,127.3660202026,127.0222702026,127.3266906738,127.5768051147,187.1137390137,187.0613861084,186.9162750244,187.0605316162,187.494354248,187.0862884521,187.3092498779,185.600189209],"3":[737.3074951172,737.7033081055,737.1377563477,737.6996459961,738.1766357422,738.6155395508,737.8954467773,738.1901855469,784.5634765625,785.0315551758,784.7624511719,784.7897338867,784.4776611328,784.2496948242,784.7399902344,785.1069335938],"4":[220.1883239746,221.0799102783,222.2505493164,222.8816070557,223.2580566406,224.2063751221,225.2600860596,226.9183654785,277.1961364746,277.9719238281,278.5351867676,278.2987670898,278.1657104492,277.6307983398,277.810760498,277.83203125],"5":[737.1459350586,737.9865722656,738.7252197266,738.6831054688,737.8021240234,738.7365722656,739.967590332,739.9985351562,792.4975585938,791.6480102539,790.5446777344,789.7352294922,789.4926147461,789.5277709961,786.1442871094,785.2579956055],"6":[0.7448986173,1.4553723335,2.3021636009,2.8339152336,3.6944799423,5.4228720665,9.4608983994,11.4283237457,53.2688369751,53.2643051147,53.4358177185,53.1558494568,53.233543396,53.2273788452,53.1424026489,52.6617469788],"7":[737.2142333984,737.5780029297,737.1771240234,736.862487793,736.3263549805,735.9704589844,734.4261474609,733.5490722656,783.4650878906,784.1819458008,784.0215454102,784.2305908203,784.1252441406,784.8032836914,785.1478271484,785.3670043945],"8":[732.8981323242,733.7357177734,734.0849609375,734.6137084961,734.6837768555,734.5784912109,734.6118164062,733.8490600586,784.3262939453,783.4609375,782.8724975586,782.6325073242,782.9553833008,784.2208251953,784.9221191406,784.5486450195],"9":[220.1107635498,222.2456665039,222.1048583984,222.1224365234,223.5189666748,223.2921295166,222.2210388184,223.8939056396,281.9938354492,283.8146057129,282.9460144043,283.0382080078,283.6241455078,282.8743591309,282.0286865234,281.2820129395]},"text":{"0":"Ancient","1":"Medieval","2":"Biblical","3":"Saunders","4":"In","5":"Geogt","6":"Re","7":"Trely","8":"W.","9":"Josephus"},"score":{"0":0.9889095426,"1":0.9897241592,"2":0.9888308644,"3":0.9791712165,"4":0.9827919602,"5":0.9705629945,"6":0.9484146237,"7":0.929283917,"8":0.9226719737,"9":0.9898461699}}