{"polygon_x":{"0":[719.0690307617,730.7188720703,742.3739013672,754.2385253906,766.0377197266,777.6862182617,788.8306274414,798.8931274414,798.1237182617,787.2940063477,775.6035766602,763.9464111328,752.4565429688,741.1185302734,729.936340332,717.9498291016],"1":[461.8031616211,496.8869018555,531.743347168,567.2745361328,602.8288574219,638.3276977539,673.2300415039,707.5471801758,707.1450195312,672.1667480469,636.6441650391,601.0897827148,565.693359375,530.3511352539,495.6175842285,459.811126709],"2":[370.8567810059,382.2262878418,393.586151123,405.1768188477,417.2173461914,429.3488464355,440.9975280762,452.5236816406,452.0457458496,440.5499572754,428.7466125488,417.0007019043,405.3047180176,392.8557128906,381.1618347168,370.1629333496],"3":[607.3961791992,630.3716430664,652.8477172852,674.7356567383,696.8766479492,719.4608764648,741.5797729492,764.350402832,766.4700927734,744.1432495117,721.5825195312,698.8439331055,676.193359375,653.5888061523,631.4699707031,607.9246826172],"4":[0.296895057,82.7770385742,165.954574585,250.4239654541,334.5278625488,421.4430236816,507.5515136719,588.438659668,596.75390625,508.6064147949,420.9313964844,338.4275817871,252.1856689453,166.9442138672,82.8642272949,0.6239151955]},"polygon_y":{"0":[687.6513671875,687.1177978516,688.2808227539,689.2734985352,689.758605957,691.1217651367,692.1640625,693.1352539062,735.7336425781,735.6365966797,735.7326049805,735.7061767578,735.4448852539,735.5531005859,736.0987548828,735.4615478516],"1":[688.5726318359,689.2216186523,689.5703735352,689.9761352539,690.1923217773,690.3010864258,688.3692626953,690.3960571289,743.283996582,741.6947021484,739.8773193359,739.1696777344,737.6903076172,737.5061035156,738.0314941406,738.4318847656],"2":[699.3244628906,696.0013427734,694.8435058594,694.2265625,694.4038696289,694.2563476562,692.6602783203,693.7061767578,736.0324707031,736.7183837891,736.7592163086,736.9132080078,736.8566894531,736.8945922852,736.5940551758,738.0354003906],"3":[543.9870605469,542.3422241211,542.7872924805,541.6083374023,541.6688232422,541.9596557617,541.5913696289,542.478515625,605.1434326172,604.8607788086,605.7192993164,605.4586791992,605.992980957,605.9974365234,607.9691162109,608.52734375],"4":[541.7810058594,536.4438476562,532.7114257812,533.4877929688,533.7340698242,533.0663452148,531.6420898438,534.8849487305,612.9756469727,618.4792480469,620.0069580078,615.3962402344,617.5249023438,614.5247192383,614.4857177734,615.5941162109]},"text":{"0":"der","1":"Benutzung","2":"mit","3":"vou","4":"ersuchungen"},"score":{"0":0.9850940704,"1":0.9822534919,"2":0.9823285937,"3":0.9712344408,"4":0.911162436}}