{"polygon_x":{"0":[414.2417602539,439.9256591797,465.9553527832,492.1952514648,517.7826538086,543.7556762695,569.4442749023,595.8522338867,596.5045166016,569.5723266602,544.3919677734,518.2365112305,492.5947570801,466.3936462402,440.9533081055,413.5146484375],"1":[198.1420440674,226.4399871826,253.7932281494,281.3843994141,308.9700317383,336.9124755859,364.8720092773,391.3720703125,390.4582214355,362.8190307617,334.888458252,307.1436767578,279.6775817871,251.9704437256,224.4768218994,196.5236358643],"2":[0.0981401503,15.1031255722,31.3079395294,46.6630935669,62.3045578003,78.5730819702,94.7660980225,110.4532852173,109.5594177246,92.6342544556,76.0748901367,60.5621566772,44.528137207,29.6444854736,13.8760042191,0.0152258929],"3":[406.140045166,419.1987609863,432.9825439453,445.9783325195,460.0171813965,473.3463439941,487.0835571289,500.5062255859,500.9055175781,486.8984680176,473.3134460449,459.6930236816,446.7172546387,432.5231933594,419.0448913574,405.5952148438],"4":[684.4985351562,702.4520263672,720.5872192383,738.5495605469,756.2991943359,774.4329223633,792.9998779297,811.2317504883,812.3538208008,793.3522338867,774.950012207,756.3746948242,738.2429199219,720.376953125,702.2693481445,683.8137817383],"5":[606.4351806641,616.3989868164,626.061706543,635.8876342773,645.4808959961,655.127746582,664.9813842773,674.7398071289,675.1319580078,665.4577026367,655.6426391602,646.0352783203,636.4585571289,626.8966674805,617.4919433594,607.252746582],"6":[117.2802658081,127.7174835205,138.30809021,149.1117706299,159.9943389893,170.9658966064,181.8076324463,191.8576812744,190.8791503906,181.0342407227,169.9235839844,159.2065887451,148.2518920898,137.1262359619,126.4300384521,115.708694458],"7":[576.5946655273,606.2821655273,637.6828613281,668.4569702148,699.3616333008,729.4779052734,759.2250366211,790.244934082,792.1465454102,762.6781616211,731.7337036133,700.2368774414,669.5911865234,638.6821289062,607.7861938477,577.5147705078],"8":[56.1815910339,118.6005096436,185.895111084,254.5205841064,326.0539245605,392.5386047363,463.4464416504,531.4027099609,531.9971923828,462.3764953613,397.4661254883,327.2934570312,256.873840332,191.347366333,124.5539550781,54.5518798828],"9":[527.7278442383,569.430847168,609.121887207,650.606628418,691.2239990234,733.8298950195,775.1469116211,815.4485473633,815.1719360352,773.5397338867,731.9169311523,690.4989624023,649.1895141602,608.3147583008,567.6445922852,525.0905151367],"10":[17.8247833252,50.637676239,63.9755134583,71.7873001099,80.7867584229,89.3679351807,98.4060897827,108.5593719482,105.063583374,97.2486877441,90.0452041626,80.7514419556,69.0434951782,59.6158981323,47.6861724854,25.0199890137],"11":[97.7021331787,168.1423950195,236.9623565674,307.6707763672,377.3704223633,446.3356628418,512.8446044922,581.393737793,586.4598999023,518.8126831055,453.5455932617,382.9971313477,313.1656799316,249.0111999512,182.1819763184,109.5994110107]},"polygon_y":{"0":[773.539855957,773.2200317383,773.1376342773,773.1044921875,773.0576171875,772.8993530273,772.2834472656,773.5346069336,808.2303466797,807.7989501953,807.2631835938,806.7805786133,806.9759521484,806.7045288086,806.7423706055,806.8160400391],"1":[687.3405151367,686.8583984375,686.3223266602,685.8535766602,685.9024658203,685.3295898438,684.6681518555,685.6326904297,736.0966186523,736.569152832,735.7770385742,734.913269043,734.946472168,734.8201293945,734.6870117188,734.8189697266],"2":[684.9531860352,684.7620239258,685.6396484375,687.1510009766,687.9541015625,688.5514526367,689.6546630859,690.7615356445,735.8958129883,736.2607421875,735.510925293,735.3576660156,735.2698364258,734.2529296875,734.1383666992,732.9362792969],"3":[698.2210693359,696.1975097656,693.9560546875,692.7671508789,692.4135131836,691.4142456055,689.07421875,689.3840332031,736.7543334961,737.6602172852,737.8231811523,737.6581420898,737.81640625,738.0150146484,737.9969482422,738.2901000977],"4":[774.6504516602,774.5695800781,774.4481201172,774.0053710938,773.7623901367,773.9223022461,773.6857299805,774.1073608398,807.1074829102,807.2470703125,807.392578125,806.8773193359,807.5321655273,807.3376464844,807.6930541992,807.7425537109],"5":[781.5643920898,780.548034668,780.3665161133,780.2828979492,780.0407714844,779.9666748047,779.2468261719,779.8406982422,807.1268920898,806.8302612305,806.6232910156,806.8917236328,807.2307128906,807.9329833984,808.5880737305,809.2082519531],"6":[699.0866088867,698.1752929688,698.005065918,698.0855712891,698.3270874023,698.1971435547,697.7373046875,698.8862304688,734.6244506836,734.7988891602,734.2885742188,734.0770263672,734.3532104492,734.7766113281,735.0455932617,735.8865356445],"7":[516.8321533203,515.6190185547,515.1020507812,514.7509155273,514.0069580078,513.3092651367,513.9781494141,514.0670166016,610.9132080078,611.2680664062,610.6973876953,609.4928588867,610.1835327148,609.3851928711,609.4657592773,608.8291625977],"8":[524.0308227539,522.1981201172,521.3164672852,519.9874267578,519.7132568359,518.794128418,516.4662475586,518.6387939453,608.3088378906,608.2660522461,607.3538208008,606.512512207,606.8920898438,607.3913574219,606.3192138672,605.8393554688],"9":[687.0025024414,686.1726074219,685.9298706055,685.4884033203,685.0411376953,685.3474731445,685.0224609375,685.7120361328,737.4701538086,736.9013061523,736.3643798828,736.7237548828,736.7904052734,736.7840576172,737.1299438477,737.629699707],"10":[524.7073364258,523.5322875977,522.8662109375,522.4613037109,521.4553833008,521.677734375,522.2227783203,524.3681030273,565.3942260742,568.7445068359,568.4174194336,569.3409423828,571.2423706055,571.8950195312,574.845703125,580.608581543],"11":[256.4351501465,256.7692260742,257.6215820312,255.4461517334,255.5630187988,254.8168945312,254.0589904785,255.043838501,421.196472168,423.3199768066,424.0418395996,423.3291320801,423.6174316406,425.3220825195,426.2486877441,427.3092651367]},"text":{"0":"GEZEICHN:","1":"SIEBER","2":"Plane","3":"und","4":"HEIN","5":"von","6":"von","7":"GUS","8":"RERNS","9":"CATHERWO","10":"R","11":"WOY"},"score":{"0":0.9848216176,"1":0.9844385982,"2":0.9816395044,"3":0.9860115647,"4":0.9862321019,"5":0.9590542912,"6":0.9546886683,"7":0.9852653146,"8":0.9321060777,"9":0.9883410335,"10":0.8226178885,"11":0.9808310866}}