{"polygon_x":{"0":[603.8805541992,606.0495605469,607.3668823242,608.8594970703,610.7005615234,612.2029418945,613.903137207,616.5036621094,653.3693847656,651.9754638672,650.0088500977,648.6142578125,647.0679931641,645.3605957031,642.9818725586,641.37109375],"1":[529.4025878906,528.9681396484,527.791015625,527.6774902344,526.682434082,525.8386230469,525.0041503906,524.8521118164,567.5981445312,567.2044677734,567.3079223633,568.052734375,568.3853149414,568.5070800781,568.4812011719,568.9171142578],"2":[574.3332519531,574.1443481445,573.626953125,573.0130004883,572.6159667969,572.3300170898,572.4267578125,573.1215820312,622.828918457,623.0935668945,623.3735961914,623.6466064453,623.7243041992,624.237121582,625.3745727539,626.5363769531],"3":[555.0569458008,557.2109375,560.2503662109,563.8333740234,567.7170410156,571.6240844727,575.6932373047,579.5606079102,617.7146606445,609.6990966797,605.4063720703,601.059753418,597.2842407227,593.3049316406,589.8966064453,587.4796142578],"4":[625.0894775391,626.0327758789,627.1837768555,628.822265625,631.9844970703,634.8577880859,637.3874511719,639.1041870117,689.4251708984,687.2445068359,684.592590332,682.1217651367,679.9998168945,678.1360473633,675.719543457,672.8469238281],"5":[671.0436401367,672.0159301758,673.7153320312,676.4299926758,678.5784912109,681.0051269531,681.1699829102,684.7717895508,729.4815673828,728.9210205078,726.7297363281,724.4661865234,721.5935668945,718.8989868164,717.6713867188,716.5446777344],"6":[620.3245849609,621.3034057617,621.7407836914,622.1931152344,623.7362060547,625.2393798828,625.654296875,627.2012939453,665.1739501953,663.2664794922,662.2427978516,661.5219726562,660.9468994141,660.9957885742,660.5540161133,659.0916748047],"7":[725.1992797852,726.7053833008,728.9966430664,731.5035400391,732.9416503906,732.748046875,730.7602539062,730.602355957,778.8519897461,777.3987426758,775.1376342773,772.9290771484,771.0822753906,768.6360473633,767.0063476562,765.2261352539]},"polygon_y":{"0":[811.4919433594,805.3872680664,799.5135498047,794.5389404297,788.2329711914,781.9609985352,776.8095703125,769.3970947266,781.6008911133,788.4251708984,794.7847290039,799.3288574219,803.7922973633,809.8334350586,817.0405883789,823.0311279297],"1":[164.7579956055,161.1837005615,154.6658325195,151.4739990234,145.3644714355,139.3987884521,132.9233551025,125.2703781128,122.6365585327,128.3106689453,134.3500366211,140.2827758789,144.9107513428,149.9217987061,156.1433258057,162.1656646729],"2":[357.0976257324,350.1907348633,341.6622009277,334.8961791992,328.3209838867,319.6473999023,313.3262939453,305.5779418945,299.0278015137,305.4692077637,312.3751831055,318.0618896484,325.1510314941,330.9836120605,339.1164550781,345.9920043945],"3":[926.1679077148,919.5168457031,914.2027587891,910.1588134766,905.1195068359,900.3963623047,896.6263427734,892.3432006836,920.0243530273,925.515625,929.1046142578,933.4526977539,936.9301757812,940.9871826172,944.3181762695,948.7324829102],"4":[959.4736328125,952.5869750977,943.2968139648,936.6470947266,929.5892333984,923.3554077148,916.8940429688,910.7659912109,929.6072998047,936.5014648438,943.8295288086,949.1962890625,955.9685668945,961.7578735352,968.3666992188,976.7933349609],"5":[852.696105957,846.282409668,841.6890258789,837.035949707,833.0013427734,827.5971679688,824.4749145508,816.6791381836,851.0328369141,854.9744873047,860.1553955078,864.037902832,869.3797607422,874.67578125,876.985534668,878.8060302734],"6":[659.9583740234,656.2692871094,649.6427001953,644.2502441406,638.2938232422,632.4842529297,628.5933837891,622.3133544922,624.9751586914,631.9758300781,636.6690673828,643.1377563477,647.4483032227,652.0672607422,658.3851928711,665.8003540039],"7":[761.7392578125,761.2603759766,758.2787475586,752.6533813477,749.010559082,744.1314697266,740.2821655273,737.2250366211,763.0863037109,767.2723388672,772.007019043,775.1030883789,777.5935668945,779.4863891602,781.1030273438,782.9125976562]},"text":{"0":"E","1":"E","2":"D","3":"U","4":"O","5":"I","6":"R","7":"i"},"score":{"0":0.9688270092,"1":0.9436619282,"2":0.9177704453,"3":0.9441863894,"4":0.97066921,"5":0.7244985104,"6":0.9738863707,"7":0.6055483222}}