{"polygon_x":{"0":[428.6307067871,447.0733337402,466.0297241211,484.9680786133,503.3153686523,522.6990356445,541.7032470703,561.0886230469,559.2863769531,540.0853881836,521.6937255859,502.3221130371,483.1662597656,463.8464660645,445.3688354492,426.0285949707],"1":[16.5425300598,34.23828125,52.1592407227,69.905166626,87.5162277222,104.7458114624,122.0547103882,139.5765380859,139.770980835,123.7372741699,105.7872467041,87.8549728394,70.1407928467,52.4469490051,34.3917121887,16.9551525116],"2":[64.3061676025,82.3523178101,99.8812332153,117.1990966797,134.7910461426,151.9576721191,169.5811767578,186.711517334,186.0251617432,169.3911743164,152.3529510498,134.4494628906,116.7845535278,99.365196228,81.8560409546,63.6262969971],"3":[315.0735168457,354.275177002,392.735168457,431.7446594238,469.7097167969,508.5515136719,547.6892089844,586.0811157227,585.9717407227,545.5112915039,507.0992126465,467.9902648926,429.5019836426,391.2793579102,354.1543579102,315.231048584],"4":[600.4293212891,619.9746704102,639.0639038086,657.9924926758,677.587097168,696.4859619141,716.4271850586,735.3571166992,735.9994506836,717.5424804688,698.5581054688,678.9270019531,659.4099121094,639.860168457,620.5916137695,601.2752075195],"5":[743.1232910156,752.5408935547,762.2893066406,771.887878418,781.6135253906,791.0659179688,800.8999023438,809.9575195312,809.7693481445,801.6632080078,792.362121582,782.2278442383,772.4597167969,762.862487793,753.2250366211,743.7269897461],"6":[355.2208557129,364.9057617188,374.7020874023,384.4089355469,394.324798584,404.4348144531,414.1142272949,423.1985778809,422.0136108398,412.9832458496,403.128112793,393.0032348633,382.9597473145,373.2055053711,363.8213806152,352.7377319336],"7":[355.3363342285,368.7989196777,382.8945617676,397.2432250977,411.2341003418,425.2601013184,438.6192321777,451.7817687988,450.2245788574,436.6944274902,424.2800598145,410.5809936523,396.7308654785,383.0651550293,369.357635498,356.1539916992],"8":[459.7464599609,469.127746582,477.6416320801,486.5657653809,495.5383300781,504.7688598633,513.6195678711,522.2244262695,520.1114501953,511.5286560059,502.5979309082,493.5569152832,484.9707336426,476.1912536621,467.7495422363,458.7698364258],"9":[12.0138282776,19.4562854767,25.6894245148,32.2025032043,38.4511299133,44.5816650391,51.6978721619,57.5365219116,56.9766578674,50.2042732239,43.5448265076,37.2411575317,30.7626037598,24.2908153534,18.3404178619,11.1217241287],"10":[330.9488830566,369.0575561523,405.5386962891,442.9324645996,479.6041564941,516.1486816406,552.6262207031,589.4323730469,589.8251342773,550.9422607422,514.6408081055,477.7384033203,440.9678344727,404.0436706543,367.8629150391,330.8702697754],"11":[725.9934692383,738.419128418,751.5504150391,764.4177856445,777.116027832,789.6275634766,802.8372192383,815.5354614258,815.9700927734,805.227355957,792.7745361328,780.0222167969,766.7265625,753.801574707,741.0021972656,726.8505859375],"12":[355.3897399902,350.4566040039,347.7077331543,346.6509399414,345.1835632324,344.6448059082,345.2184753418,345.2686157227,387.913848877,388.4541931152,389.6408081055,391.0288696289,391.781829834,392.4059448242,393.9295349121,395.539855957],"13":[185.5396881104,189.0487365723,191.557723999,194.4871826172,197.6235809326,200.0568695068,203.5018615723,205.6159667969,239.4781036377,236.8326873779,234.3931884766,231.7925720215,228.2086029053,225.3604125977,221.6510925293,218.5713653564],"14":[247.0523529053,246.6351013184,247.8091888428,247.3664550781,249.1862945557,251.06199646,252.3837890625,253.0396728516,206.6859893799,206.8670959473,205.7988891602,204.4401397705,202.9665679932,201.8526916504,200.5105895996,199.4727478027],"15":[380.6265563965,385.9033508301,390.8268737793,395.7168579102,400.7632446289,404.9061584473,410.1058959961,415.2265319824,435.1271362305,429.9423217773,424.2335510254,419.0284423828,413.8445129395,408.2874755859,403.0083007812,398.9197692871],"16":[204.151260376,204.5654754639,204.3199310303,204.1661376953,204.393737793,204.316116333,204.7802276611,205.2665100098,162.1996765137,162.4582977295,160.8930053711,159.9551391602,159.2783508301,158.7909851074,158.6252593994,157.9216766357],"17":[0.096813485,7.6204118729,14.9680786133,22.9242534637,30.4405269623,37.7629623413,45.8054580688,53.1762924194,53.3280639648,46.1161079407,38.3094329834,30.8640174866,23.0632171631,15.6559009552,7.9410762787,0.1080044359],"18":[147.135848999,147.1616668701,146.1619415283,146.3618927002,147.5609741211,148.2180023193,149.5078430176,150.7043151855,191.3850097656,190.9979248047,191.0317382812,191.1428070068,189.7077636719,189.0698547363,188.3026428223,188.6728973389],"19":[1.3070175648,5.1436114311,7.9221806526,10.5710105896,12.9161081314,15.1674804688,18.5887260437,22.9692573547,18.8739109039,16.3053569794,13.7244911194,11.4825296402,8.501950264,5.8794255257,3.1949453354,0.1788035035],"20":[128.8737792969,133.362197876,137.076965332,141.7172088623,145.6984405518,149.693359375,153.6344146729,158.3159942627,174.6242675781,170.4769897461,167.5969696045,163.9719543457,159.3350524902,155.542678833,150.6509399414,145.2102508545],"21":[63.9679260254,68.1701278687,72.3553924561,76.3883666992,80.4010467529,83.7986297607,87.3318328857,90.5344848633,87.6822662354,86.8432998657,82.5094070435,79.2543945312,75.5652923584,71.6299133301,67.7231063843,63.4869003296],"22":[286.064453125,278.7131347656,272.3448181152,265.0813598633,261.2932434082,260.7052612305,261.3665771484,257.5903320312,303.1360473633,303.1150512695,302.9904174805,303.6055297852,304.8854675293,308.7927856445,312.0278625488,320.1792297363],"23":[98.1521911621,132.5008850098,166.5925445557,198.3280181885,233.8128509521,264.9322509766,296.3993530273,335.4752807617,364.991973877,317.9401550293,282.3512268066,249.8064422607,217.143737793,184.0983276367,155.532043457,135.0867462158]},"polygon_y":{"0":[959.9884643555,960.4061889648,960.1895751953,959.5327758789,959.7879638672,959.1415405273,957.9110717773,958.5434570312,990.7425537109,990.9636230469,991.3522949219,991.1966552734,991.1912841797,990.8392333984,990.7567138672,990.3980712891],"1":[80.2863845825,79.5477523804,79.6781234741,79.5808486938,79.2965240479,79.7098464966,79.5799636841,79.9341125488,102.213508606,101.8557662964,102.3759536743,102.8575439453,103.2115783691,103.6107025146,103.9408950806,104.216545105],"2":[19.2365207672,18.8713188171,18.6056480408,18.3232402802,18.2692127228,17.8464183807,17.376909256,17.2154388428,42.0660743713,41.7513580322,42.1376533508,42.1096305847,42.0146102905,42.0571365356,41.9689369202,42.1994552612],"3":[306.8084106445,305.8923950195,306.4581298828,307.2768859863,307.8372192383,309.0762329102,309.1988525391,311.9014282227,348.5970458984,348.2462158203,348.4678344727,348.5636291504,348.3081970215,348.0871582031,347.4159545898,348.6174316406],"4":[1004.6394042969,1002.9340209961,1001.4185180664,1000.0528564453,998.4993286133,996.8243408203,995.2545776367,994.3983764648,1025.5364990234,1025.7595214844,1027.0336914062,1028.1940917969,1029.3028564453,1030.9184570312,1032.6063232422,1033.6646728516],"5":[998.3420410156,997.7564697266,996.9973754883,996.44921875,995.7947998047,995.1094970703,994.3745117188,994.0686645508,1017.8850097656,1017.9776000977,1018.5441894531,1019.0798950195,1019.6325683594,1020.2953491211,1020.8853149414,1021.672668457],"6":[961.5430297852,961.967590332,962.6531982422,963.029296875,963.5751953125,963.9158935547,964.4420776367,964.8330078125,991.5568847656,989.9607543945,989.9722900391,989.8661499023,989.5916137695,989.7463989258,989.3560180664,988.8221435547],"7":[993.8825683594,994.7064208984,994.9393920898,994.7208251953,994.7869262695,994.3953857422,994.3412475586,995.4519042969,1020.4678955078,1020.2102661133,1019.9957885742,1020.2349853516,1020.5368041992,1020.5054931641,1020.4012451172,1020.7265625],