{"polygon_x":{"0":[541.6120605469,577.891418457,615.164855957,653.9984130859,692.007019043,731.1068725586,770.0604858398,806.9049682617,810.5986328125,770.2366943359,732.8544921875,694.9143676758,655.8846435547,618.0146484375,580.131652832,542.4860839844],"1":[644.6683349609,657.4106445312,670.8082885742,684.3370361328,698.1140136719,711.0895996094,724.3915405273,737.9546508789,744.515625,730.3726196289,717.2823486328,703.4177246094,689.9489135742,676.1897583008,662.6280517578,649.375793457],"2":[692.7715454102,711.5163574219,729.4130859375,747.1011352539,764.5816040039,782.1878051758,800.0173950195,815.8745727539,815.9754638672,801.2565917969,784.1788330078,766.326171875,748.1925048828,730.8005981445,713.1155395508,693.8280029297],"3":[504.8394775391,513.323425293,522.3882446289,531.1978149414,540.3142700195,549.634765625,559.0239257812,568.7062988281,577.1590576172,567.4700317383,558.5495605469,548.7597045898,539.1541137695,529.143371582,518.9435424805,509.9786987305],"4":[578.3455810547,587.0085449219,594.9121704102,603.1918945312,611.6429443359,620.2204589844,628.7568359375,637.0994873047,645.7570800781,636.7282104492,628.5979614258,619.9010009766,610.9742431641,602.2839355469,593.5615844727,585.6776733398],"5":[494.4403076172,533.0951538086,573.6782836914,614.7337646484,655.0809936523,694.8453979492,736.4271240234,776.2718505859,780.719909668,738.8764038086,698.5631103516,658.8581542969,618.6283569336,578.3083496094,538.7322998047,499.3377990723]},"polygon_y":{"0":[936.2446289062,935.2039794922,933.5637817383,933.716796875,932.8978881836,932.7774047852,932.4368286133,932.790222168,991.6926879883,990.8552856445,990.8967285156,991.1851806641,991.7686157227,991.4338989258,992.2432250977,992.2145385742],"1":[580.2774658203,577.135559082,574.041809082,570.0921020508,567.6267700195,564.5038452148,561.315246582,559.1975708008,588.6414794922,590.701171875,593.4461669922,596.2466430664,599.3093261719,602.1097412109,606.0065307617,609.6896362305],"2":[1032.2111816406,1032.2352294922,1031.7023925781,1031.3903808594,1031.4725341797,1031.1217041016,1030.6812744141,1030.2489013672,1067.8372802734,1067.37109375,1067.9261474609,1067.6446533203,1069.2109375,1068.8422851562,1069.9348144531,1069.4555664062],"3":[634.51171875,631.4141235352,628.5668945312,625.2744140625,621.7210083008,618.0102539062,614.2322387695,610.6881103516,633.6234130859,636.6278686523,640.3489379883,643.7378540039,646.8933105469,650.4127197266,653.8149414062,656.2992553711],"4":[599.5355834961,596.7418212891,594.8667602539,591.7564086914,589.6506347656,587.2097167969,584.9090576172,582.3977050781,611.367980957,613.7958374023,616.2681884766,619.4641113281,622.2874755859,624.8349609375,627.8862304688,630.3126831055],"5":[753.2053833008,747.8043212891,743.0979003906,738.5308837891,735.1712646484,731.1491699219,726.7904663086,724.0068359375,768.4711303711,770.7534179688,773.6946411133,777.180480957,780.5356445312,784.2203369141,788.4588012695,793.4594116211]},"text":{"0":"ERKLARU","1":"Karim","2":"Gewohn","3":"nach","4":"Ain","5":"EBENE"},"score":{"0":0.9878011346,"1":0.9855546951,"2":0.9867717624,"3":0.9838835597,"4":0.9797555208,"5":0.9896109104}}