{"polygon_x":{"0":[317.8486328125,336.6996154785,355.4727783203,374.9653320312,393.4638977051,412.9500427246,431.5628051758,450.3934020996,449.4223022461,429.998260498,411.2994995117,392.1192321777,372.6500549316,353.4973754883,334.3304748535,315.128326416],"1":[143.2975006104,156.3087463379,169.1058349609,181.3950653076,193.8425292969,207.0372619629,219.1790161133,231.3738708496,230.150177002,217.6858520508,205.6583862305,192.3475036621,180.070022583,167.3670501709,154.5980529785,141.7884521484],"2":[271.5508728027,285.5895996094,298.5728149414,312.4535217285,325.9868469238,339.9019775391,353.6236572266,366.6970214844,366.332244873,353.1348266602,339.3583374023,325.7422180176,311.8721923828,298.2713928223,284.714050293,270.4766845703],"3":[83.939239502,96.0900878906,108.0249786377,120.1013641357,131.2938842773,142.6831359863,154.2490386963,165.6396789551,166.1713867188,154.7578125,142.6643218994,130.2950897217,117.9098052979,105.5889358521,93.4480667114,81.2883377075],"4":[53.1362800598,77.7684326172,101.3931045532,124.9677200317,148.3142547607,172.0972900391,195.9956970215,218.7125854492,216.8004150391,193.4171295166,169.7962341309,146.4888305664,122.2192306519,98.3961334229,75.269821167,51.7074165344],"5":[729.6665649414,731.9227905273,733.3154296875,734.9750366211,735.326965332,736.1683349609,737.7823486328,741.0412597656,815.8551635742,814.1694335938,812.8015136719,811.9959106445,811.4043579102,811.04296875,811.5784912109,809.7858276367],"6":[374.8410339355,379.7157592773,384.3592834473,389.449798584,394.2526245117,398.8996887207,403.5178527832,407.630065918,410.6811523438,407.3415527344,401.3935852051,396.3057556152,391.1478271484,386.509552002,381.6251220703,375.8479003906],"7":[29.5085906982,29.5756072998,31.0127983093,32.4295158386,33.6117401123,35.1885261536,35.8346939087,36.0961647034,76.2666320801,77.0145797729,76.233581543,74.5522079468,73.7240829468,73.3799819946,71.866317749,71.6629943848],"8":[60.0122451782,90.9871749878,121.4794235229,152.8923797607,183.4588165283,213.7049102783,244.5509338379,275.4334411621,275.9842529297,244.5397033691,213.9558258057,182.8836669922,151.2047729492,120.4663772583,90.3227920532,59.5003890991],"9":[603.2602539062,607.7374267578,611.3292236328,616.737487793,622.9520263672,630.751953125,636.5389404297,640.4206542969,715.7886962891,712.9143676758,708.7977905273,704.2707519531,699.5068969727,695.7352294922,691.8729858398,687.1605224609],"10":[666.5511474609,667.8893432617,669.1323242188,670.5008544922,673.647277832,676.181640625,678.4891357422,683.1649169922,762.996887207,762.0653686523,758.2869262695,755.5587768555,753.0212402344,751.6480102539,750.2613525391,747.1513061523],"11":[173.9051971436,194.3623962402,213.7624969482,234.527130127,253.3572235107,273.6052246094,292.8282165527,313.3126525879,311.2765808105,292.2725524902,272.1753234863,253.3456420898,233.7199401855,213.5325622559,193.0959320068,172.1782989502]},"polygon_y":{"0":[513.2789916992,514.0165405273,514.4866943359,515.0953369141,515.0233764648,515.6441650391,515.2946777344,516.0403442383,546.3037719727,545.5852050781,546.1857910156,546.0751953125,545.583984375,545.3986816406,545.0856323242,543.8023681641],"1":[554.3662719727,553.8645019531,553.8131713867,553.7000732422,553.5649414062,554.0581665039,554.1304931641,554.9810180664,581.8013916016,582.4025268555,582.001953125,581.7557983398,581.6440429688,581.7536010742,581.6833496094,581.1496582031],"2":[553.9555664062,553.6538696289,553.4730224609,553.411315918,552.9547729492,552.9996337891,552.7557983398,553.6426391602,582.5759277344,582.7626342773,583.4659423828,583.2466430664,583.4647216797,583.6885986328,584.0090942383,583.4619140625],"3":[512.0614624023,512.9017944336,514.59375,515.4248657227,515.2571411133,515.7984619141,515.835144043,516.330871582,543.9750976562,544.5888061523,545.1433105469,545.5426025391,545.3420410156,545.4239501953,545.5776367188,544.1019897461],"4":[453.8055114746,454.4914550781,455.3852844238,455.0881347656,455.1000061035,455.9388122559,455.5055847168,456.2164001465,485.625,485.8397827148,485.8279418945,485.3305969238,485.2184753418,484.8023986816,485.1683654785,484.1139526367],"5":[579.2380981445,571.0175170898,560.684387207,552.3728027344,543.1380615234,532.8420410156,523.4097290039,513.5601806641,516.3331298828,524.0916137695,535.7563476562,546.9692382812,554.2208862305,563.7348022461,572.7532958984,583.8435058594],"6":[68.9681015015,68.7798919678,68.8908157349,68.8610916138,69.0126266479,68.8982772827,68.7670974731,68.8822937012,93.7152557373,93.8571014404,94.1247940063,94.1791152954,94.3684082031,94.4508132935,94.3660964966,95.2261734009],"7":[242.1964874268,238.9582824707,231.7895507812,228.0285644531,221.8263549805,217.2713928223,213.4538574219,210.3373260498,211.0959320068,218.7821350098,225.6654968262,229.8993225098,236.3186340332,241.2240142822,247.1717987061,252.9499816895],"8":[410.9815979004,410.6250610352,410.4272460938,410.6567687988,410.4980163574,410.662109375,409.8627319336,408.5377502441,437.4372558594,437.0714111328,437.398651123,437.3737487793,437.8190612793,437.4307250977,437.5258483887,438.2712097168],"9":[973.795715332,968.3721313477,960.3659057617,951.0137329102,938.6633300781,929.1217651367,917.4353027344,904.7819213867,918.9442138672,933.7095336914,944.8737182617,958.8063354492,969.4051513672,979.6112060547,990.961730957,1003.5330810547],"10":[789.2033691406,781.8099975586,771.2989501953,762.6149902344,750.1820068359,739.963684082,731.2852172852,719.555847168,736.4195556641,747.1556396484,755.1553955078,764.5557861328,771.4221191406,781.2066040039,789.7172851562,800.8035888672],"11":[513.7229614258,514.1614379883,515.0953369141,514.6906738281,514.7215576172,514.926940918,515.1649169922,515.4633178711,542.7277832031,543.236328125,543.5068969727,543.8161621094,543.4483032227,543.4636230469,543.4843139648,543.9468383789]},"text":{"0":"Propheten","1":"Kubie","2":"Umbia","3":"Sogen","4":"Felsengraber","5":"E","6":"27","7":"O","8":"PERISTEREON","9":"L","10":"B","11":"Graberder"},"score":{"0":0.9796808958,"1":0.9529356956,"2":0.9814785719,"3":0.9831343889,"4":0.9763336778,"5":0.9607595801,"6":0.6804415584,"7":0.8615649939,"8":0.9772943258,"9":0.9229299426,"10":0.9695630074,"11":0.5874508023}}