{"polygon_x":{"0":[13.5940637589,40.5610466003,68.8240127563,97.2612533569,125.5012588501,153.670425415,181.626373291,208.5179138184,209.0842132568,181.3524627686,153.6669464111,125.4459457397,97.2992172241,68.9787368774,40.7560348511,13.9041872025],"1":[525.5253295898,527.7670898438,529.2509155273,528.4884033203,528.8836669922,529.3030395508,530.5053100586,531.9085693359,616.6206665039,616.9605102539,614.2060546875,611.2971801758,609.0184326172,605.5249023438,602.1118774414,600.8276367188],"2":[21.3166427612,35.7147445679,51.2695999146,66.2885131836,80.822013855,95.548034668,110.3627929688,124.5264129639,124.0927886963,109.5111083984,94.8275222778,80.3215408325,66.0494842529,51.2660751343,36.351524353,20.9508094788],"3":[729.3217163086,743.8311157227,757.2362060547,770.7995605469,782.8978271484,795.935546875,807.9286499023,815.9916992188,810.5833740234,796.0452880859,782.5008544922,769.400390625,755.3804321289,741.2586669922,727.4135742188,711.8231811523],"4":[655.9089355469,665.0664672852,674.3739624023,683.7037353516,692.6011962891,700.9932861328,709.4558105469,720.099609375,699.7545166016,690.9517211914,683.0869750977,675.1662597656,666.9920043945,658.633605957,650.5792236328,640.7219238281]},"polygon_y":{"0":[985.0715942383,984.0868530273,983.2291870117,982.9404907227,983.2032470703,982.8702392578,982.7322998047,983.4965820312,1023.0381469727,1022.6080322266,1022.2008666992,1022.5968017578,1023.0878295898,1022.4204101562,1022.8970336914,1023.6314697266],"1":[91.3993835449,75.2465286255,66.2306900024,57.8695983887,49.0621833801,36.6437149048,24.6720409393,21.5247192383,30.2945270538,43.0686683655,52.0976638794,63.7289199829,77.5170593262,88.8157730103,99.3161239624,111.1755065918],"2":[797.9633178711,797.5112915039,798.4782104492,799.2553710938,800.5233154297,801.3096313477,802.1560668945,803.7330322266,844.5220947266,844.6755981445,844.6061401367,844.5254516602,843.9650878906,844.0375976562,844.2306518555,843.2830810547],"3":[609.727355957,621.1715087891,632.0940551758,642.7828369141,652.2167358398,664.5095214844,674.5790405273,684.2543334961,710.0422363281,700.096862793,688.7451171875,677.3050537109,666.3778686523,655.1578369141,643.7858276367,632.7129516602],"4":[557.1713256836,564.1911010742,570.9374389648,577.7627563477,584.1932373047,590.772644043,596.7826538086,605.6640014648,625.6075439453,617.0764160156,611.0663452148,604.8115844727,597.8361206055,590.6524047852,584.2360229492,577.0840454102]},"text":{"0":"ISSCS","1":"O","2":"des","3":"Bethanta","4":"mach"},"score":{"0":0.9864321351,"1":0.7880920768,"2":0.9851788878,"3":0.9795574546,"4":0.9578385353}}