{"polygon_x":{"0":[0.4097532332,11.9686355591,22.7373371124,34.5575637817,45.6997680664,56.6558456421,68.05103302,78.9952774048,78.6826477051,67.1478271484,55.859577179,44.8367004395,33.7386322021,22.6776485443,11.4271736145,0.0767101794],"1":[505.1715393066,544.1251831055,582.4177856445,622.3881225586,661.9692993164,702.0776977539,740.6204223633,781.4297485352,781.1787719727,741.957824707,702.6703491211,662.7276611328,623.3590087891,583.666809082,544.5426635742,504.3833007812],"2":[324.8410949707,346.4605102539,368.1724853516,389.6513977051,411.1815490723,432.7901916504,454.2180480957,474.889251709,475.8178100586,454.6099853516,433.0386047363,411.1943054199,389.3958435059,368.1188659668,346.2671508789,324.7769165039],"3":[419.6816711426,474.3280029297,527.809387207,580.8346557617,633.6893310547,686.4938354492,738.5046386719,792.5021362305,793.8369140625,736.8237304688,686.9166259766,632.8119506836,580.0130615234,526.8168334961,473.8014221191,421.1727905273],"4":[356.5233154297,363.0073242188,369.9557495117,376.7552490234,383.8905029297,390.5362548828,397.1189575195,404.1772766113,404.6334228516,397.7439880371,390.8837890625,383.552520752,376.4026489258,369.6410217285,362.8515930176,355.7865905762],"5":[618.2485961914,641.4066162109,664.8238525391,687.0958862305,710.0126953125,733.0687255859,755.1943969727,778.501953125,773.8412475586,749.7300415039,725.5328979492,702.3942871094,679.1255493164,655.7355957031,632.3471679688,609.4236450195],"6":[61.0173339844,92.0051727295,123.5039138794,154.4265136719,185.9084320068,216.4371948242,248.1585540771,278.797454834,281.7333679199,249.58253479,217.5548248291,186.5120391846,155.0662536621,123.9338912964,93.3287887573,61.6166419983],"7":[309.938293457,313.323638916,316.4806518555,320.4136962891,324.1956787109,327.9001159668,331.0340576172,334.4809265137,335.2128295898,332.2348632812,328.193145752,324.1667480469,320.5713500977,317.0970458984,313.6157226562,310.0107727051],"8":[394.1733093262,407.7048339844,419.8505554199,431.8553161621,444.6284179688,457.7920532227,470.3840637207,483.4187316895,486.4645385742,473.6136169434,460.6241455078,446.9307556152,434.1331176758,421.5796203613,409.2576599121,396.927947998]},"polygon_y":{"0":[0.0886796489,0.2002068907,0.2572281659,0.229360804,0.3950479925,0.2341788262,0.2631444633,0.1698956043,24.7483634949,25.0060443878,24.5325508118,24.6857376099,24.6415557861,23.8979434967,24.1592845917,23.5066776276],"1":[133.2702026367,133.3007354736,132.2867126465,132.1063079834,131.6151428223,131.7356414795,130.4584503174,132.1180877686,175.9591522217,175.9211883545,175.4982910156,175.535446167,175.8754730225,175.9443969727,177.1926269531,178.8406677246],"2":[133.4764251709,133.9515075684,133.9756469727,134.537109375,134.9386901855,135.07081604,135.9945068359,137.0937194824,176.3457336426,176.2545623779,176.3737030029,176.6983184814,176.9881896973,176.820022583,177.1627960205,176.6260528564],"3":[1016.3205566406,1015.4544067383,1014.7908935547,1014.9331054688,1014.6995239258,1014.2815551758,1013.7155761719,1013.5489501953,1039.6221923828,1040.3687744141,1039.8845214844,1039.5531005859,1039.0242919922,1038.3797607422,1038.1317138672,1038.6793212891],"4":[1014.5374145508,1014.29296875,1014.4235229492,1014.664855957,1014.5587158203,1014.3370361328,1015.2540893555,1016.2366943359,1037.0141601562,1037.0845947266,1037.0985107422,1036.9836425781,1036.7091064453,1037.1628417969,1036.8386230469,1036.5777587891],"5":[740.8465576172,744.727722168,748.6049804688,752.2462768555,756.6411743164,760.6856689453,765.2214355469,768.7705688477,803.1810913086,801.8422241211,798.7370605469,794.9187011719,791.0035400391,786.6070556641,781.3924560547,774.8063354492],"6":[762.4957885742,760.2508544922,757.7835693359,756.2037963867,754.9057006836,753.8893432617,752.2456054688,753.0032958984,792.5053710938,792.4827880859,793.1095581055,793.7803955078,795.3395996094,795.6260375977,798.6345825195,800.8634643555],"7":[1012.3978881836,1012.9956054688,1013.1500244141,1013.197265625,1013.0798950195,1013.0758056641,1013.4335327148,1013.9392089844,1036.3881835938,1036.2038574219,1035.8928222656,1035.8479003906,1035.9227294922,1035.9947509766,1036.03125,1036.1247558594],"8":[767.2619628906,765.5950927734,763.3939208984,761.8150634766,761.3509521484,759.9956665039,757.5900268555,756.4149780273,792.2161254883,792.9202880859,794.3170166016,794.8272094727,795.6407470703,796.9206542969,798.2843017578,798.1045532227]},"text":{"0":"OGEL","1":"Scandali","2":"Mons","3":"234568","4":"100","5":"Nar","6":"Wadi","7":"O","8":"ol"},"score":{"0":0.9793707132,"1":0.9875791669,"2":0.9863508344,"3":0.9627887607,"4":0.8500744104,"5":0.9700132608,"6":0.9779313207,"7":0.8290137053,"8":0.8891444206}}