{"polygon_x":{"0":[68.9783630371,88.149772644,107.2724456787,126.8138656616,146.3787536621,165.5048980713,184.8715362549,203.7589416504,204.2697753906,185.4244995117,166.7121582031,147.1633758545,128.1310882568,108.8857879639,89.6755371094,69.9983825684],"1":[214.0791473389,235.2130432129,255.8729553223,276.7353515625,297.9515380859,318.240020752,339.0650024414,361.5757751465,360.8188781738,340.3483886719,318.7022094727,298.157043457,277.0709838867,256.3129577637,235.0673980713,213.9719543457],"2":[659.6034545898,665.8243408203,672.6194458008,678.9697265625,684.9508666992,691.7962646484,698.7443237305,707.4252319336,731.8023681641,726.4334716797,719.2951660156,711.6038818359,705.1761474609,698.9375610352,692.5355834961,686.8930053711],"3":[9.6637954712,22.3475418091,34.8861274719,47.2649765015,59.6219291687,71.7276077271,83.9760513306,95.6578216553,94.6416778564,82.7528533936,70.5962295532,58.1983757019,46.1271514893,33.4642868042,20.3697776794,8.6252212524],"4":[736.41796875,743.4709472656,750.115234375,756.6574707031,763.2571411133,769.9862060547,777.0230712891,782.6936645508,805.0302124023,800.1047973633,793.719909668,787.7114868164,780.672668457,773.8236083984,767.2304077148,760.8182373047],"5":[738.5858764648,747.3828125,756.2276000977,765.1273193359,774.5959472656,783.9226074219,793.4047241211,802.7949829102,803.5811157227,794.5100708008,785.051574707,775.0664672852,765.5989379883,756.8587646484,748.0416259766,739.1398925781],"6":[547.3778686523,558.5387573242,569.677734375,581.0010986328,591.9473266602,602.7152709961,613.4785766602,623.7878417969,624.5979614258,614.0833129883,603.6528320312,592.7282104492,581.6278076172,570.7048339844,560.1606445312,548.0120239258],"7":[0.0574315004,11.9103078842,24.0612926483,36.5226593018,48.5719261169,61.4020576477,74.4658050537,87.5649337769,86.5447463989,73.2946166992,60.4551429749,48.0048713684,35.4136276245,23.6294593811,11.2165441513,0.0291272309],"8":[634.893371582,649.9306030273,664.4882202148,678.8981323242,693.7380981445,708.0543823242,722.2637329102,736.3237915039,736.9220581055,722.6246337891,708.4792480469,694.0479736328,679.2401123047,664.864074707,650.4153442383,634.8615722656],"9":[0.1032234281,7.8726353645,15.7466487885,24.1017074585,32.0923156738,40.203338623,48.6527366638,56.5527153015,56.5908317566,48.800239563,39.8023529053,31.6058177948,23.6295871735,15.762834549,7.7070889473,0.1056745127],"10":[713.4705200195,717.7406005859,720.8895874023,723.9825439453,726.7619018555,729.3170166016,732.3901977539,735.1717529297,758.3953857422,755.4761962891,752.5950317383,748.9207763672,745.5051879883,742.0213623047,738.5784912109,734.7512817383],"11":[0.1171617359,12.3214025497,25.3198013306,38.7949790955,52.1479949951,65.6787033081,79.3881454468,93.0114517212,91.6485519409,78.239906311,65.1836090088,51.775302887,38.4097824097,25.3865852356,12.3766756058,0.0949337408],"12":[649.7536010742,651.1983642578,652.3381347656,654.1231689453,655.8311767578,657.4139404297,658.2910766602,659.2376098633,685.0799560547,683.1702270508,681.1782836914,679.1075439453,676.8442382812,674.7165527344,672.862121582,670.805847168],"13":[0.1451097429,7.6452722549,14.9559059143,22.8319664001,31.0367279053,39.3038406372,48.5673179626,59.5736351013,58.0229377747,48.0438766479,39.0013961792,30.8992881775,22.9417972565,15.2851734161,7.6716580391,0.1004569307],"14":[0.412142843,9.9775342941,19.3634471893,29.6459255219,39.2816390991,48.9598083496,58.7022781372,67.7807540894,67.6647949219,58.714138031,48.957572937,39.4256782532,29.8138809204,19.9639625549,10.499165535,0.2217618376],"15":[0.631526649,14.4869947433,27.4039039612,41.2750358582,54.7798271179,67.887588501,82.5255889893,98.7267227173,98.1683197021,84.0157394409,68.9086456299,54.9248199463,40.759967804,27.1281909943,13.6842565536,0.2176788747],"16":[0.0312735327,9.4860963821,19.9397296906,30.3671703339,40.8484039307,51.652507782,63.0654983521,74.4320907593,74.7720184326,63.729637146,52.6463851929,41.7682304382,31.1137390137,20.5983200073,10.2116031647,0.1109301969],"17":[3.2636797428,11.2297773361,18.5164756775,26.1806755066,33.9066734314,41.4746742249,49.022819519,56.4057731628,52.7923202515,46.6400871277,39.2891693115,31.4453048706,24.2880630493,16.6563034058,8.9796380997,0.6362515092],"18":[786.6251831055,788.6204223633,790.3020019531,791.6323242188,792.602355957,793.5740356445,795.280090332,797.0137939453,815.9686889648,815.5242919922,815.5549316406,815.3341064453,815.0079956055,814.6517944336,814.176574707,813.1789550781]},"polygon_y":{"0":[1008.442565918,1006.582824707,1005.0247802734,1004.0924682617,1003.3215332031,1002.4603271484,1001.6932373047,1002.3862915039,1042.9490966797,1042.9389648438,1043.3745117188,1043.2468261719,1043.0147705078,1043.0554199219,1042.8835449219,1043.3052978516],"1":[1002.4245605469,1001.7460327148,1002.1136474609,1001.6934204102,1002.3171386719,1001.9819335938,1002.2474365234,1002.926574707,1043.1081542969,1043.3604736328,1043.7473144531,1043.6287841797,1043.2943115234,1043.0532226562,1042.6594238281,1041.9389648438],"2":[842.8401489258,825.0131835938,806.6326904297,788.7315063477,772.1825561523,752.4844360352,734.1016845703,715.7821655273,730.3829956055,747.4278564453,765.0118408203,783.2853393555,802.1012573242,819.6052856445,837.0918579102,855.829284668],"3":[866.1611938477,866.8671875,868.1956176758,869.1804199219,869.953125,870.6438598633,871.5221557617,872.044921875,902.7624511719,902.4397583008,902.0366210938,902.2158813477,901.8188476562,901.7114868164,901.9345703125,901.6713256836],"4":[647.396484375,634.9733276367,622.6220092773,610.9088745117,598.9500732422,586.4093017578,574.7131347656,562.5022583008,574.955078125,588.2333984375,600.5072631836,611.0186157227,623.6667480469,636.5291748047,648.2766113281,661.1848754883],"5":[1050.1833496094,1050.0626220703,1049.4317626953,1049.3857421875,1049.2266845703,1049.6419677734,1049.3063964844,1049.7659912109,1078.6494140625,1078.7501220703,1079.3835449219,1080.0329589844,1080.1202392578,1079.6823730469,1079.1141357422,1078.8620605469],"6":[1055.5235595703,1055.2805175781,1055.0509033203,1055.3317871094,1055.2429199219,1054.9282226562,1054.7739257812,1054.8146972656,1081.0466308594,1081.0385742188,1081.1534423828,1081.6317138672,1081.8526611328,1081.9040527344,1082.1270751953,1081.9996337891],"7":[705.8913574219,706.1276855469,706.8240966797,707.4029541016,707.3823852539,707.603515625,707.4631958008,707.6400146484,738.0194702148,737.7578735352,737.9432983398,737.4345092773,736.9623413086,736.848449707,736.9837646484,736.9515380859],"8":[1050.8670654297,1051.2565917969,1051.3839111328,1051.5147705078,1051.8293457031,1051.9176025391,1051.3812255859,1051.6444091797,1079.6749267578,1079.5433349609,1079.3842773438,1079.7358398438,1079.9554443359,1079.9852294922,1079.9475097656,1079.9376220703],"9":[1003.0827026367,1003.3192749023,1003.5627441406,1004.15234375,1004.0335693359,1004.4660644531,1005.5116577148,1006.6987304688,1042.5418701172,1042.4197998047,1042.2448730469,1042.037109375,1041.9454345703,1042.1955566406,1042.3077392578,1041.7010498047],"10":[714.2392578125,707.1840209961,699.3311767578,691.9427490234,684.40625,676.1842651367,668.6219482422,660.5153198242,670.1188964844,678.378112793,686.3112182617,694.4753417969,702.2907714844,710.4545898438,718.8596191406,726.295715332],"11":[657.3218383789,656.7282714844,654.7953491211,653.8481445312,654.3517456055,654.1009521484,653.8571166992,652.9354248047,685.2212524414,685.2033691406,684.6270751953,684.2778930664,683.8952026367,684.1026000977,684.3588256836,684.6297607422],"12":[921.3432617188,913.8598632812,904.1127929688,893.479675293,885.2938842773,875.7869873047,866.3540649414,857.1748046875,862.5529174805,871.8717651367,881.1724243164,890.5856933594,899.928894043,909.2560424805,918.2013549805,928.9927978516],