{"polygon_x":{"0":[586.3753051758,595.1123657227,601.4943237305,610.2894897461,617.8365478516,625.8924560547,632.6705932617,644.3193359375,581.266418457,575.8073730469,571.4044799805,569.6638793945,562.572265625,556.9631958008,552.919921875,545.9334716797]},"polygon_y":{"0":[697.7642822266,706.0798339844,711.6306152344,718.5042724609,724.1927490234,729.1431884766,732.3249511719,736.7911376953,857.3986816406,843.4339599609,835.3240356445,826.803894043,819.6241455078,809.5933227539,794.9843139648,779.0649414062]},"text":{"0":"&"},"score":{"0":0.4652416408}}