{"polygon_x":{"0":[16.9283294678,26.4593467712,36.4621047974,46.8749771118,56.7847480774,66.6149978638,76.3983306885,86.037651062,87.1042709351,77.2933044434,67.1112289429,57.3436698914,47.4750747681,37.4631500244,27.8005447388,17.816034317],"1":[34.8650131226,41.649143219,48.7021560669,56.2411880493,63.5640945435,70.6044998169,77.5280761719,84.6548309326,85.8150482178,78.5924987793,71.317237854,64.1087341309,56.9009666443,49.814125061,42.923828125,35.8265647888],"2":[30.8905143738,38.578956604,46.563747406,54.8871612549,62.9583702087,70.8663024902,78.6669158936,86.3237228394,87.1913833618,79.1852111816,71.022277832,63.0799713135,55.0718460083,47.1386947632,39.3605117798,31.4223155975],"3":[746.3010253906,756.9762573242,766.3828125,776.1566162109,785.8487548828,795.8545532227,806.0235595703,815.6956787109,815.2354736328,804.8470458984,795.1029052734,785.5067138672,775.5186767578,765.6193237305,755.759765625,746.1003417969],"4":[18.5432853699,28.3512248993,38.2777519226,48.2911224365,58.1378593445,67.7488937378,77.5373535156,87.5157089233,88.7615509033,78.9440002441,68.8312530518,58.9628219604,49.2003173828,39.2098731995,29.6952056885,19.7677154541],"5":[36.6842575073,43.7176399231,51.0111923218,58.423740387,65.8268508911,73.1360778809,80.2875213623,87.6160125732,88.3803482056,81.0254974365,73.5087585449,65.9179534912,58.4596252441,50.9932975769,43.8629875183,36.6277389526],"6":[33.6986732483,40.9049987793,48.0964660645,55.799407959,63.3387832642,70.5718612671,77.6632080078,84.9916992188,86.142250061,78.7532730103,71.2346191406,63.8163719177,56.3682289124,49.0409355164,41.8697433472,34.5652961731],"7":[694.0157470703,711.7147216797,729.9838867188,747.4499511719,764.9522705078,782.6936645508,800.6412963867,815.9127197266,815.9160766602,800.15625,782.1273193359,764.7197265625,746.8580932617,729.1325683594,711.1486206055,693.3717651367],"8":[560.4216308594,571.6614379883,584.6133422852,598.776550293,611.5767211914,624.1578369141,636.4371337891,653.2301635742,678.1486816406,661.7316894531,647.012512207,630.9437255859,618.2839355469,607.0697021484,595.5311279297,583.5208740234]},"polygon_y":{"0":[345.5724487305,345.0529785156,344.933807373,344.3704528809,344.1277770996,343.9804077148,343.7118835449,343.8832702637,369.5954589844,369.5705566406,369.9059448242,369.9239501953,370.0199279785,370.6817016602,371.0613098145,371.1948852539],"1":[297.8252868652,297.6353149414,297.1682128906,296.6405334473,296.2828674316,296.0754089355,295.7024536133,295.865234375,320.511932373,320.3542480469,320.3644714355,320.4820556641,320.6552429199,320.8818664551,321.2493896484,321.5181884766],"2":[177.3048553467,177.0269317627,176.9432525635,176.5068817139,176.5168762207,176.501159668,176.5523071289,176.7629852295,201.052947998,201.3539581299,201.5276489258,201.6056365967,201.4900970459,201.4893035889,201.803024292,201.697265625],"3":[245.9006652832,245.6630554199,246.1390838623,245.9213409424,245.6832733154,245.6179199219,245.5066223145,244.9074249268,270.9621887207,270.8450927734,270.7977905273,270.8228759766,270.8957214355,271.1639404297,271.3043518066,270.8934020996],"4":[58.2511138916,58.4041976929,58.1871948242,57.6183662415,57.1808395386,57.0190544128,57.0739784241,56.9279060364,83.4753036499,83.4399719238,83.7503585815,83.7241744995,83.7090911865,83.77394104,83.8857345581,84.1850280762],"5":[118.3924255371,118.3587799072,118.256401062,118.1661682129,118.2146911621,117.9566116333,118.0770721436,118.5859298706,142.8346557617,142.8070068359,142.991104126,142.9074707031,142.8779144287,142.8135528564,142.9183349609,142.9094848633],"6":[236.0539703369,235.8853149414,235.5244598389,235.2987823486,235.1542205811,235.0256652832,234.8757324219,235.0494995117,259.7113037109,259.7568054199,259.9670410156,260.0252990723,260.0155334473,260.3804321289,260.5991516113,260.7610168457],"7":[190.3119049072,190.978729248,191.2562866211,191.4161682129,191.8500518799,191.5954742432,191.6563262939,190.3247833252,215.932434082,216.268157959,216.6422729492,216.9475708008,217.0840911865,217.0923309326,216.8712615967,216.8936767578],"8":[208.7858123779,189.4692993164,167.515411377,144.1500701904,123.5838623047,102.6822509766,84.6794052124,67.6738433838,85.5520858765,106.698059082,124.3949890137,144.3519439697,164.1428833008,185.3660736084,206.5872039795,225.0734100342]},"text":{"0":"2000","1":"100","2":"300","3":"Telch","4":"2500","5":"400","6":"200","7":"Wasserleit","8":"Wasserleitung"},"score":{"0":0.976567328,"1":0.9708986282,"2":0.9756850004,"3":0.978792727,"4":0.9747656584,"5":0.9703770876,"6":0.976782918,"7":0.9837689996,"8":0.9405950904}}