{"polygon_x":{"0":[265.8377685547,272.5361022949,280.4067382812,288.3421020508,296.4917602539,304.6170349121,312.4459228516,319.9481506348,321.4111633301,313.6289672852,304.793762207,296.729675293,288.512298584,280.745880127,273.4724121094,265.4702758789]},"polygon_y":{"0":[316.4921264648,315.6609191895,315.5308837891,315.6047363281,315.5350341797,315.029510498,314.5634460449,313.8510437012,355.5971069336,356.5025024414,356.4458618164,356.5521850586,356.8933410645,356.9949645996,357.4821777344,357.8968811035]},"text":{"0":"58"},"score":{"0":0.9236078262}}