{"polygon_x":{"0":[646.7270507812,656.6932373047,665.6267089844,673.333984375,681.3430175781,687.9415283203,693.0881347656,699.649597168,701.212890625,692.98046875,686.1126708984,679.714050293,669.0679931641,660.2497558594,652.5396118164,643.8988037109],"1":[0.0922613144,62.5180244446,132.5464019775,199.3187255859,269.0386657715,337.3099975586,405.124786377,475.133026123,483.5614624023,412.8028564453,342.5751342773,272.5903320312,203.0640563965,135.9144287109,63.9875221252,1.0883252621]},"polygon_y":{"0":[448.5979919434,448.864074707,449.315612793,449.5592651367,449.5742797852,449.8149414062,450.5999450684,451.2709960938,492.5799560547,492.3116455078,491.9076843262,491.7879638672,492.4729614258,492.3925476074,491.6899414062,490.100769043],"1":[437.2379760742,426.3465881348,411.5359802246,401.0021972656,391.8643188477,383.216217041,375.0842590332,372.2196960449,425.6426391602,431.7974243164,438.721862793,445.2426452637,454.5532531738,465.2487182617,477.2645874023,489.1697692871]},"text":{"0":"O","1":"LLEY"},"score":{"0":0.6658990979,"1":0.9716361165}}