{"polygon_x":{"0":[574.9227294922,583.5438842773,593.0046386719,602.9354248047,613.8530883789,625.8701171875,633.498840332,642.7661132812,597.4728393555,587.2022705078,576.1873779297,565.2635498047,554.6007080078,544.2360839844,535.041015625,526.4270629883],"1":[133.604675293,141.3042755127,148.7583007812,155.7308044434,163.6864013672,170.3982391357,178.5617980957,188.0029296875,102.6525726318,96.143737793,87.4233398438,77.0259017944,67.5672988892,61.5268783569,54.9509735107,45.7483291626],"2":[490.267364502,497.6031494141,505.814453125,513.9172973633,523.0070800781,531.0811767578,540.254699707,549.4614257812,496.4667053223,487.530090332,478.8251037598,472.8524780273,465.8382568359,459.6631469727,452.6053466797,444.1541137695],"3":[251.5829315186,245.0044555664,243.200958252,241.7088623047,240.8023986816,240.8774108887,239.8957214355,240.3383636475,318.2493286133,317.212890625,316.3796081543,315.8583984375,315.777557373,315.9623718262,315.882232666,318.8157043457],"4":[292.5478515625,317.5029907227,346.4479370117,370.4162597656,398.1135864258,422.9916687012,444.2429199219,466.4688415527,409.9139404297,385.4458312988,363.0708618164,336.7254333496,308.8139953613,281.8900756836,255.8278045654,232.1556243896],"5":[285.2442016602,281.7618103027,276.3141174316,269.0944213867,264.3926391602,260.5643310547,257.5639038086,251.4212036133,340.4552612305,335.4504394531,341.5772705078,349.7161560059,357.6371459961,361.2998962402,365.8880310059,370.0433654785],"6":[234.113861084,230.6842041016,232.5030212402,234.6539916992,234.8811187744,236.1222686768,236.8341827393,238.162979126,177.1787719727,176.7590484619,174.2381134033,174.9627380371,173.7026824951,173.6912689209,174.2363891602,170.9875183105]},"polygon_y":{"0":[576.5183105469,609.2145385742,643.6151123047,677.9486694336,712.6287231445,749.4048461914,784.2285766602,819.2769775391,834.7454223633,800.6987915039,765.1681518555,728.2457275391,692.3751831055,656.9762573242,619.9674072266,586.7352294922],"1":[170.139465332,190.6648406982,212.1248016357,231.0757751465,250.3245697021,270.7500915527,291.6440429688,309.7593688965,337.7859802246,316.122467041,294.0801391602,272.5531311035,251.4540252686,233.3449707031,213.0300750732,195.7453765869],"2":[405.8398742676,421.3411865234,433.8573913574,446.1531982422,458.6441345215,471.8420410156,483.3017272949,495.1976928711,522.5894775391,510.0813598633,495.1670532227,484.3574523926,473.4273986816,460.5446777344,445.9589233398,431.8163757324],"3":[608.229309082,601.3967285156,591.7008056641,581.6010742188,572.2111816406,562.919921875,556.3607177734,547.1844482422,537.9260253906,548.0912475586,556.6765136719,566.5103149414,575.2048339844,584.3809204102,591.2782592773,598.6552734375],"4":[33.988079071,74.2708969116,120.7829742432,165.2269134521,211.1938781738,255.0281524658,294.4518737793,340.9755249023,372.3226928711,325.1971130371,287.8162231445,242.0356750488,199.603729248,154.7881317139,108.6832275391,68.2017669678],"5":[770.6155395508,772.272277832,764.3225097656,753.2894287109,741.3428955078,729.5375976562,724.0848388672,711.8983154297,689.2919311523,693.9273071289,705.1072998047,719.485168457,730.9794921875,740.1916503906,748.665222168,760.5783691406],"6":[405.279083252,407.5289611816,413.7091369629,420.787689209,425.5591430664,432.9216003418,438.6816711426,444.9353637695,467.6793823242,458.9338684082,446.2941894531,437.9550170898,429.5692749023,420.806854248,410.4769897461,407.1858215332]},"text":{"0":"Grain","1":"(W","2":"of","3":"Q","4":"Fields","5":"K","6":"&"},"score":{"0":0.976447165,"1":0.9453453422,"2":0.9459792376,"3":0.5730779767,"4":0.9702579975,"5":0.5082827806,"6":0.8727150559}}