{"polygon_x":{"0":[84.3305130005,102.1552200317,117.6664123535,134.1787414551,152.041595459,168.4937896729,186.3180541992,203.5830383301,162.5604095459,146.4883422852,129.5693359375,113.4206542969,97.0310134888,80.9840393066,66.5134429932,48.9258041382]},"polygon_y":{"0":[248.2182159424,265.3774719238,282.8060913086,299.4545898438,316.3536987305,331.2699584961,345.0350952148,362.3675537109,397.6376342773,381.6834106445,364.2217407227,346.8442077637,331.2643432617,315.5148925781,300.2871398926,284.3419799805]},"text":{"0":"Samud"},"score":{"0":0.979368329}}