{"polygon_x":{"0":[200.6575164795,223.826461792,246.4031219482,269.3909912109,291.362121582,313.8010253906,335.0957641602,357.6880187988,357.2745361328,335.8407287598,313.7148132324,291.4397583008,269.4436035156,247.0715179443,224.5079803467,201.0062866211],"1":[359.3617248535,384.6429138184,408.8380737305,432.9979858398,456.7783813477,480.2482299805,504.3731384277,528.3423461914,529.4621582031,504.6445007324,480.8502807617,456.380279541,432.7268981934,408.7729492188,384.5999755859,359.7072143555],"2":[556.9427490234,557.0456542969,557.2961425781,557.1329345703,555.1699829102,552.8909912109,550.8746337891,551.8115844727,502.1947021484,501.4060668945,498.9682312012,498.8589477539,498.5169067383,498.345489502,498.0039672852,496.7932434082],"3":[472.2808837891,473.5350952148,476.414642334,478.746307373,482.2397155762,484.9255981445,487.5401611328,492.266204834,423.2881469727,420.7695007324,419.5234680176,416.5851135254,413.0502624512,410.9870910645,409.2222595215,406.3004760742],"4":[583.5081787109,581.8900146484,581.4305419922,581.9896240234,583.8664550781,585.2098999023,587.0465698242,587.6665039062,535.3840942383,535.8109130859,535.7066650391,535.2562255859,534.3006591797,533.4786376953,533.2235717773,532.2724609375],"5":[683.6516723633,724.2495727539,764.9022827148,805.8259277344,846.2449951172,887.4526977539,928.9444580078,969.8325195312,970.6840820312,929.0375366211,888.301940918,847.4288330078,805.3342285156,764.1330566406,724.1318359375,681.9841308594],"6":[596.4099121094,594.9212036133,594.0722045898,591.2314453125,588.0576171875,583.6443481445,580.1292724609,578.6389770508,526.6146240234,528.1997070312,528.5722045898,533.9187011719,537.1345825195,539.4733886719,541.6626586914,542.7336425781],"7":[504.0805358887,502.3614196777,501.0844116211,501.0939941406,503.2042236328,504.6082763672,505.6454162598,507.7383422852,456.8432617188,456.8582763672,456.6990356445,456.5924682617,455.8729858398,455.7098999023,456.3457946777,457.0541381836],"8":[922.4030151367,931.4655761719,936.630859375,942.4146118164,949.9583740234,957.1804199219,963.7444458008,969.2822875977,970.8108520508,963.9866943359,957.8337402344,951.3760375977,944.3557128906,938.3258666992,931.1359863281,922.2055053711]},"polygon_y":{"0":[955.5338134766,955.4332275391,955.5944213867,955.9709472656,956.2717285156,955.9681396484,957.0703735352,957.2680664062,999.0384521484,999.1278076172,999.0819091797,999.0151367188,999.1225585938,999.2053833008,999.076171875,998.6660766602],"1":[955.8342895508,957.8645019531,958.1943359375,958.4506835938,959.2038574219,959.1016845703,958.3261108398,958.0502929688,997.2341918945,998.0313110352,998.6279296875,998.8060302734,998.9813232422,999.2219238281,999.1752929688,998.2184448242],"2":[358.645904541,369.2659912109,379.1813964844,388.6074523926,399.2280273438,408.8013000488,416.8630371094,426.2247924805,423.348236084,413.9804077148,403.829284668,396.2451782227,387.799041748,378.7128295898,369.4873657227,363.9407958984],"3":[13.5318555832,22.8628768921,33.1198043823,43.6608047485,52.0063247681,61.9807815552,72.2036514282,81.1642150879,88.3175354004,78.0376586914,70.1439590454,60.6143875122,51.5347976685,43.2422027588,34.5460395813,25.321931839],"4":[538.465637207,546.2619018555,553.2344970703,560.8205566406,567.8308105469,575.4887695312,582.4249267578,589.5955810547,595.6423339844,586.8610839844,578.0943603516,570.4449462891,563.2623901367,556.6118164062,547.1495361328,539.666809082],"5":[856.1214599609,856.8861083984,856.213684082,856.3200683594,855.9481811523,855.1791381836,854.3237915039,855.0529785156,908.4447021484,908.5025024414,907.8001708984,908.4573364258,908.1112060547,908.1014404297,907.4786376953,907.7427978516],"6":[915.9809570312,927.125,940.2233886719,953.5504150391,964.9067382812,976.8627929688,987.5368652344,999.2036132812,999.2408447266,989.2491455078,976.032409668,963.8849487305,950.9332275391,937.1677246094,923.7655029297,915.51171875],"7":[212.8658294678,211.316696167,216.6925964355,222.4904022217,228.0914306641,232.9507751465,237.8999481201,243.8111724854,254.6704101562,247.4824371338,240.8056640625,233.7927398682,226.045211792,219.4325408936,213.3064117432,206.0138702393],"8":[856.0568847656,855.4226074219,855.383605957,855.2427978516,854.7083129883,854.0598144531,854.3496704102,854.7833251953,908.572265625,909.4989013672,909.6262207031,910.0258789062,910.9508056641,911.507019043,911.7066650391,911.2193603516]},"text":{"0":"Birket","1":"Hommm","2":"I","3":"Y","4":"O","5":"Tombol","6":"It","7":"e","8":"V"},"score":{"0":0.9723963141,"1":0.9834740758,"2":0.9785826206,"3":0.9730311036,"4":0.9304186702,"5":0.5491778255,"6":0.9015177488,"7":0.7012623549,"8":0.471015662}}