{"polygon_x":{"0":[259.4291992188,283.6106567383,308.9487915039,333.9685058594,359.7444152832,385.2734985352,411.1204223633,435.4273071289,435.6434936523,409.8446350098,384.3342590332,359.3817443848,333.869934082,308.9087524414,284.0281982422,259.1861572266],"1":[162.7077636719,203.9644622803,243.3132019043,285.8713378906,328.9574890137,370.9545288086,410.9501342773,453.2142944336,450.490447998,409.1630249023,369.2616577148,326.6077880859,285.0510253906,242.684387207,202.0213623047,160.5576934814],"2":[0.4675265551,19.377450943,38.2008018494,57.2639389038,76.4338226318,95.243309021,114.3138198853,131.842300415,135.1307220459,115.8351745605,96.4132232666,77.5250396729,57.9515457153,38.9016609192,20.2206401825,0.4550077021],"3":[820.4185791016,843.7346191406,864.7427978516,885.1983642578,906.8316040039,927.9873657227,949.0526733398,970.1986694336,970.6564331055,947.3205566406,925.7562866211,904.4478759766,883.1423339844,862.6164550781,842.3745117188,819.225769043],"4":[108.7529373169,149.9369659424,189.2920227051,228.5453186035,267.5910949707,306.3842163086,344.0362854004,384.0854492188,383.3087463379,341.4805603027,304.0319519043,264.2787780762,225.1634368896,186.929473877,147.4601898193,105.328918457],"5":[169.1154785156,211.086517334,254.2534179688,297.617767334,341.4379272461,384.6738891602,427.4676513672,470.16015625,470.8128051758,426.2515869141,383.9494018555,340.6698608398,297.6748962402,254.7160644531,211.1867980957,168.4414520264],"6":[694.3494262695,711.7243652344,727.6862182617,744.1448974609,761.1141967773,776.6539916992,792.4740600586,806.427734375,809.8399658203,792.6264038086,777.0444335938,759.5290527344,743.337097168,726.2762451172,709.3923950195,691.3055419922]},"polygon_y":{"0":[418.508026123,418.0399169922,418.8916015625,419.5953369141,420.152557373,420.9010314941,420.1880187988,421.8299865723,467.3700256348,466.8460693359,466.7156982422,466.6270141602,466.8525390625,466.3546447754,466.8023376465,467.3435058594],"1":[887.0107421875,885.3177490234,884.0002441406,883.7259521484,885.0387573242,884.6123657227,883.6788330078,886.0596923828,940.7787475586,940.1343383789,939.3227539062,939.5523681641,940.1185302734,938.8236083984,940.1185302734,938.8389892578],"2":[609.8262939453,607.7233276367,606.2459716797,605.8692016602,605.0439453125,605.7515869141,604.1311035156,603.8590698242,662.3373413086,663.7490234375,665.3349609375,666.5313110352,666.0161743164,666.4497070312,668.11328125,668.9836425781],"3":[335.3961791992,335.0715332031,336.5531921387,337.0242004395,336.7382202148,337.4718933105,337.521484375,338.5312194824,393.3649902344,394.7834472656,392.9480285645,394.2257995605,393.0555725098,392.9650878906,393.2893676758,392.1389160156],"4":[251.9699707031,254.60496521,255.721572876,256.3184814453,256.7135009766,255.8081970215,253.4940338135,253.1907806396,305.9199829102,307.2498168945,306.8706054688,307.4085693359,308.1173400879,306.8548278809,306.6311950684,304.3323669434],"5":[470.5065307617,469.1906738281,468.7341918945,468.557800293,467.2124938965,467.3960876465,466.0040893555,466.1183166504,513.3724365234,512.3911132812,513.2133789062,514.1251831055,515.3583984375,515.4580078125,517.6281738281,519.5661010742],"6":[336.8379516602,336.4037475586,336.7041625977,337.7145385742,337.3048400879,337.5875549316,337.8704223633,338.3876953125,390.8591308594,392.7384033203,393.4373168945,393.5045776367,393.2163085938,393.743560791,392.2654724121,390.7211303711]},"text":{"0":"Atara","1":"Kulindin","2":"afat","3":"Akab","4":"Suweikeh","5":"ATAROTH","6":"Kef"},"score":{"0":0.981771946,"1":0.9811675549,"2":0.9480836391,"3":0.9514485598,"4":0.9862713814,"5":0.9845387936,"6":0.9073605537}}