{"polygon_x":{"0":[288.0608520508,289.633605957,291.2804260254,291.5690917969,292.9521179199,294.3388671875,297.1359863281,304.5160522461,259.0476074219,256.178894043,253.3115234375,250.1000823975,246.7738647461,244.0554046631,242.2654724121,239.4688415527],"1":[262.6507568359,264.792388916,267.0049743652,267.8441467285,270.1046447754,273.1661376953,277.0872497559,285.5293579102,236.5397491455,230.9956054688,225.2931518555,221.5901031494,218.3186187744,216.6510162354,214.8188171387,211.9213104248],"2":[232.9097595215,235.734161377,238.4650268555,241.6621551514,246.0780944824,250.2206573486,254.3731384277,259.5682067871,207.2429199219,203.7356719971,199.6016845703,196.7337036133,192.2527160645,189.821685791,188.4186096191,185.206161499],"3":[610.6015625,618.2868652344,626.0885009766,633.7520751953,641.6325683594,649.2659912109,656.9100952148,664.6774291992,664.0025634766,656.5596923828,648.3883666992,640.9133911133,633.5144042969,625.6350708008,618.0211181641,610.3034667969],"4":[176.7586669922,180.4366912842,184.5077819824,188.7145385742,193.0264129639,197.833404541,202.547164917,203.4620361328,153.0693054199,148.9138183594,142.4975891113,137.2211914062,131.5841064453,128.9550933838,125.9957885742,123.2953262329],"5":[149.1230316162,150.024597168,152.1932678223,152.8409729004,155.6155853271,158.5696563721,161.9264984131,163.6687316895,114.3043212891,113.1880874634,111.104675293,109.5592498779,106.737449646,104.6665802002,101.4664154053,96.9831466675],"6":[719.5018310547,730.6159667969,742.6934814453,755.049987793,768.0960693359,779.8208618164,793.4761962891,805.8139038086,789.5077514648,775.6317749023,763.3708496094,750.7424316406,737.6095581055,724.4610595703,710.0662231445,696.1447753906],"7":[945.7860717773,955.842590332,963.6867675781,970.960144043,978.3844604492,986.1619873047,993.4500732422,999.9603881836,999.8410644531,992.1791992188,984.5034790039,976.9276123047,969.1741333008,961.5260009766,953.3596801758,943.4832763672],"8":[949.9956054688,956.4429931641,961.3737792969,966.3622436523,971.8956298828,977.7399902344,984.03515625,987.7265014648,989.0051269531,984.3338012695,978.8531494141,972.5825195312,967.0100097656,961.5676269531,955.8818359375,949.3798217773],"9":[734.2331542969,762.5323486328,791.0999145508,819.9718017578,849.2783203125,877.9633789062,906.2569580078,935.8435058594,933.7669677734,906.5255737305,879.9835205078,849.2698974609,818.709777832,790.3632202148,761.3950195312,731.9339599609],"10":[206.3605957031,207.8012237549,208.9616699219,210.1056671143,211.9470062256,212.6270751953,214.7407836914,217.7511291504,175.5788421631,173.3321380615,171.3952026367,170.822845459,168.5879821777,167.1295471191,164.4459228516,162.13331604],"11":[684.6387939453,704.51171875,721.106262207,737.7553710938,755.7666625977,769.5440673828,783.6032714844,808.6071777344,803.7552490234,784.3983154297,771.8992919922,752.7420654297,733.0935058594,718.9818725586,700.888671875,682.2358398438],"12":[824.8306274414,825.7998657227,856.8010253906,880.8349609375,901.7393798828,927.9764404297,958.8178100586,997.5635986328,991.5832519531,953.7659301758,919.7784423828,894.7112426758,870.3696289062,842.4195556641,818.6670532227,808.8460693359]},"polygon_y":{"0":[844.1697998047,859.5563354492,874.4401855469,889.7272338867,903.3639526367,918.4689941406,933.126953125,947.0372924805,957.3043823242,943.5401611328,927.5753173828,911.5833129883,896.5422363281,881.9046020508,867.0103759766,850.4951171875],"1":[690.0147094727,708.9219970703,728.5211791992,748.0520019531,767.1008300781,786.3314819336,805.9884643555,824.9124145508,833.9928588867,816.3760986328,794.6229248047,774.548034668,754.3453369141,735.1495361328,716.1373291016,696.4142456055],"2":[546.2215576172,565.3659057617,582.3948364258,600.6553955078,618.9528198242,637.1163330078,656.2076416016,672.4552001953,682.7326660156,664.9356689453,644.9926147461,627.7561035156,608.2872314453,590.5819702148,571.7766113281,550.7548828125],"3":[787.1815185547,787.7032470703,788.0899047852,788.3876953125,788.2918701172,788.2086791992,788.4534912109,788.7027587891,828.8361816406,829.1512451172,829.1745605469,828.9960327148,828.9535522461,829.2598876953,829.5205688477,829.3365478516],"4":[229.3529510498,254.8069000244,279.9977416992,307.9049987793,334.7425537109,361.7314147949,389.9759216309,412.8521118164,422.5517578125,397.3313903809,369.7809143066,342.816192627,314.1306152344,285.6482849121,258.902130127,233.2760772705],"5":[87.2253723145,104.4891433716,123.1531906128,138.9005737305,156.7095794678,174.8413848877,193.1936035156,209.309173584,211.783203125,195.5388183594,179.7810516357,163.4289245605,147.0340881348,131.5919342041,113.7410049438,101.5807723999],"6":[931.520324707,936.6540527344,942.3135375977,948.2834472656,954.6065673828,959.9027099609,965.8349609375,971.7790527344,999.9860229492,999.1390991211,996.6248779297,991.8126220703,988.3053588867,983.0672607422,978.0124511719,973.3585205078],"7":[352.2134094238,352.1715087891,353.0571289062,353.5395507812,354.177520752,355.7606506348,356.5523681641,357.1971130371,404.0020446777,405.3157348633,404.5646362305,404.1625366211,404.3906860352,404.5190124512,403.4865112305,402.3853759766],"8":[417.4784545898,416.916809082,417.1080322266,417.3809509277,417.5377807617,417.4511108398,416.5759277344,416.451171875,465.7506103516,465.9323120117,465.2664794922,465.368927002,465.9823303223,466.4693603516,466.8631286621,467.1020507812],"9":[418.0926513672,417.4643249512,417.5972900391,418.3152770996,417.5555419922,417.3089599609,416.6284790039,416.807800293,469.9678039551,470.5127258301,470.3538818359,470.6666870117,470.8286743164,471.1925964355,471.8084106445,470.9090881348],"10":[455.3441162109,464.9046630859,472.0316162109,480.8237304688,489.9837646484,498.6286621094,507.4536132812,517.2457885742,530.3314208984,518.4180908203,506.8868408203,498.7024230957,487.9808959961,479.9456176758,470.3420410156,461.9007873535],"11":[350.4437866211,351.6387939453,351.4795532227,351.6701965332,351.7962646484,352.8258972168,354.3670654297,354.9457092285,408.8789367676,410.8146362305,411.6786499023,410.9335327148,409.8822021484,408.7366027832,407.3342590332,405.3778076172],"12":[357.0535583496,358.0653686523,356.9754638672,357.7867431641,357.6785888672,359.2215576172,354.6609191895,361.6547241211,408.825958252,404.2821960449,408.6379394531,408.3286743164,408.3364562988,408.1666870117,407.757598877,409.1912841797]},"text":{"0":"Feet","1":"Engl","2":"4278","3":"52","4":"Yards","5":"1426","6":"Wa","7":"Fo","8":"B","9":"UPPER","10":"or","11":"Beit","12":"Tr"},"score":{"0":0.9751337767,"1":0.9820276499,"2":0.961828649,"3":0.9824028015,"4":0.9816963673,"5":0.8916274905,"6":0.9798960686,"7":0.971763432,"8":0.9273097515,"9":0.969871521,"10":0.9523317814,"11":0.6908269525,"12":0.5328860283}}