{"polygon_x":{"0":[608.0936279297,615.5486450195,622.8919067383,630.7526855469,638.3098144531,645.7970581055,653.2817993164,660.4730224609,659.9313964844,653.5078125,645.2197265625,637.7737426758,630.4165649414,622.4517822266,615.2281494141,607.2125854492],"1":[697.5372314453,725.1273193359,752.6638793945,781.0775756836,810.2520751953,838.3466186523,865.4405517578,893.595703125,892.4223632812,864.4085693359,836.2360839844,807.6398925781,778.2956542969,749.7608642578,721.041015625,693.9319458008],"2":[210.3398742676,230.9580841064,252.4864044189,273.7840576172,294.745513916,315.3117675781,336.0485534668,358.5464782715,359.3095397949,334.8527526855,313.9948120117,293.4595336914,272.4427185059,251.0433654785,229.708480835,208.1200561523],"3":[125.5241775513,126.3231735229,127.5838012695,129.237197876,130.7151641846,132.0516662598,133.7400054932,135.4973754883,76.6432418823,75.5933685303,72.6104049683,69.7992858887,67.9060974121,65.6893157959,64.1749343872,61.6847686768],"4":[258.7264404297,266.1745910645,273.7143554688,282.1727294922,290.3541259766,298.5358276367,305.459777832,313.3909912109,310.3554992676,302.0350646973,294.2438354492,287.2906799316,279.8559570312,272.4483642578,265.5003662109,257.2630004883],"5":[873.8416137695,891.5640258789,910.8037719727,929.4019165039,947.9232788086,966.7052001953,984.4866333008,999.9605712891,999.943359375,984.0546875,966.6152954102,947.6464233398,929.3110351562,911.3190917969,892.1420898438,872.416015625],"6":[54.6286811829,54.5416984558,54.7348861694,55.5821266174,58.7258911133,61.2129745483,63.7219924927,68.0526885986,122.7627410889,120.1321563721,118.5780029297,116.0861587524,113.7827224731,112.319519043,111.4214782715,108.3018798828],"7":[907.3858032227,923.2658691406,937.6960449219,951.4130859375,963.7846679688,976.6462402344,989.4468994141,999.9140014648,999.8592529297,988.6862182617,975.3335571289,962.9012451172,949.4816894531,935.4058837891,921.1782226562,906.4273071289],"8":[699.5983276367,740.4431152344,797.5041503906,842.4457397461,882.6000976562,921.7822265625,960.3665161133,999.6854248047,999.2890014648,957.9305419922,919.3884887695,881.1709594727,837.1840820312,792.9910888672,748.2199707031,688.7907714844],"9":[683.4385986328,699.9516601562,716.3942871094,734.0056762695,750.5630493164,766.6674194336,783.0651245117,800.2822875977,799.2235107422,781.7894897461,765.0064697266,748.3981933594,731.2777099609,713.9591064453,697.341796875,681.0690307617],"10":[84.208366394,92.9884414673,101.3188781738,109.1947784424,118.2712249756,126.5006866455,136.5383758545,146.2359619141,172.8999176025,165.299697876,157.8134460449,148.2925872803,138.6363372803,126.9789581299,116.6977310181,107.6186447144],"11":[95.9441375732,104.4079971313,112.5578155518,121.0403823853,129.160369873,139.7285461426,148.7865447998,159.088684082,166.6377410889,157.1821136475,148.6416168213,140.7145080566,130.3242645264,120.5395965576,112.1285095215,101.6519546509],"12":[0.5088923573,22.4470214844,44.740146637,68.5883026123,90.4803543091,112.5694351196,134.1817932129,159.1647186279,161.0396728516,133.4639282227,110.5320281982,87.8914337158,65.0248260498,43.3400192261,21.6125297546,0.2734230459],"13":[90.5713577271,90.5814666748,91.150894165,93.547454834,96.0449295044,98.7119216919,100.6270904541,103.4001083374,30.1402740479,32.3784484863,32.2891349792,30.7527351379,28.3592243195,26.8366909027,24.1777019501,20.8345527649],"14":[799.5364990234,830.1946411133,858.5543212891,886.7310791016,915.0997924805,943.4869995117,972.4395141602,999.905090332,999.8758544922,972.8784179688,943.7899780273,914.6810913086,884.341796875,855.0083007812,826.2124633789,798.3599243164],"15":[215.8700256348,234.41015625,252.1903686523,269.1288452148,285.6851806641,302.0399780273,319.4399719238,335.8243103027,335.6864929199,319.3174438477,301.271484375,283.4101257324,265.3292541504,249.2942504883,232.7408752441,214.4967651367]},"polygon_y":{"0":[624.1325073242,624.1510620117,624.5532226562,624.1210327148,624.1225585938,623.8954467773,623.6212768555,623.8970947266,661.8065185547,661.9104003906,661.628112793,661.6637573242,661.6331787109,662.1209716797,662.8112792969,662.8841552734],"1":[920.4766235352,923.7836303711,924.689453125,925.3353881836,926.0860595703,926.2490844727,926.2548217773,925.9638061523,980.5895996094,981.2244262695,979.9868774414,979.8861083984,979.625,980.280456543,977.6108398438,975.3496704102],"2":[403.3801574707,403.0227355957,404.2657470703,404.950012207,405.5324707031,406.9332580566,407.9795532227,407.8721923828,460.397277832,457.8397827148,455.8605957031,454.4709777832,452.9484863281,449.7510986328,448.4892578125,449.4739990234],"3":[293.3805236816,300.1667480469,306.5639038086,313.5130615234,322.5695800781,332.4212036133,341.4187011719,348.9676208496,363.7234191895,352.6403808594,343.2998046875,333.6016845703,325.0751037598,317.2574462891,308.0295410156,298.673248291],"4":[332.8251647949,333.1381835938,334.3661499023,335.0754394531,335.2286071777,335.529510498,336.010559082,336.6729736328,381.8044433594,381.7916870117,381.0294799805,380.724029541,380.5176086426,380.6702880859,380.6243896484,380.2841186523],"5":[131.7803344727,131.0859527588,130.0945892334,130.6905517578,130.5261230469,130.1535186768,130.8865356445,130.4323120117,187.6008605957,188.7549591064,189.4646453857,189.7746124268,189.2063598633,189.5871582031,190.4382629395,189.2539672852],"6":[989.7315673828,983.5418701172,979.7028808594,975.417175293,969.9176025391,963.016418457,955.5737915039,948.4908447266,959.5187988281,968.0402832031,975.904296875,981.9217529297,986.7366943359,991.5020751953,996.5459594727,999.9876708984],"7":[930.0204467773,927.8752441406,925.6588745117,926.4450683594,926.5827636719,925.7286987305,925.3948364258,924.6318969727,978.3670043945,978.673034668,978.6765136719,979.0646972656,979.1525878906,979.2774047852,979.0411987305,977.9642333984],"8":[390.5796508789,391.9661865234,392.7919311523,393.7978820801,393.5927734375,393.5371704102,393.5481567383,394.4319458008,452.4479675293,453.9821166992,454.1965026855,453.5914916992,452.8677978516,450.8819274902,449.2635803223,446.9384460449],"9":[618.0805664062,618.0577392578,617.4849853516,618.5634155273,618.4466552734,618.5784301758,618.9360351562,619.9103393555,672.8980102539,674.0023803711,673.0770263672,673.2038574219,672.5619506836,672.0630493164,671.5648193359,671.8734741211],"10":[747.1586914062,745.9172973633,744.1705932617,742.1387329102,740.5010375977,738.1298217773,736.2549438477,735.0543823242,792.8217163086,794.2190551758,795.97265625,799.3530883789,802.4609375,804.5531005859,806.6094360352,809.3615112305],"11":[435.9168701172,438.3383178711,438.3191223145,438.2578735352,437.6623535156,436.2139282227,436.0498046875,436.3092041016,504.3852233887,505.3313903809,504.6987609863,504.078125,504.9442749023,504.9702453613,504.9678955078,506.2915039062],"12":[648.7250976562,650.544128418,651.434387207,653.0999755859,653.3133544922,654.7092285156,656.104675293,659.3936767578,704.8565063477,705.3937988281,704.4426269531,703.1063232422,701.0727539062,699.9807739258,699.5421142578,697.1387329102],"13":[169.8094329834,178.173614502,186.1569519043,194.6834411621,204.2277832031,215.498626709,222.5617370605,231.1775817871,236.6984558105,229.9161376953,220.3108825684,212.3801879883,203.2787780762,195.8508300781,186.7380065918,181.3020019531],"14":[622.6436767578,621.0927124023,621.3318481445,622.3578491211,621.9899902344,622.1906738281,622.0701293945,621.3841552734,673.9181518555,675.3410644531,675.2206420898,674.5291137695,675.4452514648,674.3981933594,673.299621582,671.8755493164],"15":[650.0385742188,651.3651123047,652.0277099609,652.5297851562,654.2841796875,655.4429931641,656.2152709961,659.1689453125,709.5378417969,710.2768554688,708.7467041016,708.4810791016,707.6520385742,706.6118164062,705.8959960938,703.9515380859]},"text":{"0":"50","1":"Karyet","2":"Wely","3":"E","4":"A","5":"Et","6":"L","7":"e.","8":"EuKubbbbe","9":"Beit","10":"A","11":"E","12":"Hage","13":"I","14":"Dukkal","15":"Tu"},