{"polygon_x":{"0":[506.2181396484,544.5848388672,584.3626708984,624.1613769531,665.0103149414,704.9935302734,745.8466796875,785.2969970703,785.119934082,743.4791259766,704.412109375,664.2943725586,624.3981323242,584.2216186523,543.8579711914,505.0442810059],"1":[101.522567749,127.7616195679,153.3388366699,179.525894165,204.9696502686,231.0464324951,256.8487548828,281.4424438477,281.1138916016,255.0054016113,229.2764892578,202.8573608398,177.4614715576,151.6269836426,125.8821792603,99.9356842041],"2":[377.1613769531,405.8999633789,434.2335205078,462.2589416504,490.1897888184,518.3686523438,546.8001708984,574.991394043,575.3780517578,545.7294311523,517.2064819336,489.2872924805,460.7901611328,432.487121582,404.167755127,375.3231506348],"3":[420.7366333008,455.0600891113,491.8272094727,528.2552490234,565.4112548828,602.9909057617,641.2243041992,676.1431884766,674.8642578125,638.2286376953,601.8861083984,565.0560913086,528.0775146484,490.9814453125,454.65234375,418.2681884766],"4":[364.8857421875,384.7240905762,404.4508361816,424.4008789062,444.063873291,463.908203125,482.6560058594,501.1390991211,500.3011474609,479.8713684082,460.5678710938,440.4267578125,420.9821777344,401.0787963867,381.0915527344,362.549987793],"5":[509.4062805176,541.5784301758,572.4600830078,603.7003173828,634.8547973633,666.6205444336,698.1275024414,728.1282958984,727.3051757812,695.5020751953,663.9345703125,632.5203857422,601.8143920898,569.9055786133,538.4041748047,506.4085083008],"6":[18.3571357727,62.3817443848,103.7964630127,146.2822265625,186.6557617188,226.4141540527,263.3712463379,303.2129516602,296.7473144531,257.914642334,214.9834442139,172.671081543,131.7051544189,90.4372558594,49.7486190796,4.3596510887],"7":[0.5491571426,15.5397377014,31.2872676849,46.8349075317,63.1686592102,78.7774200439,95.2182617188,110.3564300537,109.7045898438,93.3628387451,77.6083221436,62.1815032959,46.8555603027,31.5897083282,16.0990524292,0.2653195858],"8":[879.4912719727,902.2085571289,918.7670898438,934.6552734375,950.8104248047,967.7927246094,985.1018676758,999.9260253906,999.6096801758,982.4848632812,966.3034667969,949.1799316406,931.681640625,915.1604614258,898.4945678711,880.3944091797],"9":[6.4106397629,17.86287117,29.6471443176,42.1214828491,54.1844177246,66.2671203613,78.6983413696,89.0658187866,88.8013305664,77.6987915039,65.1996307373,53.0490913391,41.1309013367,28.6076812744,16.5148963928,4.3695807457],"10":[620.9142456055,646.104675293,672.3344726562,698.2166748047,724.1653442383,750.03125,775.680847168,801.194152832,800.3116455078,772.5545654297,748.7848510742,722.1867675781,696.8540039062,670.4041748047,645.0902709961,618.5640869141],"11":[1.4556000233,17.2908229828,32.4121627808,48.5179328918,64.3890304565,79.4827194214,95.2761230469,110.0797958374,109.9226226807,94.2380218506,79.1374206543,63.8907470703,48.7743453979,33.5888061523,18.0419826508,1.0955799818]},"polygon_y":{"0":[194.1295013428,193.6932220459,193.8963317871,193.3763275146,193.2534790039,193.3073120117,192.3105163574,193.4559326172,246.0500183105,246.6763458252,245.7436218262,245.7824554443,245.7533111572,246.0036010742,245.4393920898,245.4775390625],"1":[712.4448242188,713.2239990234,713.9475097656,714.0083007812,713.7052001953,713.1670532227,712.3264160156,713.743347168,767.2970581055,769.0466918945,768.0264892578,768.0364990234,768.0054931641,767.6117553711,767.9930419922,767.5499267578],"2":[451.6793212891,451.6247558594,452.8225402832,453.3137512207,453.6118774414,454.4385375977,455.0610351562,458.3822631836,513.0779418945,512.5104370117,512.2379760742,511.8937683105,511.796081543,510.8000488281,509.6830749512,509.1609191895],"3":[685.2261352539,684.9538574219,685.6249389648,685.3698120117,686.6932373047,686.7559814453,686.2598266602,686.7473754883,736.2738037109,736.1884765625,735.2296142578,734.8178710938,734.1002197266,734.359375,733.2775878906,733.2247314453],"4":[630.938659668,630.5784912109,630.9958496094,632.2540893555,633.4834594727,634.9915161133,635.5956420898,636.8538818359,688.2575073242,685.7883300781,684.645690918,683.1317138672,682.6906738281,679.7936401367,678.3552246094,678.4611816406],"5":[631.4870605469,633.1708374023,636.0419921875,637.6790771484,638.7030639648,639.4765625,639.6502685547,640.5718994141,685.3347167969,684.5122070312,683.2598266602,681.9378051758,681.4984741211,681.3375854492,681.3339233398,680.8708496094],"6":[3.3846969604,25.3626918793,39.611743927,51.0992202759,61.8915176392,69.3585128784,75.4661331177,80.0540237427,118.2703018188,116.0636444092,110.3894119263,103.362663269,94.193572998,82.1094360352,68.9637374878,56.1582717896],"7":[937.7208862305,937.2021484375,935.4049682617,933.6528320312,933.2548828125,931.8417358398,930.3608398438,929.7150878906,978.2462158203,979.3656005859,979.8822021484,979.3693847656,979.171081543,979.1753540039,979.5842895508,978.73046875],"8":[0.0513866618,0.1161839366,0.0821522176,0.0866641924,0.2941214144,0.3213865757,0.3807287812,0.5423783064,43.6446037292,44.8083839417,44.8215942383,43.9455986023,44.2269363403,43.5378990173,43.5370101929,42.8527755737],"9":[721.27734375,721.15234375,721.2796020508,720.3752441406,720.2416992188,719.4744873047,718.3874511719,719.8688354492,765.5803222656,766.3646850586,766.8746337891,766.8610839844,766.8396606445,767.1613769531,767.3016357422,767.1717529297],"10":[138.3394775391,140.225402832,139.5840148926,139.460067749,140.1331939697,140.3658599854,140.5109558105,142.606918335,190.4139556885,190.3588867188,189.5815124512,189.1446685791,189.0034179688,188.0951538086,187.7162017822,187.9810791016],"11":[144.4242248535,144.8257141113,141.364730835,138.2379302979,140.5491333008,140.3428955078,138.6336364746,137.387008667,186.2709197998,189.830291748,188.824798584,188.392791748,188.4509277344,188.3975830078,189.539352417,189.5226898193]},"text":{"0":"GIBEON","1":"Surik","2":"Biddu","3":"MIZPAH","4":"Neby","5":"Samwil","6":"Leiman","7":"naa","8":"Jedu","9":"eit","10":"H.b","11":"rrc"},"score":{"0":0.9848410487,"1":0.9872381687,"2":0.9857208729,"3":0.977938652,"4":0.9873119593,"5":0.9867913723,"6":0.960755825,"7":0.989610672,"8":0.9699093103,"9":0.9718584418,"10":0.9786311388,"11":0.9587374926}}