{"polygon_x":{"0":[626.41796875,658.4976196289,690.0589599609,721.9066162109,753.1543579102,783.5244750977,814.6924438477,846.3913574219,845.7669067383,813.3270874023,781.7569580078,750.2297363281,718.9431152344,686.8262939453,655.4504394531,624.6611328125],"1":[821.0307617188,846.8101806641,871.4249267578,895.5762939453,919.4301757812,943.2969970703,967.8571777344,992.0095214844,988.9810791016,964.9985351562,940.6497192383,916.3133544922,892.3607177734,868.3124389648,843.3890380859,818.2837524414],"2":[320.6625671387,346.3533325195,370.6268920898,395.508972168,420.0782775879,444.6400146484,469.2648010254,492.0829467773,492.4962768555,467.391204834,442.6873474121,418.3124084473,393.7456054688,368.8805847168,344.5086975098,319.4320068359],"3":[2.9813556671,18.0908412933,32.4659690857,47.0050392151,61.6351852417,75.7808303833,91.2073898315,104.6605072021,103.6216278076,88.5916748047,73.6276931763,59.1731185913,44.7993392944,29.5213680267,15.1702442169,0.5667284727],"4":[0.0364286862,14.2523946762,29.4285430908,43.9168624878,58.8563499451,73.5490264893,88.9047393799,103.772895813,103.1549377441,88.2913970947,72.8341522217,57.7894020081,42.5190734863,28.4793739319,13.572309494,0.0305675138],"5":[249.8010864258,277.1147155762,306.1578979492,333.4218139648,361.2643127441,387.7308349609,414.3979492188,444.6797485352,432.9082641602,400.0212097168,370.8540039062,344.0510559082,317.2713928223,289.3545532227,258.8779296875,231.8610534668],"6":[0.2673267722,14.4511928558,28.8291778564,43.2097015381,57.8340950012,72.4853439331,87.9226760864,101.9095993042,102.9732437134,87.5084381104,71.7688522339,57.8540878296,43.6158790588,29.5457420349,15.0161361694,0.2854912579],"7":[730.8839111328,758.7262573242,786.4885253906,813.3734130859,840.3151855469,866.6029052734,892.8500366211,918.2247924805,916.9074707031,889.8814697266,863.0037841797,835.8572387695,808.6925048828,781.2039794922,754.3335571289,727.9616699219],"8":[143.2816772461,193.3826599121,244.4277648926,296.510559082,346.6541748047,396.747253418,447.0191650391,501.6516418457,502.2518615723,450.2469177246,400.5630493164,348.2630615234,295.9971008301,244.8257141113,193.2064056396,144.7962646484],"9":[6.7670269012,12.4289112091,17.9740447998,23.5619239807,29.4536018372,34.6863822937,40.6672859192,45.9901046753,46.3689804077,41.0110168457,34.9731521606,29.2059669495,23.6755466461,17.7078933716,12.0664024353,6.0030694008],"10":[846.4856567383,866.2680053711,886.9262084961,907.1059570312,928.4905395508,948.6075439453,970.3992919922,995.2303466797,991.1342773438,967.0578613281,947.1734008789,927.3284301758,906.6077880859,885.3955688477,864.2222900391,845.2118530273],"11":[737.125793457,773.522644043,810.7810058594,843.8797607422,879.2442626953,912.2191772461,945.8496704102,982.3223876953,996.5213623047,951.2584838867,918.6951293945,882.7251586914,847.0776367188,809.8754882812,774.1315917969,734.1340332031]},"polygon_y":{"0":[305.4273071289,306.8562011719,308.0578308105,308.4720458984,308.2754516602,308.6008300781,308.9398498535,308.7460021973,356.5383300781,356.9491882324,357.0133972168,356.6905212402,356.6116027832,355.8684692383,355.6442565918,354.2535705566],"1":[455.46484375,455.9840698242,458.3040161133,459.0235595703,459.5307922363,460.4945373535,462.4082946777,462.9710693359,510.0133972168,509.7423095703,508.643157959,507.7211303711,506.7985229492,505.7153015137,504.8723144531,503.2876586914],"2":[801.5184326172,801.6721191406,802.3287963867,801.9820556641,802.8455810547,803.6104736328,803.8345336914,804.7279052734,848.7465820312,848.1529541016,848.4150390625,848.6224365234,849.2622070312,848.5694580078,847.6705932617,846.5877685547],"3":[804.2967529297,802.7393798828,802.8241577148,802.8204956055,802.6348876953,802.8876953125,803.1706542969,802.5922851562,852.6473999023,853.0943603516,852.1258544922,852.1276855469,852.5448608398,851.8435058594,850.9473266602,850.2954101562],"4":[232.428894043,232.1589355469,233.4875488281,234.0989990234,233.7756652832,233.9463043213,234.0390777588,234.3788909912,272.5023193359,272.0897216797,272.9411621094,273.413269043,273.8256225586,273.9931640625,275.1962585449,274.526550293],"5":[578.7003173828,586.1942749023,593.7407836914,599.7789916992,607.2762451172,614.5883178711,622.7923583984,628.0477294922,675.0793457031,669.5911865234,660.6452636719,653.1741943359,643.9782714844,636.5466918945,629.372253418,622.6895751953],"6":[49.7934913635,48.8810653687,48.0181503296,47.207950592,46.0708580017,45.9310722351,46.4766731262,45.5172386169,93.3298873901,94.1945648193,94.7726593018,94.6871032715,94.5206069946,95.2897338867,95.3583526611,95.5556869507],"7":[160.0257568359,162.639755249,166.1336975098,168.87940979,172.802444458,176.7422332764,181.9290771484,185.4492950439,226.9207458496,226.3498687744,225.4959869385,223.4442138672,221.7959289551,219.2587890625,217.7215423584,214.9379577637],"8":[850.9748535156,849.1407470703,849.1876220703,848.2980957031,847.4926147461,848.3887329102,848.5242919922,848.0325317383,891.80078125,891.6743164062,892.1747436523,892.3980712891,893.5333251953,893.5070800781,895.0994873047,895.6255493164],"9":[853.9764404297,854.5180664062,854.6968994141,854.7537231445,854.4738769531,854.2666625977,854.099609375,854.5048828125,897.6114501953,897.481628418,897.6704101562,897.6473999023,897.9779663086,898.4825439453,899.0046386719,899.9059448242],"10":[516.3431396484,516.8248901367,517.1095581055,517.8060302734,518.0135498047,518.1326904297,519.6551513672,518.9258422852,568.1864013672,568.3522949219,568.8696899414,567.4628295898,568.6387329102,567.0044555664,565.4532470703,565.5257568359],"11":[628.6846923828,627.7897338867,623.5965576172,622.9815673828,621.4897460938,619.3193359375,617.5883789062,617.731262207,661.1776123047,666.4938964844,670.6342163086,672.7186279297,675.0314941406,677.3080444336,678.5161743164,680.646484375]},"text":{"0":"Humch","1":"Almit","2":"Anata","3":"Ful","4":"Ram","5":"Wad","6":"AH","7":"Lar","8":"ANATHOTHO","9":"H","10":"ALE","11":"Selaa"},"score":{"0":0.986800313,"1":0.9798052907,"2":0.9712825418,"3":0.9868940115,"4":0.9456231594,"5":0.7701662183,"6":0.941210568,"7":0.9530382156,"8":0.9837317467,"9":0.9760045409,"10":0.9390053153,"11":0.6331396103}}