{"polygon_x":{"0":[265.3283691406,273.2169189453,281.1479492188,288.4188232422,296.5976867676,304.2899780273,312.1403503418,319.4743041992,317.1160888672,310.4454650879,301.5625305176,294.1406555176,286.5183105469,278.6932983398,271.0774536133,263.056640625],"1":[0.208570838,9.6429462433,19.7100048065,29.6912727356,39.5093994141,49.9295272827,60.0603942871,69.6872253418,71.2728424072,61.1803779602,51.2441825867,41.535369873,31.3967990875,21.7047977448,11.2282009125,0.8530963659],"2":[5.8896722794,14.3950958252,21.240655899,29.1524028778,36.3882255554,44.327999115,51.5351524353,58.8256835938,56.171081543,49.2489204407,41.4703369141,33.051448822,25.3399887085,18.0950431824,10.901058197,4.3376784325],"3":[0.0616858304,21.723991394,45.9328536987,69.7936859131,93.5627670288,118.2279052734,143.2690887451,169.011505127,169.6640777588,143.2894134521,118.5711669922,94.5687942505,69.634185791,45.678352356,20.8132762909,0.0946903303]},"polygon_y":{"0":[687.3675537109,687.147277832,687.483581543,687.5334472656,687.1673583984,687.2802124023,687.2201538086,687.7145996094,726.8154296875,726.7386474609,726.1060791016,726.1273193359,726.0537109375,725.9381713867,726.0744628906,725.9982910156],"1":[603.6964111328,601.6802978516,600.8804321289,599.0596313477,597.1587524414,596.3060302734,596.4566650391,595.1094970703,639.1424560547,640.5592041016,640.8124389648,641.9107055664,641.954284668,643.6080932617,645.8889160156,647.8024902344],"2":[184.9212341309,185.24269104,186.317276001,186.2714538574,186.2542877197,187.1244659424,187.7579345703,187.8205718994,233.6642456055,233.7953338623,233.7203979492,233.8325805664,233.4455718994,233.0679016113,232.878036499,233.1051025391],"3":[521.6742553711,520.7684936523,520.6497802734,520.5133056641,520.5018920898,519.8327026367,519.3692016602,519.9454956055,572.0891113281,572.2006835938,571.8478393555,571.4511108398,571.0302734375,571.7593383789,571.4623413086,572.1471557617]},"text":{"0":"50","1":"mn","2":"L","3":"MATH"},"score":{"0":0.976433754,"1":0.9606582522,"2":0.9355261922,"3":0.9856143594}}