{"polygon_x":{"0":[32.7054519653,51.6777992249,70.7993240356,90.4302825928,109.832069397,128.8382110596,147.5885925293,167.6325378418,167.6975708008,147.1767578125,128.67578125,108.7143554688,89.4931793213,69.8296356201,50.5152702332,31.5918769836],"1":[606.2554321289,627.0787963867,647.760925293,669.4925537109,690.5136108398,711.7907104492,733.4239501953,754.4714355469,755.823059082,733.5615234375,711.9801025391,690.4031982422,669.1915283203,647.815612793,626.6770019531,605.9964599609],"2":[92.8310775757,118.6616134644,145.2445678711,172.2234344482,199.4771575928,227.159576416,253.7151489258,280.6606750488,280.0888366699,254.1612091064,226.7013549805,199.3870849609,172.5879211426,145.6221160889,118.4656677246,90.4747619629],"3":[402.1165161133,441.373260498,481.6961975098,523.09765625,564.227722168,605.461730957,647.0294189453,688.7388916016,687.4157104492,646.0407714844,606.3475952148,564.5889892578,523.4690551758,483.0238342285,442.5730895996,401.2439575195],"4":[387.813873291,430.7891540527,473.8792114258,518.0070800781,561.7456665039,604.9758300781,649.5632324219,694.8111572266,695.2008056641,650.3903198242,606.5120849609,562.0985717773,518.3580322266,474.9467773438,431.8939208984,389.9069519043],"5":[0.5014334917,23.0666236877,46.4275054932,70.8013305664,94.3296661377,118.9256896973,142.7064666748,168.475479126,167.221282959,141.6934051514,117.9853363037,94.5912094116,70.1186141968,46.1474533081,22.8296642303,0.3163545728],"6":[424.2406005859,446.0619506836,468.2596130371,492.3828125,516.9476318359,540.876953125,565.2123413086,586.7894287109,588.4680786133,565.4179077148,540.9305419922,516.6127929688,493.1522216797,469.525390625,446.1899414062,424.1517333984],"7":[236.944152832,254.8023223877,272.5104675293,290.7606201172,309.1434326172,327.8956604004,346.5002746582,362.9412841797,362.9497070312,345.6982421875,327.4359741211,308.1262817383,290.1571044922,271.8222351074,253.6951293945,234.960144043],"8":[370.064453125,377.4463500977,384.8737792969,393.4982910156,401.560546875,409.32421875,417.0580444336,425.4879150391,424.3945617676,416.9345397949,408.6898498535,400.6690063477,393.0470275879,384.5721740723,376.8726806641,368.6712036133],"9":[834.7482910156,846.0068359375,856.6462402344,866.6719970703,875.6307373047,885.6217041016,895.3223876953,905.4599609375,901.2014770508,888.9004516602,879.7183837891,869.0308837891,859.1278686523,849.2189941406,839.3962402344,829.0280151367],"10":[43.6601867676,77.4535903931,112.4582977295,148.0520324707,182.7840423584,218.0055084229,253.6221008301,288.4645996094,288.2190551758,255.1951751709,220.0624847412,184.3044891357,148.7785186768,113.7236709595,78.4573516846,43.6429786682],"11":[576.7736206055,585.9599609375,598.1210327148,609.7052001953,620.0979003906,631.1837158203,641.2828979492,651.1166992188,649.5418701172,638.6607666016,627.6774902344,616.4271240234,604.8627929688,594.9495239258,583.8044433594,569.4567260742],"12":[487.585144043,502.1027832031,517.8880004883,535.0537719727,551.3631591797,567.7888183594,583.6676635742,601.1896972656,600.4694213867,582.8233642578,566.7322387695,549.2526245117,533.6507568359,517.6660766602,501.8313903809,485.5951538086]},"polygon_y":{"0":[275.7714538574,276.0744018555,277.2600402832,277.3937072754,277.4958496094,277.6394958496,279.2048034668,280.0077819824,321.402557373,321.1395263672,320.0749511719,319.4469604492,319.4395141602,319.5224914551,319.6956481934,318.975189209],"1":[444.8619384766,444.7823791504,445.7154541016,445.0985412598,444.4295959473,444.0279846191,443.4121398926,443.435333252,488.1642150879,489.9498291016,489.362121582,489.0281982422,489.7977294922,490.1059265137,490.8544616699,490.0326538086],"2":[426.3059692383,426.2026367188,427.2991333008,426.5737609863,426.1089782715,426.5176696777,426.0379333496,425.4069519043,469.6230773926,469.810546875,469.0030517578,468.959777832,468.7355957031,468.1436462402,468.950958252,468.5863952637],"3":[835.9725341797,838.1296386719,838.8538818359,839.3642578125,840.2078857422,840.8599853516,840.1842041016,839.6214599609,883.7212524414,883.8865966797,883.5869140625,884.0823364258,883.6022949219,883.9587402344,884.2236938477,884.748840332],"4":[786.4409179688,786.7163085938,787.0506591797,787.0627441406,786.6210327148,787.1898803711,785.8971557617,787.1600952148,829.9880371094,831.0909423828,831.4412841797,831.5744018555,832.1578979492,831.5438842773,832.4194335938,832.3876342773],"5":[324.08984375,323.5288696289,323.3600463867,322.9385681152,323.3167724609,323.3766174316,322.8327026367,322.5074768066,365.4251708984,366.1728210449,365.147857666,364.6947937012,364.5550231934,364.061340332,363.8922119141,364.0192871094],"6":[690.2691040039,690.3970947266,691.0180664062,691.2211914062,691.617980957,693.2128295898,693.1970825195,692.8254394531,738.4016113281,737.867980957,736.3489379883,735.1462402344,734.2360839844,734.5866699219,734.8610839844,735.5670776367],"7":[688.2904663086,688.2299194336,688.8686523438,687.4240722656,687.4235839844,686.5278320312,686.4605712891,686.7109375,734.6323242188,734.6507568359,734.9041748047,734.9431152344,734.8504638672,734.8905029297,735.0546264648,733.9957275391],"8":[689.2725830078,689.0557250977,690.2565917969,691.0671386719,690.9708251953,690.9957885742,690.9276733398,691.9005737305,732.9092407227,732.706237793,733.482421875,733.1773681641,732.6164550781,732.5729980469,732.9757080078,733.1983032227],"9":[881.3399658203,884.0489501953,885.3140869141,886.4702758789,887.1875,888.5068359375,888.8265991211,889.910949707,964.3512573242,965.0326538086,963.0821533203,962.2839355469,961.9130859375,961.4417114258,960.3818359375,959.5317382812],"10":[387.7435913086,386.7951660156,386.4196472168,385.804901123,385.8075256348,384.2221069336,383.8758544922,383.4407958984,426.3146362305,425.3759765625,425.0220336914,425.9585571289,427.6390991211,428.1807861328,427.5890808105,428.2308654785],"11":[388.1289672852,388.0835571289,389.4122619629,389.8452453613,390.1557006836,390.8761901855,391.2460327148,392.7971191406,434.206817627,432.6793823242,430.8538513184,430.6536560059,429.5882568359,429.1965942383,426.1405944824,423.696105957],"12":[446.3778686523,447.0382385254,447.5250244141,447.3116455078,448.7756347656,449.3483886719,448.7304077148,447.9663696289,497.5624389648,497.2292785645,499.1685180664,499.7341918945,499.7012939453,498.4743041992,493.7546386719,490.4437255859]},"text":{"0":"Gate","1":"Chuych","2":"Citadel","3":"ConYAnL","4":"Arnenian","5":"Hullill","6":"Jamet","7":"Choff","8":"St.","9":"O","10":"HIPPICHS","11":"Losp","12":"Eng"},"score":{"0":0.9659422636,"1":0.976220727,"2":0.985134542,"3":0.9787826538,"4":0.9844624996,"5":0.9266850352,"6":0.9618111253,"7":0.9721993208,"8":0.9710909724,"9":0.5096368194,"10":0.9833496809,"11":0.784532547,"12":0.935315609}}