{"polygon_x":{"0":[250.9588623047,283.9593200684,317.9214172363,351.0113830566,385.1016540527,419.0322875977,452.0195007324,487.2593383789,487.5688171387,452.0684204102,419.136505127,385.2230529785,351.5332641602,318.089263916,284.9887695312,250.2163696289],"1":[3.1641104221,19.2622776031,33.5345230103,48.0850906372,62.1088485718,75.781867981,89.9559631348,104.2925643921,97.6522827148,82.7647399902,68.3509216309,54.2753601074,39.8840179443,26.6942119598,12.4901294708,0.0204982646],"2":[867.7789916992,884.4155883789,901.4801025391,918.501953125,935.3548583984,952.1137084961,969.3673706055,985.4947509766,984.1696777344,967.2886962891,950.9472045898,934.0006103516,917.2274780273,900.2185668945,883.4556884766,866.7470703125],"3":[710.7060546875,748.1189575195,783.9440917969,820.369140625,856.7214355469,892.4224243164,927.3563232422,963.3877563477,954.5678100586,919.9639892578,884.1637573242,847.9311523438,811.5234985352,774.7261962891,738.6320800781,702.6537475586],"4":[14.3188686371,21.5227985382,25.9589176178,32.0391159058,36.6725387573,41.4306106567,45.5832595825,50.7881240845,24.7634983063,19.9166507721,12.7482233047,11.1742477417,9.5076999664,4.4117927551,2.6672413349,0.0100005521],"5":[8.7481870651,21.0911827087,32.7621154785,44.6493873596,56.6003952026,67.7816467285,79.4694137573,91.5175628662,87.4806289673,75.9168243408,63.796546936,52.3903808594,40.9997024536,28.9195232391,16.7238788605,4.3486413956],"6":[418.6657104492,428.3150024414,438.5091552734,447.3755187988,456.2800292969,466.1016235352,477.5729980469,488.3288574219,495.729309082,484.6105651855,474.0013122559,464.3858032227,455.789855957,445.5844116211,436.350402832,426.7533874512],"7":[786.4969482422,802.8320922852,819.2479248047,835.1465454102,850.7485351562,865.6909179688,880.9935913086,897.7423706055,899.5372314453,883.3862915039,867.3754272461,851.0557861328,835.1335449219,819.0384521484,802.7749633789,785.9375],"8":[905.1948242188,920.018371582,934.8129272461,948.9976806641,962.7899169922,975.6326293945,988.7088623047,999.9262084961,999.9732666016,989.3913574219,976.0784912109,962.3840332031,948.5012817383,934.6153564453,920.1614990234,905.0693359375],"9":[388.2013549805,421.052520752,457.8091125488,494.7414855957,532.2373046875,568.5518188477,603.5344848633,640.7180175781,639.5752563477,603.7692260742,568.075378418,530.1795043945,493.0549621582,455.9344482422,417.0082397461,391.9946594238],"10":[231.2960968018,270.1136474609,307.388885498,345.6713256836,383.8211364746,421.8439941406,458.6401672363,495.7236328125,496.4248657227,459.4567871094,422.1599121094,384.1424865723,345.9622497559,307.7158508301,269.932220459,231.446472168],"11":[769.5869140625,781.9522705078,795.3975830078,809.3608398438,822.7172241211,836.5556640625,849.7116088867,862.4774780273,862.3444824219,847.8905029297,834.7469482422,821.1119384766,808.0307617188,795.1488037109,781.3587036133,767.9443359375],"12":[718.0209350586,726.8695068359,736.4653320312,744.6994018555,753.0129394531,761.8077392578,770.6613769531,779.9986572266,780.2305908203,770.9490966797,762.0062255859,752.9320068359,743.9681396484,734.6462402344,724.733215332,714.7962646484],"13":[632.3057861328,651.4512939453,669.6353149414,689.0255126953,707.1881713867,725.7966308594,745.1593017578,763.76953125,765.0204467773,744.6506347656,725.4739379883,706.4096679688,688.3591308594,669.6642456055,650.9976806641,630.854309082],"14":[496.1741638184,514.2983398438,531.8968505859,549.4635009766,567.5648803711,584.4331054688,601.4307250977,618.3643798828,620.2235717773,601.6065063477,584.4025268555,566.0458984375,548.1139526367,530.7205810547,512.4616088867,497.2137756348],"15":[607.9114990234,613.0225219727,616.8175048828,625.4166259766,631.7151489258,636.9942626953,644.2993164062,653.7796020508,685.8926391602,678.4947509766,674.1221923828,667.5969848633,658.4321289062,652.2116699219,644.6367797852,637.4581298828],"16":[378.1224365234,396.4092407227,411.4011230469,428.7431335449,445.7682800293,461.5944824219,479.5761108398,495.9601135254,493.1165771484,479.2545166016,461.5211791992,444.0665893555,427.0579528809,409.5040283203,393.2817077637,376.9631347656]},"polygon_y":{"0":[297.9029541016,296.6808776855,294.5996704102,293.5479431152,293.1103210449,294.8644714355,296.4968261719,295.8755493164,328.8681335449,330.0820617676,331.4815979004,331.9588623047,333.1567382812,332.9812011719,334.2289733887,334.3732910156],"1":[207.8391418457,210.4949798584,213.2319946289,214.9429626465,216.5812530518,218.2726898193,219.4437561035,219.8515014648,262.654296875,261.7119140625,259.8565979004,257.7551879883,256.1127929688,254.1385803223,252.0345153809,248.557723999],"2":[198.2546691895,198.0512390137,197.7487945557,197.358001709,197.0692749023,196.8324279785,197.0680999756,196.8544158936,235.4193115234,236.1875762939,235.8190307617,235.7679901123,235.7354888916,236.2766723633,236.8763885498,236.0873565674],"3":[704.8756103516,713.0205078125,720.6180419922,727.939453125,736.5414428711,744.1598510742,751.6470947266,755.66015625,801.506652832,797.5992431641,792.580871582,787.1612548828,780.9904785156,775.6768188477,770.9071044922,765.3676757812],"4":[933.7886962891,936.3181152344,938.6557617188,941.0952758789,943.0462036133,945.9499511719,948.6341552734,952.1323242188,997.7987670898,993.0213623047,988.9538574219,985.9459838867,984.1613769531,981.4152832031,980.5743408203,976.7498168945],"5":[375.2895812988,376.4223937988,377.4390258789,378.4117431641,379.5703125,380.7227783203,382.2517089844,382.4637451172,421.959777832,421.87109375,420.880859375,419.8002624512,418.8772583008,418.4825439453,417.9565429688,417.0620117188],"6":[249.0326690674,250.2631225586,250.926071167,250.1510925293,248.6723632812,246.3567352295,243.888381958,244.0254211426,310.0809326172,313.4319152832,311.1443786621,311.1624755859,311.0469360352,312.4653320312,313.4240112305,314.2666015625],"7":[448.6171875,447.7202148438,448.2855529785,447.9916687012,447.7645874023,447.8740844727,447.3641967773,448.5010986328,492.9186401367,493.0099487305,493.2014465332,493.1061096191,492.9758911133,493.1352539062,493.41015625,492.8115234375],"8":[442.0576477051,441.3740234375,442.2510070801,443.1967468262,443.5135498047,444.2087097168,445.1867980957,445.177947998,491.4782714844,492.2877197266,492.4585266113,493.174621582,492.8124389648,493.1275939941,493.5699462891,493.0810852051],"9":[747.2966308594,748.5654296875,749.6484375,750.4848632812,750.5740966797,751.2683105469,751.3654785156,751.1060180664,792.2550048828,791.9467773438,792.1508789062,792.5744628906,792.3208618164,791.491394043,789.751953125,789.3274536133],"10":[364.783996582,364.1304931641,363.6205749512,363.6089782715,363.5398864746,362.8626708984,362.0033569336,362.0732421875,397.8776245117,398.210723877,398.8026428223,399.2022094727,399.9077148438,400.3178100586,401.5138244629,402.8624267578],"11":[203.102722168,203.0680847168,203.1010131836,203.1576385498,202.560256958,202.5385437012,202.5023651123,203.6767425537,248.3529663086,244.9407806396,244.0082397461,243.8243103027,244.4294128418,243.5766448975,241.4907531738,240.7438659668],"12":[454.4085693359,454.3028564453,454.4035644531,455.0321960449,455.5567932129,455.4312133789,455.3660583496,454.8443908691,494.7213439941,494.678314209,494.5358581543,494.6800537109,495.167175293,495.583190918,495.4266662598,494.6536560059],"13":[207.4900665283,208.3662261963,208.0481262207,207.5662384033,207.0792999268,206.280670166,206.4544067383,206.7864837646,247.8202819824,247.7763214111,247.6319732666,248.1541748047,248.9428100586,248.5671386719,248.1026000977,247.4373779297],"14":[207.7465057373,208.8659057617,208.9217376709,209.3194885254,209.6385192871,209.9446258545,210.3352203369,211.0491638184,252.4953460693,253.1956634521,252.4764709473,251.402053833,251.2443237305,250.3521118164,250.2951202393,249.6018218994],