{"polygon_x":{"0":[255.6949005127,285.2196044922,316.3324279785,348.6808776855,381.3117675781,413.391418457,445.0576477051,477.6566772461,475.3497009277,443.90234375,411.1798706055,378.0620117188,346.325378418,313.8044128418,281.1211853027,250.7016906738],"1":[11.1499538422,43.3330307007,74.8773040771,107.0748443604,139.3412017822,170.6134643555,202.0794830322,233.1964416504,233.88230896,201.0860290527,168.7476501465,135.9915466309,104.4774551392,72.6647949219,40.1144866943,6.7391748428],"2":[7.3441123962,23.7593097687,38.5121841431,54.0280532837,69.2956085205,84.4340362549,98.8141937256,112.7338867188,111.3494491577,96.3360214233,80.818939209,66.1608123779,51.4479255676,36.5827560425,21.017282486,5.7191619873],"3":[735.3295288086,750.8606567383,766.6674194336,781.828125,797.4435424805,812.6906738281,828.1457519531,842.2057495117,842.2368164062,826.3088378906,810.9848022461,795.7746582031,780.4448242188,764.7752685547,749.4766845703,734.0678710938],"4":[751.7534179688,769.9929199219,787.4432983398,804.7173461914,822.014831543,839.0835571289,856.2744750977,871.4969482422,870.3921508789,853.8679199219,836.9645996094,819.9644775391,802.8778686523,785.2292480469,767.9971923828,750.4644775391],"5":[868.6567382812,884.9788818359,901.0666503906,916.7658691406,932.3420410156,947.5769042969,963.3406982422,978.8536987305,976.8576660156,960.8270874023,945.4306640625,929.5858764648,914.0646362305,898.5334472656,882.1508178711,866.5916748047],"6":[839.0355224609,862.0457763672,885.1624755859,907.7196655273,930.4155883789,953.5366210938,976.9130859375,999.0627441406,998.9022216797,974.857421875,952.5671386719,929.6011962891,907.1101074219,884.8326416016,861.6997070312,838.8540039062],"7":[423.5136108398,461.5161437988,496.7798461914,532.8544921875,569.3472900391,605.8596191406,642.1828613281,677.0718383789,677.3681030273,639.6165771484,603.8577880859,566.6776123047,530.8197021484,493.5858459473,457.4430541992,421.5033569336],"8":[153.6285095215,168.6751403809,182.5873565674,196.3871612549,209.2587127686,222.1560821533,235.9290924072,248.7828979492,249.0930175781,235.8375549316,221.1504364014,208.3223114014,195.3768920898,181.8063354492,167.9046325684,154.5383453369],"9":[920.7625732422,933.2691650391,944.6146240234,955.5627441406,967.0886230469,978.6019287109,989.5710449219,999.8669433594,999.7292480469,988.6032104492,977.2250976562,965.6264648438,954.153137207,942.8979492188,931.6086425781,919.6254882812],"10":[385.2191162109,403.2319335938,421.8933105469,440.9072875977,459.2079162598,478.4754943848,496.3796691895,513.9580688477,512.8342285156,496.0842895508,477.5103759766,458.9649047852,440.5551757812,421.706817627,403.694152832,384.9985961914],"11":[854.5300292969,861.1725463867,869.4537963867,876.8482055664,885.3107910156,893.0986328125,899.0999755859,906.4481201172,900.2618408203,893.7196044922,887.278503418,879.7425537109,872.1743774414,865.3427734375,858.4692382812,850.2966308594],"12":[119.8362426758,151.5448303223,181.4359130859,211.7467956543,243.0771484375,273.019744873,300.7276916504,328.0456237793,329.1010742188,300.0074462891,269.6136474609,238.7882385254,208.2214660645,177.725189209,148.2695007324,117.4647598267],"13":[881.0883789062,888.6981201172,895.7604980469,903.210144043,911.4959106445,920.2914428711,927.1723022461,933.7437744141,932.2902832031,926.1810913086,916.4645385742,908.0252685547,900.3452148438,893.1512451172,885.384765625,879.0729370117],"14":[937.7330932617,947.6361694336,958.3993530273,966.5897216797,975.4470825195,983.6951293945,992.6768798828,999.9573364258,999.9737548828,992.364440918,984.0255737305,975.7043457031,966.5313110352,958.0537109375,947.5145874023,933.5328369141],"15":[529.249206543,529.3046875,531.3428344727,532.7985229492,535.4504394531,537.1586303711,538.9240112305,541.720703125,484.4994506836,486.2180175781,486.1119384766,485.6527404785,484.7500915527,484.2956542969,483.6658935547,479.5698547363]},"polygon_y":{"0":[856.5015869141,858.6026611328,860.0551757812,860.7733154297,861.604309082,862.3873901367,861.8106079102,860.1397094727,906.964050293,907.2059326172,907.1015625,906.2146606445,906.1329345703,905.0946044922,903.8696289062,902.5241088867],"1":[453.023651123,455.9093017578,459.2274169922,461.0043334961,461.1194458008,460.2298583984,458.8291015625,456.5050048828,507.7346191406,507.5648498535,508.3163452148,509.0061645508,508.979675293,508.3997192383,507.2192382812,506.140625],"2":[247.9549407959,248.0751647949,249.3282165527,249.8008575439,250.627822876,250.9600830078,251.4688262939,253.4102478027,304.3091125488,304.5638427734,304.2206115723,304.8088989258,304.7556152344,304.1303100586,303.9468994141,303.900390625],"3":[280.4984130859,280.1112670898,280.1625976562,280.5106201172,280.5632629395,280.8331298828,280.7224121094,281.946472168,326.3998718262,327.5520324707,327.0730895996,327.3932495117,327.077331543,327.1271362305,327.7099914551,327.4575500488],"4":[204.8379669189,205.2285003662,205.8576660156,206.5579986572,206.8419036865,207.2182006836,208.1791687012,208.6637115479,248.9813842773,249.0201416016,248.7334899902,248.4868469238,248.3186340332,248.3729553223,248.3784790039,247.8053283691],"5":[948.3336181641,950.1913452148,950.8751220703,951.2703857422,950.7438964844,950.8654785156,951.2410888672,952.9536132812,999.5749511719,999.7897949219,999.8059692383,999.8220825195,999.7932128906,999.744934082,999.6832275391,999.4761962891],"6":[780.0438232422,780.2244873047,780.6033325195,780.4587402344,780.4224243164,780.2702636719,780.1480712891,780.8322753906,831.0439453125,831.8712768555,832.1493530273,831.5286254883,831.8599853516,831.6732177734,832.0220947266,830.7870483398],"7":[606.8303833008,606.3550415039,607.5001831055,608.3007202148,608.2233886719,607.4552612305,607.1672363281,609.0201416016,659.0335083008,659.7231445312,660.2640380859,660.0522460938,659.8767700195,658.7548217773,658.205078125,656.2749633789],"8":[860.2789916992,860.1174926758,860.9579467773,860.9915161133,861.6430053711,860.6489257812,860.6097412109,859.9758300781,904.2856445312,904.8602905273,905.1373901367,905.3332519531,905.4163208008,905.6037597656,905.9400634766,905.9631958008],"9":[281.5563049316,281.5012817383,282.2985229492,283.416595459,283.8604736328,284.7083435059,285.3485107422,284.9925842285,323.10546875,323.8459472656,323.5115966797,323.3502807617,323.0083007812,322.6510925293,323.3322143555,323.1501464844],"10":[257.2848815918,258.272277832,257.4250793457,257.5274353027,257.5624389648,258.4057312012,257.8581237793,258.8019104004,303.2236328125,304.0973815918,304.3165283203,305.7313232422,303.8231811523,303.8363952637,304.2489929199,302.3827819824],"11":[285.8168334961,284.7435913086,283.8740844727,283.391204834,283.1696166992,282.9186096191,281.5755004883,281.2073974609,326.3760070801,327.2170410156,327.5919799805,327.2315979004,327.465057373,326.8432006836,326.9812011719,326.6762695312],"12":[249.4563446045,250.2060546875,251.0283660889,251.6336975098,251.5923156738,251.2563781738,252.4069061279,253.8076477051,301.0175476074,301.8764038086,302.3681640625,302.1726074219,302.2930603027,302.3598022461,302.3450927734,301.7732543945],"13":[209.5309295654,207.6499328613,206.8408203125,206.5210723877,206.7651062012,206.5074768066,206.8452453613,208.1924743652,252.7885131836,253.4437255859,254.5780181885,254.2635498047,254.007232666,253.959487915,254.2375335693,253.2750701904],"14":[206.4761657715,205.5646057129,204.5183563232,204.5512237549,204.8720703125,204.8948822021,205.1575469971,208.9906005859,247.2801818848,249.8945465088,250.6170349121,251.0095062256,250.8297424316,250.7304077148,250.5313110352,249.6508178711],"15":[927.3944091797,934.8770141602,943.3121337891,950.7080688477,957.8245849609,966.3632202148,973.9888916016,982.7265625,987.6132202148,979.8471069336,971.5564575195,964.8526611328,956.9409790039,950.1043701172,941.5844726562,935.1211547852]},"text":{"0":"Huntveh","1":"Jaurah","2":"Ain","3":"Deir","4":"Conv.","5":"Esh","6":"Bats","7":"Malihah","8":"Atn","9":"Mu","10":"John","11":"et","12":"Karim",