{"polygon_x":{"0":[657.3467407227,678.3034667969,700.4674072266,722.8244018555,745.0355224609,767.2513427734,788.0141601562,810.2365112305,805.4622802734,784.3480224609,762.8042602539,740.5941772461,718.4149169922,695.9461669922,674.201171875,653.4171142578],"1":[824.9669799805,848.5672607422,872.3084106445,895.6440429688,919.3474731445,942.233215332,965.2612915039,987.8128051758,982.7132568359,958.9515380859,936.7544555664,913.1788330078,890.4605712891,867.3773803711,844.6338500977,821.5252075195],"2":[77.3387451172,88.0619659424,97.381439209,104.9594116211,113.2353210449,123.1711883545,133.1506652832,139.8382415771,64.0704498291,57.3783149719,51.1804771423,41.3454742432,31.6971549988,23.2003231049,14.2072906494,2.5946023464],"3":[923.8836669922,936.5371704102,947.7609863281,958.3836669922,969.3404541016,979.9876708984,990.4760131836,999.9378662109,999.923828125,989.9221191406,979.0961303711,968.068359375,957.2629394531,946.3746337891,934.6704101562,922.5854492188],"4":[937.1001586914,941.7445068359,947.8753051758,954.83203125,964.5479736328,971.7200927734,979.7373046875,989.7828369141,953.5301513672,945.2645263672,938.1190185547,930.1506347656,922.9898071289,917.2437744141,912.2230224609,901.6597900391],"5":[849.7332763672,857.272277832,864.2548828125,870.6798095703,878.6856689453,885.9137573242,894.0414428711,901.9700927734,867.669128418,859.9842529297,851.0826416016,841.5192260742,833.5471191406,826.5158691406,818.9725341797,810.0936889648],"6":[700.3068847656,731.3966064453,762.7827148438,793.9849853516,824.8529663086,856.1408081055,886.2658081055,916.6038818359,912.3324584961,881.0913696289,850.3765869141,819.7873535156,789.4751586914,758.3014526367,727.2852172852,696.7861328125]},"polygon_y":{"0":[181.5791473389,184.2195129395,186.7387695312,189.8586883545,192.3857269287,196.0736236572,199.1329193115,200.9920654297,239.8012390137,236.7277374268,234.8893432617,232.9653167725,230.5480194092,228.1406402588,226.1112823486,224.0821838379],"1":[195.2091674805,195.4672241211,197.0145568848,199.2812347412,201.0458221436,203.783416748,207.2050628662,211.1865386963,254.6809539795,253.0758666992,250.3249969482,248.5051574707,246.3656463623,244.4750671387,243.3863525391,241.6629943848],"2":[884.2186279297,896.8694458008,909.5471191406,919.9508666992,931.1786499023,943.533203125,956.162109375,968.4630126953,998.9296875,981.7937011719,970.9659423828,961.6889038086,951.3952636719,940.4940795898,929.1012573242,917.1019897461],"3":[365.9526062012,366.096496582,367.3036193848,368.5602416992,369.0134887695,369.8044128418,369.7910766602,369.8172607422,411.6875610352,413.2401123047,413.3828735352,413.5061645508,412.6282958984,412.6109619141,412.8689880371,411.5294799805],"4":[892.7208251953,896.8350830078,900.1660766602,903.4388427734,907.219543457,910.8645019531,914.6532592773,920.0135498047,967.7388916016,962.9776611328,959.100402832,953.9278564453,950.2468261719,946.7349853516,943.3792724609,938.0246582031],"5":[849.5758666992,854.2554931641,859.0899658203,863.6138305664,868.1914672852,871.9727172852,876.8862304688,880.8920898438,921.8217773438,917.1641845703,913.3466796875,909.3682250977,904.8160400391,901.4249267578,898.3117675781,894.4371948242],"6":[346.1117553711,347.7712402344,351.0824584961,353.5162353516,355.9989624023,359.4907836914,364.1921691895,367.1558227539,409.2623596191,407.8846740723,405.180480957,402.9600524902,400.4494934082,398.5326538086,395.9948425293,394.0079956055]},"text":{"0":"Lawer","1":"Gihon","2":"H","3":"Sul","4":"A","5":"V","6":"Birketes"},"score":{"0":0.9812700748,"1":0.9873005748,"2":0.9704161286,"3":0.9835938811,"4":0.8579726815,"5":0.8517225981,"6":0.9820595384}}