{"polygon_x":{"0":[751.7632446289,767.6783447266,782.81640625,797.2172851562,811.5277099609,826.083984375,840.9286499023,856.0836791992,855.4086303711,839.6441040039,825.0093994141,810.28515625,795.7481689453,780.6159667969,765.6909790039,750.709777832],"1":[471.3288879395,540.7668457031,612.6719970703,691.5866088867,766.4951171875,837.6168823242,910.8175048828,990.8502807617,998.1665649414,917.2561035156,848.2424926758,780.3974609375,702.7198486328,621.0319824219,548.9442138672,472.6460571289],"2":[30.9231300354,119.6786117554,195.1627197266,278.4874267578,369.8035888672,452.5831298828,532.5511474609,619.3044433594,614.2905273438,523.6365356445,453.3955688477,364.1497192383,278.8291625977,192.9671020508,112.732460022,21.3091468811],"3":[1.1141182184,21.7771930695,39.6238288879,60.822681427,79.5488204956,97.6526947021,117.0276031494,137.5478515625,145.0589294434,118.5435791016,97.9006500244,78.4555282593,59.2597427368,39.5986366272,20.5849685669,0.3544422686],"4":[80.4727554321,140.1906585693,196.4047851562,252.9876403809,312.3283996582,369.3375244141,422.3564147949,488.6421508789,492.0230102539,430.6907653809,371.9191894531,309.9780578613,252.0095062256,192.2051086426,135.360748291,73.1622009277],"5":[607.8133544922,667.4411010742,723.6340332031,779.7915649414,835.4943237305,892.5928344727,947.0209960938,999.8118896484,999.944519043,948.4172363281,893.4360351562,836.2806396484,779.0032958984,722.9406738281,667.8121948242,606.5518798828],"6":[255.571472168,309.3092346191,360.4010620117,417.467376709,476.423034668,532.8996582031,589.5627441406,651.568359375,648.2068481445,590.8897705078,532.7603759766,475.133026123,418.7007141113,361.7809753418,300.7406311035,248.5215454102]},"polygon_y":{"0":[680.5069580078,680.0579833984,681.1233520508,681.4509277344,681.3148193359,681.6405029297,682.6435546875,683.8123779297,733.9819946289,734.0859375,733.132019043,732.4322509766,732.4627075195,732.1730957031,731.9437255859,730.9743652344],"1":[815.5572509766,812.4448242188,808.7990722656,804.40625,801.8569335938,798.8986206055,798.2012939453,794.7887573242,852.9017333984,854.66015625,856.1048583984,859.1568603516,860.810546875,865.3942871094,868.4177246094,871.1831054688],"2":[115.384475708,116.9270629883,118.9508514404,121.5291519165,123.8333816528,124.6430053711,129.3100128174,138.8114013672,191.9202423096,191.4674530029,188.1495666504,184.5575256348,179.9818725586,176.8166809082,173.3355560303,170.4583892822],"3":[435.8360290527,433.3176269531,433.0005493164,432.2796325684,432.5564880371,431.678314209,431.6664123535,432.7681274414,489.1527709961,491.5919494629,492.7955932617,491.8978271484,492.0797729492,491.9569396973,490.5394287109,489.5360107422],"4":[235.2684173584,235.9351196289,238.4098815918,240.7796325684,244.3453979492,247.7117004395,250.7090148926,257.2916259766,312.7903442383,311.3542175293,311.8876342773,309.9624023438,308.3723144531,305.5165100098,301.798034668,296.0732727051],"5":[583.2802124023,581.3567504883,580.1174316406,580.1336669922,579.6895751953,578.2401733398,577.5987548828,577.5877685547,630.8198242188,633.1661376953,633.1641235352,633.6134033203,634.3338012695,634.2981567383,635.7302246094,635.7325439453],"6":[427.204864502,430.2636108398,433.7315673828,437.9013366699,441.9602966309,445.0230712891,444.9652709961,449.5777893066,501.9912109375,503.9502258301,503.7698669434,503.3147583008,501.4776000977,498.5354614258,494.9295043945,486.5629272461]},"text":{"0":"OF","1":"OFFEN","2":"Village","3":"of","4":"SIldam","5":"MOUNT","6":"Selwan"},"score":{"0":0.9827096462,"1":0.9789309502,"2":0.8345019221,"3":0.6396574974,"4":0.4793413579,"5":0.9854088426,"6":0.961283505}}