{"polygon_x":{"0":[305.6174316406,308.939453125,311.2661437988,314.3505554199,318.6750488281,323.3859558105,327.4801940918,331.0915527344,259.9068603516,256.6875305176,253.055480957,250.1796722412,245.283996582,241.2588348389,236.6585998535,232.0],"1":[49.6944046021,94.4232330322,138.4799804688,182.4042510986,226.7010650635,270.8551025391,315.2254638672,358.4240722656,359.3030395508,314.8775634766,270.9329833984,226.4482269287,181.7364349365,137.9796600342,94.2219085693,49.2021789551],"2":[400.6004638672,405.7014465332,414.1068725586,420.6350402832,428.3003234863,436.7650756836,443.1608581543,449.4350891113,374.4143371582,367.3617553711,359.7247314453,355.4498291016,348.986328125,342.1480102539,334.577331543,325.6229858398],"3":[130.4860687256,147.1074981689,164.0730438232,180.4833984375,196.2355804443,212.5459594727,228.9064941406,244.8931121826,247.4565124512,229.5670471191,212.8237915039,196.4568786621,180.7367095947,164.2177734375,147.5929718018,130.9551391602],"4":[202.6979827881,204.7258300781,210.6345825195,216.7760620117,222.610168457,229.0426635742,235.6214904785,243.5881195068,173.8752746582,170.7748413086,163.3507995605,157.6222076416,148.9837341309,143.3747406006,136.7370300293,127.3780441284]},"polygon_y":{"0":[139.8981933594,146.9193725586,154.4139404297,159.5332336426,166.1073608398,174.1046142578,180.9305725098,185.5452270508,215.4743652344,207.3357849121,202.0972290039,195.7801818848,188.3782348633,181.9099578857,175.1006164551,168.9785614014],"1":[703.3963623047,702.1508789062,701.6906738281,700.8597412109,701.2631225586,701.3752441406,700.5557861328,701.3100585938,761.9824829102,762.5247192383,762.0582275391,762.1829223633,761.5387573242,761.7340087891,762.356628418,762.7174072266],"2":[270.2240600586,281.3657531738,293.4561157227,303.6156921387,315.4102783203,326.4694213867,337.9434814453,350.2960510254,385.0087890625,370.5200500488,359.4581298828,348.569152832,337.569519043,325.3545837402,313.8268737793,303.5257568359],"3":[828.4428710938,828.7189331055,829.1070556641,829.6068115234,829.7496948242,830.1900634766,830.6821289062,830.5516967773,868.3388671875,869.1383056641,868.5856933594,868.2416992188,867.8067016602,868.0217285156,867.4985351562,866.3615722656],"4":[19.7387924194,27.7211799622,33.8500595093,39.6798744202,45.68983078,51.3464355469,58.674659729,68.4663696289,114.9430160522,106.0710067749,99.6047592163,93.5456848145,87.0111541748,81.358039856,73.8616485596,64.8158493042]},"text":{"0":"I","1":"PLAN","2":"M","3":"OF","4":"A"},"score":{"0":0.9528353214,"1":0.9869967699,"2":0.8932449222,"3":0.8178746104,"4":0.467582196}}