{"polygon_x":{"0":[758.2960205078,786.0344238281,814.8541259766,844.3859863281,873.2003173828,901.7398071289,930.4838867188,960.0640258789,960.0385742188,930.110534668,902.0068359375,873.0001220703,844.5871582031,815.5581665039,786.5075683594,757.2681884766],"1":[69.828956604,86.2747116089,101.7264175415,117.6619720459,132.893447876,148.191696167,163.3494873047,178.2664642334,176.5795593262,161.5776062012,146.1743774414,129.7045288086,114.4267349243,98.6798477173,82.7751998901,66.3785095215],"2":[964.1346435547,965.9990234375,968.3348999023,970.5618286133,974.1517333984,976.8447265625,980.1232299805,982.681640625,937.9438476562,936.0205688477,934.9240722656,933.1282958984,930.6911621094,929.0186767578,927.1979370117,925.3356323242],"3":[179.5236358643,205.1167907715,230.8882293701,256.2370910645,282.3457641602,308.613861084,334.7459106445,359.1964111328,358.4446716309,332.5450439453,306.7626342773,280.6513671875,255.1630401611,229.4867553711,204.210647583,178.8889465332],"4":[964.1971435547,969.0975952148,974.686340332,979.2896118164,984.3200073242,990.16796875,995.5191650391,999.9796142578,989.4353027344,982.5735473633,976.9729614258,970.3898925781,963.9838867188,957.3656616211,950.2888183594,943.7377929688],"5":[5.0669717789,20.3193645477,35.0757637024,49.8662605286,64.1880874634,78.4194259644,92.8526382446,107.3712997437,106.2300567627,91.7375946045,76.4094238281,61.0533905029,46.5887489319,31.790058136,16.995885849,1.2459383011],"6":[73.435256958,83.0344543457,91.7328643799,100.876449585,110.064201355,119.7848129272,128.8775482178,136.8048706055,137.3632507324,129.1944732666,119.5278549194,109.7172088623,100.21925354,91.2994232178,81.8604278564,72.5854568481],"7":[931.8344726562,935.9456787109,938.3698730469,942.2181396484,945.6433105469,949.0705566406,951.2610473633,954.7984619141,920.2633666992,910.8566894531,905.3598632812,901.4428100586,899.7177124023,897.2109985352,894.9212036133,890.0634765625]},"polygon_y":{"0":[402.268371582,401.6787109375,401.8654174805,401.6292724609,400.9085693359,400.3402709961,399.7100524902,399.1114807129,441.1983032227,441.9907836914,441.8840332031,441.647644043,441.9946594238,442.2661132812,442.5058288574,441.5591430664],"1":[130.1236419678,130.8344726562,131.7540893555,133.1383056641,134.5081481934,135.9513244629,137.3232269287,139.5485229492,180.3878631592,180.4764099121,180.3068237305,179.2499694824,178.8469848633,177.9266357422,177.5574035645,177.8849029541],"2":[904.5746459961,913.7932128906,923.5373535156,934.1046142578,943.5093994141,954.0139770508,963.0919799805,971.9807128906,983.3830566406,972.0299072266,961.8334350586,952.6271972656,942.5731811523,934.8686523438,924.9915161133,915.9954223633],"3":[129.9729614258,130.1304931641,129.4957275391,128.7328643799,128.1924438477,127.8532562256,127.3061676025,127.9532318115,178.27684021,178.7602996826,178.9457550049,178.7089233398,179.10987854,178.8881835938,178.6123657227,179.9930114746],"4":[51.1287651062,54.2616233826,57.9027252197,60.8483924866,63.8021316528,67.7712783813,71.7862625122,77.1343383789,108.7035522461,105.6804275513,102.6055526733,99.2384338379,95.6070327759,91.8235626221,87.9406051636,84.5162200928],"5":[871.6452636719,870.6516113281,871.4794921875,872.0269165039,873.1153564453,873.7707519531,876.126953125,877.9407958984,923.1954345703,924.0150146484,923.5874023438,922.9533691406,921.8682250977,921.6820068359,921.1756591797,920.5544433594],"6":[683.590637207,682.5897216797,683.3529052734,683.0654907227,682.1225585938,681.7831420898,681.9841308594,682.5625610352,716.1304931641,716.3572998047,716.1749267578,716.4028930664,716.8287353516,717.4492797852,717.9845581055,717.5418701172],"7":[737.0601806641,760.6563720703,781.4029541016,804.5044555664,822.9177856445,845.9760131836,866.3856201172,885.5477905273,899.587097168,880.0087890625,855.5633544922,833.8843383789,810.9014892578,791.4323730469,771.149230957,749.0668945312]},"text":{"0":"VarW","1":"Sar","2":"N.","3":"Rahil","4":"to","5":"hir","6":"1t","7":"Maen"},"score":{"0":0.9704928398,"1":0.9840697646,"2":0.976908505,"3":0.9881105423,"4":0.9816426039,"5":0.9805307388,"6":0.9039401412,"7":0.9792026877}}