{"polygon_x":{"0":[920.3474121094,928.1044921875,937.2911376953,946.5560913086,956.0497436523,964.8431396484,973.9496459961,982.5092163086,978.1322631836,968.1544189453,959.0127563477,949.9816894531,940.9017333984,932.1647949219,923.0462646484,915.7113647461],"1":[0.0418538228,24.9824295044,52.0431671143,78.7267379761,104.3342514038,131.516784668,160.1304626465,187.6807861328,196.2214508057,167.745300293,139.5455780029,112.5235824585,86.7301101685,59.9770584106,32.7779541016,3.6875271797],"2":[253.8625335693,353.3137817383,459.4332580566,562.5975952148,667.8546142578,770.1070556641,872.4121704102,982.7197875977,963.6885986328,853.6619873047,751.4236450195,647.7578125,543.3336791992,436.0868530273,338.1463928223,224.9745941162],"3":[230.3627624512,344.3927307129,448.5655517578,553.7390136719,664.3673095703,775.5604248047,882.7401733398,995.8549804688,971.1558837891,864.542175293,760.2132568359,654.4150390625,549.2553710938,440.7893676758,339.102935791,232.8016967773]},"polygon_y":{"0":[112.0548095703,112.0670471191,112.5396575928,112.8495101929,112.7670288086,112.5566558838,112.6449966431,113.279296875,160.9120025635,161.3396911621,161.5414581299,161.4910888672,161.4306793213,161.4437255859,161.6207885742,161.7111816406],"1":[809.9729003906,799.5386352539,787.9053955078,778.2736206055,768.1621704102,757.7416992188,748.4444580078,739.5437011719,782.0874633789,791.0388183594,799.9934082031,809.606262207,819.7412719727,830.1259765625,840.382019043,851.2982788086],"2":[190.1869812012,217.7310943604,239.5472106934,255.1518096924,268.480682373,277.7798156738,280.7303161621,287.3455810547,331.1198730469,327.9223632812,323.714050293,314.6630859375,301.8122253418,285.7504882812,264.1698608398,231.9574279785],"3":[727.8098144531,710.0059814453,704.0218505859,706.2883911133,714.6278076172,737.0489501953,766.6130981445,809.446472168,849.510559082,814.4104614258,785.8820800781,763.5935058594,749.0557250977,747.9254150391,755.5397949219,774.4678344727]},"text":{"0":"H","1":"HILL","2":"Wad-lehen","3":"OFEILVOUNSE"},"score":{"0":0.9737796187,"1":0.9806395173,"2":0.8660487533,"3":0.9577773809}}