{"polygon_x":{"0":[447.2943725586,462.4118347168,477.9602050781,492.8361816406,508.8784790039,524.0618286133,539.2125854492,553.2692871094,552.0475463867,537.3869018555,522.0750732422,506.2432861328,491.2420349121,475.2727050781,460.5025634766,445.809173584],"1":[558.5595092773,569.3721923828,579.7575073242,589.5701904297,599.7903442383,609.5021362305,619.8514404297,630.4890136719,633.8448486328,623.0762329102,613.0283203125,602.3746948242,591.9724731445,581.6516113281,571.529296875,560.5288696289],"2":[558.6458740234,570.1674194336,581.3382568359,592.0901489258,603.2032470703,614.0820922852,624.8586425781,637.0983276367,637.1846923828,625.1622924805,614.0250244141,603.0079345703,591.682800293,579.9183349609,568.6042480469,557.2506713867],"3":[818.8754272461,845.6300048828,871.7036132812,897.7600097656,924.1260986328,950.4784545898,977.0401611328,999.9418945312,999.9838867188,978.5981445312,951.3872070312,925.7316894531,899.2229003906,872.4881591797,846.2703857422,819.5797119141],"4":[853.8318481445,877.3524169922,898.4783325195,919.4036865234,940.2576904297,960.755065918,981.375,999.8571777344,999.7233886719,980.1345825195,959.3596801758,937.9297485352,916.8065185547,896.072265625,874.9636230469,853.0721435547],"5":[111.9282989502,125.946975708,140.5846557617,154.8279876709,169.7975311279,184.3876037598,198.3754119873,211.7612457275,212.5263977051,199.3394470215,185.2118225098,170.6236877441,155.5962524414,140.8455963135,126.4691085815,112.8339691162],"6":[252.4196777344,266.482421875,281.0787658691,295.1858215332,309.9858093262,323.877532959,338.1878662109,353.0690002441,354.9681396484,339.9118652344,325.6573791504,310.7981262207,296.7005310059,281.7839050293,267.6981811523,253.1760559082],"7":[395.5492858887,452.630279541,508.7642822266,565.7073364258,621.1625976562,678.1232910156,734.625,792.8829345703,793.9502563477,735.3513183594,680.0048217773,622.688659668,566.8446044922,510.2656860352,453.7266845703,396.053894043],"8":[816.1771240234,832.0667724609,847.7252807617,863.6871948242,880.0815429688,895.6983032227,911.37109375,926.7794799805,927.8264770508,911.8567504883,896.1076660156,879.9774169922,863.8492431641,847.3822631836,831.6497192383,815.3612060547],"9":[259.1606445312,289.3711547852,314.1496582031,338.6909179688,363.9413146973,388.9418029785,412.7258605957,437.2817993164,436.9415588379,411.6446228027,387.5869140625,362.9497070312,337.1576538086,312.9473571777,286.9931335449,261.6064453125],"10":[0.8958306909,10.0367832184,17.9455909729,26.4457244873,34.5064468384,42.3533325195,50.4388999939,59.0590133667,58.0000915527,49.6592407227,41.128200531,33.1612281799,25.0689868927,16.78956604,8.7342920303,0.3069112301],"11":[355.5278930664,421.1573791504,486.2512817383,552.0554199219,618.6770019531,683.3574829102,748.5266113281,816.4643554688,819.0335693359,751.7365112305,685.7510986328,619.2144165039,553.7690429688,485.7504882812,420.5777282715,355.0096435547],"12":[49.900390625,124.0544204712,193.8063049316,263.4968261719,334.835144043,404.6015014648,475.2354736328,543.6519165039,543.0286865234,474.9520874023,404.9296569824,332.5825805664,262.6959533691,192.7541351318,122.538444519,48.5682754517],"13":[62.7417678833,86.3046646118,108.602645874,130.4359436035,152.9775085449,175.3021392822,196.7385253906,218.829284668,218.4965667725,195.5391693115,173.5871887207,151.5094451904,128.9887695312,106.9557800293,84.7218399048,62.389213562],"14":[600.4371337891,629.1167602539,658.1170043945,688.0486450195,719.1042480469,748.2470092773,778.1170043945,804.5777587891,809.3175048828,778.1299438477,747.6401367188,718.0607910156,687.0647583008,656.9463500977,626.6158447266,599.9342041016],"15":[639.836730957,669.8510131836,698.8674926758,728.5855102539,758.2033691406,788.5138549805,817.9167480469,846.7227172852,846.9170532227,816.1713256836,787.2100830078,757.4545288086,728.1646728516,698.1707763672,668.3928833008,638.4611816406],"16":[0.8456772566,7.3156313896,12.3303089142,17.7613296509,23.0782852173,28.5319023132,33.8676490784,39.1205062866,41.1437301636,35.7632217407,30.6713371277,24.6792392731,19.4697151184,14.3998384476,9.0081653595,2.8586645126],"17":[0.142698288,32.6751861572,64.6983261108,97.3351898193,128.7843170166,163.8352966309,198.0239715576,229.8425140381,229.3004760742,196.218963623,160.1098937988,128.03175354,94.3855133057,61.1391029358,28.4570140839,0.2381658256],"18":[946.6706542969,957.8793945312,964.8513793945,970.6987915039,977.795715332,984.0704345703,990.876159668,998.3629760742,999.8846435547,992.4766845703,986.1882324219,979.4302368164,971.6217651367,965.0716552734,957.8829345703,948.201965332],"19":[236.7772216797,245.9506988525,252.8106842041,259.2655029297,267.8981933594,274.7574768066,281.1329650879,287.8222351074,285.5911254883,280.1756591797,273.175994873,264.2799987793,256.6131591797,249.1393737793,240.1092834473,232.9349517822],"20":[213.3423156738,246.2154541016,262.5449523926,276.9741210938,297.0728149414,313.2615966797,329.3087768555,348.3615112305,353.7273864746,334.0337524414,315.646484375,294.5253295898,276.3098754883,265.4458007812,236.3857421875,213.6362304688],"21":[246.4564361572,251.9714660645,258.1673583984,264.6901855469,271.9620056152,278.0389709473,283.8461303711,289.7025146484,288.1653442383,282.631072998,275.3844299316,269.9421691895,262.0590515137,255.0041503906,247.0304870605,239.4464416504],"22":[148.3814697266,284.6530761719,397.6427612305,521.5764770508,643.4717407227,758.9069213867,881.2521972656,999.1148681641,999.7396850586,880.6743774414,764.3516845703,640.1920166016,518.6438598633,399.7631835938,280.8375854492,154.4852294922],"23":[201.4953308105,228.3340454102,247.663482666,267.468536377,289.0163879395,309.1055908203,327.4118347168,348.8931274414,354.2562255859,332.7078552246,313.3239440918,288.571472168,266.9148864746,247.7504577637,225.052520752,199.4945068359]},"polygon_y":{"0":[387.2189331055,385.7670593262,384.4337158203,383.7051086426,383.8325805664,383.2416381836,381.8008117676,382.825378418,426.8612060547,427.2741394043,427.0025939941,426.2409057617,426.2138671875,426.0064086914,426.3912658691,427.5086975098],"1":[219.6764373779,216.9302215576,215.4403839111,215.2009887695,214.765335083,213.5402069092,212.4115600586,212.1764373779,271.498046875,272.761505127,272.9707641602,273.2220153809,273.4160766602,273.9440612793,274.5744628906,273.9132385254],"2":[382.5549316406,380.6973266602,380.2847290039,379.626953125,379.4346923828,378.8618774414,377.3456115723,377.8993225098,425.8074951172,426.3657836914,426.163482666,426.4584350586,426.7529602051,426.6644897461,426.6299438477,426.5524597168],"3":[148.3444366455,147.1548919678,146.1380157471,146.1865844727,146.1799316406,145.5050048828,145.3738708496,146.5631103516,193.8781433105,194.8519287109,195.4379425049,195.3856201172,195.9568786621,196.6621704102,196.192199707,195.9341125488],"4":[377.2840881348,376.5231018066,377.1845092773,377.0766601562,376.5211791992,376.0802612305,375.1566772461,376.2890625,427.2279052734,429.8356628418,429.0261535645,429.9594726562,430.3518981934,430.9314575195,431.2752990723,428.099609375],"5":[529.5500488281,528.5110473633,528.0072631836,527.4917602539,526.5554199219,525.9768066406,526.0378417969,525.1354370117,562.141784668,561.8084716797,562.0904541016,563.1193847656,563.265625,564.1312255859,565.3706665039,564.8919067383],"6":[304.6461791992,303.3155517578,301.7758789062,300.7525939941,300.5584411621,299.9246826172,298.3063049316,298.7589416504,345.8754272461,346.7847900391,346.841003418,347.0064697266,346.7177734375,346.7946777344,346.8929748535,347.2838745117],"7":[289.3792114258,289.212097168,289.3883666992,289.2575683594,288.760345459,289.0368652344,288.4773864746,289.1559448242,348.6394042969,349.4485168457,349.3038635254,348.8226623535,348.6666564941,348.5311279297,349.5899963379,348.6575317383],