{"polygon_x":{"0":[423.0957641602,459.7380065918,496.0251464844,532.8380737305,569.7606811523,605.8682250977,642.013671875,678.7119140625,676.6466674805,641.4229736328,604.7966918945,567.7354736328,531.0733642578,493.4799194336,456.106628418,421.3537902832],"1":[29.1216754913,65.8830490112,103.7164764404,141.9661560059,180.6049804688,218.8513336182,257.0648803711,295.4221801758,295.6217041016,257.4892578125,219.2973175049,180.6878662109,142.1459350586,103.8094024658,65.0280609131,28.178817749],"2":[27.5017585754,43.0671234131,58.0856246948,72.8990478516,87.9296417236,102.8126525879,117.8249740601,132.4535217285,132.6811523438,117.2256851196,101.821975708,86.5666046143,71.763420105,57.1072425842,42.1604537964,25.8047657013],"3":[135.9132995605,156.516494751,176.7583007812,196.5256652832,217.10496521,237.0448455811,257.5580444336,277.7360229492,278.3381958008,257.3711853027,236.4015045166,215.5072021484,195.0289764404,174.1933441162,153.9449462891,133.2697601318],"4":[679.4217529297,701.8852539062,723.4114990234,744.7214355469,766.1126098633,787.2526855469,808.634765625,829.5776977539,828.7528076172,807.4143066406,785.8572387695,764.1547241211,743.0587158203,721.1083984375,699.377746582,677.5487060547],"5":[836.9106445312,862.170715332,885.9522094727,909.4469604492,932.8954467773,956.6724243164,980.1223144531,999.9519042969,999.7781982422,977.6026611328,954.0330810547,930.6524658203,907.0184936523,883.7047119141,860.1997070312,834.9862060547],"6":[367.7666625977,374.7152099609,381.1604003906,387.7201843262,394.4187011719,401.5089416504,408.1448974609,414.7755126953,412.8355712891,407.4297485352,399.9439697266,393.0668640137,386.4903564453,379.3057556152,372.4042358398,365.7664794922],"7":[661.9924316406,668.6181640625,675.2717285156,682.0810546875,688.796875,695.7091674805,702.5932617188,710.11328125,710.6826171875,703.8959350586,696.2012939453,689.1356201172,682.6966552734,675.6831054688,669.1136474609,661.4581298828],"8":[232.8966522217,251.0582122803,268.9623413086,287.5680541992,306.2036132812,324.4045410156,342.5638122559,359.1170654297,357.6788024902,340.6825561523,322.6166992188,304.4698486328,286.5909423828,268.0278930664,249.6926269531,230.6241455078],"9":[0.4146396816,47.4811935425,94.5643539429,141.3699951172,189.0483856201,235.7807312012,282.3133850098,330.7954101562,330.2292480469,282.9535522461,235.0197601318,188.0962524414,139.6414642334,92.8800048828,45.6887741089,0.2521812022]},"polygon_y":{"0":[495.5103759766,495.441619873,496.0556640625,496.4987182617,497.479675293,498.0233764648,496.7667236328,497.9830627441,550.2172851562,550.217956543,549.6787109375,549.2339477539,549.1871337891,547.4102172852,547.2584838867,546.2229003906],"1":[348.8014526367,347.8452758789,347.5001220703,347.0864562988,347.8119506836,347.7470397949,347.2548217773,347.4925537109,396.8867797852,396.8760681152,396.2479248047,396.330078125,395.9856872559,395.8996887207,396.4184570312,396.2835693359],"2":[110.4256362915,110.5777359009,109.0786132812,109.8271331787,109.8962249756,109.3371429443,109.3981246948,109.2478561401,159.0653381348,160.5466308594,159.5163574219,159.9392700195,159.7859039307,160.2065124512,160.5345458984,160.4293060303],"3":[108.5482635498,108.7697525024,109.7266235352,109.5345001221,110.7724151611,111.5554656982,112.2422714233,113.7737731934,160.9966125488,161.398223877,161.3077545166,160.4864501953,159.7266387939,159.4269104004,159.4701690674,159.9048156738],"4":[497.6247558594,498.6672363281,499.7972106934,499.7664794922,500.05859375,500.0065917969,500.163848877,500.8023681641,546.8466796875,547.754699707,546.6851196289,546.5040893555,546.2053833008,546.4790039062,545.8524780273,544.0279541016],"5":[499.50390625,499.8391418457,501.3349609375,502.5734863281,503.2296142578,503.4403076172,504.5919494629,503.6862792969,549.7158813477,549.1252441406,548.0377197266,547.5169067383,546.6686401367,546.3043823242,546.0486450195,544.6787719727],"6":[501.1576538086,499.8000793457,499.7735900879,499.6419067383,499.6069030762,499.0227050781,498.1362915039,498.9107971191,543.7319335938,544.4733276367,544.7219238281,544.9569702148,544.8491210938,544.6921386719,544.3162231445,544.1644897461],"7":[692.3992919922,691.9485473633,691.9602050781,691.4904174805,691.057800293,690.2436523438,689.6456298828,690.045715332,730.8238525391,731.4166870117,730.9588012695,730.8471069336,731.3865966797,731.7939453125,731.7763671875,732.2122802734],"8":[491.1528320312,490.9818725586,491.3708190918,490.4765319824,490.3067321777,489.8049316406,490.0986022949,490.1186523438,541.8323974609,543.4372558594,544.0991821289,544.0145263672,543.9918212891,543.6395263672,543.8377685547,543.1348876953],"9":[259.1382141113,260.1768798828,259.8830566406,260.0532226562,259.560760498,258.8510131836,257.6749267578,255.3343200684,308.0119018555,308.5186462402,307.8989868164,308.0982055664,308.0356445312,307.9976196289,307.3920593262,306.512298584]},"text":{"0":"Fureidis.","1":"RODION","2":"Beit","3":"Tamr","4":"Frank","5":"Mount","6":"el","7":"16","8":"Acbel","9":"Munetlisheh"},"score":{"0":0.9849779606,"1":0.9845792055,"2":0.974701345,"3":0.9873610735,"4":0.9868307114,"5":0.9869749546,"6":0.9465670586,"7":0.942953527,"8":0.9712660313,"9":0.9822853804}}