{"polygon_x":{"0":[734.4003295898,769.0423583984,802.4981079102,837.2073974609,871.8352050781,906.7035522461,941.5430297852,975.3712158203,971.6990966797,936.7856445312,904.0155029297,869.4440917969,835.1579589844,800.8234863281,766.5961914062,731.971496582],"1":[790.8289794922,812.0215454102,833.5918579102,853.9776000977,875.1323242188,895.5068969727,914.9444580078,934.9860229492,932.6317138672,911.6645507812,891.3886108398,870.9335327148,849.983581543,829.5651245117,809.4002685547,787.603515625],"2":[823.2208251953,851.1441040039,875.9357910156,901.1801147461,926.6076660156,952.2559204102,977.8809204102,999.9457397461,999.7557983398,974.9566040039,950.1666259766,924.58984375,897.8374023438,872.3837890625,846.6943359375,821.2962646484],"3":[344.0692443848,353.1568603516,361.9537353516,370.9476318359,379.6475830078,388.9210510254,397.3471679688,406.4147949219,408.1782531738,399.9158935547,390.2560119629,381.2275390625,372.5458984375,363.3814697266,354.7567138672,345.186920166],"4":[881.5606079102,892.390625,901.7827148438,911.209777832,921.0838623047,931.2661132812,940.9621582031,950.9447631836,954.1779785156,944.8677978516,934.9693603516,924.4393310547,913.8291015625,903.5214233398,893.7482299805,882.971496582],"5":[166.0562896729,175.7979125977,183.6596374512,192.6303863525,201.5423736572,210.9482116699,219.7167053223,229.7389984131,234.7961730957,224.7622070312,215.5753173828,206.565032959,196.7652282715,186.7072753906,176.8442687988,167.5288085938],"6":[0.0100092441,24.4567451477,54.4929847717,82.5720291138,110.8803939819,140.8812255859,170.6687316895,202.9343566895,202.8944702148,171.9009552002,142.119354248,113.2478637695,83.7646026611,54.6088485718,24.915271759,0.0293327905],"7":[22.321018219,90.2381820679,151.1300964355,213.505569458,274.1399230957,334.8775024414,398.5415344238,461.2329101562,460.6884155273,399.4065551758,337.4499206543,274.4964294434,213.4674987793,150.2738647461,87.0412445068,24.5168018341],"8":[1.5419973135,48.6002044678,95.0171737671,141.3629608154,188.6069641113,234.777923584,279.7522888184,324.9866943359,323.5725402832,279.5356140137,234.5198974609,186.9268798828,140.7497253418,95.2777099609,49.3430137634,1.6407921314]},"polygon_y":{"0":[538.2976074219,538.8784179688,539.4930419922,540.0496826172,537.650390625,537.210144043,534.6480102539,536.8891601562,587.0465087891,588.5794067383,588.6266479492,589.3057861328,590.0424804688,590.2631835938,590.6741943359,591.1050415039],"1":[481.1371459961,481.5063476562,482.0904846191,482.8260498047,483.7953186035,484.5927124023,484.9202270508,487.2051391602,539.2571411133,539.5854492188,539.733215332,540.6063842773,540.4556274414,540.4240112305,540.2200927734,539.2689208984],"2":[878.170715332,880.0755615234,879.9432983398,879.7525024414,880.5802001953,881.2611083984,881.8498535156,880.7689819336,931.6136474609,933.069152832,932.7999267578,932.9333496094,932.2219238281,931.6295776367,931.9483642578,930.6252441406],"3":[882.3229980469,879.2325439453,877.1987915039,876.0205688477,876.0498046875,874.5982666016,873.3170166016,871.6350097656,931.2351074219,932.5134887695,932.923034668,933.5587158203,933.8511962891,934.4017333984,934.8126831055,934.3314208984],"4":[344.6879577637,343.5422973633,342.4742431641,340.3156738281,338.4757080078,336.179473877,334.0250244141,331.9388122559,368.3184509277,371.7425842285,373.1658325195,374.7700195312,377.2139282227,379.9272460938,382.2379760742,382.5991821289],"5":[349.2203369141,348.7252807617,347.132019043,344.4870300293,342.4953918457,339.202545166,336.8946838379,333.7985229492,368.4817199707,372.9386901855,375.9411010742,378.0050354004,380.4820556641,383.4076538086,385.9065551758,387.0421142578],"6":[522.5893554688,521.2261352539,521.1145629883,520.9825439453,520.4940185547,519.0172729492,519.1834716797,518.9043579102,584.6246337891,585.2211914062,586.4067993164,586.1432495117,586.1353759766,586.8359375,587.1293945312,586.4034423828],"7":[728.7075805664,728.5643310547,725.3295898438,725.905456543,727.8768920898,728.3918457031,729.5604858398,737.7799072266,843.0368041992,835.533996582,830.9174194336,827.7713012695,827.0594482422,825.2291870117,825.8322143555,826.5600585938],"8":[876.2783203125,877.8922119141,877.8508911133,877.5522460938,879.9631347656,879.3990478516,878.1994018555,879.8080444336,933.7344970703,933.7079467773,934.8262939453,934.5642700195,935.5534667969,935.62109375,936.5422973633,935.9378662109]},"text":{"0":"GOPHNA","1":"Jifn","2":"Arniiti","3":"of","4":"12'","5":"10's","6":"DNS","7":"TAML","8":"bservations"},"score":{"0":0.9895126224,"1":0.990701437,"2":0.983736217,"3":0.9910486937,"4":0.972509563,"5":0.9767388105,"6":0.9667823315,"7":0.9765741825,"8":0.9876747131}}