{"polygon_x":{"0":[721.4812011719,748.486328125,773.7847900391,798.2004394531,822.8209228516,847.1174316406,872.7035522461,898.0676269531,897.1517944336,869.7610473633,844.7470703125,819.9134521484,795.2985839844,770.0078735352,744.5900878906,719.0823364258],"1":[704.5739135742,714.1535644531,723.0798339844,732.0164794922,740.5688476562,749.4276123047,758.239440918,767.4047851562,763.2850341797,753.2965087891,743.9200439453,735.789855957,727.1593017578,718.1860351562,710.0366821289,700.2149047852],"2":[865.1472167969,884.4830322266,904.342590332,923.2061767578,942.3023681641,961.4122314453,980.8647460938,999.4224853516,999.5668945312,980.1608886719,961.389465332,942.2067260742,922.4064941406,903.4841308594,883.8886108398,864.0430297852],"3":[621.001159668,620.733581543,619.6876220703,619.2762451172,616.9717407227,614.9420776367,613.5706787109,613.2334594727,581.5,581.2831420898,581.0663452148,580.9329833984,581.9447021484,582.7309570312,583.3880004883,584.8142700195],"4":[498.401184082,506.850769043,514.6743774414,523.1510620117,531.0256958008,540.1478271484,549.0387573242,557.0996704102,557.2688598633,549.4959106445,540.0180053711,531.2009277344,523.0454101562,514.4979248047,506.2635498047,497.049407959],"5":[237.4609069824,245.2462921143,252.4866485596,259.3218688965,266.2229003906,273.6452941895,280.6669311523,289.0489501953,282.6320800781,273.7889709473,265.2522277832,257.6045532227,249.8075714111,242.1281433105,235.4276275635,227.1151580811],"6":[96.520614624,102.4517059326,109.1541976929,116.0798721313,122.4830474854,128.5862579346,134.3306732178,140.7289276123,144.2314758301,138.04737854,131.4559783936,125.4132843018,117.6098709106,110.0585250854,103.1759719849,96.0834197998],"7":[906.9507446289,916.3695678711,926.8836669922,936.360534668,947.5167236328,957.5842895508,967.8540649414,978.895324707,955.7915039062,944.2618408203,933.9769897461,924.1346435547,914.9822387695,906.2076416016,896.5397949219,885.921081543],"8":[910.7283935547,920.5112304688,930.6242675781,940.2568969727,949.744934082,959.7548828125,968.3536376953,978.0158081055,968.3386230469,957.8905029297,949.1405029297,939.8787841797,931.1154174805,923.2424926758,914.5911865234,904.3157958984],"9":[8.9732675552,14.6045627594,18.9247341156,23.5094528198,27.7115535736,32.0376281738,36.5232429504,40.2409553528,50.7588043213,45.2226486206,41.271987915,35.3955230713,30.9433479309,26.0090274811,21.061372757,15.6565418243],"10":[624.1483764648,623.4511108398,624.8840942383,625.8889160156,626.4989624023,628.4686889648,629.9504394531,628.151550293,597.6115112305,596.1889648438,594.3758544922,592.5118408203,591.4930419922,590.1697387695,589.4280395508,588.2418212891]},"polygon_y":{"0":[795.9625854492,796.2387695312,796.0753173828,796.408203125,797.1090087891,797.0131835938,797.4569091797,798.1201782227,851.9693603516,853.4711914062,852.9515991211,852.3595581055,851.8115844727,851.5018310547,851.6326904297,851.0405273438],"1":[529.2638549805,528.9149780273,529.1265258789,529.3173217773,529.2039794922,528.8884887695,528.7972412109,529.5350952148,588.8658447266,589.0282592773,588.6950683594,588.1729125977,588.0036010742,587.979309082,587.7014770508,587.9422607422],"2":[902.4741210938,903.3634033203,903.5718994141,903.4349365234,903.6735839844,903.3354492188,903.0274658203,902.1002197266,950.5288696289,951.4255371094,951.8206787109,951.8751220703,951.8505249023,952.3584594727,952.2669067383,951.1759033203],"3":[411.7208251953,418.2485656738,424.9157409668,430.4475097656,437.6130371094,443.7830810547,449.3004150391,456.0376281738,452.0836791992,444.7293395996,439.2985839844,432.7022705078,427.237487793,421.0220947266,414.8379211426,408.6222839355],"4":[555.7242431641,555.3134155273,555.5005493164,555.1148681641,554.7947998047,554.1165771484,553.5510253906,553.263671875,612.6673583984,612.1881103516,612.2196044922,612.6654052734,613.1561889648,613.753112793,614.4616088867,616.0126953125],"5":[550.1926269531,550.0628051758,550.8424682617,551.1119384766,551.5209960938,551.7982177734,551.9086914062,552.8588256836,595.5862426758,595.9387817383,595.5417480469,595.1070556641,594.9752807617,594.7983398438,594.5571289062,594.3350830078],"6":[531.2645263672,531.2265625,531.3166503906,531.5106811523,530.948425293,530.3216552734,529.8150024414,529.1579589844,568.28515625,568.6483154297,569.1243286133,569.0958251953,570.1104125977,571.1272583008,571.4693603516,571.4043579102],"7":[550.4123535156,551.8158569336,553.7982788086,555.2136230469,557.3013916016,559.171875,561.2474975586,563.169921875,618.5600585938,616.3807373047,613.7297973633,611.5178222656,609.5630493164,607.5184326172,605.3122558594,602.598815918],"8":[804.9382324219,803.424987793,802.6223754883,801.9723510742,801.998840332,801.3903808594,799.6741333008,800.6255493164,868.1200561523,867.9107666016,868.1135253906,868.952331543,869.2169799805,868.8286132812,869.0290527344,868.1557617188],"9":[148.6135406494,148.6224365234,149.2049255371,149.3458251953,148.7276763916,147.8587646484,146.9388427734,145.7772521973,177.301361084,177.7112121582,177.7139587402,177.8544311523,178.9169006348,179.5852050781,179.9083251953,181.1291503906],"10":[470.1098022461,491.0758056641,510.5502624512,531.969909668,550.8931884766,572.1851196289,594.6917114258,616.1951904297,616.2116699219,593.1595458984,570.6474609375,551.7627563477,531.6350708008,507.5087890625,485.0463256836,465.4163818359]},"text":{"0":"Tombs","1":"E","2":"Tomb","3":"to","4":"J","5":"F","6":"O","7":"H","8":"of","9":"7","10":"Nabulus"},"score":{"0":0.9882905483,"1":0.9821246862,"2":0.9891512394,"3":0.9495649934,"4":0.9667733312,"5":0.9232957363,"6":0.8787447214,"7":0.9764470458,"8":0.9841446877,"9":0.7699792385,"10":0.7566068769}}