{"polygon_x":{"0":[310.4197998047,307.8081665039,307.4819641113,307.3218383789,307.9326477051,308.3761901855,310.6279907227,312.8944396973,351.4638061523,349.290222168,348.6289978027,347.9179382324,348.3204650879,348.1600341797,347.4184570312,346.9152526855],"1":[603.6467285156,612.4250488281,621.3942871094,629.5701904297,637.9182739258,646.9486083984,655.5435180664,664.6884155273,665.6011352539,657.001953125,648.1716308594,639.0845947266,629.7420654297,620.6932983398,611.9807739258,602.3694458008],"2":[741.0356445312,736.8057250977,733.5061035156,728.7467041016,726.5124511719,723.75,722.2408447266,720.0043334961,761.0399780273,762.0934448242,766.6939697266,769.5366210938,772.7073974609,776.3566894531,778.6591796875,781.7059326172],"3":[311.8834838867,313.2973937988,313.9551391602,313.8876953125,313.0018310547,312.7583618164,312.8767700195,313.1882324219,349.78515625,351.1032714844,352.460144043,352.450592041,352.3067932129,353.4759216309,354.2875976562,354.9160766602],"4":[735.3674926758,736.8704833984,738.0170898438,739.4202880859,741.7880859375,743.8458862305,745.431640625,748.0423583984,782.3433837891,778.4990234375,774.9996337891,773.3022460938,771.4722290039,770.2155151367,768.7811279297,766.936340332],"5":[882.1668701172,901.1135253906,918.9398803711,935.9561157227,952.7074584961,969.5274658203,986.4526367188,999.9852294922,999.8654174805,983.7913818359,967.3678588867,949.4927368164,932.6143798828,915.4169311523,897.6873168945,878.9419555664],"6":[796.6381835938,809.8277587891,821.473449707,832.8483886719,844.0128173828,855.0926513672,866.7853393555,878.2846679688,874.0747680664,863.0150756836,851.3994140625,839.2138061523,828.0200805664,816.3298339844,804.6563720703,791.8662109375],"7":[712.1148681641,716.1195068359,720.5213623047,723.8377685547,727.8607177734,729.5649414062,730.509765625,730.9190673828,772.1639404297,769.9577636719,767.466796875,764.1751708984,761.2219848633,758.020324707,753.9790039062,748.606262207],"8":[752.444152832,753.4591064453,755.2252197266,754.6323242188,755.3903808594,754.5556640625,753.1096801758,752.0629272461,793.8296508789,795.2080688477,795.2729492188,796.2634277344,796.4239501953,796.662109375,796.9664916992,798.9639892578]},"polygon_y":{"0":[608.459777832,586.044128418,564.2487182617,540.8017578125,516.8778076172,493.5191650391,469.2105407715,445.8647460938,450.5248413086,473.9200134277,496.1995239258,518.4900512695,542.1743164062,565.3407592773,587.8764648438,609.9888916016],"1":[340.2862243652,339.7778625488,339.4476318359,338.6667480469,337.6783447266,336.4576416016,335.4243774414,334.4915466309,372.801361084,373.7856445312,374.4396972656,375.3247070312,376.241607666,377.5104370117,378.0272827148,378.9181213379],"2":[575.4035644531,550.8862304688,526.1690673828,500.2901000977,478.1719970703,451.080078125,426.8280334473,404.2242736816,403.7430419922,425.9416503906,447.8231811523,473.0996398926,497.5793151855,521.8660888672,543.4688720703,568.6953125],"3":[753.6641845703,733.6351318359,714.5129394531,695.6793212891,677.1478881836,656.7755126953,632.3169555664,609.5565185547,610.411315918,629.9591064453,655.0741577148,675.9443359375,696.076965332,715.7778930664,734.2619628906,755.9860229492],"4":[642.7261352539,637.5185546875,632.9135131836,629.5363769531,623.3411254883,618.2961425781,614.6279296875,608.3874511719,624.8633422852,630.6775512695,635.3493652344,638.8973999023,643.5731201172,648.3837280273,653.8776855469,658.9830322266],"5":[607.9218139648,607.9073486328,608.0039672852,608.6801147461,609.6581420898,611.1775512695,611.4429931641,611.3627929688,663.4222412109,665.4635620117,666.1489868164,665.8671875,666.6755371094,666.9110717773,666.8675537109,665.1322021484],"6":[605.8709716797,606.0032958984,607.7723999023,609.8027954102,610.9676513672,612.7282104492,614.5725097656,617.003112793,670.085144043,669.940246582,669.859375,669.9506835938,669.3576049805,668.5631103516,667.7188110352,665.5751953125],"7":[763.0925292969,750.0042114258,733.376159668,718.8813476562,703.9099731445,689.041015625,673.2590332031,655.1596679688,670.1427612305,683.2164306641,699.4867553711,713.7370605469,731.0476074219,745.7514648438,761.1517944336,778.7287597656],"8":[607.4836425781,603.2993164062,601.6422729492,598.6665039062,595.6975097656,590.2225341797,587.4216308594,584.8087768555,579.7795410156,584.6874389648,588.7270507812,595.3133544922,599.5848388672,604.7264404297,608.9631958008,612.650390625]},"text":{"0":"Nabulus","1":"14","2":"Nabulus","3":"Roadto","4":"1o","5":"Yebru","6":"Ln","7":"Road","8":"o"},"score":{"0":0.9739071727,"1":0.9676156044,"2":0.9704002142,"3":0.8215015531,"4":0.7490907907,"5":0.9855989218,"6":0.9757266641,"7":0.9735527039,"8":0.6620196104}}