{"polygon_x":{"0":[90.0598449707,98.181678772,105.7056884766,112.7903747559,120.2763290405,127.8686981201,134.5992584229,142.9932403564,135.5316467285,126.7321624756,118.71509552,110.5145111084,103.8115386963,96.1675338745,89.0587463379,80.6187896729],"1":[83.3703231812,104.9606246948,126.9518432617,148.5341796875,169.7406768799,190.6857452393,211.2089233398,232.9257202148,229.6014709473,207.2961730957,185.4653167725,162.870880127,141.0970916748,120.1082229614,97.8236236572,75.3802032471],"2":[851.3740234375,859.3280639648,868.005859375,875.4442749023,882.2725830078,889.8304443359,897.7575073242,906.0332641602,861.2185668945,853.1638183594,843.9490356445,836.0487060547,828.7930908203,820.9305419922,812.9843139648,804.5017089844],"3":[5.9733810425,14.2042198181,22.2309608459,30.2736358643,38.6818313599,47.0267105103,55.5193367004,64.0390472412,59.7131729126,49.1909790039,39.7749023438,31.6733455658,23.4652881622,14.7616157532,7.7077822685,0.0633977056],"4":[289.5757446289,297.1018676758,304.1694335938,311.5659790039,318.8543701172,326.9329833984,334.9038085938,343.085357666,336.4066162109,328.3008117676,319.783782959,312.5352172852,305.2833862305,297.5344238281,290.2586669922,282.0819091797],"5":[665.1905517578,672.4571533203,682.5498046875,689.8601074219,697.5405273438,706.8462524414,716.1939697266,725.6654052734,697.6036376953,687.7276000977,678.5303344727,671.0240478516,662.9827880859,655.1181030273,647.7892456055,636.3382568359],"6":[466.234375,477.0223693848,486.8318481445,496.9898986816,507.3153076172,517.7258300781,528.2481689453,539.2161865234,533.2443237305,521.0147705078,509.9884643555,499.7452392578,490.0988464355,480.4922485352,471.2188720703,459.320526123],"7":[70.2480697632,93.0636444092,121.2254638672,147.49269104,173.5113372803,199.3344726562,224.9991760254,251.7763671875,251.7355957031,225.009979248,199.3134155273,172.5248565674,146.7730407715,121.5227966309,94.2707519531,68.2895431519],"8":[13.1161899567,21.708524704,30.0084896088,38.0602264404,46.5206985474,56.7549934387,63.3303985596,69.3187561035,66.0894927979,62.1028327942,54.2522506714,45.694732666,37.8025588989,30.5093994141,22.9944648743,14.1188440323]},"polygon_y":{"0":[595.8455200195,596.0974121094,596.5830688477,597.1499633789,597.1620483398,597.5544433594,598.075012207,598.3358764648,652.6373291016,652.7631835938,652.677734375,652.1711425781,652.0760498047,652.0086669922,651.8740234375,651.696105957],"1":[795.8453369141,796.5946044922,798.0705566406,799.3349609375,800.8897705078,801.8676147461,803.8373413086,806.2868652344,862.2925415039,861.4059448242,860.8720703125,860.5392456055,860.4478759766,859.3614501953,854.3002319336,851.6224365234],"2":[649.3167724609,653.8397827148,657.7037963867,660.7770996094,663.9362182617,667.8303222656,673.9767456055,681.2322387695,724.8200683594,718.7902832031,713.6292724609,709.2626953125,705.6301269531,701.4944458008,697.7700805664,693.98828125],"3":[797.4998779297,796.8947753906,797.4176025391,798.0761108398,799.4159545898,800.3029785156,802.2174682617,802.149597168,855.3975830078,856.5277099609,857.0477905273,856.598815918,856.1448974609,855.9429931641,854.8981323242,853.6926879883],"4":[584.8369750977,584.603515625,584.7573242188,584.591003418,584.2025756836,584.2060546875,583.9238891602,583.6325683594,638.1734619141,638.2341308594,637.9613647461,637.4934082031,637.3790283203,637.3973999023,637.9291381836,639.1748046875],"5":[601.5532226562,604.8409423828,606.9086914062,607.9651489258,609.2670288086,609.9117431641,610.998046875,612.2902832031,667.5302124023,664.7637939453,662.4849853516,660.6245117188,659.1231689453,657.4426269531,656.5614013672,654.1021728516],"6":[579.2702636719,578.8432617188,579.9699707031,580.6712036133,581.3092651367,581.8598022461,581.9978637695,582.5373535156,637.3654785156,637.354309082,637.4449462891,637.0447998047,636.6460571289,636.190612793,636.5686035156,636.2752685547],"7":[898.1792602539,900.0236816406,900.4095458984,901.3916625977,902.6549682617,903.5171508789,904.4897460938,906.4273071289,952.1954345703,952.1271362305,952.3549804688,953.0260620117,953.3544921875,953.7708740234,954.1129150391,953.6583251953],"8":[909.9585571289,906.3247070312,903.2030029297,902.2518310547,901.9373168945,901.2725219727,900.9862670898,902.7604980469,951.7513427734,952.98828125,954.7799682617,955.3283081055,955.4007568359,955.2025146484,954.6491088867,953.7335205078]},"text":{"0":"O","1":"Kings","2":"P","3":"he","4":"S","5":"A","6":"H","7":"Helena","8":"of"},"score":{"0":0.9817142487,"1":0.9907420278,"2":0.9754263163,"3":0.98726511,"4":0.9572166204,"5":0.933622241,"6":0.9460510015,"7":0.9720301032,"8":0.9597944021}}