{"polygon_x":{"0":[643.2224121094,671.4181518555,700.3256835938,729.9532470703,759.2871704102,788.7368774414,818.1243286133,847.5128173828,848.2758789062,819.3903198242,789.4351806641,760.1375732422,730.2301635742,701.7137451172,672.1838378906,642.6376342773],"1":[515.1494140625,522.3129272461,528.87109375,535.1403808594,541.9229125977,548.129699707,554.9312133789,561.0495605469,558.4444580078,551.2659301758,543.9246826172,537.4481811523,531.5045166016,524.6472167969,517.9672851562,511.4361572266],"2":[857.2452392578,868.2542724609,879.4786376953,890.9672851562,902.0665283203,913.2244873047,924.8894042969,935.4522094727,936.2793579102,924.8193969727,913.4788818359,902.3137817383,891.4128417969,880.1938476562,868.6231079102,856.94140625],"3":[858.7274169922,873.4932861328,887.6518554688,901.8408813477,916.5471801758,931.2207641602,945.6511230469,959.3805541992,962.3373413086,947.2940673828,933.0797119141,918.2849121094,903.8696289062,889.5153198242,875.3500366211,860.1424560547],"4":[597.4357299805,648.5864257812,699.0494384766,751.536315918,802.4749145508,854.7034301758,906.8171386719,962.1116943359,962.5237426758,909.6479492188,857.443359375,804.4842529297,753.5047607422,700.2308349609,648.0294799805,595.0914916992],"5":[394.1526794434,402.5358886719,410.3798828125,418.3726501465,426.7210693359,435.9291381836,444.3719482422,450.5822143555,450.9658203125,442.7332763672,433.731842041,425.3247680664,417.3248901367,408.8146362305,401.1422119141,392.9379577637],"6":[466.1820983887,471.6122131348,476.2532043457,480.8389282227,486.4981384277,492.7714538574,497.9945068359,503.0575866699,497.333190918,493.0939025879,487.0639343262,482.3952636719,477.6296691895,472.5621032715,468.2447509766,463.1441955566],"7":[551.4566650391,564.7591552734,577.8411254883,590.328125,602.9966430664,614.8585205078,627.6369018555,640.9715576172,641.891784668,629.3903808594,616.1845703125,603.5603637695,590.8984375,577.7923583984,565.1139526367,551.6435546875],"8":[413.3859558105,433.2965087891,452.6474609375,471.5470581055,490.3251647949,508.9353027344,528.1091918945,546.364440918,544.9509277344,527.8374633789,508.9360351562,490.2767944336,471.2835998535,452.4093322754,433.4965515137,413.3664550781],"9":[970.6207275391,975.87890625,980.0329589844,983.8879394531,987.9958496094,991.9696655273,995.4761352539,999.3601074219,999.8916625977,996.6669311523,993.3059692383,989.5461425781,985.9017333984,982.6405029297,978.3895263672,971.0564575195],"10":[562.7457275391,597.3917236328,629.5973510742,663.0595703125,696.1524658203,728.4221191406,760.1673583984,794.9685668945,793.8770141602,760.3094482422,727.986328125,694.2518310547,661.5592041016,627.4117431641,594.8358764648,561.0309448242],"11":[367.0221252441,453.8692016602,528.3359985352,606.1934204102,690.0074462891,768.1053466797,848.5469970703,927.3106689453,952.2810058594,860.616394043,782.7365112305,698.2215576172,603.951171875,520.8299560547,444.3203430176,370.9910583496]},"polygon_y":{"0":[877.4317016602,877.6681518555,877.9790649414,878.0938110352,878.5828857422,879.5251464844,879.3897705078,879.2788085938,935.7901000977,936.0769042969,936.1493530273,936.0057983398,935.7004394531,936.3435058594,936.4416503906,936.2658691406],"1":[345.3288269043,344.7994689941,345.2752380371,345.8197631836,345.8412475586,345.4538574219,345.5411376953,346.0127258301,389.9964599609,389.8624267578,389.2693481445,388.6167602539,388.7054748535,388.649017334,388.6901550293,388.5210876465],"2":[633.1881713867,632.3981933594,632.0923461914,631.5997924805,631.0950317383,631.3479003906,631.5624389648,632.0053710938,682.9982910156,683.7135009766,682.7606201172,682.6148681641,683.1081542969,683.3792114258,683.8050537109,682.9888305664],"3":[889.6740112305,887.5909423828,882.8046875,881.8083496094,880.6640625,879.0776367188,876.37109375,875.4301757812,933.4982910156,934.9156494141,935.7122802734,935.5427246094,935.5574951172,935.6870117188,935.7860107422,935.7353515625],"4":[523.7672729492,522.258972168,521.666015625,521.8309936523,521.1701049805,521.0706176758,520.0814208984,521.072265625,587.1776123047,589.1071777344,588.3740234375,588.8090820312,588.1174316406,587.9791259766,588.59765625,588.964050293],"5":[344.5941772461,344.107421875,343.5043029785,342.6159973145,342.2651977539,341.1961364746,340.7729797363,340.4114990234,390.8159179688,391.0791625977,390.6999511719,390.7158203125,390.9564208984,390.7273864746,391.8408508301,392.2871704102],"6":[348.2536315918,347.4197998047,346.9588012695,346.7608947754,346.2909240723,345.8813171387,345.221282959,344.3662719727,389.862121582,388.9205627441,388.3057861328,388.1018676758,388.4776611328,388.7658691406,388.9978027344,389.0760803223],"7":[881.7962036133,880.5131835938,879.0247192383,878.2794189453,878.4039916992,878.5622558594,878.3099975586,879.2021484375,935.6916503906,937.3986816406,937.6995239258,938.0505981445,937.6682128906,938.1884155273,938.0628662109,937.3767089844],"8":[873.1771850586,874.8056030273,877.0282592773,877.9208984375,879.1108398438,880.6511230469,881.1760253906,882.208984375,937.684387207,937.5609130859,937.4511108398,937.092956543,937.0192871094,937.8131713867,937.8475341797,936.3884277344],"9":[876.9235229492,876.7424926758,876.6927490234,876.4344482422,875.5300292969,875.267578125,875.1142578125,874.6731567383,929.7014770508,931.0278320312,930.857421875,931.1641845703,931.8726196289,931.9113769531,932.1233520508,931.8211669922],"10":[345.8463134766,347.7521362305,347.5830078125,348.0550842285,347.4497070312,346.5970458984,345.2328491211,344.6817321777,392.2561035156,391.8110351562,391.653503418,391.5625,391.5613098145,391.1470031738,391.5129089355,391.7575073242],"11":[736.6928100586,734.7146606445,732.908203125,730.3989257812,729.8304443359,727.8890991211,726.9140014648,725.8981323242,830.3567504883,834.2271728516,833.2823486328,831.2396240234,829.6118774414,829.6888427734,826.5475463867,825.3217773438]},"text":{"0":"Routes","1":"E.","2":"OF","3":"and","4":"ENVIR","5":"35","6":"8","7":"the","8":"from","9":"O","10":"Greennich","11":"HARUS"},"score":{"0":0.9921397567,"1":0.988263309,"2":0.9877299666,"3":0.9907222986,"4":0.9903428555,"5":0.971308291,"6":0.9772083759,"7":0.9880682826,"8":0.99119699,"9":0.7167549729,"10":0.981015563,"11":0.7848210931}}