{"polygon_x":{"0":[911.3579101562,915.0479125977,918.6351928711,921.500793457,924.9936523438,928.6697387695,932.2495117188,936.619140625,910.6778564453,906.5689086914,902.2093505859,897.3719482422,892.40234375,887.5763549805,882.5806884766,877.5012207031],"1":[948.8364257812,955.0665283203,962.7165527344,970.0747680664,977.869140625,985.2066650391,992.0314941406,999.2535400391,970.4808349609,963.1401977539,956.334777832,949.4000244141,942.1588134766,935.23046875,927.0742797852,919.2528686523],"2":[963.943359375,970.0397338867,975.5100097656,980.413269043,985.2459106445,990.3986206055,995.1974487305,999.914855957,997.6318969727,989.9614257812,984.6950683594,978.1414794922,971.7171630859,965.6024780273,959.8340454102,952.3497314453]},"polygon_y":{"0":[894.6713867188,898.9252929688,903.040222168,906.5460205078,910.3948364258,915.9334716797,920.8295288086,927.5759887695,951.0980834961,947.6765136719,943.1719360352,938.7327880859,934.7437133789,930.3984375,925.8383789062,921.3122558594],"1":[931.0891113281,935.6604614258,940.3961181641,946.1318359375,952.1628417969,959.5975341797,966.0506591797,977.5100708008,999.8009033203,994.3590698242,988.8067626953,983.1076049805,977.1225585938,970.676940918,964.1417236328,958.2052001953],"2":[510.7317810059,511.4088134766,513.258605957,514.6011962891,515.3071899414,516.7376098633,516.7279052734,518.8315429688,575.7349853516,576.3909301758,574.8995361328,573.3731689453,571.8178710938,570.829284668,569.3939819336,567.6389160156]},"text":{"0":"to","1":"the","2":"V"},"score":{"0":0.9761354923,"1":0.9780774117,"2":0.8886464834}}