{"polygon_x":{"0":[884.4381103516,892.0388793945,901.4175415039,909.2465209961,915.5776977539,920.1809692383,924.8529052734,929.3087768555,868.7994384766,861.1898803711,856.321472168,850.9758300781,846.1430664062,842.5269775391,838.2559814453,833.6871948242],"1":[307.3064575195,312.1404418945,317.4876708984,322.6553039551,327.8463745117,333.2354736328,338.3496398926,345.7443847656,291.8128051758,285.1809387207,278.7818908691,273.4273071289,267.7587585449,262.2146606445,257.5236206055,251.8695831299],"2":[714.3470458984,738.7316894531,765.5685424805,791.0372314453,817.0817871094,837.2844238281,855.005859375,866.129699707,806.2816772461,785.328125,767.4084472656,744.2459106445,716.552734375,693.5489501953,671.143737793,648.1289672852],"3":[750.3372802734,751.4730834961,751.9597167969,752.3032226562,753.8989868164,755.7172241211,757.8203735352,759.0120849609,683.8220214844,680.0157470703,677.5371704102,675.8748779297,673.0230712891,672.0348510742,672.2838745117,672.2909545898],"4":[547.7725219727,553.4997558594,560.0034790039,569.3602905273,580.4940185547,588.7610473633,598.924987793,610.3823852539,523.8754882812,514.7664794922,503.604675293,494.5573120117,483.1940917969,473.8036499023,468.5219726562,462.5952453613],"5":[593.9119873047,595.3258056641,595.4545288086,595.772644043,597.3698730469,598.3989868164,599.2520751953,600.9530029297,655.3721923828,653.0358886719,652.2041015625,651.0533447266,649.1033325195,648.2692871094,647.9779052734,647.8371582031],"6":[956.0669555664,967.1779785156,974.1329956055,980.0690917969,985.2377929688,992.6207275391,997.1568603516,999.9423828125,961.0946044922,954.7177124023,946.796875,938.5729980469,931.2132568359,918.6252441406,908.6223144531,896.5654296875]},"polygon_y":{"0":[596.7893066406,608.7574462891,621.2885742188,633.7654418945,644.056640625,654.7594604492,665.62890625,676.3364257812,694.9842529297,682.7214355469,670.9141845703,661.3919677734,649.3918457031,638.1353759766,625.2458496094,612.667175293],"1":[1.1865971088,10.0033941269,17.0850696564,23.4876785278,31.2416858673,38.8545150757,45.8639144897,54.8167648315,80.0892028809,71.4872283936,64.0037460327,55.9848976135,48.281627655,40.6065673828,33.0391159058,26.0327510834],"2":[164.3312683105,212.9534301758,265.1955566406,317.2090148926,370.6770629883,426.5161132812,474.9734191895,522.4858398438,543.9151000977,494.1259460449,446.4491271973,396.9099121094,345.9210510254,297.0001525879,244.1351928711,194.107635498],"3":[651.252746582,661.044921875,670.7784423828,679.1513671875,688.5197753906,699.1180419922,707.2507324219,715.368347168,717.2014160156,707.8967895508,699.9721679688,692.6749267578,681.9727172852,672.0344238281,662.0977783203,655.1013793945],"4":[261.7210693359,276.2808532715,290.6538696289,306.0577697754,321.7625427246,339.5190124512,357.6815185547,373.7956237793,397.4501342773,377.8731079102,359.2485351562,345.3548583984,328.5911254883,312.6250915527,296.8110961914,280.8892211914],"5":[526.237121582,519.5582275391,511.8921203613,504.4688110352,495.6069946289,487.1661682129,481.6547851562,473.8961486816,481.9619750977,488.7116088867,494.4450378418,502.7503967285,509.2731018066,516.8454589844,522.6143798828,530.1331787109],"6":[748.3922729492,786.7694702148,827.1679077148,865.9373779297,897.1167602539,932.8118896484,966.4584350586,999.4685058594,999.9899902344,974.7408447266,942.8750610352,910.2446899414,881.1499633789,843.7478027344,808.805847168,770.701965332]},"text":{"0":"of","1":"T","2":"Fields","3":"A","4":"WW","5":"&","6":"Gra"},"score":{"0":0.9677175283,"1":0.9653183818,"2":0.9794309735,"3":0.8313084245,"4":0.9513713121,"5":0.8229120374,"6":0.6988584995}}