{"polygon_x":{"0":[27.73828125,30.0208873749,31.8579006195,34.367931366,36.3448982239,38.4789237976,39.3668823242,41.9731559753,63.0744400024,61.2723731995,60.1804351807,58.2836341858,56.336479187,54.762046814,53.1563148499,51.9300613403]},"polygon_y":{"0":[922.1955566406,921.4083862305,920.6470336914,918.3609008789,916.9365844727,914.7814331055,913.5639648438,911.0513305664,930.8776855469,935.0208129883,936.4696655273,938.7911376953,940.9735717773,942.7677001953,944.3872680664,945.9518432617]},"text":{"0":"1"},"score":{"0":0.5655029416}}