{"polygon_x":{"0":[687.2357788086,708.6076660156,730.4858398438,750.8944091797,771.1266479492,792.2838745117,813.2995605469,834.3338623047,832.7295532227,811.1062011719,789.905456543,769.3458251953,748.2534790039,726.671081543,705.5570068359,684.5113525391],"1":[487.4762268066,514.7459716797,543.3401489258,571.1061401367,597.9780273438,625.9893798828,653.2022705078,679.034362793,678.0034790039,649.1558837891,622.3305664062,594.95703125,566.9267578125,538.0606689453,510.1473388672,482.6138916016],"2":[0.7377673388,51.6136131287,104.1310424805,152.5322570801,203.4158477783,252.9192962646,301.6211547852,352.6883544922,386.469909668,337.1746520996,285.5539855957,236.1314544678,188.6000213623,142.5057220459,96.2552185059,44.4270172119]},"polygon_y":{"0":[301.7346496582,301.2723083496,301.731048584,301.7491760254,302.2901306152,302.6997680664,301.9968566895,302.5874023438,350.4545288086,351.6042785645,351.6466064453,351.6103515625,350.9651184082,350.9711303711,351.0673828125,350.9963684082],"1":[299.9934082031,303.2156677246,305.7338867188,306.1901550293,305.8779907227,305.4455871582,303.4594726562,301.8001403809,352.2722167969,355.2643127441,353.6233215332,354.1822509766,354.4038696289,354.6455688477,353.4795837402,350.2389831543],"2":[934.6669921875,912.0024414062,892.5145874023,874.857421875,855.5871582031,836.8132324219,817.0903320312,797.6477661133,852.3511962891,873.0034179688,894.5953369141,915.3328857422,935.6365966797,953.830078125,974.1385498047,998.5477294922]},"text":{"0":"Tombs","1":"Decayed","2":"Grove"},"score":{"0":0.9843419194,"1":0.9606980681,"2":0.9852823019}}