{"polygon_x":{"0":[197.626159668,215.5108795166,232.4682922363,250.1617584229,267.1916503906,284.3820495605,302.0737915039,320.1011962891,319.127532959,301.0441589355,283.1020812988,265.411895752,248.2221679688,230.4971313477,213.3073425293,195.4519500732],"1":[56.9599990845,77.7270584106,96.9534301758,115.9756011963,135.6900939941,154.9055786133,173.7097015381,193.4553833008,193.4000854492,173.1465301514,154.5081481934,133.5445861816,113.9208068848,93.9434356689,74.6822433472,54.8627624512],"2":[366.5958862305,382.6979980469,397.5994873047,412.3056640625,426.9286804199,441.0804748535,454.6784667969,469.4928283691,467.7833862305,452.8969726562,437.118347168,421.6560668945,406.8078613281,391.3739013672,376.0604858398,360.7501831055],"3":[55.0962028503,77.5063323975,99.5119934082,121.7665481567,143.3723297119,165.9784240723,189.1594543457,211.5429840088,209.8412780762,186.5202026367,164.0070495605,141.9053649902,119.5946807861,96.6590957642,74.0195770264,51.5232505798],"4":[210.0431671143,226.2752532959,240.5664825439,255.2505645752,269.7520751953,284.1311645508,298.6355285645,313.4069824219,307.8408203125,290.8536987305,276.1889953613,261.5409545898,247.4597320557,232.8648986816,218.6776123047,203.8384246826],"5":[31.963558197,55.424861908,79.2037887573,102.5466079712,125.8468933105,148.810256958,171.4498901367,193.4355010986,193.1518859863,170.3987426758,147.0395507812,124.2292098999,100.5649108887,77.0666732788,53.1698036194,29.6086711884],"6":[5.5145540237,13.8179264069,20.5834293365,26.5287303925,32.0362129211,37.907699585,44.5108413696,49.8535842896,43.1303062439,35.3364295959,28.6503810883,22.5063018799,16.6818580627,11.0554552078,5.7841086388,0.0915469825],"7":[223.4582824707,249.1578826904,277.6611633301,307.2108154297,336.2705993652,365.2697753906,394.6602783203,423.2128295898,424.3111572266,394.9667358398,366.2655029297,337.6983032227,308.5256652832,279.4182739258,250.4129333496,221.7753601074],"8":[171.0450439453,177.8480377197,184.2892150879,190.4233703613,196.5724182129,203.1611480713,209.2561035156,216.9418029785,219.1337890625,212.0931243896,205.7231292725,198.7338867188,192.2407226562,185.3466949463,179.1431274414,171.6782836914],"9":[1.0167896748,35.8693008423,72.1658859253,108.2351531982,144.4422454834,180.5201568604,216.8284454346,252.2553405762,251.4964599609,216.3163604736,181.0668792725,144.9505462646,109.3912582397,73.0090255737,36.7090034485,0.6152821779],"10":[53.6674690247,98.1555099487,140.5599365234,182.8969573975,226.6585388184,268.4286804199,311.4835205078,354.438293457,353.5954284668,310.1354675293,267.9849243164,225.4363098145,181.5531921387,139.6298370361,97.282623291,52.4261322021],"11":[0.1143876836,5.3189344406,10.1719903946,15.4166316986,20.3582954407,25.773431778,32.6887435913,37.6346511841,37.6352157593,32.0349731445,25.777671814,20.5607509613,15.5148687363,10.4633722305,5.5941543579,0.1320020705],"12":[155.2291717529,160.9080657959,166.3778076172,171.5987548828,177.1740112305,182.5465698242,187.9677734375,193.0912475586,193.4081268311,189.2599182129,183.508895874,177.6281585693,171.9454803467,166.171875,160.9617462158,155.4876251221],"13":[0.0288943481,15.3425102234,31.9052600861,48.8567123413,65.9920272827,84.0285949707,102.2548522949,123.4569625854,123.259803772,103.8695983887,86.184463501,67.8017272949,49.9195671082,32.9575653076,16.5644283295,0.1197887212],"14":[574.3724975586,579.948425293,585.0873413086,590.8854980469,595.7205200195,601.2225341797,606.7138061523,612.1451416016,616.0372924805,609.9011230469,604.8723144531,598.4282836914,593.5749511719,588.6663818359,583.7855834961,575.7219238281],"15":[476.5279541016,510.1184082031,542.4125976562,574.9573974609,607.940246582,641.4862060547,673.8331298828,706.837890625,706.038269043,672.7883911133,639.9436645508,605.9869384766,573.5953369141,540.6731567383,507.2998352051,473.3349304199]},"polygon_y":{"0":[353.2729797363,353.2058105469,353.181640625,352.7854614258,352.4778442383,352.6412963867,352.5726623535,353.4452819824,396.3570556641,396.3171081543,396.2322998047,396.4631347656,396.5082397461,396.3392333984,396.8329467773,396.594543457],"1":[354.8109130859,355.7265930176,356.0037841797,355.8026733398,355.4187011719,355.0945739746,355.5447692871,355.7622070312,401.7070922852,401.8775939941,401.569152832,402.9887695312,402.7589416504,404.9955749512,404.8819580078,402.608001709],"2":[707.9611816406,708.4095458984,709.4632568359,709.8527832031,709.9193115234,709.3579101562,710.0072631836,711.7364501953,760.3323974609,760.2660522461,760.3225097656,760.0407714844,759.7606201172,759.8809204102,759.4683837891,758.0770874023],"3":[615.7728271484,616.2080078125,617.2023925781,617.2203979492,617.0439453125,616.6520996094,615.8289794922,616.4489135742,670.807800293,671.5332641602,671.7922973633,671.5190429688,670.9331054688,671.2788085938,671.2658691406,670.4499511719],"4":[459.8287353516,459.9813537598,460.383605957,460.5721435547,460.8858032227,462.2144165039,462.9786376953,464.2985534668,511.2154541016,510.6353759766,510.7627563477,510.7343139648,510.1968994141,509.9295654297,509.4035339355,508.8072509766],"5":[466.1062011719,465.7293701172,466.4727783203,466.6376953125,466.8349609375,466.4326477051,466.5817565918,466.569519043,511.2995910645,510.8620605469,511.5615234375,512.3174438477,512.2994384766,513.1373291016,513.7830200195,513.4499511719],"6":[615.0189819336,615.1776123047,616.0596313477,616.2120361328,616.2084350586,616.2674560547,615.6986083984,615.685546875,669.026550293,669.2154541016,669.114074707,668.6224365234,668.6386108398,668.47265625,668.5550537109,668.1217041016],"7":[293.6122741699,292.1505126953,291.4898071289,291.1099853516,290.6690063477,289.6945495605,288.5524902344,289.0492553711,343.4552307129,344.0247192383,344.064666748,344.3023681641,344.8850097656,344.8744506836,345.8286743164,347.4847412109],"8":[295.1207580566,293.8000488281,293.5041809082,292.4948120117,291.3817443848,290.5458984375,290.7546691895,290.7637329102,342.8596801758,342.5128479004,342.6461181641,343.3552856445,343.688079834,343.9880371094,344.2699584961,344.6474609375],"9":[130.2232055664,129.4152526855,128.5060424805,128.6608886719,128.0337677002,126.8050079346,125.8915710449,126.9440612793,181.7211761475,181.4240112305,180.8631896973,180.7655944824,180.6342315674,181.4333343506,181.8362731934,181.5475158691],"10":[0.1137874871,0.1564611197,0.2038077116,0.0848730952,0.1440536678,0.198586911,0.1565476656,0.0496172532,62.638469696,62.347442627,62.2481193542,62.9455490112,63.0220031738,63.7581710815,64.6379699707,64.7532806396],"11":[22.2934513092,21.8949699402,21.9181041718,21.6862373352,21.3131313324,20.6813640594,19.9472332001,20.0071868896,62.3579864502,62.9394721985,62.8132705688,62.6855163574,63.096496582,63.3195495605,63.211517334,62.9880714417],"12":[398.5144348145,398.5659179688,397.6624145508,396.6792602539,397.1737976074,396.4108276367,395.4193725586,395.934387207,436.6953125,437.2236938477,436.9678344727,436.5408630371,436.6011352539,437.174621582,437.6806945801,437.750213623],"13":[299.8519287109,295.8190612793,292.069732666,290.2914733887,289.0622253418,287.9800109863,285.8831176758,286.3388977051,344.4330444336,346.5631408691,347.592590332,348.3265991211,348.5224609375,348.8576965332,348.8136291504,347.6267089844],"14":[395.4517211914,395.2660522461,395.4792785645,395.4706115723,394.877746582,394.2204284668,393.4264526367,392.981842041,432.8393249512,433.0829162598,432.6171264648,432.3920288086,432.8959960938,433.483581543,433.4619750977,434.590423584],"15":[707.1466064453,707.7208251953,708.3727416992,707.8606567383,708.0924072266,708.0932617188,707.4630126953,709.0222167969,757.2979736328,757.9581298828,758.5387573242,758.8061523438,758.7301635742,758.3843994141,758.1338500977,757.2374267578]},"text":{"0":"Miles.","1":"Geogr.","2":"Abu","3":"Smith","4":"Miles","5":"Roman","6":"d","7":"100000.","8":"I:","9":"TEPERT.","10":"SMITH.","11":"D","12":"2","13":"cale","14":"3","15":"Shukeidim"},"score":{"0":0.98858428,"1":0.988486886,"2":0.9904112816,