{"polygon_x":{"0":[889.4039306641,895.993347168,901.6746826172,909.407043457,920.1331787109,934.4183349609,951.5411987305,968.3880004883,999.6166381836,992.0346069336,980.9900512695,968.9956665039,957.618347168,949.4683837891,942.5240478516,936.9461669922]},"polygon_y":{"0":[951.8509521484,926.8720092773,897.8455200195,867.4827880859,836.7589111328,804.1813964844,769.3687744141,744.2276611328,755.6973266602,787.7600708008,816.6000976562,845.8908081055,876.4401245117,906.591796875,932.9742431641,960.8106689453]},"text":{"0":"outer"},"score":{"0":0.9561643004}}