{"polygon_x":{"0":[520.5908813477,518.0076293945,518.2446289062,518.1354980469,521.1317138672,524.7580566406,528.2045898438,528.3504638672,484.436340332,482.4444885254,480.1374816895,477.7593688965,475.2823181152,473.7808532715,473.3279724121,474.2920227051],"1":[541.970703125,542.517578125,542.8888549805,543.0610351562,543.5337524414,543.5596923828,543.9693603516,543.5150146484,508.881652832,508.6957092285,509.5018005371,509.7210388184,509.8341064453,509.6681213379,509.1931152344,508.8128967285],"2":[564.430480957,567.8342285156,571.3563232422,574.829284668,579.0979614258,582.4074707031,585.3413696289,585.3112182617,546.2747192383,545.2307739258,544.0693969727,542.7401733398,540.2473754883,538.8168945312,535.4832763672,531.0374145508],"3":[620.4768066406,621.2434692383,622.0583496094,620.6578369141,621.359375,621.8721313477,625.8682861328,633.6343994141,581.7150268555,577.6384277344,574.7855834961,573.9642944336,575.9612426758,577.6247558594,579.0280151367,580.2887573242],"4":[649.7896728516,647.4030151367,645.6357421875,644.6673583984,643.9276123047,644.5281982422,646.5559082031,646.6275634766,609.4608154297,608.4306640625,606.8790283203,605.6633911133,604.4697265625,603.919921875,603.7933349609,602.8577880859]},"polygon_y":{"0":[0.1942948252,14.1707019806,29.8622608185,44.5730133057,58.8985862732,74.7311248779,91.9045944214,105.7928085327,107.3194198608,91.807723999,76.5816497803,61.7496147156,46.3202972412,31.3325042725,16.0851154327,0.7540994883],"1":[182.0570068359,189.9200439453,199.527130127,207.6532745361,217.1932067871,226.4630126953,234.5874786377,242.7070465088,240.0486602783,231.1102600098,221.8489685059,214.9394836426,205.9277038574,197.7368774414,187.0863342285,180.0645599365],"2":[328.6182250977,337.7576904297,349.6028137207,360.8612060547,374.2633056641,388.3940124512,401.3692932129,416.439666748,418.0765991211,405.565032959,394.1669006348,382.8216247559,368.281829834,356.8460388184,342.6327514648,329.1602172852],"3":[521.181640625,532.9163818359,546.4619750977,561.1343383789,576.2487792969,590.6665649414,605.8538208008,620.8129272461,616.7927856445,599.9371337891,584.3376464844,572.5918579102,560.2305908203,544.1315917969,528.7738647461,516.1907348633],"4":[655.7069091797,669.7230224609,682.8391113281,697.2755126953,710.8302001953,725.0621337891,739.1088256836,752.0866699219,749.8292236328,736.8165283203,722.5454711914,709.818359375,696.2938232422,681.0998535156,665.8216552734,651.9598388672]},"text":{"0":"Aards","1":"or","2":"4978","3":"Vnal","4":"Feet"},"score":{"0":0.9715477824,"1":0.8217328191,"2":0.6869611144,"3":0.6818451881,"4":0.9410117865}}