{"polygon_x":{"0":[335.8424072266,362.5221557617,388.6818847656,415.2655639648,441.0084228516,467.5638122559,494.4360046387,520.0297851562,517.0234985352,490.1626586914,463.727142334,437.0530395508,411.009979248,383.8835144043,357.8312988281,331.6674499512],"1":[39.2198295593,55.4021263123,72.1577606201,88.8793487549,105.0355224609,121.0585403442,137.3817138672,154.6349029541,154.3580169678,139.051651001,122.6043014526,105.150894165,89.0565567017,72.8824234009,56.6513061523,39.2471351624],"2":[150.432434082,196.3626403809,241.9335327148,288.4942321777,335.1496887207,381.3352050781,428.1157836914,472.2599487305,468.5075683594,424.4335327148,379.7663879395,335.0069885254,292.1202087402,247.3751983643,204.2110595703,160.8218536377],"3":[0.0100008193,16.6696968079,35.9036140442,56.1567153931,74.0709838867,92.9160308838,113.2385940552,133.8779754639,152.3575744629,131.6992340088,110.2168197632,89.9452514648,71.0032958984,50.9599304199,31.0115242004,11.8293962479],"4":[669.2740478516,693.2764282227,716.65625,739.8963012695,762.8481445312,786.7141113281,809.5427246094,833.4216308594,832.6995239258,808.1994018555,784.6369018555,760.7672119141,737.2023925781,713.1326904297,689.7053222656,665.7623291016],"5":[558.5798339844,584.4532470703,611.5279541016,638.2326660156,664.9251708984,691.2384643555,717.1379394531,743.2862548828,743.0723876953,716.9066162109,691.0205688477,664.498046875,637.662902832,610.7409057617,583.6219482422,557.2679443359],"6":[750.71484375,768.4748535156,785.0822753906,802.2203369141,818.3393554688,834.9517211914,851.7298583984,868.9323730469,869.0111083984,852.2336425781,836.071472168,819.130859375,802.5950927734,785.885559082,769.4294433594,751.4666137695],"7":[507.4804992676,522.3591308594,536.5743408203,550.5752563477,565.6002807617,579.8715209961,593.7954101562,606.1889648438,602.5837402344,591.5098266602,576.8392333984,561.9631347656,548.173034668,533.3721313477,519.7926025391,505.0017089844],"8":[169.0205383301,186.9827423096,201.0882568359,217.0579528809,232.8025970459,248.5247802734,264.5436401367,280.4837646484,277.6590576172,261.2187194824,245.3070678711,228.6772003174,212.9732666016,196.5908050537,180.6292114258,165.0367889404],"9":[2.393645525,6.1819705963,10.4004535675,14.4559879303,17.8260746002,21.6521453857,26.4330654144,29.1035079956,30.0369186401,26.0969944,22.0116596222,18.1871032715,14.27647686,10.5519380569,6.4368276596,2.3838150501],"10":[700.7314453125,704.885925293,710.5972900391,715.9016113281,721.7200927734,727.3371582031,735.6859130859,743.2672119141,761.3138427734,756.3093261719,750.9970092773,747.1517333984,743.2432861328,736.5767822266,728.2766113281,720.7896728516],"11":[285.5670471191,293.3614501953,298.7497253418,305.4888305664,312.157043457,319.5868530273,325.7949829102,333.0262451172,328.4072875977,320.9066162109,313.2291870117,305.5882873535,298.5857849121,292.2097473145,285.9065246582,278.8465576172]},"polygon_y":{"0":[492.1079711914,493.3798522949,494.5028381348,495.2512207031,495.9111022949,496.4495849609,495.8916931152,496.1002197266,538.4829101562,538.5114135742,537.3713989258,536.7079467773,536.0339355469,534.9178466797,534.159362793,532.2623291016],"1":[910.69140625,912.0418701172,913.0709228516,912.7213134766,913.5091552734,913.7777709961,915.264831543,915.2020874023,963.0128173828,963.3139038086,963.1423950195,962.8307495117,962.2553100586,961.8095703125,962.2185668945,962.1770019531],"2":[202.6006469727,192.03855896,182.7291870117,176.1915588379,172.9161834717,173.2690734863,177.2645721436,187.3660430908,242.1651000977,234.1179504395,222.8035736084,221.2954101562,222.6317749023,229.1517028809,239.5207977295,252.9673614502],"3":[326.796081543,305.0908508301,286.4393615723,269.6868591309,255.2590942383,241.9260559082,231.2132263184,219.9056854248,254.4458770752,268.0868225098,282.3567810059,296.7642211914,312.2440185547,328.5609130859,345.374206543,362.1837158203],"4":[443.6211547852,443.7770080566,444.679107666,444.4625854492,444.3588562012,445.0253295898,445.4662475586,445.6585693359,491.7594604492,490.9540405273,490.3761291504,489.4660644531,489.1482543945,487.6361083984,487.0488891602,486.792755127],"5":[391.0739746094,392.0983581543,391.0323791504,391.5426025391,392.789642334,393.3184814453,393.0761413574,393.4710083008,442.1855163574,442.1224365234,442.1000671387,442.0945739746,441.8129882812,441.4892272949,441.7824707031,441.4398803711],"6":[391.3309020996,391.6550292969,392.3469238281,393.0001525879,392.9205322266,392.7775268555,393.5368652344,393.7482299805,440.648223877,440.6827392578,440.8717346191,440.9204711914,441.3237304688,441.0373535156,441.52734375,441.3048706055],"7":[441.2561645508,441.5492553711,441.7843322754,441.4874572754,441.3134460449,441.1446838379,441.1044921875,441.149230957,486.8463439941,486.3071899414,486.1032714844,486.4408569336,486.2913818359,486.2120056152,486.3966674805,485.9083251953],"8":[492.0987243652,492.4460144043,492.8765563965,493.5430297852,494.1431274414,494.825378418,495.2837524414,495.3561096191,531.4427490234,532.7694091797,532.3121948242,531.0408325195,530.8692626953,530.7377929688,530.8901367188,530.5234375],"9":[924.6817016602,924.430480957,924.5079956055,923.9837646484,923.6373291016,923.3758544922,923.1651611328,923.01953125,958.3905029297,958.3913574219,958.3899536133,958.6489868164,958.9868774414,959.2465209961,959.538269043,960.1829833984],"10":[977.4743041992,977.0286865234,974.6149902344,971.9945678711,969.6271972656,967.1234130859,964.2814941406,961.7487792969,994.5322265625,995.4827270508,995.5780639648,996.6413574219,998.0869140625,998.8500366211,999.631652832,999.9591064453],"11":[494.4881896973,494.3898925781,494.2254943848,494.126739502,493.9118652344,493.1202392578,492.3781738281,493.0498046875,548.4108276367,547.185546875,547.7074584961,547.9038085938,547.3572998047,548.2717285156,549.5521850586,550.0158081055]},"text":{"0":"Jeremiah","1":"Gate","2":"Cemetery","3":"wham.","4":"Zahary","5":"Herod's","6":"Gate","7":"(Babe","8":"Grotto","9":"S","10":"F","11":"of"},"score":{"0":0.9860030413,"1":0.9838084579,"2":0.9874539375,"3":0.9890552759,"4":0.9639412165,"5":0.9864322543,"6":0.9771041274,"7":0.9822027683,"8":0.9385539889,"9":0.9422756433,"10":0.4572376311,"11":0.9708342552}}