{"polygon_x":{"0":[138.3107757568,172.2372131348,205.3481140137,238.5277404785,272.2609863281,304.3385620117,337.1614074707,369.0514831543,367.0145263672,332.9859619141,301.3791503906,268.5852050781,234.5377349854,201.5321960449,169.2550506592,135.9620819092],"1":[304.2272033691,332.4671936035,360.4245605469,388.2865905762,415.7239990234,443.544128418,471.4541931152,498.5565795898,497.2029418945,468.175994873,439.862121582,412.2467651367,383.8724365234,355.2480773926,327.0302124023,299.0740661621],"2":[8.4987277985,31.641084671,53.9835929871,75.8413391113,98.0929870605,120.1245422363,141.4219818115,163.0394134521,160.7357025146,137.8107910156,115.4522018433,92.94190979,70.1025314331,48.2909622192,25.54662323,2.0892682076],"3":[503.3124389648,546.1457519531,588.2423095703,633.4367675781,679.1657714844,721.9243774414,765.4025878906,808.1119384766,818.7055664062,773.6278686523,731.3034667969,687.8825683594,642.8259277344,600.1168212891,558.7176513672,512.2103271484],"4":[969.2506103516,973.7193603516,978.3383789062,982.5377197266,986.964050293,991.0172119141,995.0122070312,999.6865844727,999.86328125,995.4369506836,991.1810913086,986.9479980469,982.5394287109,978.5578613281,974.1142578125,968.3813476562],"5":[313.3481750488,371.4520263672,428.2890625,485.4658813477,545.1701660156,603.3447265625,657.2935791016,716.0198364258,717.2797241211,659.2364501953,603.1759033203,542.9173583984,481.2320251465,424.0118408203,367.0877685547,311.2627563477],"6":[0.9200273752,31.163351059,58.667175293,88.1547470093,117.8140335083,147.3492279053,176.0543212891,205.55859375,204.9802856445,175.2990722656,146.7670898438,116.9382858276,87.3562469482,58.7590789795,29.7024307251,0.3855782747]},"polygon_y":{"0":[0.1780543625,0.2265736461,0.2334147543,0.154432863,0.1094243601,0.1494373083,0.1289726794,0.0518188216,46.4166030884,46.44298172,46.6449165344,46.629070282,46.9631538391,47.1136322021,47.4604072571,47.578754425],"1":[455.3432006836,456.4877929688,458.1301269531,459.3381347656,458.9459228516,458.4938964844,458.8789367676,459.6257019043,512.47265625,513.821105957,512.9937133789,512.5794067383,512.5075683594,512.0433349609,510.6228027344,510.6114501953],"2":[912.9352416992,913.0899658203,913.303527832,913.4561767578,913.99609375,915.0503540039,916.0016479492,916.9285888672,962.7788085938,963.0914916992,963.7281494141,963.6884155273,963.6574707031,963.5824584961,963.2357177734,962.5190429688],"3":[756.0008544922,745.9783325195,736.8500976562,728.3321533203,718.4958496094,709.7053222656,700.411315918,693.381652832,749.1466064453,759.4180297852,769.460144043,779.5413818359,789.0584716797,797.1964111328,804.7020263672,813.2769775391],"4":[792.2290649414,791.9000244141,792.0070800781,791.9700927734,791.4364013672,791.2258300781,790.9961547852,790.1407470703,822.0557250977,822.9534912109,823.4382324219,823.7247314453,823.8442382812,824.3584594727,824.7124023438,825.1625976562],"5":[274.580657959,275.3867492676,278.3617858887,279.1968994141,279.9487915039,278.3181762695,277.0706176758,275.7374572754,332.6838989258,334.4766845703,335.6739501953,336.2202148438,335.9287719727,335.8887329102,335.6454772949,336.5029296875],"6":[966.3171386719,966.774230957,967.1804199219,966.311706543,964.9234619141,966.0528564453,964.8298339844,965.4277954102,999.9273071289,999.9105834961,999.9160766602,999.9384765625,999.9614868164,999.9510498047,999.9592285156,999.9319458008]},"text":{"0":"CIBEAH","1":"Hizmeh","2":"Andta","3":"Salin","4":"56","5":"Firal","6":"HOTHO"},"score":{"0":0.9892269373,"1":0.987567544,"2":0.9894198179,"3":0.9676116109,"4":0.735221684,"5":0.9551224113,"6":0.4682109058}}