{"polygon_x":{"0":[177.558807373,213.1126403809,248.7175750732,286.0422668457,323.3842773438,359.9512329102,396.5340881348,434.4964904785,432.8854370117,395.4402160645,358.975769043,322.330291748,285.7709350586,249.0299072266,212.6605072021,175.9423065186],"1":[781.9520263672,794.4326171875,805.9172973633,817.3986816406,827.8448486328,838.7607421875,849.595703125,860.8053588867,859.5509033203,847.3997802734,836.2047729492,824.6580810547,813.4515991211,801.6788330078,790.3298950195,778.0697021484],"2":[869.81640625,886.4374389648,902.2940063477,918.112487793,933.7817382812,949.9060668945,965.9847412109,981.1591796875,976.4886474609,960.7399902344,945.4630126953,929.4866943359,913.6288452148,898.0172119141,882.0275268555,866.1368408203],"3":[565.1834106445,593.6260986328,621.6743164062,649.149230957,676.7864990234,704.5946655273,731.6315917969,759.7161865234,754.1370239258,727.926940918,699.8693237305,672.2464599609,644.0630493164,615.036315918,587.9739990234,559.9876098633],"4":[463.934387207,495.1709289551,526.7315673828,557.7280273438,589.5952148438,622.147277832,653.126953125,683.3533325195,680.667175293,648.9865112305,618.2984008789,587.3847045898,555.0243530273,523.2277832031,491.0537414551,460.4672546387],"5":[78.5760726929,95.9710693359,111.4577331543,127.3017120361,143.1397399902,159.5547790527,176.1050415039,190.8522033691,190.5800170898,173.7205505371,157.748840332,142.1292266846,125.870010376,109.8067474365,93.5028991699,76.6915969849],"6":[572.8984375,585.2354125977,596.3181762695,606.8871459961,618.4149780273,630.1138305664,641.7221069336,653.3373413086,650.3522949219,636.69140625,625.3455810547,614.1923217773,603.3135375977,591.21875,580.6061401367,568.4830322266],"7":[205.8007507324,220.7106933594,235.3831329346,250.1414642334,263.3515319824,277.9737548828,292.8257446289,308.2583618164,306.1292419434,290.9566955566,276.4291687012,261.6575317383,247.4488220215,233.1063079834,218.5055541992,203.2205963135],"8":[861.5684814453,883.875,904.5422973633,924.3659057617,944.1760864258,963.7692260742,983.4229736328,999.9635009766,999.8479003906,980.8686523438,961.3970336914,941.1028442383,920.548034668,900.5502929688,880.0267333984,858.3675537109],"9":[497.5462646484,506.4776611328,515.4450683594,523.9142456055,532.9581298828,541.0497436523,549.0056762695,557.7231445312,555.4064941406,546.1877441406,536.979675293,528.3128662109,519.2279663086,510.3379516602,502.4906921387,491.4132995605],"10":[291.9617614746,318.4099731445,346.9661254883,376.97265625,406.5948486328,435.0413513184,462.0934448242,490.611328125,492.2076721191,462.7625732422,432.9500732422,403.5556640625,375.1213378906,345.4590454102,316.4159545898,297.2592773438],"11":[174.8486633301,195.1300354004,209.2996520996,226.3697509766,244.478302002,260.2933349609,278.4223632812,296.2618408203,294.0662841797,276.3205566406,258.5352172852,240.701461792,223.1968688965,205.5954742432,189.0068359375,168.6672210693],"12":[174.8463592529,195.0800323486,209.1114959717,226.12109375,243.8110351562,259.4678344727,277.4341125488,295.9140319824,293.0195922852,275.2574768066,257.4847412109,239.7734985352,222.9086608887,205.6466522217,188.9587402344,168.9206695557]},"polygon_y":{"0":[801.9431152344,801.8748779297,802.1478271484,800.964050293,800.782409668,799.8187255859,798.8272094727,798.6908569336,847.5205078125,847.3059692383,848.3127441406,848.3834838867,849.7103881836,849.5294189453,850.1934204102,850.3588867188],"1":[269.315612793,268.9515991211,269.4221801758,270.7294921875,270.467376709,270.7780761719,273.0098266602,275.2377319336,321.4306335449,322.8762817383,323.1627197266,323.4325561523,323.0076904297,322.7958374023,322.5098266602,322.5896911621],"2":[836.4240722656,836.2315673828,836.4429931641,837.1265869141,837.2181396484,837.878112793,838.3043823242,839.2580566406,890.5068969727,890.708984375,890.5697631836,891.1223144531,891.0921630859,890.6796264648,890.1520996094,890.0634155273],"3":[104.8240203857,105.5825500488,106.8680114746,106.4052505493,106.7935562134,106.5644378662,105.8430480957,106.712348938,158.9841308594,160.4055633545,160.4293518066,160.3583984375,160.0715332031,159.4620666504,158.8714447021,157.3515472412],"4":[360.2286987305,360.5430603027,360.9794311523,360.3121337891,360.5270080566,360.5086669922,359.8523254395,359.7802734375,409.6961975098,409.2190856934,408.0246276855,408.0132751465,407.9381103516,408.2162780762,407.3421936035,407.419708252],"5":[107.0503540039,107.9222717285,107.2033309937,106.816368103,106.1578826904,105.477142334,105.0047988892,104.2811431885,147.3976745605,148.1727752686,148.5090332031,149.0188751221,149.190612793,149.2337646484,149.3019256592,149.8151855469],"6":[303.9320678711,303.9090576172,303.4452514648,303.3105773926,303.1287231445,302.8911743164,302.9192199707,303.7778320312,359.906036377,361.1896057129,359.6486816406,359.5473632812,359.6157226562,358.9669189453,358.7814941406,358.4915466309],"7":[105.1473236084,105.7988739014,105.9966583252,106.376739502,107.7523422241,107.5079650879,108.1385726929,109.1012573242,150.4695892334,150.9306945801,151.631942749,151.2381134033,151.2150878906,150.7105102539,151.0391540527,150.7448272705],"8":[268.9439697266,268.1552429199,268.2566223145,268.2858581543,267.5013122559,268.3416442871,268.1636352539,268.2420654297,320.4041137695,321.6429443359,322.4068603516,322.0475463867,323.1981811523,323.1847839355,322.567779541,321.8534545898],"9":[305.2530517578,306.2318115234,306.6087341309,307.0700683594,307.3222045898,307.4020385742,307.0987548828,307.329498291,362.2269287109,362.3240661621,362.0247192383,361.456237793,360.9085388184,361.0381774902,360.345489502,360.0577392578],"10":[743.5657958984,742.7587280273,742.0473632812,741.400390625,741.0556640625,740.9528198242,738.7969360352,736.1473388672,789.7515258789,790.7598266602,791.4591064453,792.2491455078,792.4827880859,792.7977905273,793.6112060547,793.2659912109],"11":[737.2471923828,738.3135986328,739.3723144531,739.8991699219,740.2133178711,740.1461791992,741.4226074219,742.0407104492,800.7951660156,798.6906738281,798.4268798828,798.7764892578,799.5172119141,798.2232055664,795.2245483398,793.8363647461],"12":[737.2973632812,738.3013305664,739.3427124023,739.9013671875,740.1939697266,740.2719116211,741.357421875,742.0278320312,800.7966308594,798.8672485352,798.645690918,798.9226074219,799.4985961914,798.1907958984,795.4105224609,793.8837280273]},"text":{"0":"MIZPADO","1":"Bir","2":"Beit","3":"Jedirch","4":"LIREON","5":"Birel","6":"Ib","7":"Ozex","8":"Nebat","9":"El","10":"Sammill","11":"Neby","12":"Neby"},"score":{"0":0.982671082,"1":0.9862749577,"2":0.9848194122,"3":0.9887734056,"4":0.9833582044,"5":0.8673516512,"6":0.9341633916,"7":0.7126109004,"8":0.987288475,"9":0.8997598886,"10":0.6528160572,"11":0.7808090448,"12":0.7758127451}}