{"polygon_x":{"0":[897.1186523438,912.0893554688,927.1053466797,941.711730957,955.6215820312,970.114074707,984.3081665039,998.9617919922,999.5563354492,984.6987304688,970.3412475586,956.0943603516,941.4903564453,927.0277099609,912.5859985352,898.7506713867],"1":[891.0046386719,897.1090698242,903.1743164062,908.953125,914.6072998047,920.4083862305,926.033203125,931.9497680664,920.9689331055,915.1876831055,908.4781494141,901.7060546875,896.1078491211,890.6946411133,884.3537597656,878.0581054688],"2":[959.1680908203,966.6611328125,973.1290283203,979.4393310547,985.0178222656,990.4824829102,995.8076171875,999.983215332,996.8978271484,989.1596069336,982.4918212891,975.578918457,969.3988647461,961.9681396484,953.4471435547,944.7138061523]},"polygon_y":{"0":[771.7952880859,770.8417358398,770.0796508789,768.4007568359,767.4273071289,766.959777832,766.8311157227,766.141418457,815.167175293,816.9617919922,818.5509643555,820.2537841797,821.4338378906,823.1492919922,825.1196899414,827.0040283203],"1":[453.7231445312,453.9867858887,455.5751953125,457.0426940918,457.6838989258,459.7793884277,460.6262512207,462.4504394531,501.4803466797,500.1414794922,498.4454650879,496.9725341797,495.5356445312,494.1730957031,491.8647766113,490.2080078125],"2":[466.7440795898,469.0786437988,471.8737182617,474.033996582,476.270904541,479.0833740234,481.8002929688,484.0028076172,522.8362426758,520.6967163086,517.9296264648,515.8470458984,513.6443481445,510.4860839844,506.5245056152,504.4265136719]},"text":{"0":"Mu","1":"to","2":"Ra"},"score":{"0":0.9863175154,"1":0.9763492346,"2":0.9828333855}}