{"polygon_x":{"0":[806.4674072266,822.3330688477,837.9324951172,854.1810302734,869.4610595703,884.8182373047,900.838684082,915.6868896484,913.5482177734,897.3302612305,880.6516113281,864.6322021484,848.7484130859,833.1743164062,817.1555175781,801.2425537109],"1":[594.2943115234,616.9536743164,639.8391113281,661.6655883789,683.5953369141,705.0884399414,727.6884765625,748.8046264648,747.9473876953,724.2151489258,702.8698120117,679.9915161133,658.4854736328,635.8107910156,614.1651611328,591.5681762695],"2":[565.0349731445,590.8118286133,616.9898071289,643.1450195312,669.1225585938,696.1732177734,722.2704467773,747.2777709961,747.7942504883,720.5114746094,694.2469482422,667.0600585938,640.4377441406,613.6050415039,587.774597168,562.6631469727],"3":[918.2236328125,931.8295288086,945.0048828125,956.8885498047,968.2280273438,979.7027587891,990.8129882812,999.9699707031,999.6286621094,987.1052246094,975.2259521484,962.6651611328,950.7571411133,938.7012329102,926.2169799805,913.2540283203],"4":[595.4138183594,632.3903808594,666.1427001953,700.7928466797,734.6746826172,768.9188232422,804.3158569336,842.1752319336,837.4986572266,802.8848266602,768.7610473633,734.6322631836,699.5002441406,663.6203613281,629.1651000977,593.9657592773],"5":[347.1234130859,394.8631286621,442.0491943359,489.5181274414,536.3280639648,583.8245239258,631.4949951172,680.3500366211,678.7374267578,628.754699707,582.0368652344,534.4421386719,487.568359375,440.3377075195,393.6511230469,346.8627929688],"6":[270.653503418,278.2794189453,285.6895141602,292.9883422852,300.4688110352,307.7888183594,314.9489746094,322.5633544922,321.3706054688,314.3464050293,306.1357116699,298.6589660645,291.3581542969,283.8335571289,276.2874755859,268.4329833984],"7":[299.3782958984,340.9789428711,383.5211486816,422.0893859863,463.2631835938,504.9936523438,544.6845703125,582.6087646484,582.5815429688,542.5318603516,502.3539733887,462.0598754883,420.2635192871,380.9838562012,339.3708496094,298.8958435059],"8":[460.565032959,479.9746704102,498.5459899902,517.1188964844,535.9375610352,554.450378418,573.7161865234,597.47265625,597.9291992188,573.8364257812,555.1842651367,534.6649169922,515.7880859375,497.2742004395,477.1327209473,457.2337036133],"9":[339.4796142578,376.7304077148,409.8245849609,443.9193115234,478.4675598145,512.5598754883,546.5152587891,580.987487793,580.5071411133,543.7167358398,509.6719665527,473.8497314453,439.8886108398,404.6619262695,368.7279968262,334.2706298828]},"polygon_y":{"0":[358.6198730469,359.0216369629,360.0736083984,360.1910705566,359.7584838867,360.2151184082,361.6712036133,363.566619873,412.5452880859,413.9792175293,413.1397705078,413.5684509277,413.1067504883,412.780456543,413.6883239746,413.0246582031],"1":[23.2834510803,24.5355949402,25.9350013733,25.8361587524,24.7262649536,25.0070858002,25.0136032104,24.2843437195,79.4573364258,80.1671295166,80.3687973022,80.0535583496,80.2397842407,81.1219711304,79.9348297119,78.3062744141],"2":[669.1057128906,670.2581176758,671.07421875,670.6887207031,669.5333862305,668.8834228516,668.0230712891,668.2225952148,722.0455322266,723.6865844727,724.5616455078,724.6102294922,725.520690918,725.8556518555,725.3890991211,724.9803466797],"3":[352.9234313965,354.5772705078,357.4115600586,358.3095703125,358.9152526855,360.4577331543,362.5644226074,365.6000976562,410.6228637695,412.0543212891,412.2212219238,411.834777832,411.6891784668,412.0450439453,412.1087341309,411.3031005859],"4":[86.8559951782,86.9421844482,86.8099594116,85.8903121948,85.8489608765,85.3567657471,85.087310791,86.0177154541,137.3189697266,138.3783874512,138.1397094727,137.9655303955,138.5668945312,138.009185791,138.6168823242,138.6884307861],"5":[949.5623168945,949.3626708984,948.5057373047,946.8634643555,946.266418457,945.145324707,944.4692993164,945.4416503906,995.2515869141,994.3923339844,994.8461914062,994.7398681641,994.8236694336,995.3478393555,995.8900146484,997.418762207],"6":[609.5952148438,609.5455322266,610.3936157227,610.651550293,610.6598510742,611.2944946289,611.4462890625,611.3421020508,644.2258300781,644.5883789062,643.2963867188,642.5751342773,642.6676025391,642.1350708008,641.9995727539,641.5765380859],"7":[89.5592346191,90.9496231079,90.4435119629,91.3501663208,91.1191711426,90.6416625977,90.1693267822,90.431022644,138.5952911377,139.0179138184,138.3013153076,138.4252471924,138.3305969238,137.1729125977,137.3317260742,135.5527801514],"8":[887.7731323242,887.5763549805,886.4853515625,886.3472900391,887.2142944336,886.6765136719,886.5539550781,886.1591796875,944.6930541992,945.8148193359,947.2824707031,947.6677246094,948.0932617188,948.1490478516,946.7426757812,945.1791381836],"9":[25.1490097046,28.4394569397,30.4066696167,31.0884895325,30.9469680786,29.9977703094,27.7365398407,24.2134857178,78.4080963135,81.0658111572,81.0710144043,80.5601501465,80.5033721924,80.3649902344,80.8141708374,78.7277297974]},"text":{"0":"Deir","1":"Enab","2":"Kustil","3":"Yest","4":"JEARRM","5":"RAMATHAIM","6":"18","7":"OIRIATH","8":"Soba","9":"Kurgetel"},"score":{"0":0.9853225946,"1":0.9913348556,"2":0.9844553471,"3":0.9752086401,"4":0.9790159464,"5":0.9908899665,"6":0.9451046586,"7":0.9818930626,"8":0.9470898509,"9":0.6909577847}}