{"polygon_x":{"0":[0.5266779065,4.6920347214,8.002612114,11.8660058975,14.7244272232,18.6129798889,22.4424858093,27.192741394,27.948091507,23.0027484894,18.5991630554,15.1514062881,11.3152256012,7.8563160896,4.533036232,0.4259170294]},"polygon_y":{"0":[642.5670776367,642.9821166992,641.463684082,640.5812988281,638.7512207031,636.7625732422,633.8088989258,633.467590332,684.1486206055,685.1217041016,684.6922607422,684.7655639648,685.719543457,686.0153198242,686.5088500977,687.5341796875]},"text":{"0":"8"},"score":{"0":0.9507471919}}