{"polygon_x":{"0":[948.7841796875,951.7556152344,956.2349853516,959.9486083984,962.9562988281,966.1295166016,968.9149169922,972.7923583984,949.2900390625,943.0709838867,938.3625488281,933.0826416016,927.9135742188,923.2604370117,918.9788818359,914.6318969727],"1":[57.869430542,65.4937286377,70.7846908569,76.3909454346,82.1301727295,88.1225509644,93.5215835571,99.9921035767,115.1908416748,108.0973205566,103.2656860352,97.3312454224,91.9528198242,85.3885803223,77.5874481201,73.2370071411],"2":[0.2101472169,5.3021788597,9.5106229782,14.608584404,20.1597766876,24.2977695465,28.7009162903,33.1911125183,35.399887085,31.4877223969,27.1304149628,21.8079986572,16.6261940002,11.4659309387,6.6419272423,0.3150116801]},"polygon_y":{"0":[136.9867858887,140.9646911621,144.4850311279,148.0938873291,151.3643493652,155.75440979,159.8262176514,166.536315918,190.0692749023,184.9497375488,181.4733734131,176.9412078857,172.2306518555,167.3908233643,162.5793457031,156.9344482422],"1":[292.4141540527,289.5192565918,288.5308532715,287.1439208984,285.9819641113,283.6262817383,281.9593811035,280.2250366211,323.9461975098,325.4474182129,328.4872436523,329.7121887207,331.1487121582,332.8578186035,335.2450866699,337.395904541],"2":[582.3947753906,582.7245483398,582.0681152344,581.8477783203,581.4872436523,581.1377563477,580.8736572266,581.2755126953,616.4547729492,616.9976196289,616.8739013672,616.6131591797,616.7224731445,617.0328979492,616.9560546875,617.7017211914]},"text":{"0":"to","1":"C","2":"I"},"score":{"0":0.7372815609,"1":0.6700509787,"2":0.5810664892}}