{"polygon_x":{"0":[639.7009887695,658.3861083984,677.6766967773,697.0401000977,716.3697509766,735.8322143555,755.2091064453,773.1215820312,769.3192138672,749.9706420898,731.1236572266,712.1651611328,692.7169189453,672.5324707031,654.0118408203,635.2252197266],"1":[117.0865783691,133.5779418945,150.0558319092,166.8871154785,183.3166809082,200.1132965088,216.592376709,231.1426086426,231.0408630371,215.8312988281,199.0601959229,182.4854278564,165.9587097168,149.192276001,132.5809631348,115.6204605103],"2":[90.055015564,104.2031936646,117.7686233521,132.0798950195,146.642288208,161.1239471436,175.4666442871,189.5137329102,187.5719909668,173.290222168,159.3967590332,145.0112915039,130.4026794434,115.5497131348,100.8214874268,86.2293548584],"3":[525.5919189453,540.8901977539,556.6916503906,572.0054931641,587.9626464844,603.7125244141,618.5007324219,634.7854003906,632.7088623047,614.3983154297,598.4758300781,582.602722168,566.9682006836,551.0559082031,534.9251098633,518.9240722656],"4":[234.2586364746,249.5869140625,265.535736084,281.3971252441,297.1740112305,313.0059509277,328.8695068359,344.203125,344.1065979004,327.907043457,312.5302124023,296.4295959473,280.8898620605,264.7738037109,249.0207214355,232.9740142822],"5":[358.8005065918,378.6459655762,398.020690918,417.7131958008,437.3592834473,457.0883483887,476.9655151367,496.725189209,494.7431640625,474.8970336914,454.9240112305,435.1708984375,415.3973693848,395.2422485352,375.7605285645,354.9102478027],"6":[506.8753662109,524.5181884766,542.7728881836,561.0535888672,579.0061035156,597.1506958008,615.4080200195,634.0042724609,634.6338500977,616.0581054688,597.5180664062,579.1774902344,561.3532714844,542.3831787109,524.3240966797,506.2045898438],"7":[132.0968475342,143.1778869629,153.3610534668,163.9871826172,174.4906921387,185.4784851074,196.2084350586,207.3297729492,205.1006469727,195.0328369141,184.5606842041,173.6100921631,162.429977417,151.1651153564,140.2014770508,128.9422302246],"8":[4.6088480949,20.5186672211,36.6692008972,54.1634941101,70.6298522949,88.1207733154,105.1438217163,120.7529067993,117.7054595947,102.5065155029,85.6036529541,69.216796875,51.7356491089,34.4908370972,17.9437770844,0.5929636359],"9":[197.4874572754,207.7727050781,216.9067077637,226.0835266113,235.7809295654,244.6895599365,253.3070220947,262.2241516113,258.0465393066,248.3137817383,238.1422576904,228.7810974121,219.8776245117,210.9715881348,201.854675293,193.0354156494],"10":[441.4764709473,465.6358032227,489.5153808594,513.4513549805,537.4885253906,561.3440551758,585.0748291016,608.8386230469,608.3287963867,584.5192871094,560.0826416016,535.8873901367,511.0888061523,487.0205688477,463.5385742188,439.4094543457],"11":[43.9003601074,55.8159675598,67.3868942261,78.7953643799,91.0212783813,102.4266967773,113.6641845703,125.9984130859,124.6944503784,112.8795928955,101.0338745117,89.564453125,77.4331207275,65.6118087769,53.1193313599,41.0513381958],"12":[391.8045043945,408.6645507812,424.2594909668,441.2778930664,457.6399536133,474.3331604004,489.9025878906,507.1775512695,505.9429626465,489.2811584473,472.4172363281,456.5591430664,440.9319458008,424.9566040039,408.754699707,391.0626831055],"13":[0.1499694586,15.090555191,30.5886936188,47.146396637,62.8848495483,79.2193756104,95.6268310547,111.0481872559,110.9900665283,94.5688934326,78.1277160645,62.2397041321,46.0063972473,30.4133987427,14.6026744843,0.0856705382],"14":[0.7990675569,15.8475399017,31.5758323669,49.4113540649,66.5446014404,85.2595443726,104.1271820068,121.6715087891,118.5865631104,99.1467437744,81.6669769287,64.5613250732,47.5313949585,30.8596611023,14.5124149323,0.0878730118],"15":[319.4736938477,338.950958252,355.2502441406,372.4044799805,389.0967407227,406.885345459,425.2032165527,440.2460021973,437.6651000977,420.9262695312,403.4649047852,386.5057067871,369.2383117676,352.3818664551,333.5600280762,313.7620239258],"16":[309.4598388672,326.319519043,342.8548583984,360.0827636719,377.0027160645,394.564239502,411.9312744141,428.0917358398,424.3153686523,410.0620117188,393.0641479492,375.900604248,359.3904418945,342.8231201172,326.7287597656,309.3270568848],"17":[339.3662719727,346.4146118164,354.3249511719,361.1395874023,368.2844238281,375.2227783203,381.8597106934,389.2467651367,388.6101989746,382.0003967285,375.0879211426,367.5657653809,360.2297973633,352.9769897461,345.1592712402,338.3311157227],"18":[95.6466217041,99.0574569702,100.4671096802,102.9148864746,108.0301361084,113.6316680908,117.9523620605,125.3405075073,178.9643096924,174.4384155273,170.8276977539,167.7191314697,163.7759094238,158.6868591309,154.3684539795,150.9731903076],"19":[494.2115478516,516.2407226562,540.1884765625,562.9965209961,585.9850463867,610.1694335938,634.2097167969,661.9901123047,658.3765258789,631.6165161133,607.27734375,583.5534057617,559.3346557617,535.7388916016,512.5590820312,488.1664733887],"20":[452.8715209961,459.7233886719,464.6590881348,470.8581848145,477.0392456055,483.84765625,489.0763549805,494.9948120117,489.5247802734,483.7271118164,476.6115112305,468.6142578125,462.8388671875,456.2586975098,449.7962036133,444.5132141113],"21":[70.6415710449,101.3631820679,130.9416809082,161.3767089844,191.8261566162,221.1547851562,249.8592987061,280.0148925781,292.5735778809,262.8829345703,234.0382385254,203.8204650879,173.5936279297,143.4109039307,112.9401245117,82.6583938599],"22":[494.0167541504,515.9302978516,539.7718505859,562.5856323242,585.526550293,609.8209838867,633.8258056641,661.6859130859,658.2288818359,631.4604492188,607.0833740234,583.3213500977,559.0590820312,535.5466308594,512.4110107422,488.2141113281]},"polygon_y":{"0":[319.6402587891,319.4893798828,318.6716003418,319.1138916016,319.2438659668,320.4091186523,320.8858032227,320.0560302734,369.9804992676,370.1791381836,368.4482116699,368.0737304688,367.795715332,368.0468139648,368.5727233887,367.8860473633],"1":[320.7918701172,319.9442749023,320.9609985352,320.7049560547,320.7572631836,320.4875183105,320.7501220703,321.9833068848,365.339630127,365.7141723633,365.2313232422,364.7958068848,364.8016357422,365.3181152344,365.5370788574,364.576965332],"2":[513.3115234375,513.1436767578,512.8176269531,512.6350097656,512.3225097656,512.9423217773,512.3100585938,512.6826171875,550.9118041992,550.7996826172,551.0419311523,551.032409668,551.2031860352,551.4134521484,551.5604248047,551.0788574219],"3":[320.6344299316,320.2919311523,320.7809753418,321.7621459961,322.8767700195,323.9361877441,324.3405456543,325.3937988281,377.7096557617,374.3549194336,373.003692627,372.1835021973,371.7550964355,370.0879516602,367.6815490723,367.0608520508],"4":[318.3858642578,318.7180175781,319.8874206543,320.0560302734,319.9037475586,319.8003540039,319.9290161133,320.3428344727,366.4874572754,366.4595031738,366.5637207031,365.9675598145,365.9044799805,365.6705932617,366.0932922363,365.7834472656],"5":[320.2301635742,320.5911560059,320.5985107422,321.1460571289,320.6580810547,320.7567138672,321.2197265625,321.8165893555,368.2547607422,367.6144104004,367.7707519531,367.705871582,367.9414672852,367.6723022461,367.8661499023,368.107635498],"6":[611.2906494141,610.9449462891,611.1205444336,610.2998657227,610.1888427734,609.8419799805,609.4268188477,609.764465332,656.9509887695,657.2808837891,657.5080566406,657.6030273438,658.0322265625,658.4825439453,658.7612915039,657.5347900391],"7":[609.6306152344,609.8500366211,609.9334106445,609.9770507812,609.7557983398,609.7399291992,610.0361938477,609.9659423828,643.3708496094,643.0604248047,643.2077026367,643.1923828125,643.1119384766,643.4129638672,644.1527709961,643.9354858398],"8":[616.1173706055,615.6682128906,615.494934082,614.8999633789,614.5180664062,613.5491333008,612.9134521484,614.8772583008,646.4605712891,645.9332885742,645.8646240234,645.9937744141,646.2761230469,646.8708496094,646.4125976562,647.0010986328],