{"polygon_x":{"0":[400.5830688477,433.7378234863,466.1815185547,499.1650390625,532.4880371094,564.4495239258,597.2834472656,629.9434204102,627.9013061523,594.7793579102,562.9008789062,529.8643798828,496.3473510742,464.3142700195,430.2413635254,398.3552856445],"1":[387.5269165039,395.8845825195,403.5852355957,410.7246704102,417.8855895996,425.4750976562,433.3031921387,440.9272766113,439.3834838867,432.6207275391,425.9330444336,418.5126037598,411.3319396973,403.2830505371,394.3770751953,386.4316101074],"2":[444.0948486328,466.9013061523,487.5928344727,509.3378295898,531.2929077148,553.8184204102,575.9978027344,598.0901489258,592.8728027344,570.7919921875,547.9320068359,526.2783203125,505.4779052734,483.5764770508,461.6412353516,440.8134765625],"3":[447.5847167969,472.6719360352,498.1887817383,524.1187133789,549.8160400391,576.3040161133,602.6514892578,629.7677001953,627.9019775391,599.3507080078,574.5007324219,547.6651611328,521.5589599609,494.9535827637,469.2382507324,442.8806762695],"4":[898.7413330078,911.1279907227,923.47265625,936.6569824219,949.6820678711,962.3872070312,975.1739501953,988.8076171875,984.3165283203,971.2352294922,959.0509033203,946.0989990234,932.982421875,920.4419555664,907.521484375,894.3881835938],"5":[349.4663696289,370.998840332,391.6937561035,412.3879394531,433.3515625,454.1123962402,475.8163146973,496.5004272461,479.4471740723,458.4426879883,437.8837890625,418.5565490723,398.569152832,378.182800293,359.3263244629,340.8980712891],"6":[788.0760498047,802.6552734375,816.2811279297,830.2442016602,843.9632568359,857.6089477539,871.8469848633,884.5001831055,882.774597168,869.6687011719,856.3748168945,842.888671875,829.0240478516,814.7905273438,800.7797851562,785.900390625],"7":[271.5433349609,279.1772460938,288.3266296387,296.4321289062,305.0944213867,314.3368225098,323.4846801758,332.2927246094,329.8319091797,321.7899780273,312.6420288086,304.1484375,295.575592041,286.7224121094,278.6980895996,270.7415161133],"8":[926.0973510742,938.5350341797,950.0163574219,960.0319824219,969.9090576172,980.5656738281,990.3158569336,999.9150390625,999.2138061523,987.4252319336,976.5003662109,966.5595092773,956.0315551758,946.3240966797,934.9838256836,924.5717773438],"9":[923.2189331055,929.0372314453,935.3803100586,941.2194824219,946.5869750977,952.3044433594,957.5577392578,963.3568725586,964.0972290039,958.7445068359,953.3826904297,947.5423583984,941.9208374023,936.4004516602,930.4816894531,923.8873901367],"10":[366.2699890137,377.6929931641,388.3090515137,398.2532348633,408.1045837402,417.8813171387,427.5560913086,436.6608276367,425.1440124512,417.3257446289,406.5715942383,397.8677062988,388.1935119629,378.6652832031,368.6428833008,358.2860717773],"11":[756.0809936523,764.2330932617,771.6616821289,778.600402832,785.9049072266,793.7033081055,800.8544921875,809.1505126953,808.2055053711,799.9685058594,792.237487793,783.9329833984,776.046081543,768.3490600586,760.748046875,751.2044677734],"12":[766.5119018555,770.4735717773,775.3469848633,780.7201538086,785.186706543,789.5667114258,793.6010742188,797.9735107422,795.9936523438,791.7448730469,787.0531005859,782.5161743164,778.1026611328,773.3858642578,768.2799072266,763.5631103516],"13":[943.8403930664,953.4381103516,962.4869384766,970.3569335938,978.214050293,985.9309082031,993.646484375,999.9478149414,998.9373168945,989.299621582,981.2254638672,972.7951049805,964.6380004883,956.8817138672,947.6907958984,938.4464111328],"14":[354.8256225586,361.7807312012,368.2496643066,373.8094787598,380.2948303223,385.6880187988,391.3797302246,398.3638916016,394.181060791,386.5015258789,380.9848022461,375.1883544922,370.425994873,364.5758666992,358.6801757812,352.0559082031],"15":[797.8436279297,816.3431396484,835.4060058594,855.1024169922,873.5694580078,889.6033935547,907.0610961914,925.1665649414,922.1979980469,906.7236328125,888.8518066406,871.73828125,852.4649658203,833.3604736328,814.7889404297,795.3950195312],"16":[608.5346069336,653.350769043,694.6451416016,736.7440185547,782.5872802734,826.4577636719,870.6899414062,914.1924438477,933.0719604492,889.5357666016,843.000793457,800.5512084961,757.0093383789,710.3960571289,666.7105712891,622.0649414062],"17":[608.4014282227,653.1857910156,694.681640625,736.6211547852,782.2961425781,826.2332763672,870.3931274414,914.01171875,932.8845825195,889.4864501953,842.6605224609,800.2646484375,756.7538452148,710.1533203125,666.4373168945,621.9714355469],"18":[538.0557861328,567.2166748047,593.1937255859,623.6720581055,658.4052734375,678.7749633789,713.2573242188,750.8649902344,702.3067626953,677.9416503906,647.2616577148,619.0197143555,593.0899658203,561.6891479492,533.2893676758,503.8909301758]},"polygon_y":{"0":[0.1291382015,0.1465129852,0.1257005334,0.0800961703,0.1087721735,0.0934763998,0.0810321346,0.0115998071,36.8469161987,36.8459892273,36.2168693542,37.3006668091,37.0682983398,36.747543335,37.9103355408,37.6303405762],"1":[890.584777832,889.6937255859,888.9434204102,888.2879638672,887.6011962891,886.8312988281,886.2275390625,885.3662719727,927.3637695312,927.5991821289,928.3197631836,929.1075439453,929.9146728516,930.8142700195,932.3656005859,933.1968994141],"2":[885.8140869141,885.7381591797,884.5098876953,885.1246337891,885.6334228516,886.2017211914,886.2517089844,885.9249267578,939.8737182617,936.9831542969,935.9290161133,934.2366943359,933.6641845703,932.0366821289,929.6604003906,929.9664306641],"3":[822.5085449219,823.5950317383,823.6800537109,823.3806152344,822.9973144531,822.9920043945,822.2240600586,821.1695556641,877.8782958984,880.7755126953,880.2660522461,879.6859741211,880.6292724609,880.2398681641,883.5610351562,877.5977783203],"4":[897.1917114258,896.7556152344,895.8450317383,895.5840454102,895.4387817383,896.0112304688,896.520324707,895.9195556641,938.4033813477,938.6655273438,938.2988891602,937.4890136719,937.9423828125,937.6751098633,937.4010009766,936.0309448242],"5":[254.3340148926,255.7137298584,255.3823852539,254.1942596436,254.6098327637,255.1646728516,255.1874084473,254.7901000977,320.4449768066,315.1165771484,313.2917175293,310.0932006836,309.0356750488,306.59765625,304.6595458984,305.3789672852],"6":[903.1304931641,901.8737182617,900.9599609375,900.8779907227,900.3772583008,900.1665039062,900.4755249023,900.8975219727,938.5002441406,937.8455810547,938.1893310547,938.7344970703,939.3490600586,939.47265625,939.5925292969,940.2509765625],"7":[469.5480651855,469.3087158203,469.3047485352,469.2133178711,468.5557556152,467.783996582,467.5277709961,467.4639282227,503.3801574707,503.7237548828,504.1030578613,504.1478271484,504.0912475586,504.1199951172,505.0336914062,505.3320007324],"8":[372.0315856934,371.2075805664,371.7073974609,371.7381286621,371.5162658691,372.1893310547,372.36328125,371.3784179688,421.9540710449,423.1112976074,423.4991455078,423.5811767578,423.4279785156,423.5040588379,423.6123962402,423.5524902344],"9":[795.5266723633,794.275390625,794.1488647461,793.5958251953,793.1694335938,792.5591430664,792.1723022461,792.1926879883,829.5648193359,829.6208496094,830.0229492188,830.6616210938,831.3824462891,832.0133056641,832.7090454102,833.1427612305],"10":[823.8780517578,822.2662963867,823.0450439453,823.2629394531,823.6595458984,824.0853271484,824.1491088867,824.7030639648,878.5462036133,878.1116333008,878.2280273438,877.9855957031,877.7869873047,878.3765869141,878.2490234375,877.4244384766],"11":[765.3210449219,765.2150878906,765.607421875,765.7030029297,765.7580566406,765.57421875,766.0632324219,766.69140625,809.2659912109,809.1903686523,809.4476318359,809.3579101562,809.7702026367,810.5224609375,810.9892578125,812.4014892578],"12":[858.8481445312,858.8803100586,858.8958740234,858.6546630859,858.567199707,858.5114135742,858.6986083984,859.0601806641,894.9261474609,894.3930053711,894.6278076172,895.0676269531,895.5496826172,896.1068115234,896.8133544922,897.2507324219],