{"polygon_x":{"0":[176.399810791,196.0350799561,214.9510345459,234.2943115234,253.1246795654,273.0261535645,292.8157958984,311.3227539062,308.9354858398,290.5360717773,270.523651123,251.4343261719,231.9664916992,212.0546264648,192.5512390137,173.0712127686],"1":[464.6028442383,488.7325744629,514.4107666016,540.2556762695,565.4327392578,589.0667114258,613.5384521484,639.0446777344,640.7279052734,615.3170166016,591.3085327148,565.8811035156,541.2512817383,516.1219482422,491.0453491211,466.0709228516],"2":[84.5219802856,103.6103897095,121.1729507446,139.3588867188,157.4758300781,175.981262207,193.2245178223,210.1100158691,207.2772827148,189.6335601807,172.2498779297,153.9603271484,135.4608459473,117.2575073242,99.2609024048,80.5119628906],"3":[469.8861999512,471.0645141602,472.5757446289,473.440246582,475.1263427734,476.3148803711,477.7310791016,477.3760375977,534.0548095703,531.9156494141,529.6920166016,528.7568969727,527.8203735352,527.5391235352,526.1309814453,525.5466308594],"4":[291.7625732422,304.0327148438,316.5185241699,328.9544372559,341.2475280762,353.6853027344,365.8768310547,378.2469177246,376.2110900879,364.3229675293,352.0507202148,339.0344848633,326.7002868652,313.8252258301,301.5278015137,288.7160949707],"5":[798.0279541016,828.0612182617,858.3368530273,887.7371826172,916.6815795898,943.7976074219,972.2940063477,999.8470458984,999.9801025391,976.1449584961,946.8238525391,917.625793457,888.4603271484,858.5912475586,829.334777832,797.643371582],"6":[433.1532592773,433.4504394531,433.1690063477,432.7326965332,433.9027099609,435.235534668,436.0421447754,436.9829711914,493.0191345215,491.8259887695,490.4180297852,489.7084350586,488.2340087891,487.2762756348,486.3538208008,485.9385681152],"7":[401.7769775391,402.972869873,405.5019836426,408.2177734375,412.4032897949,416.2415771484,420.7470703125,426.2512512207,466.3476867676,462.1614074707,459.3536987305,456.1561584473,452.7614746094,450.0384216309,447.7321777344,446.9663696289],"8":[212.3542938232,221.3918304443,231.9113464355,242.416305542,252.6786956787,263.65625,273.4200439453,283.2440490723,281.5642700195,271.8374328613,261.6687927246,251.606842041,241.2456054688,230.4790039062,220.6192626953,209.7286987305],"9":[789.2300415039,794.0920410156,798.3263549805,802.7547607422,807.5076904297,812.2890625,816.0069580078,820.7083740234,818.1955566406,813.8135986328,809.1775512695,804.6336669922,800.1721801758,796.0745849609,791.9259033203,786.151184082],"10":[757.1987915039,762.7733764648,767.6783447266,772.2890625,776.9658813477,781.6112060547,785.6473388672,788.783203125,789.1669311523,785.3107299805,780.3714599609,775.7509765625,771.2350463867,766.9872436523,762.8953857422,757.703125],"11":[206.2317504883,210.2851715088,213.2308654785,216.8667755127,220.022644043,223.4292907715,227.5205993652,234.3236694336,258.4313964844,253.4754943848,250.7284851074,247.9174499512,244.0204467773,240.7859191895,238.5626831055,235.0426483154],"12":[395.5953674316,395.843963623,400.7124023438,411.1591796875,426.3260498047,445.5159912109,464.7136230469,478.0570068359,508.8192749023,492.3218994141,471.8376464844,457.1696472168,442.0182495117,432.5555419922,430.0,431.4439697266],"13":[492.3013305664,505.4669799805,525.1041870117,535.3312988281,540.2741088867,546.5830688477,549.1204833984,549.3039550781,590.5530395508,588.0479736328,586.333984375,579.7210083008,571.7587280273,560.4942016602,544.7243652344,524.4421386719],"14":[252.2267150879,255.1260528564,259.336151123,262.8507995605,262.2497253418,262.0772399902,259.6722717285,255.4518432617,210.229675293,208.141494751,214.7725830078,217.7931518555,219.2896881104,219.7924194336,213.4093322754,203.662322998]},"polygon_y":{"0":[807.6668701172,808.2107543945,808.6572265625,808.8884277344,809.521484375,808.7822875977,809.2912597656,809.2886962891,844.747253418,844.6231079102,844.6133422852,844.9743652344,844.5284423828,844.3250732422,843.8811035156,843.0574951172],"1":[765.9532470703,763.8491210938,761.7526855469,762.529296875,763.2520751953,763.52734375,762.578125,762.750793457,840.2652587891,841.8260498047,842.1536865234,842.6219482422,842.5733032227,841.100769043,841.432434082,840.7880249023],"2":[769.792175293,771.3782348633,772.4696044922,773.1302490234,773.2952880859,773.625,773.7309570312,772.8479003906,810.8347167969,810.5529785156,810.8948974609,812.1807861328,812.1490478516,812.1397705078,812.313293457,811.4963378906],"3":[91.2958908081,84.4560165405,75.5349807739,66.8956680298,57.0721893311,48.0840110779,40.6855239868,32.1570968628,35.8488273621,46.5883178711,53.550945282,62.9079246521,71.9619903564,81.2604446411,90.9874649048,98.8053741455],"4":[769.4986572266,770.6133422852,771.3223876953,771.2853393555,770.8901977539,771.0422363281,771.2645874023,770.5024414062,809.1895751953,809.2763671875,809.7717895508,809.5989990234,810.2067871094,810.1834106445,810.2027587891,809.1409301758],"5":[760.3948974609,758.2961425781,757.7943115234,758.6520385742,760.0567626953,760.4195556641,761.5221557617,762.4951171875,839.2188720703,839.5949707031,841.9572753906,842.1251220703,842.8471679688,842.8233642578,843.1599121094,842.5586547852],"6":[264.5231933594,257.0638427734,248.8788757324,242.7772827148,235.4779663086,227.9225769043,221.4212036133,213.7433624268,219.0004730225,227.072479248,233.8359375,239.0794372559,245.4905395508,251.38230896,258.4862976074,265.4562988281],"7":[450.1089172363,441.1951904297,431.8552856445,425.3320007324,417.022857666,408.1134033203,399.3831176758,391.0295410156,406.6227722168,419.2389221191,425.4189758301,433.0428771973,440.4609375,448.2694702148,457.1114807129,465.2163391113],"8":[778.2857666016,777.2750244141,776.0021972656,775.556640625,775.4645996094,775.2795410156,773.2036132812,773.5344238281,809.9129638672,810.2877197266,809.9786987305,810.2917480469,810.4358520508,810.7129516602,810.9121704102,811.4618530273],"9":[487.8555603027,488.1587524414,488.7347412109,489.271484375,489.3386535645,489.3870544434,489.1716003418,489.0539855957,527.4081420898,527.4671020508,526.7950439453,526.0198364258,525.8248291016,525.3818359375,524.875,525.0880126953],"10":[607.9000854492,607.4586181641,607.5729980469,607.689453125,607.6100463867,607.1907958984,606.6978149414,607.1044311523,645.8612670898,646.0363769531,645.9637451172,646.0999755859,646.6193847656,646.7125854492,646.5465087891,647.4832763672],"11":[981.0637207031,978.212890625,975.3555297852,972.5731811523,969.4105224609,965.6909790039,961.6080322266,957.5782470703,977.5819091797,980.7813110352,984.6459350586,987.6787109375,990.9537353516,994.6423950195,997.7373046875,999.9476318359],"12":[677.1788330078,637.2447509766,587.9434204102,544.7998046875,500.8875732422,459.4255981445,416.2307128906,377.0608215332,391.9485473633,431.5401000977,471.5039367676,516.336730957,557.5097045898,603.283203125,642.2667236328,685.6372680664],"13":[355.8245239258,323.5612792969,283.8979797363,248.2062988281,213.4617004395,182.7886199951,148.2655792236,115.952545166,120.6875915527,157.6878204346,190.2686309814,224.5138397217,259.5702514648,295.2011413574,334.0612487793,376.0510253906],"14":[4.3276600838,99.3519134521,200.4278564453,294.1403503418,385.7135314941,481.1525878906,575.0916748047,675.9631958008,670.5630493164,574.3952636719,479.0479125977,378.7933959961,285.4175109863,184.6625366211,96.015335083,0.8775548935]},"text":{"0":"Siloam","1":"Keff","2":"Fount","3":"H","4":"Pool","5":"Selwa","6":"P","7":"O","8":"and","9":"1","10":"I","11":"V","12":"ubteranean","13":"Channed","14":"ETYROPOWON"},"score":{"0":0.9871795774,"1":0.9806986451,"2":0.9878823757,"3":0.9443970919,"4":0.9784227014,"5":0.9874402285,"6":0.9208177924,"7":0.9550258517,"8":0.976770103,"9":0.6861332655,"10":0.4758434892,"11":0.4677550197,"12":0.9134110212,"13":0.9286926985,"14":0.9749523401}}