{"polygon_x":{"0":[471.0394592285,493.6320800781,516.8735961914,539.4922485352,562.2142333984,585.1115112305,608.219543457,631.3138427734,630.073425293,606.6140136719,583.8828125,561.1674804688,538.1538696289,515.4836425781,492.4860839844,469.6468811035],"1":[478.5491943359,497.5733947754,515.927734375,533.7771606445,551.565612793,569.7869262695,587.7487182617,604.5936279297,603.7688598633,585.7487792969,567.9151611328,549.9367675781,531.421875,512.3337402344,493.7886352539,475.8088989258],"2":[459.4678955078,481.4250488281,503.8248291016,525.8551635742,547.6838378906,569.8395996094,591.7525634766,612.3405151367,610.9398803711,589.5068969727,566.8973388672,544.395690918,521.6611328125,499.0571594238,477.0209350586,455.9046936035],"3":[561.5928955078,579.7912597656,597.9418334961,615.9180297852,634.5889892578,652.7036132812,671.0725097656,688.64453125,685.6140136719,669.0532836914,650.4692382812,631.8499145508,613.5728759766,594.4429931641,576.4613647461,558.0252685547],"4":[939.0802612305,950.075012207,959.5904541016,968.3305664062,976.8594970703,984.8633422852,992.9244384766,999.9499511719,999.0313110352,988.7551269531,979.7201538086,970.2961425781,961.0373535156,951.9741210938,941.6846313477,931.8918457031],"5":[369.8453979492,388.2110595703,407.1354675293,426.0819702148,444.9335327148,463.2619934082,482.4248657227,501.3550415039,497.7658691406,479.7547912598,460.6006469727,441.4848632812,422.903137207,404.3740539551,386.3751525879,367.1214294434],"6":[953.4321289062,962.9253540039,970.106262207,976.3721313477,982.5689697266,988.5602416992,994.3779296875,999.9533081055,998.7548828125,989.7036132812,982.8055419922,975.4806518555,969.0974121094,962.6329956055,955.0422363281,946.4600219727],"7":[327.4314880371,329.0833129883,333.1093139648,336.7060852051,340.6213684082,344.5218505859,347.9024963379,352.809173584,314.3413391113,310.8618164062,307.4403076172,304.2517700195,300.2096252441,296.1938476562,293.2973632812,289.9650878906]},"polygon_y":{"0":[463.0451965332,462.3878479004,463.1853942871,464.56640625,465.0712280273,466.2023620605,466.6174621582,468.4014892578,516.4945068359,516.7385253906,516.9245605469,516.8919677734,516.7167358398,516.2855834961,516.663269043,516.0060424805],"1":[573.9489135742,574.4611816406,575.7112426758,575.5805664062,575.0330810547,575.4200439453,575.0181884766,574.207824707,620.4589233398,621.2934570312,622.0310058594,622.1712036133,622.0827636719,622.4343261719,622.6365966797,621.8749389648],"2":[354.361907959,356.2297058105,358.2094116211,359.8642272949,361.138885498,362.4170532227,363.1373596191,362.9961547852,400.4850769043,399.9179382324,400.0542602539,399.2614746094,398.5513916016,398.002746582,397.9121704102,396.7092285156],"3":[660.2831420898,660.5547485352,661.0544433594,661.8051147461,662.091003418,662.4702148438,662.5153198242,663.1979370117,701.0899658203,701.1904907227,701.0739135742,700.9406738281,699.9078369141,700.1000976562,699.9709472656,699.8840332031],"4":[472.5094604492,473.1062011719,474.6405029297,475.9832763672,476.6612243652,477.7751464844,478.0706481934,479.3614196777,514.7600097656,514.8061523438,514.5215454102,514.5721435547,514.2501220703,513.5696411133,513.2048950195,512.6875],"5":[652.5817871094,653.5100097656,654.8294067383,656.055847168,656.2919921875,657.0472412109,657.9876708984,657.3540649414,701.530456543,701.1572875977,701.5230712891,701.7548217773,701.0845336914,700.6639404297,700.048828125,698.8073120117],"6":[601.0421142578,601.330078125,602.9840698242,603.6401977539,604.430480957,605.8491821289,607.1851806641,607.5841064453,649.9320068359,651.2012329102,650.9795532227,650.4779663086,649.6694946289,648.6900634766,648.2082519531,647.6934814453],"7":[65.2440185547,68.7958450317,71.6890640259,73.7670974731,76.5369491577,79.5383834839,83.5853424072,89.9738616943,118.8239212036,114.1454315186,110.8008956909,107.9934539795,104.365737915,100.3901290894,96.2331848145,93.1651382446]},"text":{"0":"Gihon","1":"Pool","2":"Lomer","3":"Sultan)","4":"Gre","5":"Birlet","6":"An","7":"7"},"score":{"0":0.9857670069,"1":0.9883121848,"2":0.9720485806,"3":0.9850183129,"4":0.9747162461,"5":0.9674301147,"6":0.9157171249,"7":0.4598610997}}