{"polygon_x":{"0":[732.1389160156,731.5704345703,731.7005615234,731.7393798828,731.4411621094,731.4392700195,731.8308105469,731.9875488281,695.4401855469,694.885925293,694.6207275391,694.4641113281,694.401184082,694.3449707031,694.2033691406,693.7109985352],"1":[841.4177246094,855.2716064453,870.2362060547,885.1597900391,900.4805908203,914.8109130859,930.2390136719,946.7026367188,925.5069580078,910.2386474609,894.72265625,880.0322875977,864.5249023438,850.1295166016,834.7559204102,819.0206298828],"2":[741.583190918,753.635925293,765.4794311523,776.9742431641,789.2095336914,801.1386108398,812.9309082031,825.8137207031,809.6271972656,797.8569946289,786.0784912109,774.0303955078,761.7365722656,749.8616943359,737.507019043,724.9945678711],"3":[690.5963134766,695.7725830078,701.2818603516,707.3543701172,713.0324707031,718.0053100586,723.9020996094,729.5561523438,715.8053588867,710.0936279297,703.3044433594,697.7615966797,692.0568237305,686.4157714844,680.2109375,674.6373291016],"4":[525.9827270508,539.5180053711,553.7788085938,568.4603881836,582.3801269531,596.1961669922,610.3465576172,626.1895141602,626.9865112305,613.1912841797,598.1353149414,583.1068725586,568.2239379883,553.6500244141,538.9839477539,523.6436157227],"5":[148.9094848633,171.4962615967,193.7249908447,216.2535247803,238.0210876465,259.505645752,280.355255127,303.481628418,283.6024169922,261.7413330078,240.9267883301,218.9227905273,196.6939086914,174.9689941406,153.2581176758,130.8586730957],"6":[627.5823364258,635.1572875977,642.9033203125,650.6270751953,657.4880371094,665.0712890625,672.9793701172,680.6153564453,681.1900634766,673.3234863281,665.2544555664,658.1114501953,650.7043457031,643.5419311523,635.9235839844,627.2992553711],"7":[82.3762054443,90.6378097534,97.0716247559,102.410194397,108.2629547119,114.3395080566,118.6053771973,125.226890564,117.3984832764,111.715713501,105.7634887695,98.9326477051,93.0953521729,87.1048431396,81.4313354492,73.1353988647],"8":[215.0899963379,217.3955383301,223.7577819824,229.7515563965,235.1791229248,240.6436004639,245.8796081543,253.9150695801,212.6177825928,207.9593505859,201.1220703125,196.4592590332,191.4529418945,185.8014678955,180.108581543,174.5995941162],"9":[633.2033081055,636.2967529297,637.0509033203,636.6028442383,638.0587768555,639.7073364258,641.1465454102,645.7408447266,611.4080200195,608.1046142578,601.3425292969,596.9543457031,599.8372802734,599.0643310547,597.0762329102,594.7711791992]},"polygon_y":{"0":[923.0435180664,931.975402832,940.8603515625,949.3197631836,957.3338623047,966.5078735352,974.9875488281,982.8249511719,984.0090332031,975.4235229492,967.1060791016,958.1029663086,949.4384155273,942.1104736328,934.7048950195,926.1755371094],"1":[150.6811523438,155.2009429932,160.0604553223,165.5342407227,171.5333251953,176.9195251465,183.8491516113,192.4090423584,230.3921203613,224.8566436768,219.2683258057,213.893447876,208.6725616455,203.1349182129,197.5991821289,191.7571258545],"2":[133.1931762695,134.9932556152,136.792388916,139.9741821289,144.1868133545,147.655960083,151.7781677246,156.1395111084,194.0307006836,190.7991943359,187.1607666016,183.4576416016,179.9884643555,176.8754425049,174.0232543945,171.2887268066],"3":[119.6013717651,121.4869689941,123.4008026123,125.2618408203,127.5992126465,129.8260192871,132.4548950195,135.5560150146,172.1020507812,170.8656005859,168.9428405762,167.1355285645,165.2039489746,163.195892334,161.1571350098,158.6940002441],"4":[532.8054199219,533.889465332,534.9022827148,535.8487548828,535.7847900391,536.2532958984,536.5337524414,537.366027832,574.5163574219,573.7518920898,573.6343383789,572.9104003906,572.3493652344,571.9896240234,571.7791137695,571.3858642578],"5":[4.7367038727,16.1632957458,24.8746185303,32.6728363037,40.0486907959,47.0706214905,54.6169700623,61.7417106628,102.6623077393,94.7890396118,87.2080917358,78.8724517822,70.5055541992,62.2346115112,54.4947471619,45.2682189941],"6":[529.4125976562,530.1854248047,530.6235351562,530.4493408203,529.9895629883,529.9642333984,530.1719360352,530.7825927734,573.1126708984,572.6759033203,571.6406860352,571.2677612305,571.3701782227,571.7781982422,572.2451171875,572.0874023438],"7":[841.3385009766,841.5335693359,842.5955200195,843.7750854492,844.3293457031,845.6054077148,846.1280517578,847.2305297852,891.1719970703,890.3087768555,889.44140625,888.8793334961,887.9821777344,887.0638427734,885.7818603516,885.9006347656],"8":[853.9700927734,855.1612548828,857.5123291016,859.6278076172,861.9344482422,863.8129272461,866.2218017578,869.8538208008,926.3032226562,923.6051025391,920.5977783203,918.1116943359,915.3919677734,912.9133300781,910.1522216797,907.1630249023],"9":[849.1838989258,868.4434814453,892.5430908203,914.1446533203,932.805847168,954.8500976562,973.8436889648,994.7435302734,999.832824707,980.7459106445,959.3154296875,940.7568969727,921.0972900391,898.443359375,877.5118408203,858.8531494141]},"text":{"0":"N.","1":"Saba","2":"Mar","3":"to","4":"Var.to","5":"Pahi","6":"W.","7":"a","8":"h","9":"Magn."},"score":{"0":0.981811583,"1":0.9907028675,"2":0.9890903831,"3":0.9840306044,"4":0.6217826605,"5":0.9640048146,"6":0.9622532129,"7":0.8945208192,"8":0.8978666067,"9":0.8607278466}}