{"polygon_x":{"0":[921.405090332,935.403503418,947.8645019531,958.9632568359,969.5021972656,980.2855224609,990.9313964844,999.9573974609,999.7022705078,988.5598754883,976.9341430664,965.0971069336,953.4273681641,941.6564941406,929.7083129883,918.3143310547],"1":[322.0609741211,369.6897583008,417.9448242188,468.5189819336,516.0631103516,565.3876953125,610.9367675781,660.6524047852,638.8698730469,588.709777832,542.2941894531,494.1868591309,445.1893920898,395.3909912109,347.8560791016,297.4078369141],"2":[301.6365356445,335.6820678711,369.7648925781,401.8208007812,436.2800598145,470.6839599609,505.1138305664,538.1432495117,536.133972168,501.929901123,467.9995727539,433.6944274902,399.5552368164,364.7850036621,330.4009399414,297.5390319824],"3":[673.3366699219,710.1011962891,746.5732421875,783.3721313477,821.748046875,858.9232788086,895.5300292969,931.887878418,936.4828491211,899.6070556641,862.3173828125,825.6870117188,787.62109375,750.7452392578,713.8373413086,676.4343261719],"4":[85.4577484131,101.4008712769,116.370223999,132.2690124512,146.7128601074,161.5162811279,175.7006225586,189.916229248,187.9836425781,171.4588165283,155.5570526123,141.0752105713,125.5375289917,111.103553772,95.780708313,80.4161071777],"5":[717.7651977539,757.2239990234,798.8021850586,838.6770629883,879.8314819336,920.5805664062,958.1008911133,999.1661376953,999.9260253906,964.3753051758,924.2084960938,884.9676513672,843.3291015625,802.4344482422,760.8891601562,720.4692382812],"6":[235.0089874268,258.147857666,280.7809143066,305.9253234863,328.890045166,350.6270751953,372.4450073242,398.2635803223,386.2208251953,363.6746826172,339.1287536621,315.8206481934,292.879699707,269.8925170898,246.1090087891,223.5874633789],"7":[178.5921325684,282.379119873,384.597442627,489.5881958008,595.0408325195,700.0477294922,797.707824707,898.7801513672,903.1012573242,799.9944458008,693.1491699219,589.641784668,485.3616943359,381.8971557617,281.1071166992,177.9624633789],"8":[550.2664794922,572.7435913086,592.9094238281,610.7001953125,626.5180664062,644.016418457,660.728515625,677.2036743164,677.9266357422,660.7106933594,643.6821289062,625.1475830078,607.2485351562,588.4281005859,567.8497924805,548.8687133789],"9":[65.536277771,107.6275253296,146.3213195801,187.2265014648,225.026184082,263.9224853516,298.939453125,339.9239501953,335.2322998047,295.2697143555,255.7340698242,215.2850189209,173.28125,132.1741943359,89.8676757812,46.740196228],"10":[432.1742553711,444.436340332,449.0855102539,454.5230102539,460.5119018555,466.9660644531,470.3566894531,468.8674621582,468.9291992188,469.7003479004,462.4785766602,455.359954834,449.2426757812,442.2242431641,433.9319458008,431.2637023926]},"polygon_y":{"0":[537.6116333008,538.5572509766,541.3251342773,543.0610351562,544.5970458984,545.0458374023,547.2489013672,549.6953125,588.4051513672,588.7194213867,589.3742675781,589.4514160156,589.124206543,588.9313964844,588.862487793,587.541015625],"1":[676.6181030273,693.6321411133,710.0149536133,726.4669799805,742.2699584961,758.0709228516,774.5444335938,793.4677124023,825.2497558594,809.3767089844,794.1865234375,779.1591796875,765.1129150391,749.2407226562,733.03515625,713.4881591797],"2":[268.008392334,268.2905578613,267.6310424805,268.7890930176,268.4305419922,268.9317626953,269.7886352539,270.3094482422,324.0649719238,324.573059082,323.1221923828,322.8479614258,321.6995849609,321.0541381836,321.8032836914,321.6191101074],"3":[260.1027526855,256.2854919434,252.7793884277,247.2090911865,242.9998626709,237.5168457031,232.1176757812,227.0529937744,280.8303222656,286.4383544922,291.707824707,297.9541625977,301.9640197754,306.3553161621,309.3162841797,312.3471374512],"4":[250.5612030029,253.5370178223,256.9799499512,259.3315429688,261.3529052734,262.9146118164,264.859954834,266.1647949219,303.9019775391,304.5007324219,302.7194519043,300.7600402832,299.2739562988,297.7366943359,294.3075561523,291.6849365234],"5":[51.862953186,49.5452728271,46.190776825,43.5451812744,41.1410560608,38.3564872742,34.7333068848,31.8365249634,68.5769042969,70.4257354736,75.7652664185,78.6694030762,82.5302810669,85.2286224365,86.6509094238,87.6591415405],"6":[0.0100007802,1.4143254757,5.9505558014,10.99376297,15.4217576981,19.8533973694,22.498342514,27.720582962,60.3014984131,57.5154304504,52.245475769,48.7439880371,42.169002533,36.3218383789,30.6621589661,24.1979942322],"7":[398.306854248,402.0194091797,406.1397094727,405.6655273438,405.017364502,399.2352905273,392.4335021973,380.5563049316,442.6803588867,451.5319213867,459.1280517578,464.5462036133,467.2091674805,468.1701049805,466.9095458984,463.9487915039],"8":[35.4794464111,34.2806930542,33.378452301,33.0135803223,34.9888801575,35.8916816711,37.2524414062,42.9871177673,87.3469619751,88.8837356567,90.1039581299,89.8815765381,89.1354827881,88.1169052124,86.5255737305,84.9313201904],"9":[64.8657150269,81.135017395,94.1044006348,103.312461853,108.9548416138,112.5725402832,112.5216293335,112.1055908203,150.6560058594,152.5909729004,151.5914306641,148.5519561768,141.9556427002,133.0498046875,120.0112838745,101.4045028687],"10":[36.1820907593,37.0970497131,37.5545158386,38.2901077271,38.6457633972,38.5638656616,38.9434547424,39.744468689,73.3406143188,73.5062789917,73.5975189209,73.0468444824,72.4034729004,71.4566574097,71.2508621216,70.7126312256]},"text":{"0":"Ace","1":"Aqueduct","2":"BEN","3":"HIN","4":"OF","5":"aneien","6":"Cult","7":"Jehennam)","8":"the","9":"Aqueduct","10":"of"},"score":{"0":0.9744408727,"1":0.95901227,"2":0.914018631,"3":0.9670101404,"4":0.632515192,"5":0.9216774702,"6":0.7668935657,"7":0.986723721,"8":0.8369867802,"9":0.9804571271,"10":0.6396257281}}