{"polygon_x":{"0":[37.0754928589,56.9811477661,76.6002731323,96.4376373291,116.3034667969,136.380859375,156.1024932861,176.2906799316,174.2445373535,153.1912536621,133.4824829102,113.9266357422,94.1020584106,73.9847183228,54.2349700928,33.6301193237],"1":[308.2116394043,321.9507141113,335.1699829102,347.6015625,360.1069335938,372.4725036621,384.8858642578,397.0668334961,393.5188293457,378.4747924805,365.4731445312,352.7396850586,340.2778930664,327.2546691895,314.6901550293,300.9534301758],"2":[400.3726501465,420.0726928711,438.8551025391,457.6829833984,476.4954223633,494.7344360352,513.3190307617,531.2932128906,527.1817626953,506.4212036133,487.4901733398,468.7158508301,450.7563476562,431.6871643066,413.2964477539,394.7642822266],"3":[37.6418647766,59.1845932007,80.6331558228,101.7827529907,123.1658935547,144.1652526855,164.5195922852,184.956237793,184.408706665,163.1881713867,142.0842285156,120.4288330078,99.5313644409,78.1165771484,57.3523368835,35.0217018127],"4":[804.9584960938,827.3314208984,848.9636230469,870.2470703125,892.0662841797,913.5381469727,935.3227539062,954.5038452148,948.858581543,928.4489746094,908.0811157227,887.2199707031,865.3336181641,843.9196777344,823.6417236328,801.5619506836],"5":[209.1484069824,223.0412445068,236.2157592773,249.5519256592,262.304107666,275.0969543457,287.7825622559,300.432800293,296.701385498,282.9738769531,269.9574279785,256.815612793,243.9292602539,230.4301300049,217.3469238281,204.2239990234],"6":[178.5223693848,196.4928894043,214.1340637207,231.915802002,249.6349487305,268.3158874512,287.6430664062,306.4040527344,303.6081542969,283.7167663574,264.4277648926,245.9311065674,227.6142883301,209.6647644043,192.3852844238,175.0337982178],"7":[715.5200195312,728.3126220703,741.4233398438,754.2991943359,765.524230957,777.5090332031,789.7221679688,801.1728515625,797.8475952148,784.6420288086,771.7860107422,759.4926757812,747.3616943359,734.9345703125,722.4327392578,709.3099975586],"8":[185.6442260742,201.7890777588,216.6897583008,231.5637054443,246.9006500244,262.352142334,278.2592773438,293.1567077637,292.2917480469,276.1388549805,260.370513916,244.354385376,229.7152099609,214.0550231934,198.6484375,182.9556884766],"9":[0.4188485444,9.7169799805,18.597026825,28.8721446991,38.2182006836,48.3348846436,58.8460388184,68.2027130127,67.9584350586,55.7731170654,45.1023483276,36.2633171082,26.7386207581,17.3207550049,8.1771326065,0.0626058728],"10":[0.078084074,8.6541376114,17.9242591858,27.5277881622,37.0293655396,47.1804771423,57.6013717651,66.8330459595,66.9385070801,57.0857543945,46.4286193848,36.911491394,27.0613670349,17.976442337,8.6247739792,0.065966852],"11":[502.4047241211,559.7656860352,617.9249267578,675.8988037109,731.0462036133,788.1225585938,845.8489990234,907.8638916016,922.3110961914,855.491027832,796.8011474609,740.8439941406,688.2385253906,632.4639892578,578.3182373047,522.9037475586],"12":[23.1546516418,45.5763092041,65.5434494019,84.4828338623,105.4071960449,123.943069458,144.4516448975,163.405456543,167.2546081543,147.5071105957,125.8810577393,105.3786773682,85.1568145752,64.4167404175,44.1689071655,22.7902069092]},"polygon_y":{"0":[523.607421875,522.9745483398,522.9886474609,523.2434692383,522.7905883789,523.2523193359,523.9523925781,524.0025634766,569.5600585938,569.5533447266,569.1439208984,569.3268432617,569.0707397461,568.8850708008,568.7890625,568.3527832031],"1":[106.2878799438,106.8177490234,107.3573760986,108.1814117432,109.9268951416,111.1883163452,113.3680267334,115.1357421875,157.8197937012,157.9752807617,157.7959899902,157.3699798584,156.806930542,156.0486907959,155.8146057129,154.9885253906],"2":[108.7282867432,109.624786377,109.9371414185,110.2907104492,111.8831939697,113.2495498657,114.3227767944,116.3739700317,162.3212890625,164.8890991211,164.1194915771,162.0600128174,161.6812744141,160.8647766113,159.7278289795,158.380859375],"3":[480.2890014648,480.7403259277,480.1856994629,479.2450561523,480.1192016602,480.5704345703,479.9188842773,480.448059082,521.038269043,522.0445556641,522.5707397461,522.6022949219,522.3989257812,521.9416503906,522.1849975586,521.9068603516],"4":[251.2934570312,251.7756347656,251.2198486328,252.1585998535,251.3841094971,250.9973144531,251.7294464111,250.7411804199,306.5084228516,307.3209228516,307.0539550781,306.7955322266,307.0006103516,306.758026123,306.4844360352,305.4575195312],"5":[107.1638336182,107.7743377686,108.1950759888,108.9920806885,110.14037323,111.1520233154,112.9113082886,114.3420715332,157.4932250977,158.2174835205,157.9273834229,157.3609313965,157.3286590576,156.9492797852,156.1549224854,154.7842102051],"6":[522.7891845703,523.0471191406,522.9595336914,522.7701416016,522.8959350586,523.0447998047,522.6458129883,523.2143554688,570.7557373047,571.0513916016,570.3204345703,569.8682250977,569.0052490234,568.6861572266,567.8854980469,566.4321289062],"7":[248.4548797607,248.0732116699,249.1953125,250.6904602051,252.0188140869,253.4448394775,259.7758789062,262.5202636719,306.4682312012,307.4018554688,307.5999755859,308.0030517578,307.6940612793,306.9064941406,306.7084350586,306.2178344727],"8":[481.0617370605,480.4853820801,480.9795837402,480.1200561523,479.9879760742,479.6197814941,479.2328491211,478.869354248,519.4725341797,520.21875,520.0923461914,520.2421875,520.403137207,520.8297119141,521.1995849609,520.7306518555],"9":[370.7145385742,370.7559204102,369.8296508789,370.3175048828,370.9896240234,371.301574707,371.1337890625,370.7681884766,403.7471008301,403.8357849121,403.450012207,403.6128234863,403.277130127,402.4637145996,402.5406494141,402.3772583008],"10":[877.5567626953,876.6887207031,876.3125,876.5595703125,876.6336669922,876.2261352539,876.7802734375,877.6751098633,915.3383789062,915.9582519531,915.9211425781,915.471496582,915.4424438477,915.4749145508,915.0632324219,915.0255737305],"11":[975.6022949219,956.5247192383,927.8734741211,902.1378173828,879.4490966797,855.9876708984,835.9359741211,817.341003418,872.1340942383,889.8629760742,905.2557983398,924.4965820312,944.0939331055,969.6322631836,986.8140258789,999.9677734375],"12":[922.0457763672,921.1339111328,920.411315918,918.7026977539,917.1853027344,916.0307617188,913.5358886719,909.8419799805,972.2679443359,972.7615966797,972.8170166016,972.6838378906,973.6528930664,973.3104248047,973.4338378906,974.9140625]},"text":{"0":"Kubbet","1":"Mar","2":"Elyds","3":"Rachel's","4":"Bahil","5":"Deir","6":"Rahil","7":"Sur","8":"Tomb","9":"1us","10":"mm","11":"Taami","12":"MO"},"score":{"0":0.9868766069,"1":0.983817935,"2":0.9886294603,"3":0.9875935912,"4":0.9863887429,"5":0.9744591117,"6":0.9856144786,"7":0.978382349,"8":0.9886119962,"9":0.7288960218,"10":0.9548805952,"11":0.9647948742,"12":0.5959067345}}