{"polygon_x":{"0":[112.9483718872,114.3454360962,115.841758728,117.4217224121,119.2797393799,120.5966644287,122.9560928345,125.5410308838,79.9208908081,78.4515228271,76.7357254028,75.723236084,74.2184371948,73.1138076782,72.3603973389,71.0670394897],"1":[187.9082336426,186.9902191162,186.9882507324,187.1499328613,187.9164428711,188.1479492188,187.8295898438,187.2747650146,141.9918518066,141.504196167,140.6558837891,140.2130432129,139.8300628662,139.8528442383,139.837020874,139.3082580566],"2":[625.4035644531,630.282043457,638.7434082031,645.7656860352,654.9248046875,662.3344726562,670.5325317383,678.0255126953,600.001953125,595.048828125,584.3765258789,579.6104736328,570.3673095703,563.1527709961,554.9694213867,545.8608398438],"3":[691.5493164062,729.8013916016,769.5184326172,810.1154174805,850.3922119141,891.1266479492,932.5787963867,972.6926269531,974.9765625,933.0025634766,892.6343383789,852.2940673828,812.3983154297,770.7368164062,730.8645629883,689.3259277344],"4":[90.7138900757,92.7577590942,94.5355300903,95.1156005859,96.6961288452,97.6111984253,100.6552429199,106.8870697021,69.4338760376,63.3383712769,53.6315498352,50.6070137024,49.6596908569,48.7716827393,47.1231765747,42.9539909363],"5":[810.7493896484,812.6665039062,816.2445678711,822.5866088867,827.7022705078,833.3800048828,838.2033691406,845.5895996094,761.9270019531,758.3941040039,752.1136474609,748.112121582,741.5914916992,736.1059570312,730.8118286133,725.1229248047],"6":[983.2056884766,978.3444213867,983.5260620117,987.883605957,992.4622802734,996.4410400391,998.6608886719,999.9899902344,953.4440917969,946.0006103516,939.1584472656,932.240234375,924.1766357422,918.3419189453,913.3120727539,905.7723999023]},"polygon_y":{"0":[329.9738769531,338.046875,345.6634521484,354.2303466797,363.037689209,371.0411071777,378.2605285645,386.8211364746,394.5509033203,387.2623901367,377.6407470703,369.5965270996,360.9915466309,353.8438110352,345.7657165527,340.5020751953],"1":[242.3833007812,253.2772979736,264.5068969727,274.8978271484,286.9805297852,297.5504760742,308.0623779297,318.6347045898,318.8329467773,308.4727478027,296.6034240723,285.9698791504,275.2456970215,265.4275817871,255.5041809082,246.148651123],"2":[24.5396442413,33.1261405945,40.1617736816,47.0968856812,56.6199188232,64.3175582886,71.8612823486,81.3393707275,127.8269119263,117.7631988525,106.6481399536,99.3294448853,90.5809020996,81.7384490967,73.3435440063,66.1892089844],"3":[871.314453125,871.0423583984,869.07421875,868.0089111328,867.5863037109,867.8649902344,868.0376586914,866.7962646484,954.8122558594,954.98046875,955.2144775391,955.1042480469,955.3687133789,954.8495483398,954.3411865234,954.4290771484],"4":[172.8018951416,195.9774169922,218.507598877,242.7077484131,261.9936523438,283.9132080078,305.589263916,327.1670532227,337.6033935547,317.7825622559,291.9179992676,268.6730041504,246.7915344238,224.376449585,204.2404174805,184.5626678467],"5":[160.9133148193,165.0626983643,172.2676239014,178.5722503662,185.9934387207,194.5698242188,200.1937103271,207.8350219727,247.2285308838,235.1411743164,225.2265777588,217.8454284668,208.2348327637,200.0672607422,192.9124755859,187.2466278076],"6":[289.820098877,301.5200500488,307.2388916016,313.060546875,317.9977111816,326.2801513672,332.1829528809,338.4875488281,389.035949707,378.711730957,370.2485961914,361.2037658691,350.0778503418,342.7185668945,335.130279541,327.2073669434]},"text":{"0":"N.","1":"N.","2":"E","3":"PLA","4":"Magn.","5":"P","6":"H"},"score":{"0":0.9641523957,"1":0.9843291044,"2":0.985524714,"3":0.699055016,"4":0.9850792885,"5":0.9671396017,"6":0.8256548047}}