{"polygon_x":{"0":[435.6232299805,471.2164001465,506.1587219238,542.4395751953,579.2924194336,614.8239746094,650.3719482422,687.3724365234,688.2390136719,652.7979125977,616.8754882812,580.1896972656,544.5214233398,508.083770752,472.3933410645,435.9633789062],"1":[0.1175649762,17.6153583527,36.540222168,55.0602493286,73.5935516357,92.083190918,111.208114624,130.5701293945,131.002746582,111.8590621948,92.9615325928,74.2922897339,55.6209869385,37.1969184875,18.6504669189,0.2320857197],"2":[304.7062072754,330.5706481934,354.821472168,379.3249816895,403.4627075195,427.352935791,450.5468444824,472.5885314941,472.2993774414,447.2574462891,422.6010131836,398.587310791,374.0407104492,349.7704467773,325.8909606934,300.8435058594],"3":[535.7194824219,557.45703125,577.8467407227,598.75,618.6731567383,638.5341186523,659.2827758789,681.0148925781,678.32421875,657.0840454102,635.7613525391,614.9922485352,594.5109863281,572.8241577148,552.6663208008,530.8603515625],"4":[409.6362304688,424.1614379883,438.9203491211,453.7353820801,468.9825134277,483.7915039062,498.9922790527,512.6126708984,512.5497436523,498.2530517578,483.5594177246,468.9170837402,454.0155639648,438.2439575195,423.4350891113,408.700592041],"5":[501.9576721191,526.1142578125,551.0112915039,576.6695556641,601.9591064453,627.4232177734,652.9456787109,682.257019043,682.6945800781,654.4701538086,629.8102416992,603.8908691406,578.0607910156,552.0032958984,526.5242919922,501.6528930664],"6":[218.6192169189,240.2161560059,263.0363464355,286.0690917969,308.895690918,331.1937255859,353.6588134766,376.2615356445,379.1571350098,355.6462097168,332.6773681641,309.8338928223,286.9641723633,264.1759643555,240.9187469482,218.696472168],"7":[0.0120618958,13.2348527908,28.3330535889,43.4920539856,59.0583953857,74.7971420288,91.4381027222,108.4706192017,109.0295257568,91.5873336792,75.4661483765,59.9169158936,43.9710998535,28.6877212524,13.5041770935,0.0492283702],"8":[689.701171875,701.1383666992,711.3154296875,721.2845458984,731.544128418,741.5243530273,751.345703125,762.0513305664,759.7663574219,748.4375,739.6056518555,729.6768188477,719.4692382812,709.1409912109,699.6879882812,690.0963134766],"9":[0.0329455808,56.9161186218,118.8296890259,182.264541626,241.963470459,305.0951843262,368.2792663574,429.3554077148,428.1412353516,366.5262451172,305.1693725586,242.4469299316,180.3744506836,118.6042480469,56.5215759277,0.0941455364],"10":[447.6268920898,454.1488952637,461.2952270508,468.5591430664,475.621673584,482.4334716797,489.3987731934,496.4057617188,498.2567749023,490.0286254883,483.1153564453,476.4483947754,469.240447998,462.1380004883,455.1583251953,447.3164672852],"11":[24.5594043732,60.734249115,100.1912765503,140.2177581787,179.0087585449,218.1698608398,258.1743774414,297.0336303711,296.6445617676,256.6664123535,218.3552856445,179.2892303467,140.6442260742,101.3677520752,61.4446296692,22.0078277588],"12":[477.8450317383,485.6798706055,492.3359985352,499.2521972656,505.9896240234,513.1026000977,519.9999389648,527.0168457031,523.7003173828,515.2246704102,507.4032897949,501.2549133301,494.7473449707,488.224822998,481.1352233887,473.9724121094],"13":[126.110496521,135.7144470215,144.1247406006,153.0832061768,162.0756225586,170.7607421875,179.5431365967,189.0174865723,192.7854309082,182.9444122314,173.7269897461,164.2079772949,155.4619750977,146.5999298096,137.5244293213,128.116317749],"14":[0.096264571,115.3740844727,231.0422515869,345.3026733398,466.4151000977,585.8145751953,702.5704345703,810.9009399414,817.4248657227,699.6493530273,581.6024169922,455.9286804199,337.6458740234,219.5405273438,105.3276901245,0.5522806644]},"polygon_y":{"0":[350.1898193359,347.8278808594,345.8839416504,344.4287109375,342.2070617676,340.5405273438,337.8699035645,336.1077270508,391.0065002441,391.7027282715,391.6078491211,391.2836303711,392.6781005859,392.8686523438,393.2600402832,394.4052734375],"1":[603.6715087891,602.8721313477,602.6005249023,602.1352539062,601.5319213867,601.1127929688,600.4786987305,601.2651977539,644.0836181641,643.7742919922,642.9453125,643.0681762695,642.9477539062,643.1482543945,643.4052124023,643.3341064453],"2":[801.5178222656,804.6386108398,806.1193237305,807.3334960938,809.0044555664,811.0717773438,811.8997192383,812.2454833984,856.9611206055,857.063659668,856.7809448242,856.6428222656,856.5390014648,855.9418945312,855.8865966797,854.6348876953],"3":[803.0880737305,804.5814208984,805.2318115234,804.7540893555,804.5864868164,804.1497192383,804.1042480469,804.4969482422,859.3154907227,859.6108398438,859.8346557617,859.404296875,858.9490966797,858.5933837891,858.3098754883,857.3294067383],"4":[707.5805664062,707.2905883789,707.1521606445,706.0345458984,705.7524414062,705.3298950195,704.7699584961,704.5640869141,744.1405639648,743.8854980469,744.4729003906,745.0159912109,745.1007080078,745.9964599609,746.8160400391,746.9772949219],"5":[653.0866088867,652.6387939453,652.1746826172,650.814453125,650.7485351562,650.3728027344,649.241027832,649.8922119141,702.8034667969,703.4837646484,703.7856445312,703.9810180664,703.0841674805,703.4744262695,703.557800293,705.2753295898],"6":[643.6184082031,643.2775878906,643.0316162109,643.2288818359,643.0900878906,642.4502563477,641.3790893555,641.7206420898,702.7974853516,703.508605957,703.2915649414,704.3494262695,705.0971679688,705.3115844727,705.4528198242,704.9883422852],"7":[434.5927429199,433.2359619141,431.3979797363,430.7138061523,430.688659668,430.0246582031,429.2029418945,429.9484558105,476.6661987305,477.3611450195,477.2805480957,476.8072814941,476.5432434082,476.8241882324,476.7129821777,476.722869873],"8":[333.1492919922,333.8618469238,334.7488708496,334.8352355957,335.7904052734,336.8586730957,338.3725585938,340.3497009277,411.7295837402,410.5845947266,405.8819274902,402.7122192383,402.8526611328,401.390625,398.9329223633,395.9860229492],"9":[335.1133728027,335.8631896973,334.8551025391,333.7352905273,333.9959716797,332.9263305664,332.6641235352,333.658996582,399.3187255859,397.3509521484,395.150390625,394.9096679688,394.486328125,394.6527099609,395.5670776367,395.9091186523],"10":[656.9576416016,656.0623779297,655.6558227539,655.1096191406,655.3184814453,655.2481079102,655.5749511719,654.6210327148,701.4676513672,701.6946411133,701.3109130859,701.6616821289,701.6330566406,701.6184082031,701.6423339844,701.4564208984],"11":[515.987487793,514.6568603516,514.4798583984,513.6559448242,513.8480224609,513.0718994141,512.7835693359,513.2825317383,579.603515625,578.9465332031,579.0083007812,579.0565185547,578.8659057617,579.3926391602,580.3752441406,581.6688232422],"12":[820.0358886719,819.8208007812,819.7532958984,819.5876464844,819.9172363281,819.8480224609,819.9512939453,819.8935546875,857.2533569336,856.7780151367,856.251953125,856.078125,855.842956543,856.0368652344,856.2360229492,856.6735229492],"13":[426.1782531738,422.924621582,420.7519226074,419.5829772949,418.8238525391,417.755065918,416.985534668,415.9582214355,476.604888916,478.1579284668,478.7573547363,479.3898010254,479.6883850098,479.6872558594,480.4119262695,479.6423950195],"14":[121.006942749,115.6350708008,111.0208892822,111.462387085,111.980430603,111.4334564209,110.2631378174,111.564666748,285.919342041,285.6176452637,285.1170043945,282.5711669922,282.526763916,283.4553222656,285.8385009766,293.6978759766]},"text":{"0":"corrected","1":"PERT.","2":"denotes","3":"Mosk","4":"2000","5":"10000.","6":"Seale","7":"ents","8":"by","9":"ATHERWOOD,","10":"I:","11":"SMITH.","12":"a","13":"of","14":"ALENL"},"score":{"0":0.9649059772,"1":0.9901143312,"2":0.9908444285,"3":0.9923838973,"4":0.9767048955,"5":0.977658689,"6":0.9882000685,"7":0.9818763137,"8":0.9822481871,"9":0.9853709936,"10":0.9081512094,"11":0.9920484424,"12":0.9881396294,"13":0.988838315,"14":0.9827616811}}