{"polygon_x":{"0":[829.245300293,844.7968139648,859.2574462891,873.2811889648,886.8905639648,900.407043457,914.9878540039,929.4745483398,931.5069580078,915.954284668,902.0299072266,888.0089111328,873.7818603516,859.6961669922,845.1641235352,829.3594360352],"1":[522.8112182617,559.9685058594,597.7642211914,637.1126708984,675.8999023438,713.551574707,752.2243652344,792.8684082031,793.6840209961,753.3544921875,715.3717041016,676.5053710938,637.5386962891,598.5667114258,559.7946777344,521.4478149414],"2":[702.8687133789,745.3640136719,787.2686767578,830.1497802734,872.262878418,914.823059082,956.6930541992,999.4912109375,999.366394043,957.6181640625,915.8846435547,873.146484375,830.5998535156,788.4388427734,746.1092529297,701.8507080078],"3":[374.1018981934,392.8332519531,411.5255737305,430.9431762695,449.5556030273,467.4786682129,485.9389038086,504.873046875,503.9932250977,485.4211730957,466.6530761719,448.3016662598,429.5798034668,410.1419067383,391.7332763672,373.029510498],"4":[224.7287597656,233.4466400146,242.5474243164,251.1691589355,260.5343933105,270.1888122559,279.3719177246,287.5214538574,286.4290161133,277.630065918,268.7481689453,259.956237793,250.8071289062,241.1358795166,232.3575439453,223.6778106689],"5":[813.2313232422,828.1402587891,843.3743896484,858.3185424805,873.5881958008,888.3471069336,903.3599853516,918.3995361328,920.0194091797,904.9911499023,890.4010620117,874.7033691406,860.0375366211,844.9418945312,829.8040161133,814.2725219727],"6":[365.0747680664,373.6414794922,382.5286560059,390.952911377,400.374786377,409.4468994141,418.2943115234,426.6784667969,424.7199707031,415.4677124023,406.4558410645,397.9972839355,389.2160339355,380.0579528809,371.486328125,362.8092956543],"7":[929.8966064453,936.2127685547,943.7028808594,950.6999511719,957.8071289062,965.2229003906,973.0115356445,980.6545410156,992.9183349609,983.8442382812,976.2947998047,967.8270263672,959.6046142578,952.1678466797,944.00390625,936.0674438477],"8":[606.4968261719,618.8553466797,632.0993652344,645.3524169922,658.2590332031,670.8870849609,683.7275390625,698.1017456055,699.3209228516,686.0559692383,672.7072143555,659.7107543945,646.6195068359,633.0866088867,620.0671386719,606.1329345703],"9":[156.2096252441,164.5010070801,172.9161071777,181.1397094727,189.803604126,198.572555542,206.9797973633,214.8876037598,213.5199737549,204.8890991211,196.650604248,188.266204834,179.8436737061,170.9214477539,162.5776824951,154.3083190918],"10":[706.6057739258,720.1586914062,734.4892578125,748.8646850586,763.3330078125,777.7369384766,792.1176147461,804.9645996094,804.1223144531,789.6387939453,776.0589599609,761.9812011719,748.0386352539,733.1338500977,719.2117919922,705.2586669922],"11":[293.0758666992,300.9882202148,309.7432861328,317.9900512695,326.7626953125,335.717010498,344.1392211914,351.4833984375,350.842010498,342.5769042969,334.4578552246,326.1912841797,317.3958435059,308.652923584,300.8599853516,292.5400085449],"12":[654.166015625,680.4910888672,705.7115478516,730.8247070312,756.6674194336,782.2525024414,808.3977050781,831.9903564453,834.5596313477,807.7794189453,781.9155273438,756.2912597656,730.3435668945,704.4338989258,678.6873779297,653.4939575195],"13":[78.606338501,87.3245849609,96.2341003418,104.8922729492,114.0389251709,123.2722854614,131.957901001,140.4784240723,139.010345459,130.2134857178,121.7442932129,112.7959060669,103.6533966064,94.4702453613,86.104675293,77.2059631348],"14":[510.1661682129,566.830078125,623.1353759766,679.9213256836,737.0526733398,794.528137207,852.4495849609,908.4044189453,906.3286132812,850.8342895508,793.8263549805,735.8275756836,679.21484375,622.6979370117,566.3289794922,507.701751709],"15":[26.1911411285,33.070400238,38.5946121216,43.4713401794,48.3725509644,52.8146324158,56.8686332703,62.0345497131,53.7465362549,48.2084655762,42.8653259277,37.3502159119,32.4101524353,27.2262916565,22.6608810425,17.7052383423],"16":[111.1109237671,146.0247344971,181.1759033203,215.6959686279,251.5569915771,286.9874267578,321.3786010742,357.6470947266,358.373840332,322.5020751953,287.4542541504,251.4605865479,216.383895874,180.9262237549,145.9326782227,110.3254623413],"17":[912.7510986328,927.265625,940.2533569336,952.389831543,964.884765625,977.0294189453,989.2597045898,999.8975830078,999.9899902344,990.4609375,978.1897583008,966.0771484375,953.5269775391,941.3961791992,929.0210571289,913.5187988281],"18":[836.9243164062,860.0,883.8570556641,906.8878173828,930.3956298828,954.1812744141,977.3547363281,999.6750488281,999.8920898438,979.3352050781,954.9237670898,931.3941650391,907.4254150391,883.3837280273,860.3046264648,836.2572631836],"19":[56.8002891541,185.4746704102,315.4906921387,437.3998413086,564.8285522461,688.1462402344,811.285949707,939.3260498047,942.9241333008,814.8693237305,687.7426757812,558.6478881836,435.8598022461,314.109588623,189.2289428711,49.142414093]},"polygon_y":{"0":[0.5314278603,0.6076373458,0.5110411048,0.4702807069,0.317846477,0.3860336244,0.4859780669,0.2860743105,55.078338623,55.5916404724,55.3788833618,55.0979995728,55.1008033752,55.7427024841,55.8962097168,55.1324920654],"1":[333.9570617676,333.3326721191,332.8500671387,332.6377868652,332.1524353027,332.3117370605,331.7720336914,332.9747009277,393.8327331543,395.0555114746,394.9467163086,394.6181640625,394.8004455566,394.6026000977,394.8469238281,394.7555541992],"2":[421.4190673828,422.441986084,423.9813537598,425.6259460449,425.9782409668,427.6626586914,428.4363098145,427.8158569336,478.5535888672,478.4417114258,478.3706970215,478.5649414062,478.6966552734,478.7169799805,478.7210083008,478.3233947754],"3":[334.3121643066,336.0158996582,337.6342773438,338.3693237305,339.0063171387,340.2364807129,340.3471069336,340.5275878906,392.3731994629,393.1731872559,393.0375976562,392.6212768555,392.5159912109,392.4157104492,392.4792480469,391.5755004883],"4":[718.1500854492,717.5662231445,717.4542236328,716.8233642578,716.6242675781,716.2111816406,715.6981201172,715.8306884766,746.9467163086,747.233215332,747.6641845703,747.4602661133,747.4663696289,747.7962646484,748.0750732422,748.4575195312],"5":[349.166229248,346.7484130859,343.610168457,342.4697265625,342.0700683594,340.3610839844,337.6391906738,337.4478759766,394.3322753906,396.2998657227,396.2131347656,396.0489196777,395.8625488281,396.0525512695,396.1915283203,396.7857666016],"6":[717.1071777344,717.0092773438,717.3120727539,717.3411865234,717.4297485352,717.6333007812,717.6778564453,718.2915649414,749.3723144531,749.4379882812,748.9244384766,748.5192260742,748.4118041992,748.323059082,748.1469726562,747.5905761719],"7":[335.8949584961,335.2116699219,335.4384765625,335.0880737305,333.3801574707,332.0587463379,331.5357055664,330.6731872559,396.7680358887,396.0048828125,395.5286865234,396.3194274902,397.8709106445,398.8172912598,399.4451293945,400.1762390137],"8":[427.0492858887,426.1410522461,424.7717285156,423.5306396484,423.1143493652,422.4216308594,420.8642883301,422.1868591309,477.9290161133,479.0317077637,479.7438964844,479.9807434082,479.6887207031,479.8809204102,480.0485229492,479.9534912109],"9":[716.5737915039,716.3853759766,716.443359375,716.3997802734,716.1605224609,716.0494384766,715.7736206055,715.6833496094,746.6892089844,746.4916992188,746.5560302734,746.5634155273,746.6783447266,746.8782958984,747.540222168,747.0989990234],"10":[706.4262695312,706.0844726562,705.8700561523,705.0861816406,704.4884033203,704.3401489258,703.8605957031,704.205871582,743.1108398438,743.1781005859,743.3245239258,743.2121582031,743.4246826172,744.3258056641,744.6820678711,744.5654296875],"11":[719.5347900391,719.0810546875,718.9473876953,718.919921875,718.6520385742,718.2689819336,717.6916503906,717.8986206055,748.6734619141,748.0230102539,748.6862792969,748.8992919922,748.6711425781,748.9288330078,749.7008666992,749.9630737305],