{"polygon_x":{"0":[73.4230880737,84.7033309937,96.4388580322,109.0753631592,121.0352935791,132.5732269287,144.5393981934,156.0581665039,156.5774383545,145.3614959717,133.4690246582,121.6441497803,109.218963623,97.0161132812,84.8872451782,72.6163482666]},"polygon_y":{"0":[25.562286377,25.8222503662,25.7252902985,25.7699012756,25.4050559998,24.9352607727,24.4580860138,23.4845085144,47.4540138245,46.737701416,46.3251838684,46.4143562317,46.4509963989,46.5114784241,46.7241516113,47.0618515015]},"text":{"0":"ENOLISH"},"score":{"0":0.7919521928}}