{"polygon_x":{"0":[719.1221923828,730.0790405273,741.5609130859,752.8643798828,763.9311523438,775.7990112305,786.3677978516,797.5014648438,797.1206665039,786.2216796875,775.2477416992,763.8986816406,752.9050292969,741.9353637695,730.774597168,719.5806884766],"1":[215.4087677002,226.4252929688,237.5070953369,249.0357666016,260.548034668,271.8220825195,283.0050964355,293.9393615723,294.7304077148,284.1483154297,273.1022338867,261.3193054199,250.0246887207,238.9615631104,227.6434936523,216.0788879395],"2":[634.890625,646.7720947266,657.8558959961,669.4343261719,681.1821289062,692.5222167969,703.9487304688,715.3616333008,715.4495239258,703.9526367188,693.1806640625,681.3587036133,669.7961425781,658.6019287109,646.8914794922,635.6762084961],"3":[664.9512939453,669.7061767578,673.3169555664,677.2478637695,681.0418701172,685.2784423828,689.0643920898,692.4423217773,692.5135498047,689.6704711914,685.7132568359,681.6837158203,677.4393310547,673.8624267578,669.8051757812,665.987487793],"4":[601.2595214844,605.0700683594,607.9509277344,611.9271240234,616.0438232422,620.4025878906,624.0006103516,626.984375,628.1957397461,624.8694458008,621.1694946289,617.1799926758,612.7567138672,609.1268310547,605.7631835938,601.131652832],"5":[731.8685913086,736.1111450195,739.669128418,744.0345458984,748.221496582,752.7999267578,756.7182006836,760.3717651367,760.9577636719,758.0562744141,753.1690673828,748.7365112305,744.3129882812,740.5993652344,736.5020751953,731.6443481445],"6":[866.4755249023,871.2225341797,875.0390625,879.4185791016,883.9729003906,888.8515625,893.034362793,896.4309692383,897.3564453125,893.7230834961,889.2976074219,885.0574951172,880.768737793,876.8074951172,872.5358886719,868.1921386719],"7":[801.9715576172,806.1140136719,809.6082763672,814.1683959961,818.2684936523,823.2354125977,826.9306030273,829.8293457031,830.2725830078,826.944519043,822.487487793,818.1834716797,814.2163085938,810.4244384766,805.9624023438,801.7911376953],"8":[422.0607910156,428.259765625,432.6631469727,437.8059692383,443.5602416992,449.5387268066,454.4367980957,458.254699707,458.4831237793,453.8795776367,449.5942382812,444.1917724609,439.3918457031,434.3409729004,428.9270019531,423.6837768555]},"polygon_y":{"0":[22.0896129608,22.354385376,22.3043251038,22.3342895508,22.6281661987,22.3070335388,21.8994503021,21.995388031,42.9562683105,42.5297355652,42.7056312561,42.914932251,42.5856742859,42.6833496094,42.7173690796,42.523147583],"1":[18.0679321289,17.6325969696,17.5987663269,17.7299861908,17.4104309082,16.9224777222,16.3913497925,16.1720409393,38.7163505554,38.4496994019,38.372543335,38.5508651733,38.5228004456,38.4555397034,38.7699279785,39.0077896118],"2":[21.6786117554,21.7744522095,21.8525314331,21.8784255981,22.187789917,22.0580177307,21.912437439,21.8789310455,42.0628166199,41.593132019,41.4915046692,41.161529541,41.0828170776,40.8442230225,40.8884468079,40.8031425476],"3":[2.6005692482,2.9337284565,2.9698548317,2.8763916492,2.8273825645,2.7711181641,2.3717031479,1.6779837608,18.9491481781,18.5137290955,18.7971000671,18.7829456329,18.3256111145,18.37915802,18.6038150787,19.1338596344],"4":[3.4388244152,2.8754615784,2.4508304596,2.3867223263,2.2522404194,1.8467657566,1.6271517277,1.1424534321,17.7927856445,17.6868972778,18.214132309,18.6600513458,18.6816558838,18.7526512146,18.9006690979,18.9079742432],"5":[2.4836893082,2.8758761883,3.3577809334,3.5379314423,3.7664439678,3.4106550217,3.0531687737,2.7321243286,19.2243728638,19.1017055511,19.1282367706,19.2582626343,19.6299362183,20.0860786438,20.4458961487,21.0589675903],"6":[3.5761475563,2.8747401237,2.622392416,2.701100111,2.6902656555,2.3881781101,2.1999676228,1.862361908,22.8586082458,22.6626434326,23.0244216919,23.3914299011,23.3439083099,23.8249473572,24.5373954773,24.994096756],"7":[2.1743183136,2.6993820667,3.2039163113,3.566505909,3.6747360229,3.3204498291,3.0612518787,3.2308363914,19.7304553986,20.1124668121,20.1214942932,20.0144786835,19.8593902588,19.7564201355,19.5237617493,19.3969154358],"8":[0.5931227803,0.6747367978,0.8694573641,0.7310029864,0.7431071401,0.778886795,0.6884860396,0.6629354954,19.9912223816,22.1553020477,23.0211868286,21.7392807007,21.26130867,20.8102016449,20.981010437,20.832321167]},"text":{"0":"METRES","1":"CUBITS","2":"FRENCH","3":"503","4":"106","5":"305","6":"500","7":"100","8":"1990"},"score":{"0":0.9608412385,"1":0.9698048234,"2":0.9753790498,"3":0.8112102151,"4":0.8183754086,"5":0.8105433583,"6":0.7927986979,"7":0.7789191008,"8":0.8308737874}}