{"polygon_x":{"0":[58.2104148865,199.9356079102,336.8204040527,470.3678588867,602.664855957,737.9833984375,865.4130859375,999.5862426758,999.8017578125,869.7634887695,729.8551025391,597.1318359375,470.6812744141,322.5263977051,192.8055725098,61.1918182373]},"polygon_y":{"0":[727.5396728516,727.1057739258,730.575012207,729.2961425781,731.1351318359,727.5603027344,727.7019042969,723.6052856445,844.9030761719,841.5531005859,841.3510131836,841.6106567383,840.2807006836,840.3259887695,837.3618164062,833.9338378906]},"text":{"0":"TERUSATE"},"score":{"0":0.928275466}}