{"polygon_x":{"0":[389.7380371094,399.653137207,408.8045959473,417.6280517578,427.0068664551,436.2169799805,445.7250671387,455.1796875,454.4903869629,445.0337219238,435.0428771973,425.997253418,416.5648193359,407.2932434082,397.9714355469,388.2523193359],"1":[792.3947143555,806.2127075195,820.2601318359,833.9117431641,847.4939575195,861.4737548828,875.6012573242,889.154296875,888.274597168,874.6668701172,860.7727050781,847.042175293,833.1543579102,818.77734375,805.1110839844,790.7697143555],"2":[467.4240722656,477.3662719727,487.4644470215,496.849029541,506.7183227539,516.9852294922,527.0916748047,537.3746337891,535.3430786133,525.3906860352,515.2119750977,505.0511169434,495.5239562988,485.1712036133,475.4417419434,465.6318664551],"3":[376.3938598633,388.8130187988,400.8915710449,412.4939575195,424.576965332,437.1640319824,449.2061157227,461.5980529785,459.9432067871,447.7819213867,435.3223876953,422.9222106934,410.9609375,398.369934082,386.0700073242,373.9561462402],"4":[0.2194771767,13.1918048859,26.6805076599,40.7253074646,54.5137939453,68.2640304565,82.1591796875,96.9043273926,95.6472396851,81.1619720459,67.6346359253,54.0906181335,40.2913246155,26.5867881775,12.8680047989,0.0965095237],"5":[319.6827392578,327.0322875977,335.4360351562,343.2885131836,351.1807861328,359.7291259766,368.4756164551,377.5971679688,377.6645507812,369.2984008789,360.4974060059,352.8993225098,344.8377990723,336.9035339355,328.7237243652,320.5146789551],"6":[356.2605285645,365.9736633301,375.7409667969,384.8096923828,394.6272277832,404.1661376953,413.766784668,423.1868896484,421.8054199219,412.5003662109,402.7938232422,393.0231018066,383.6025390625,373.9772949219,364.4495239258,355.1517333984],"7":[0.1190162078,12.135017395,24.750919342,37.3548355103,50.0299110413,62.9449043274,75.9719467163,89.8326416016,90.4470825195,76.208732605,62.9460678101,49.9899673462,37.0376243591,24.5873813629,11.6362113953,0.103049241],"8":[0.2265509814,5.5875005722,10.4282684326,15.6656131744,20.5803394318,25.6320457458,32.0548400879,39.5781402588,38.6199684143,31.1993961334,24.8882369995,20.0211620331,15.0980043411,10.2154502869,5.2109913826,0.1001181304]},"polygon_y":{"0":[37.1809043884,37.6313781738,38.1538925171,38.3506355286,38.5791549683,38.9849510193,39.0292854309,39.090877533,61.4907646179,61.7613983154,61.4589080811,61.4863548279,61.2624397278,61.2013969421,61.3100776672,60.8609809875],"1":[843.4984741211,843.5997314453,843.8856201172,843.9834594727,844.1282958984,844.3942871094,844.9718017578,845.0702514648,867.7951660156,867.7034912109,867.6721801758,867.5020751953,867.3438110352,867.5181884766,867.7181396484,867.4887084961],"2":[828.6739501953,828.3037719727,828.1939086914,828.134765625,828.4873046875,828.5238647461,828.4990844727,828.9327392578,857.110534668,856.8590087891,856.5072021484,856.4440307617,856.3978271484,856.0796508789,856.1590576172,856.507019043],"3":[827.022644043,827.376953125,827.57421875,827.1936035156,827.7122802734,827.6284179688,827.6907958984,827.8916015625,856.3275756836,856.7239990234,856.3719482422,856.1400146484,856.2037353516,856.0083007812,855.9732055664,856.0770263672],"4":[869.7619628906,869.8434448242,869.3993530273,869.5148925781,869.7663574219,869.8560791016,870.0263061523,870.1905517578,891.3374023438,891.1459960938,890.8940429688,891.0152587891,890.5910644531,890.5930175781,890.741027832,890.2121582031],"5":[486.4017944336,485.9672851562,485.1416625977,484.107208252,483.4311218262,482.799621582,481.291015625,480.4754333496,503.4876708984,503.8261413574,505.2795410156,505.7301330566,506.3497619629,507.0440368652,507.6266174316,507.8878479004],"6":[223.3166351318,223.334274292,223.2077941895,223.3161315918,223.2864532471,223.2848968506,223.1380310059,223.8418884277,247.0087280273,246.9955291748,246.8894348145,246.5502624512,246.3557128906,246.4834289551,246.5910186768,246.4476776123],"7":[454.1389465332,454.0009765625,454.0219421387,453.6292114258,453.5406494141,453.5962219238,453.1557922363,453.2658691406,491.8783874512,492.0996704102,492.0701904297,491.6570739746,491.5365600586,491.5192871094,491.5930175781,491.1679382324],"8":[935.4301757812,935.3815307617,935.628112793,935.5574951172,935.6158447266,935.4578857422,935.505859375,935.5364990234,953.1372680664,953.3236083984,953.0677490234,953.0864257812,953.0463256836,953.1475219727,953.1896972656,952.9204711914]},"text":{"0":"Cave","1":"Cistern","2":"Mill","3":"Wind","4":"Kelchites","5":"2529","6":"Ruin","7":"NCE.","8":"Lus"},"score":{"0":0.9613099694,"1":0.977114737,"2":0.9808681607,"3":0.9855314493,"4":0.9817411304,"5":0.9114072919,"6":0.9813212752,"7":0.9716733694,"8":0.6815173626}}