{"polygon_x":{"0":[747.1737670898,759.8248291016,772.4909667969,785.1151123047,797.63671875,810.8763427734,823.8687133789,836.861328125,835.9454956055,822.5287475586,809.6053466797,796.8863525391,784.1948242188,771.4075317383,758.6260986328,745.5016479492],"1":[758.529296875,762.3559570312,765.0758056641,768.4716186523,772.2901000977,775.9716186523,779.6260986328,782.3425292969,804.4973754883,801.3618164062,797.2207641602,792.8216552734,788.5009765625,784.8017578125,781.4029541016,778.9379272461],"2":[235.8140563965,242.9745788574,250.0711364746,256.9378967285,264.0468444824,271.640045166,279.0137329102,286.4458618164,294.6983642578,288.0491027832,280.0658874512,273.3759765625,265.9338989258,258.4929504395,251.3773193359,244.2973327637],"3":[839.2883300781,839.8583984375,840.0886230469,840.4513549805,840.7445068359,840.7038574219,840.7076416016,839.8449707031,862.6263427734,862.3541259766,861.9058227539,861.2138671875,860.8804931641,860.694519043,860.783996582,861.1463623047],"4":[307.5269775391,315.2646484375,323.2376708984,330.9806518555,339.2703857422,347.5109558105,355.5383605957,363.8935852051,365.3906555176,357.9945373535,349.3760681152,341.4413452148,333.4782409668,325.779296875,317.9864196777,311.1433105469],"5":[718.0223388672,730.5809326172,742.8567504883,755.0208129883,767.3798217773,780.0092773438,792.4030761719,804.869934082,804.1662597656,791.8114013672,779.3697509766,767.0076904297,754.2716064453,741.9371337891,729.9418945312,717.2252807617],"6":[471.1164855957,476.8046875,484.0354003906,489.9317932129,497.1157836914,503.9315795898,510.9990234375,518.5054931641,524.6143798828,518.4971313477,511.2487182617,505.2956542969,498.3606567383,490.880065918,483.5052490234,476.3397827148],"7":[514.8498535156,522.2747192383,530.2259521484,537.7149047852,545.3812255859,554.0269165039,561.9650878906,570.5596923828,574.6651611328,566.9666748047,558.5411987305,550.5545654297,542.4575805664,534.5200195312,526.8946533203,518.7744750977],"8":[511.7446899414,519.4860839844,526.2149047852,533.9732666016,541.5438232422,548.9072265625,556.9358520508,564.6165771484,570.8620605469,563.3812866211,555.366394043,548.2067260742,541.0986938477,533.8267822266,525.8702392578,518.1526489258],"9":[76.7518692017,85.3504638672,93.9766616821,102.4166183472,110.7592468262,119.1920776367,127.669921875,136.3968811035,137.1052703857,129.1995239258,119.5130081177,110.6489257812,102.2752456665,93.7347259521,85.5161972046,76.8242034912],"10":[907.1224975586,909.4076538086,911.0223388672,913.2620849609,915.397277832,918.0977783203,920.1026611328,922.1268310547,943.8306274414,940.2595214844,937.5766601562,934.5122680664,931.5325927734,929.3364257812,927.8555908203,926.8894042969],"11":[366.1105957031,373.0286865234,380.3066711426,387.5539550781,395.0052185059,403.2574462891,411.006439209,418.7174072266,422.7822875977,414.4960327148,406.4428405762,398.7616271973,390.9517211914,383.770904541,376.7043762207,369.2905273438],"12":[396.2554321289,404.2805175781,412.4450073242,420.0603942871,428.1573486328,436.2675170898,444.4260864258,452.6788635254,453.6401672363,445.5470275879,436.9830322266,429.0935058594,420.7434082031,412.575378418,404.4520874023,396.2374572754],"13":[460.645324707,467.9951171875,475.1909790039,482.1533508301,488.870880127,496.6500549316,504.4035339355,512.3389282227,522.196472168,513.9389648438,505.9540100098,498.1759643555,490.2364501953,482.7157897949,475.2221374512,467.5159301758],"14":[496.5020751953,504.5391845703,512.4837646484,519.8133544922,526.8519897461,534.4680175781,542.5049438477,550.6838989258,559.6235351562,551.3164672852,543.3856811523,535.4948730469,527.4280395508,519.102722168,511.3729858398,504.2369384766],"15":[455.7632141113,468.1493835449,479.7846679688,492.0143127441,504.1126708984,516.3509521484,529.1774902344,540.3989257812,541.2686767578,529.5865478516,516.5894775391,504.5439147949,492.6916809082,480.6062316895,468.537322998,456.390838623],"16":[480.2594604492,485.8544921875,492.5341796875,498.9733581543,505.6296386719,512.8256225586,519.9524536133,526.9218139648,531.807800293,522.757019043,515.5203857422,509.2828674316,502.253112793,495.5620117188,489.338684082,482.5735778809],"17":[0.3101003766,9.0781583786,17.7465019226,26.3817195892,34.9620895386,43.3170700073,51.9276046753,58.9137306213,58.6094665527,52.2606277466,43.8770332336,34.8399734497,26.7576980591,17.9936904907,9.4931621552,0.417627573],"18":[513.0235595703,519.6185913086,526.2336425781,533.4531860352,541.4267578125,550.1202392578,558.4462280273,565.579284668,565.275390625,558.2277832031,550.9727783203,544.1795043945,536.4572753906,529.244934082,522.0515136719,513.926574707],"19":[403.1470336914,410.3301696777,417.6515197754,424.5924682617,431.3280639648,437.998840332,444.744720459,451.6311950684,451.3660888672,444.8692626953,437.9298706055,431.7157287598,425.1813049316,418.2196655273,410.9678955078,404.210357666],"20":[493.708190918,501.4477539062,509.7380371094,517.7129516602,526.0491943359,535.1563110352,542.7901000977,551.1090087891,554.2877807617,546.8450317383,537.944152832,529.6915893555,520.9608764648,512.8612060547,504.7900695801,496.1991577148],"21":[686.09765625,686.5211181641,686.9525146484,688.0034179688,688.9761962891,689.6603393555,690.6571044922,690.758972168,713.3933105469,712.5308227539,711.1117553711,709.9725341797,709.4732666016,709.4425048828,709.3452148438,710.4522094727],"22":[493.7496948242,501.133605957,508.025390625,515.029296875,521.8984985352,529.6993408203,536.5611572266,544.7059326172,552.9582519531,545.610534668,537.4994506836,530.0256958008,522.1981811523,514.6654052734,507.8150024414,499.8770446777],"23":[501.564453125,508.5368347168,515.9388427734,523.6818847656,531.474609375,539.6975097656,547.007019043,555.1753540039,557.7539672852,551.3213500977,543.2775268555,535.6733398438,527.5446166992,519.5068969727,511.866394043,502.7995300293],"24":[137.0813598633,144.2902984619,151.2378540039,158.2565917969,165.0498199463,171.943359375,178.6695251465,185.5590209961,190.2156829834,184.1327209473,175.9886932373,169.335357666,162.3780670166,155.5992736816,148.5126037598,141.6356201172],"25":[614.8107299805,617.4025878906,620.1522216797,622.6116943359,625.6137695312,627.682434082,630.674987793,633.6849365234,650.8081054688,648.0833740234,645.1260986328,642.755859375,640.0817260742,637.1859741211,635.0327148438,633.0104980469],"26":[842.6420898438,848.0141601562,854.0274047852,859.9127807617,865.6985473633,871.8280029297,877.3126220703,882.5973510742,881.0883789062,875.5809326172,869.4647216797,864.0453491211,858.3532714844,852.3291015625,846.2891845703,840.9165039062],"27":[476.8447265625,480.9819335938,484.7627563477,489.0819091797,493.3086853027,497.3217468262,500.8112792969,503.7646484375,508.3095703125,504.3242797852,499.7637939453,496.2672119141,491.7010498047,487.1167297363,483.6243896484,480.7207641602],"28":[491.7362976074,499.4060974121,507.2307739258,514.4788818359,522.2925415039,529.9884643555,536.8708496094,544.7103271484,549.3555908203,542.4588623047,534.5056762695,527.112121582,518.873046875,511.2637634277,503.1776428223,494.8622436523],"29":[975.8868408203,979.5602416992,983.428894043,986.9700927734,990.2576293945,993.2034912109,996.1197509766,999.7186889648,999.7909545898,995.927734375,993.0389404297,989.9301147461,986.6854248047,983.6413574219,980.1840209961,976.3051757812],"30":[151.2408447266,159.8645782471,168.9385223389,177.2250213623,184.9582214355,192.7367858887,199.9059295654,207.3757629395,207.5992126465,200.9300231934,192.7446899414,184.9090423584,176.8365478516,168.6428222656,160.6770172119,152.9825744629],"31":[4.1770992279,7.7355489731,10.804643631,13.859079361,16.3884620667,19.2140312195,21.4622879028,24.1672973633,26.1215991974,22.9998950958,20.216053009,17.3220367432,14.7107429504,11.8638935089,8.5060081482,5.4733872414],