{"polygon_x":{"0":[596.4721069336,602.8967895508,609.2315063477,615.7384643555,622.2124023438,629.1246948242,636.2055664062,642.3547973633,641.5588989258,635.4680786133,628.4779052734,621.9334106445,615.3115234375,608.525390625,601.9891967773,594.9201660156],"1":[27.3838272095,33.6660614014,39.7621917725,45.7271957397,51.9301528931,58.1781311035,64.5109558105,70.7665710449,70.3441543579,64.0867156982,57.5548744202,51.2632904053,45.1402664185,38.9534645081,32.5153121948,26.4998626709],"2":[94.4548339844,101.052482605,107.8723754883,114.5773620605,121.2401580811,128.2971801758,135.0367584229,141.4965209961,140.8339691162,134.263671875,127.4942855835,120.4648666382,113.6424102783,106.7289123535,100.0157470703,93.1656570435],"3":[692.5688476562,697.3287353516,701.7345581055,706.0581054688,710.6337890625,715.3701782227,720.2713012695,724.3756713867,723.3554077148,718.9923706055,713.7723388672,709.2144165039,704.5506591797,699.9300537109,695.4360961914,690.4741821289],"4":[453.3840637207,460.5241699219,467.4481506348,474.3869018555,481.7334594727,489.181854248,496.212890625,503.077331543,502.1090698242,495.2505187988,488.0903625488,481.0601806641,473.8737487793,466.9258117676,459.7082519531,452.5299682617],"5":[733.7330322266,740.6405639648,747.4460449219,754.3889160156,761.2897949219,768.5402832031,775.5559692383,781.9349365234,781.0989990234,774.5534667969,767.3879394531,760.5262451172,753.4286499023,746.4724121094,739.298034668,732.1068115234],"6":[571.4041137695,582.5461425781,594.4229736328,605.7341308594,617.3712158203,629.1692504883,640.2929077148,652.2939453125,651.474609375,639.2060546875,627.9189453125,616.4016113281,605.0603637695,593.487121582,581.8821411133,570.2897949219],"7":[692.1156005859,698.4249267578,704.5272216797,710.5456542969,716.6406860352,723.23046875,729.6544799805,735.9173583984,734.9810180664,728.7994384766,721.9956054688,716.0307617188,709.7846069336,703.4292602539,697.212890625,690.6096191406],"8":[657.0580444336,666.3383789062,675.9437255859,684.8453369141,694.0773925781,703.2906494141,712.5843505859,721.4207763672,720.5280761719,711.5126953125,702.1810302734,692.9595336914,683.9356689453,674.8017578125,665.871887207,656.7577514648],"9":[214.7454528809,221.0841064453,227.3008880615,233.8925476074,240.6323547363,247.611907959,254.2041778564,260.1493530273,259.0149230957,252.8355407715,246.0716400146,239.5907745361,233.1243286133,226.3526611328,219.8971405029,213.3538970947],"10":[460.6317443848,467.3102111816,473.6226806641,480.6503601074,487.3277587891,494.7727050781,501.5761108398,507.9233398438,506.5260009766,499.760925293,492.8633117676,486.4120788574,480.0267028809,473.0571289062,466.3650817871,459.2043762207],"11":[238.4066925049,244.4994354248,250.6983032227,257.0679016113,263.6049194336,270.450378418,277.2911376953,283.2606201172,282.1682434082,276.0364379883,269.0962524414,262.9672546387,256.5401611328,250.1159820557,243.833190918,237.399887085],"12":[253.0986328125,259.5007019043,265.5531005859,271.8371887207,278.392578125,285.1119384766,291.714050293,297.6482849121,296.9252929688,291.2412719727,284.325592041,278.111907959,271.5767211914,265.0180664062,258.5724182129,252.2774963379],"13":[713.0354003906,719.1753540039,725.4583740234,731.6857910156,738.0447998047,744.8707275391,751.3153686523,757.5055541992,756.3012084961,750.2872314453,743.6776733398,737.5150146484,731.1798095703,724.6591186523,718.5177001953,711.6773681641],"14":[493.4211730957,499.9978942871,506.3629760742,512.8008422852,519.5705566406,526.8688964844,533.5581054688,540.5563964844,539.280456543,532.530456543,525.6965332031,519.2059326172,512.5026855469,505.7357177734,498.9825134277,492.2448425293],"15":[518.1953125,531.1962890625,544.0858154297,557.1762695312,570.1510009766,583.7719116211,596.8518066406,610.9741821289,609.3972167969,595.6119995117,582.3038330078,569.0064697266,555.8283081055,542.1420898438,528.6547241211,515.3433837891],"16":[927.9858398438,935.8323974609,944.251953125,952.6220703125,961.0443115234,969.3071289062,977.8186035156,986.0687255859,985.9077148438,976.8875732422,968.3413085938,960.5170898438,952.4282226562,944.0570068359,935.915222168,927.5845336914],"17":[472.9371337891,485.9987182617,499.3673706055,512.8728027344,526.6712036133,540.0877075195,553.5376586914,567.7213134766,566.4887084961,553.2262573242,539.895690918,526.271484375,512.861328125,499.2514648438,485.7057189941,472.1849975586],"18":[418.1787109375,425.5294189453,432.7367858887,439.6677856445,447.3293457031,454.9425048828,462.4711914062,470.2325744629,469.1048583984,461.175567627,453.4453125,446.1422424316,438.8941040039,431.3814697266,423.7602233887,416.2015991211],"19":[905.6836547852,920.099609375,934.1508789062,947.8766479492,960.9486083984,974.9090576172,988.362487793,999.8925170898,999.8753662109,987.4469604492,973.4634399414,959.9884643555,946.0102539062,931.6878662109,917.7956542969,904.059753418],"20":[965.9597167969,970.1899414062,974.4133300781,978.8040161133,983.1661987305,987.5680541992,992.2796630859,996.8767089844,996.5841064453,992.3897705078,987.5415039062,982.8258666992,978.2977905273,973.5118408203,969.1193237305,964.3323974609],"21":[240.3753509521,246.300567627,252.4357757568,258.7188110352,264.9263305664,271.5322570801,278.1574707031,284.0133056641,283.0816345215,277.2351379395,270.368347168,264.2707214355,257.9147033691,251.5923156738,245.3818511963,239.2001495361],"22":[944.0121459961,952.1325683594,960.0302734375,967.9713134766,976.1572875977,984.4760131836,992.2532958984,999.7867431641,999.6002197266,991.6399536133,983.4128417969,975.6057128906,967.3504638672,958.7354736328,950.30859375,941.8404541016],"23":[723.9220581055,732.5682983398,741.438293457,749.5201416016,758.3315429688,767.0023193359,775.6551513672,783.4485473633,782.88671875,774.4931640625,765.7062988281,757.283996582,748.9946289062,740.4568481445,731.7673339844,723.6710205078],"24":[260.8002624512,267.3741455078,274.0858154297,281.038848877,288.057434082,295.1890563965,302.2454528809,308.4865722656,307.491394043,301.3770141602,294.0842285156,287.2097167969,280.2452087402,273.0814208984,266.3839111328,259.5063171387],"25":[957.1524047852,963.1446533203,969.7768554688,975.9289550781,982.0592041016,988.0814208984,994.3244018555,999.8686523438,999.8184204102,993.928527832,987.8630981445,981.9811401367,975.7308349609,969.3667602539,963.0751953125,955.9765625],"26":[969.1521606445,973.6821899414,978.3843994141,982.7674560547,987.0516967773,991.3269042969,995.4562988281,999.8430175781,999.8115234375,995.3778686523,990.9468994141,986.7236938477,982.2344360352,977.8762817383,973.1138916016,967.8934326172],"27":[496.8601989746,503.5592956543,510.0487670898,516.8793945312,523.4447021484,530.3143920898,537.2567138672,543.890625,542.9093017578,536.6153564453,529.6501464844,523.1928710938,516.4798583984,509.5352783203,502.9711914062,496.0113830566],"28":[221.2245483398,224.1351623535,227.2461090088,230.0824127197,232.9907073975,236.1481628418,238.832244873,241.998916626,241.947479248,239.1228637695,235.9864501953,232.7912902832,229.8089599609,227.0431365967,224.4892883301,221.2403564453],"29":[264.8211669922,267.9185791016,270.075958252,272.9584350586,275.8207702637,279.3805847168,282.7300109863,285.3736572266,284.7018127441,282.2077026367,279.450012207,276.58203125,273.4899902344,270.5393676758,267.9832763672,265.1683349609],"30":[500.7777709961,502.847442627,504.1094665527,505.6753845215,507.3934326172,510.4377746582,512.3005371094,513.9420776367,513.3192138672,512.2185668945,510.3240356445,507.4412841797,504.4380493164,501.9842529297,500.9182128906,498.0770568848],"31":[786.9219970703,808.5468139648,830.1477050781,851.735168457,873.6340332031,895.5144042969,916.5070800781,939.2925415039,936.9842529297,915.6955566406,894.4814453125,872.7293701172,851.0413208008,828.9886474609,807.8186035156,786.3880615234],