{"polygon_x":{"0":[295.6337585449,308.4454040527,321.3186645508,333.6230773926,346.6883544922,360.0106201172,372.637878418,385.3280944824,384.1445922852,371.0737915039,358.5270996094,345.8059997559,333.1708374023,320.2362670898,307.402923584,293.8414306641],"1":[189.0807952881,198.6651000977,207.9557952881,217.4044494629,227.0616760254,236.7161712646,245.9841156006,255.7536315918,254.2437896729,245.2539215088,235.3957366943,226.1888122559,216.9732971191,207.3053588867,198.1947479248,188.4893951416],"2":[389.2559204102,399.3463745117,410.308380127,420.9748840332,432.7883300781,443.8684387207,455.1252441406,466.2213745117,465.2105712891,453.6542358398,442.8708496094,431.9203186035,420.8429260254,409.8507995605,398.7932739258,388.2894287109],"3":[638.6176147461,648.1890869141,658.1454467773,667.6044921875,677.7789916992,687.9847412109,697.4897460938,708.0372314453,707.1259765625,697.512512207,687.2097167969,677.1381835938,667.1878662109,657.6414794922,647.8817749023,637.5604248047],"4":[98.5770721436,109.7762908936,120.4919052124,131.5342559814,142.143951416,153.3097076416,164.5238494873,175.6077270508,175.8128356934,165.117477417,153.4417724609,142.4844512939,131.519744873,120.8724822998,109.9890518188,99.052444458],"5":[260.4610900879,264.8926391602,269.0884399414,273.4393005371,277.4008789062,282.0149536133,286.1382751465,290.7253723145,289.0807800293,284.6945800781,280.3445129395,276.2492675781,272.6607055664,268.3798828125,263.8534240723,259.7168273926],"6":[708.4655761719,713.8850097656,719.8231201172,725.7384033203,731.0935058594,736.7461547852,742.1940917969,747.8091430664,747.9448242188,742.3630371094,736.2103881836,730.7437133789,725.3762817383,719.8999633789,714.3773803711,708.6307373047],"7":[468.2013244629,473.0286254883,478.4240112305,483.4102172852,488.6941223145,494.0502624512,499.1267700195,504.434173584,503.7626647949,498.7807922363,493.0680541992,487.8569946289,482.6406860352,477.4444885254,472.2067565918,467.2389221191],"8":[508.7795410156,526.8710327148,545.4730224609,564.4118652344,583.2008056641,601.1871948242,618.915222168,638.1206054688,637.1196289062,618.3750610352,599.7842407227,581.5740356445,563.0880126953,543.9879760742,525.7490234375,507.1920166016],"9":[845.3728637695,854.7399902344,857.9417724609,855.553894043,854.1590576172,861.7288818359,868.1437988281,876.9699707031,834.3303833008,835.6994628906,835.6284179688,828.2471313477,815.7952270508,810.1756591797,807.9440307617,805.9241333008],"10":[182.4541320801,179.1330871582,182.4854736328,186.2848815918,189.5608673096,192.7451324463,196.0239868164,200.9781646729,124.9843215942,126.4071960449,125.0443191528,124.1515731812,121.1800384521,119.6028900146,117.0905151367,110.4103469849],"11":[47.0934486389,54.0843887329,60.7272109985,67.3702545166,74.8992004395,81.5452270508,88.7455062866,96.9895172119,96.6673965454,89.0817565918,81.5545654297,74.5007476807,67.15990448,60.0040016174,53.360534668,46.0293540955]},"polygon_y":{"0":[198.6838531494,198.9163360596,198.5854797363,198.3189697266,198.4241943359,198.4585723877,198.550201416,198.6770629883,224.943862915,224.717956543,224.2970581055,224.3905944824,224.3089599609,224.1122131348,223.9035186768,223.6294708252],"1":[200.6545257568,199.9432067871,199.6871795654,199.7108306885,199.8757324219,199.3286437988,198.9334869385,199.4178619385,224.1662750244,223.9233093262,223.7337341309,223.8269195557,224.0008544922,223.5334014893,224.0633239746,224.162612915],"2":[203.289855957,202.2206726074,201.0168609619,200.7087860107,201.0194244385,200.8146820068,200.3007659912,200.4371337891,224.8257141113,225.2145233154,225.0919952393,224.9385986328,224.9477539062,224.7374725342,225.288772583,225.5683898926],"3":[199.6245727539,199.6341094971,199.5638122559,199.490234375,199.6381378174,199.7303771973,199.6180725098,200.3762512207,226.3211364746,225.8985137939,224.9261779785,224.6958618164,224.2846832275,224.2782440186,224.6019134521,224.8399963379],"4":[199.3166503906,199.0973205566,199.0342559814,198.8447265625,198.8405151367,198.6922302246,198.735534668,198.6315307617,223.3036956787,222.8906097412,222.6763305664,222.6910095215,222.9252929688,222.8815460205,222.4917755127,222.4972686768],"5":[200.5350341797,200.7319641113,200.7583312988,200.4457397461,200.3449707031,200.1910552979,200.3758392334,200.8503112793,223.0868225098,223.0802612305,222.9679260254,223.1109619141,223.0979919434,222.9992523193,223.0930786133,222.9782714844],"6":[199.4197845459,199.6067199707,199.9298858643,200.100112915,199.8787841797,199.7209472656,199.4573364258,200.869140625,225.3665008545,225.7144317627,224.9580993652,225.1222991943,225.2319641113,225.3344421387,225.3145446777,224.9096069336],"7":[202.9401855469,202.771270752,203.0444488525,203.2704772949,203.3511962891,202.973815918,203.1045532227,202.9453887939,224.6874847412,224.4967498779,223.995300293,224.1636962891,224.4772949219,224.575958252,224.9694213867,224.8530731201],"8":[199.6083679199,199.2271270752,198.9443206787,198.9633026123,199.1347351074,199.0164031982,199.4878540039,200.1874542236,228.3529968262,227.8470458984,227.3463592529,227.3025512695,227.3172302246,225.8550720215,224.700958252,224.6169433594],"9":[612.8651123047,614.8723144531,616.9895019531,619.0875854492,620.6113891602,618.6474609375,620.5942382812,628.9149169922,680.3354492188,677.5493774414,674.7596435547,673.1224975586,668.9011230469,662.5503540039,648.033203125,642.6027832031],"10":[0.0930701122,5.2823357582,10.4945659637,17.3434944153,21.884185791,26.1461219788,31.5919075012,40.4236221313,49.4295158386,41.3500671387,33.8031997681,28.6388225555,21.1974029541,16.5373497009,10.6616306305,8.0820960999],"11":[199.9183349609,199.3827667236,199.6002044678,199.9864044189,199.9441833496,199.8099517822,199.4815216064,199.7086334229,222.0307617188,221.9955749512,222.0656433105,222.3592376709,222.3501739502,221.9853210449,222.0385437012,222.4922180176]},"text":{"0":"Marks","1":"refer","2":"made","3":"Walls;","4":"2724.8","5":"to","6":"&c.","7":"on","8":"Buikdings,","9":"6","10":"T","11":"B.M."},"score":{"0":0.9878807068,"1":0.9648587108,"2":0.9858834147,"3":0.9847950339,"4":0.9497745037,"5":0.9781605601,"6":0.9769409299,"7":0.9555802345,"8":0.9878336191,"9":0.4937436581,"10":0.8334084749,"11":0.9342727661}}