{"polygon_x":{"0":[861.748046875,880.5145874023,899.4947509766,917.9661865234,936.5283203125,955.5745849609,974.4818725586,992.6367797852,991.0168457031,973.5217895508,954.8285522461,935.7830200195,917.4555053711,898.5534667969,879.6619262695,860.8971557617],"1":[968.4458007812,973.7183227539,978.4044799805,982.9130859375,987.4274291992,991.8511352539,995.7315063477,999.8040771484,999.7585449219,995.5290527344,991.1558837891,986.9072875977,982.5634155273,978.3374633789,973.4589233398,967.3179931641]},"polygon_y":{"0":[440.7394714355,441.1361694336,441.3739013672,441.2654418945,441.6629638672,441.8558044434,441.9234924316,441.4925537109,469.4379272461,469.2147521973,469.4147033691,469.2504577637,469.4465332031,469.6523742676,469.4590759277,469.1507263184],"1":[381.2832641602,380.8265380859,380.7854003906,380.9033203125,380.7637939453,381.0247497559,381.0120239258,380.5592041016,406.9184875488,407.2022705078,407.3681030273,407.4428710938,407.158782959,407.450012207,407.4604797363,407.9423217773]},"text":{"0":"Russian","1":"F1"},"score":{"0":0.9874616265,"1":0.9419019818}}