{"polygon_x":{"0":[525.6026611328,542.0407714844,557.9130249023,573.8709106445,590.0785522461,605.9724731445,621.4520263672,638.3030395508,637.1807250977,620.8006591797,605.0171508789,588.4533081055,572.8439941406,556.575378418,540.7177124023,524.772644043],"1":[970.921081543,973.6959228516,977.1329345703,980.6479492188,984.0503540039,988.4162597656,992.5367431641,995.3870239258,999.870300293,995.6820068359,992.2514648438,988.6201171875,984.9225463867,981.5411376953,977.7075805664,973.2503662109]},"polygon_y":{"0":[974.7021484375,974.758972168,974.6849365234,974.7938232422,974.8293457031,975.217956543,975.0790405273,974.8868408203,999.6380004883,999.4497680664,999.3287353516,999.2662353516,999.2847900391,999.2233276367,999.0017700195,999.1608886719],"1":[454.5574951172,454.2620239258,454.3665771484,454.0933227539,453.6991882324,453.1329650879,452.845916748,453.1275939941,471.4795532227,473.9793395996,474.901550293,475.462890625,475.8463745117,476.5561523438,477.0963745117,477.5173339844]},"text":{"0":"Cisterns","1":"2"},"score":{"0":0.9637984633,"1":0.5615326166}}