{"polygon_x":{"0":[374.6341247559,383.2856445312,391.7773742676,400.0886230469,408.923828125,417.5050354004,426.2524108887,436.5257568359,439.2936706543,430.190612793,420.5832519531,411.2705993652,402.1868896484,393.2250671387,384.1835021973,374.8387451172],"1":[342.1832885742,351.8687133789,361.4284057617,370.7256774902,380.1689147949,390.241027832,399.8667907715,409.4128112793,408.3466186523,399.3548583984,388.8898925781,379.0745239258,369.409362793,359.5025024414,349.6927185059,339.9411010742],"2":[453.7969665527,461.7514648438,470.5037841797,479.1049804688,487.7074584961,496.9685058594,505.8075256348,515.2341308594,521.4466552734,511.9528808594,502.6211242676,493.879699707,485.2375488281,476.5958862305,468.1262817383,459.1079101562],"3":[499.6548461914,509.785949707,519.5577392578,529.1586914062,539.3790283203,549.3386230469,559.1470947266,569.1433105469,567.6378173828,558.2217407227,548.0242919922,538.0010375977,528.1766357422,518.158996582,508.1974487305,498.2439575195],"4":[728.501953125,736.1992797852,743.8719482422,751.2145996094,758.6019287109,766.0257568359,772.6958007812,779.9686279297,793.9452514648,786.2653808594,778.1008911133,770.2829589844,762.2386474609,754.3997192383,747.0581665039,738.5626220703],"5":[770.1534423828,773.3974609375,775.7380371094,778.9373168945,782.657409668,786.2661743164,789.7155151367,792.9010009766,814.5858154297,811.06640625,807.6244506836,803.9114379883,800.1745605469,797.3157958984,794.1401367188,791.0866699219]},"polygon_y":{"0":[788.4716796875,788.6026611328,788.2681274414,787.6112060547,787.3106689453,786.7160644531,786.0699462891,785.1665649414,808.11328125,808.6688232422,808.7175292969,809.2125854492,809.6612548828,810.4793701172,810.866394043,810.8422241211],"1":[607.780090332,608.4302368164,609.016418457,609.2916870117,609.4490966797,609.7459106445,609.9183959961,609.729675293,634.2260131836,634.1711425781,634.3215332031,634.0335083008,633.7838134766,633.7202148438,633.8322143555,633.6572265625],"2":[413.8837890625,411.675567627,409.9067382812,407.6492919922,405.9408874512,403.9073486328,402.1885681152,400.4363708496,423.505279541,424.467010498,425.9867858887,427.4859619141,430.1184692383,431.9603881836,434.4444580078,438.1247253418],"3":[739.4500732422,740.1527099609,740.6204223633,740.6353149414,741.0681762695,741.4694213867,741.8037109375,741.7584228516,766.0491943359,765.6854248047,765.7028198242,765.1098632812,764.6538085938,764.6610107422,764.8226928711,764.7062988281],"4":[863.9074707031,860.8563232422,857.0983276367,853.1912231445,849.0618286133,845.2154541016,840.9754638672,836.162109375,853.893737793,858.3803710938,862.2357177734,866.2264404297,870.4135131836,874.1135253906,878.2119140625,882.3657836914],"5":[972.8528442383,964.9313354492,957.0868530273,949.1904296875,941.361328125,933.2487792969,924.544921875,917.530456543,927.169128418,934.8532714844,942.6953125,950.5876464844,957.86328125,965.9948120117,974.0085449219,981.5161132812]},"text":{"0":"2379","1":"Cave","2":"2429","3":"Cave","4":"2369","5":"2359"},"score":{"0":0.9604037404,"1":0.9816817641,"2":0.9656935334,"3":0.9746893048,"4":0.9659371972,"5":0.9622490406}}