{"polygon_x":{"0":[183.8001708984,196.0735778809,208.1766967773,219.78956604,231.5362854004,243.7780609131,255.7449951172,268.0803222656,266.127166748,254.4459381104,241.9300231934,229.9542999268,218.350982666,206.2014007568,194.088470459,182.4417114258],"1":[611.6226806641,622.7170410156,634.5854492188,646.1270141602,657.7863769531,669.5739135742,680.7447509766,692.5878295898,692.2064208984,680.7532958984,669.0776367188,657.2305908203,645.6546630859,633.5588989258,621.6076049805,610.2503662109],"2":[951.1314697266,958.8281860352,965.8541259766,972.7424316406,980.0225830078,987.0963134766,993.7406005859,999.8840332031,999.7305297852,992.858215332,986.1701660156,978.7052001953,971.5059814453,964.4995117188,957.5706787109,950.0163574219],"3":[798.7100219727,807.8594360352,816.9765625,826.6811523438,835.3826293945,844.8604736328,853.8572998047,862.5658569336,862.4714355469,853.8726806641,844.5852661133,835.4196777344,826.5842285156,817.7047119141,808.4766235352,799.5045166016],"4":[126.5919036865,134.3892059326,141.0364227295,148.3072967529,155.8744659424,163.7083435059,171.1110076904,178.55027771,176.6826629639,169.517791748,161.8687438965,154.4072570801,147.3885040283,139.8107757568,132.5197753906,125.1252593994],"5":[890.1979980469,898.9677734375,907.0812988281,915.4536132812,923.4262084961,931.3983764648,939.7276611328,947.7569580078,946.444152832,939.2932739258,931.0612792969,923.0462646484,914.7393798828,905.934387207,897.7199707031,888.8668212891],"6":[339.0953369141,389.7767944336,439.6263122559,490.3747558594,540.3017578125,590.4473266602,641.6417236328,693.7262573242,694.2127685547,641.7687988281,591.5596923828,540.4165039062,490.7197265625,440.5861816406,389.7784729004,338.9223022461],"7":[718.7814941406,737.6187133789,756.8853149414,776.0973510742,795.0418701172,813.3863525391,832.1371459961,849.8967285156,850.3051147461,831.7022705078,812.9385986328,793.9643554688,775.7735595703,756.819152832,738.2044067383,718.5988769531],"8":[271.8889160156,274.5190124512,277.6553649902,281.2361450195,285.5285644531,289.1807250977,292.9959411621,297.1787109375,317.4291381836,312.7910461426,308.46484375,304.3536071777,299.8972167969,296.5539245605,292.5468444824,288.7713928223],"9":[194.197555542,200.1458129883,206.3590087891,213.37109375,219.348815918,226.407409668,232.2363128662,238.5552978516,254.1538848877,247.695526123,241.4713287354,235.0182495117,228.5491333008,222.6307678223,217.4416503906,212.3061218262],"10":[129.6172332764,135.6655731201,142.4920043945,149.2633514404,155.6984558105,162.5270385742,169.1400299072,175.9276123047,185.8822784424,178.4680175781,171.423248291,163.6494140625,156.8668212891,150.3583068848,143.5236206055,135.9630126953],"11":[874.1496582031,889.3303222656,906.2710571289,922.6707763672,940.2120361328,957.4429931641,974.3425292969,993.8038330078,995.5489501953,976.8164672852,958.8790283203,941.0912475586,923.8138427734,907.1126708984,889.8235473633,873.8528442383]},"polygon_y":{"0":[722.5391845703,722.8211669922,723.4808349609,724.0588378906,723.7838745117,724.3146972656,725.0674438477,725.1373291016,747.0800170898,746.8734741211,747.2327880859,746.7419433594,746.6543579102,746.7404785156,746.7255859375,746.5601196289],"1":[694.3252563477,694.0920410156,694.5034179688,694.7671508789,694.7589111328,694.8770141602,694.8636474609,695.8135375977,718.0384521484,717.9340820312,717.8081054688,717.7581176758,717.8624267578,718.0169677734,717.9556274414,717.5189819336],"2":[785.1511230469,784.9429931641,785.28515625,785.6969604492,786.0116577148,786.2279663086,786.5280761719,787.0511474609,809.6737670898,809.9120483398,809.7673339844,809.7509765625,809.5803222656,809.6419677734,809.9252929688,809.5579833984],"3":[520.8557128906,519.9606323242,520.2181396484,520.3654174805,520.4633178711,521.1002807617,520.8503417969,520.6929321289,543.9025268555,543.7541503906,543.4348754883,543.2994995117,543.3681030273,543.5107421875,543.3400268555,544.1446533203],"4":[721.9631958008,721.335144043,721.4138793945,721.1351318359,721.2548217773,721.4095458984,721.3397216797,721.4206542969,747.3450927734,746.7868041992,746.8182983398,746.8609008789,746.7852172852,746.7993774414,747.1475830078,746.7487182617],"5":[785.0646362305,784.6483764648,784.9055175781,784.8054199219,784.9765625,784.9286499023,784.9091796875,785.1425170898,809.7734375,809.6693115234,809.5953979492,809.568359375,809.3474121094,809.1985473633,809.5183105469,809.486328125],"6":[119.3966751099,119.1207580566,118.0584640503,118.0985412598,117.9184036255,117.3614349365,117.1176300049,118.8613967896,177.3246154785,177.1852874756,176.5428009033,176.1742401123,175.9921569824,175.056060791,174.8727111816,175.4596557617],"7":[119.483039856,118.6402893066,118.2466125488,118.842918396,118.8031921387,119.0408248901,119.6919403076,121.0760574341,179.6234436035,179.4562530518,179.3112182617,179.3196868896,178.6571960449,178.1999053955,176.9175109863,176.2840576172],"8":[937.0997314453,932.1622314453,926.4113769531,920.4801025391,914.0551147461,908.0391845703,901.5086669922,894.4311523438,904.0975341797,911.6365966797,918.6052246094,924.5911254883,930.970703125,936.7646484375,943.05859375,949.1082763672],"9":[856.4666137695,851.1082763672,845.1995239258,839.1321411133,833.1890258789,826.9321289062,820.9323730469,814.1600341797,828.0612792969,835.2836914062,841.8199462891,847.8161010742,853.9998779297,859.5471801758,865.455078125,871.4944458008],"10":[696.532043457,693.5559082031,690.5720214844,687.3733520508,684.0456542969,680.6215820312,676.9034423828,672.4288330078,688.0919799805,692.2638549805,696.1092529297,700.5059204102,703.7065429688,707.2204589844,711.3231811523,715.3455200195],"11":[119.8140640259,119.0463256836,118.440322876,118.9946060181,119.1413269043,119.5412063599,120.4895019531,121.2579193115,180.6812286377,180.1835021973,180.1077575684,179.6731567383,179.7738494873,179.695892334,179.9351501465,179.0011291504]},"text":{"0":"Gistern","1":"Ruins","2":"Cist","3":"2492","4":"Old","5":"Old","6":"COLONEL","7":"SIR","8":"66t","9":"68vd","10":"6LV","11":"HE"},"score":{"0":0.9651520252,"1":0.9805192351,"2":0.9760245681,"3":0.9370930791,"4":0.9511985779,"5":0.9765202999,"6":0.9902639389,"7":0.9860753417,"8":0.4816833436,"9":0.8674122095,"10":0.8019050956,"11":0.9859367013}}