{"polygon_x":{"0":[242.6396484375,259.2370300293,276.3040771484,293.7844238281,311.0026855469,327.6116333008,344.3502502441,361.8261413574,361.6179199219,345.117767334,327.6275024414,310.6030273438,293.9860229492,276.590637207,259.8569335938,242.1369018555],"1":[0.0099965082,12.9458885193,28.0957889557,42.4559707642,58.0540008545,73.2013015747,88.7475204468,104.3551635742,104.5272827148,88.6311340332,72.9409103394,58.0680160522,42.6373672485,28.3633975983,13.5779972076,0.01211413],"2":[115.1015472412,122.0567398071,127.9898757935,134.5874176025,141.0877227783,147.9750213623,154.6235961914,160.8625030518,161.0595855713,154.757232666,147.815032959,141.3996582031,135.1167602539,128.7854156494,122.504119873,115.8763046265],"3":[169.5697631836,178.872756958,187.6289978027,197.1959075928,206.0596618652,214.7772979736,223.4066162109,231.1126556396,231.7863769531,223.2021942139,214.4290771484,205.838104248,197.0054931641,188.2428131104,179.1060638428,170.1035919189],"4":[681.1133422852,681.5277709961,681.7276611328,682.2958984375,682.1727294922,681.984375,681.9530029297,681.6677246094,705.7471923828,705.8756103516,705.0793457031,704.385925293,703.6761474609,703.3413696289,703.4273681641,704.075378418],"5":[898.5118408203,898.186706543,897.6456298828,897.2095336914,896.1508178711,895.3718261719,893.9455566406,892.3175048828,914.0784301758,914.7604370117,915.7952880859,916.8541259766,917.5568847656,917.9918823242,919.2836914062,920.3843994141],"6":[71.2022018433,74.9061660767,79.7251586914,84.5165328979,88.7754440308,92.7794189453,96.0238189697,99.9949035645,80.4830474854,77.35887146,73.6742477417,70.0187072754,66.006072998,62.023651123,57.6382102966,52.4376754761]},"polygon_y":{"0":[9.5312099457,9.8573608398,10.8014583588,11.6465044022,11.8480606079,12.2120485306,12.6208724976,14.1592273712,55.3288192749,54.6456184387,54.2673950195,53.5805206299,53.6210784912,53.1504096985,49.965637207,49.1192398071],"1":[17.3197250366,15.8277177811,13.9524097443,13.2843151093,13.476723671,12.747174263,12.3281726837,14.3001174927,48.3382377625,49.4168243408,49.8834762573,49.502696991,49.3604278564,48.8097381592,47.8431854248,47.2097320557],"2":[15.1932086945,14.1702079773,13.1192264557,12.7952518463,12.4119615555,11.9529972076,10.9786338806,10.8876209259,48.3508872986,48.728515625,49.134059906,49.0508270264,49.057258606,49.2199554443,49.3571281433,49.4070663452],"3":[12.1319189072,11.5384950638,11.1188459396,11.5757579803,11.3765916824,11.1656208038,11.1541423798,13.188334465,48.4329833984,48.9423713684,49.1544532776,49.4107513428,49.21849823,49.1275558472,49.1377220154,48.8214950562],"4":[216.2886810303,208.3988342285,200.4628601074,191.4585113525,182.9370727539,175.3468475342,166.5419006348,158.5895996094,159.1118164062,167.2804412842,176.0938110352,184.1408538818,191.6999053955,200.0592803955,207.775100708,216.0469207764],"5":[153.6410827637,144.1585845947,135.1025695801,124.0436248779,113.5450897217,103.0639801025,92.5928573608,85.0721588135,81.1639022827,90.6415863037,101.5157928467,112.161239624,121.7837600708,131.8082275391,140.9668121338,151.543548584],"6":[258.8482971191,263.8589477539,269.8347167969,276.5068969727,282.1481628418,289.3298950195,295.4554138184,303.1881103516,314.8626708984,308.3163452148,302.07421875,296.786895752,291.393157959,285.2079772949,280.6260681152,274.6945495605]},"text":{"0":"Kings","1":"oobs","2":"of","3":"the","4":"2499","5":"2489","6":"61S"},"score":{"0":0.9888482094,"1":0.9893097878,"2":0.9846547842,"3":0.9859352112,"4":0.9415225387,"5":0.608242631,"6":0.801402688}}