{"polygon_x":{"0":[622.0637207031,634.2276611328,646.5902709961,658.556640625,671.5451049805,684.1583862305,696.6384887695,709.2839355469,706.6527709961,693.6951904297,680.4938964844,668.1231079102,656.2034912109,643.3886108398,630.4470825195,618.5852661133],"1":[659.4801025391,669.3016357422,679.1903686523,688.8723144531,698.3178100586,707.7052001953,717.4986572266,727.575378418,728.5380859375,718.8931274414,709.2403564453,699.739074707,690.1264038086,679.9758911133,669.9118652344,660.164855957],"2":[782.5518798828,796.7587890625,811.1544189453,825.1660766602,839.3441162109,854.0725097656,868.2224121094,882.5450439453,881.5980224609,867.6202392578,853.2055664062,839.1747436523,824.4509887695,809.6704101562,795.4187011719,781.3651123047],"3":[444.8020935059,453.8681640625,463.191986084,472.9896240234,482.2388305664,492.2037963867,501.947479248,511.137878418,511.8802185059,502.5887451172,492.821105957,483.1992797852,473.6901245117,464.4553833008,455.0987548828,444.8647460938],"4":[287.6742858887,290.1362304688,293.218963623,296.5202941895,299.7245788574,302.6311645508,304.5521240234,308.346282959,290.7278747559,287.6173706055,285.1976928711,282.5334472656,279.3121337891,276.5042114258,273.7291259766,270.2568969727],"5":[728.24609375,736.9110107422,745.5284423828,753.831237793,762.0833740234,770.8605957031,779.092956543,787.1338500977,787.7245483398,779.4981689453,770.9371948242,762.2258911133,753.9219970703,745.7257080078,737.3858032227,729.0642700195],"6":[624.264465332,632.4275512695,641.2854614258,649.944519043,658.8327636719,667.0531005859,675.0878295898,683.619934082,683.9224853516,675.3063354492,666.9887695312,658.4618530273,649.7469482422,641.2751464844,632.3206176758,623.3970947266],"7":[360.2315673828,369.0021972656,378.4369506836,387.7287597656,397.5573425293,406.857635498,415.9562988281,425.0434875488,425.1683044434,415.9564208984,406.7608642578,397.3174743652,388.1648254395,379.3137207031,369.9783935547,360.6096801758],"8":[766.6171875,774.211730957,782.4455566406,790.6770019531,798.6120605469,806.6775512695,814.830078125,823.2556152344,825.632019043,818.2514648438,809.7907714844,801.0841064453,792.7711181641,784.2747802734,776.4398193359,767.3520507812],"9":[342.3706054688,349.6801452637,356.9818725586,364.1104736328,371.4099731445,379.2928771973,386.921875,394.793762207,394.820098877,386.766418457,378.9672241211,372.0227355957,364.4987182617,357.2358398438,350.0221252441,342.3106384277],"10":[154.090713501,160.5585021973,166.6934967041,173.450302124,180.3457794189,186.9379272461,193.3125152588,199.8843231201,187.7812805176,181.557220459,174.2487335205,167.5045776367,160.6193389893,153.5725250244,146.8632659912,140.2181549072],"11":[693.5433959961,700.0524291992,706.6282958984,713.9215087891,721.2171020508,727.6956176758,734.1268920898,740.7047119141,727.0659179688,721.0197753906,715.1561279297,708.6640014648,702.3831787109,696.1218261719,689.4689941406,683.5050048828],"12":[744.9536743164,760.3826904297,775.5319213867,791.1997070312,805.7766113281,821.0491333008,836.0616455078,850.782409668,848.7547607422,834.4437255859,819.4102783203,804.1707763672,789.2719116211,774.0125732422,759.4896850586,745.2397460938],"13":[686.2923583984,695.6999511719,704.5071411133,713.5686035156,722.8227539062,731.6049194336,739.8139038086,748.5195922852,750.9565429688,741.9371948242,732.3383789062,723.3397827148,714.3240356445,705.1643066406,696.1090698242,687.0506591797],"14":[547.7816162109,556.2518920898,564.8426513672,572.7343139648,584.377746582,594.8545532227,605.1817016602,613.1670532227,614.8548583984,605.8901977539,597.3294677734,587.2001953125,575.5949707031,564.8638305664,557.2976074219,549.2487792969]},"polygon_y":{"0":[915.5335083008,916.6116943359,917.1778564453,917.6440429688,918.5836791992,919.3563842773,920.4010009766,920.5402832031,953.6679077148,951.2048339844,949.5115966797,948.240234375,947.1145019531,945.5989990234,944.5694580078,943.6724243164],"1":[833.4170532227,833.8146362305,833.6245117188,833.2750854492,832.6459350586,831.8898925781,831.5069580078,831.6431274414,861.9974365234,862.616027832,863.0230712891,863.610534668,864.1430053711,864.0792236328,864.3627319336,864.4005126953],"2":[149.8666992188,149.8108825684,149.8055725098,149.9834594727,150.0537719727,150.4266052246,150.948638916,151.2214050293,173.8689880371,173.4714050293,173.6772918701,173.6184539795,173.5742797852,173.3873596191,173.0657958984,172.8982849121],"3":[555.0208129883,555.0072631836,555.0316772461,554.815612793,554.8107299805,554.7754516602,554.232421875,554.3891601562,575.7023925781,575.4161987305,575.5032348633,575.7026367188,575.870300293,576.2501220703,576.7592773438,576.5220947266],"4":[15.6534910202,22.8599720001,31.3559303284,39.4438095093,46.2070083618,53.4743728638,60.6792106628,68.5523452759,74.4689788818,66.7600097656,60.4242782593,53.3393287659,46.289100647,37.9400062561,30.726524353,23.8857059479],"5":[828.3792114258,827.9644165039,828.0354003906,828.0257568359,827.9877319336,828.0374755859,827.7764282227,828.1434326172,849.3822631836,849.0314941406,848.8378295898,848.7465820312,848.6187744141,848.8973388672,849.494934082,849.1083984375],"6":[888.9118041992,888.942565918,889.4178466797,889.5218505859,889.2595825195,889.3282470703,889.186340332,889.1118164062,910.1625976562,909.9212036133,910.1380615234,910.0713500977,910.1385498047,910.3370361328,909.8455200195,909.5012207031],"7":[94.0475158691,93.9488296509,94.0916824341,93.8525238037,93.8734588623,93.8761062622,93.7285003662,93.5705108643,115.3590545654,115.3440856934,115.2210159302,115.0531005859,115.4539413452,115.3171157837,115.3139572144,115.0308151245],"8":[638.7329101562,639.0423583984,638.4157714844,637.0178833008,636.3634033203,635.3829345703,634.0619506836,632.2302246094,653.1278076172,653.98046875,655.6281738281,656.6814575195,657.5473632812,658.3062133789,659.0335083008,659.1697998047],"9":[391.4542236328,391.5542297363,391.6682434082,391.6423950195,391.7108764648,391.3163452148,390.899810791,390.9404296875,411.3659973145,411.784942627,412.0093078613,412.2774658203,412.240020752,412.1670837402,412.5124816895,413.3747558594],"10":[156.0283203125,161.8826446533,167.2613525391,173.2620391846,178.9549255371,184.0037384033,189.4300537109,194.4708557129,210.1239776611,205.5045928955,200.2239837646,194.7621917725,189.7703399658,184.0529632568,178.9257659912,174.2656555176],"11":[770.0650024414,773.8000488281,777.3579101562,782.2705688477,787.5404052734,792.6845703125,798.2068481445,804.6064453125,820.1840209961,814.9673461914,809.8546142578,804.9317626953,800.4614868164,795.263671875,790.3790893555,786.2116699219],"12":[680.7165527344,680.8873291016,681.9790039062,683.4046020508,684.9414672852,686.3177490234,688.6624145508,690.5642089844,710.4297485352,708.7824707031,706.7381591797,705.0329589844,703.5584716797,702.955078125,702.6584472656,702.7346191406],"13":[889.3221435547,889.1102294922,889.3322753906,889.4186401367,889.1932373047,888.9995117188,888.9080810547,888.8961791992,911.2180175781,910.9228515625,910.7354736328,910.9876098633,911.1672363281,911.3060913086,911.4058837891,911.0866699219],"14":[831.4368286133,831.7005004883,831.9353027344,831.8652954102,832.150390625,832.3731079102,832.4141845703,832.8365478516,851.6323242188,851.9513549805,852.1032714844,852.4050292969,852.5378417969,852.1879882812,852.3776855469,851.7151489258]},"text":{"0":"Heap","1":"Ash","2":"Cistern","3":"2522","4":"6677","5":"2545","6":"SUR.","7":"2494","8":"6297","9":"B.M.","10":"60S7","11":"6992","12":"540","13":"2569","14":"254"},"score":{"0":0.9827856421,"1":0.9843743443,"2":0.9804890156,"3":0.9696221948,"4":0.7535415292,"5":0.971454978,"6":0.9206351042,"7":0.9718605876,"8":0.8882859349,"9":0.9557339549,"10":0.9336419702,"11":0.7371329069,"12":0.8418356776,"13":0.8998167515,"14":0.5989832282}}