{"polygon_x":{"0":[889.1516113281,894.2333374023,899.0865478516,904.4277954102,909.299987793,914.4003295898,919.990234375,925.0620117188,905.3592529297,901.1530151367,896.5458984375,891.8193969727,886.6723022461,882.0882568359,877.0632324219,871.1823730469],"1":[792.5885009766,798.6229248047,804.4919433594,810.7361450195,816.1469726562,822.2475585938,827.9180908203,834.4684448242,819.5016479492,813.8807373047,807.9961547852,801.9910888672,796.0303955078,790.2589111328,784.8718261719,778.7716674805]},"polygon_y":{"0":[723.0982666016,729.9697265625,737.4059448242,745.0673828125,752.2395019531,759.9071655273,768.0627441406,776.1309814453,792.8595581055,783.4313354492,775.167175293,767.2952880859,759.1571655273,751.8512573242,744.6795043945,737.0717773438],"1":[862.5073852539,867.7355957031,873.7476196289,880.1211547852,885.7021484375,891.9747314453,898.3835449219,904.8659667969,920.4176025391,914.6218261719,908.4332275391,902.3272705078,896.3575439453,889.8723144531,883.4793701172,877.4106445312]},"text":{"0":"2499","1":"2489"},"score":{"0":0.9749441743,"1":0.9726082683}}