{"polygon_x":{"0":[650.1290283203,665.6369018555,680.5434570312,695.5026245117,710.174621582,725.6189575195,740.671875,756.0920410156,754.9807739258,739.9350585938,724.8979492188,709.3226318359,694.6390380859,679.2915039062,664.1538085938,648.8166503906],"1":[466.3708190918,481.2416381836,496.1245727539,510.9497375488,525.4262084961,540.8083496094,555.8421020508,570.973815918,569.8479614258,554.6145019531,539.5955810547,524.7777709961,510.3809814453,494.8973999023,480.100982666,465.226776123],"2":[467.1900939941,476.0069274902,484.8270874023,493.0050964355,502.0032348633,510.9241027832,519.1369628906,528.3210449219,526.4158935547,518.4631958008,509.3753662109,500.3118591309,491.84765625,482.9655761719,474.100769043,466.0403137207],"3":[538.2923583984,552.772644043,566.8994750977,580.7048950195,594.8239746094,609.2138061523,623.3831176758,638.1315917969,636.6697998047,622.3658447266,607.9618530273,593.5456542969,579.5266723633,565.2459106445,550.7713623047,536.9345703125],"4":[151.1988525391,159.71875,169.1839294434,178.5788116455,187.836517334,197.0945892334,206.1911621094,215.9020385742,215.5101013184,206.4101409912,196.8984222412,187.9474639893,178.8406677246,169.7627868652,160.3562316895,151.3155517578],"5":[0.5008917451,13.323091507,25.5169391632,38.979221344,51.6865844727,64.6387710571,78.4566802979,91.3840179443,89.5378799438,76.7884140015,63.5521507263,50.9113311768,38.5974693298,25.6786689758,13.1225795746,0.2601330876],"6":[390.6420898438,398.8457641602,408.1260681152,417.0090026855,426.2397766113,435.505859375,444.8158569336,453.8370361328,454.2121887207,445.6428527832,436.3439331055,427.0595703125,417.8826904297,409.0229492188,400.2307128906,390.9970703125],"7":[353.8128356934,366.9836425781,379.0809936523,391.6898193359,403.9825439453,417.0303955078,430.0636291504,442.8389892578,442.5415649414,430.078704834,417.236328125,404.4619445801,392.4843139648,380.1495361328,367.6347045898,354.7670898438],"8":[300.799407959,307.3357543945,314.7940673828,322.0798950195,329.3718261719,337.210357666,345.129699707,352.3686523438,351.1366577148,344.3458862305,336.9350585938,329.6049194336,322.475402832,315.4317626953,308.4657287598,300.2832336426]},"polygon_y":{"0":[475.0434570312,475.2466125488,475.491027832,475.5665588379,475.7065429688,476.2782287598,476.4267272949,476.5057678223,500.7690124512,500.357208252,500.4979248047,500.1462097168,500.1722717285,500.206237793,500.1824951172,500.0758666992],"1":[506.5984802246,506.4110717773,506.630065918,506.5502624512,506.8391113281,507.0310058594,507.0914306641,507.2449951172,531.0864257812,531.0488891602,531.2619018555,530.8182983398,530.8946533203,530.9776611328,530.7308349609,531.1432495117],"2":[952.1335449219,951.9747924805,951.9332885742,952.1520385742,952.3831787109,952.5623168945,952.8658447266,952.4736328125,979.3032226562,978.1752929688,977.7710571289,977.5992431641,977.4826660156,977.4381103516,977.5751342773,977.3575439453],"3":[954.4559326172,954.8350830078,954.8776855469,955.0295410156,955.0258789062,955.494934082,956.5025634766,956.4553833008,980.2589111328,979.7522583008,979.6123046875,979.3303833008,978.9413452148,979.1929931641,979.3453369141,979.6962890625],"4":[720.0709228516,720.0107421875,720.0985107422,719.96484375,720.1400756836,720.2806396484,719.9266967773,719.6460571289,742.3188476562,742.3375244141,742.076171875,741.9007568359,741.7298583984,741.8994750977,742.1064453125,742.1082763672],"5":[566.9354858398,566.5915527344,566.8636474609,566.9872436523,566.7229614258,567.2164306641,567.0646362305,567.0189208984,591.9317626953,591.6730957031,591.37109375,591.4954223633,591.5152587891,591.4404296875,591.6690063477,591.6068725586],"6":[274.9010620117,275.9313354492,275.9358215332,275.4562683105,275.5084533691,275.1932678223,274.8513793945,275.4659423828,299.3218688965,299.5785522461,299.3556213379,299.272857666,299.3081970215,299.2943725586,299.396484375,299.5046386719],"7":[460.3052978516,460.2678222656,460.2233276367,459.7923278809,459.7864990234,459.4552612305,459.1937561035,459.0377502441,482.36328125,481.9494628906,482.0305175781,482.0081176758,481.701171875,481.9444580078,481.8045043945,481.778503418],"8":[460.8373718262,460.9517211914,460.8871154785,461.0911865234,461.1523132324,460.8787841797,460.733001709,460.5288391113,480.8248291016,480.442565918,480.3399353027,480.3655700684,480.8297119141,480.9340209961,480.7201843262,481.3741455078]},"text":{"0":"Cistern","1":"Cistern","2":"Old","3":"Cistern","4":"2558","5":"listern","6":"2550","7":"25563","8":"B.M."},"score":{"0":0.9814068079,"1":0.9801195264,"2":0.9793003201,"3":0.9733299017,"4":0.9673310518,"5":0.9599021673,"6":0.9713456631,"7":0.9304472208,"8":0.8323655128}}