{"polygon_x":{"0":[327.5477294922,334.9421691895,342.3045349121,349.6535644531,357.0523071289,364.975769043,372.4698181152,380.0512695312,378.2347412109,370.6234741211,362.7930908203,355.5592651367,348.3446044922,340.6958618164,333.2207946777,325.7294921875],"1":[157.8258666992,170.9387054443,184.3315124512,197.3538513184,210.4478759766,223.9598388672,237.083190918,250.1284179688,248.7734832764,236.1988067627,222.5715484619,209.753036499,196.6781921387,183.3522796631,169.7970275879,157.0488586426],"2":[386.0484008789,399.3955993652,412.6174316406,425.1939697266,438.4433288574,451.7448120117,465.0416870117,478.4733276367,477.1661682129,464.1708068848,450.560546875,437.5443725586,424.3945007324,411.1883239746,397.8125610352,384.7337341309],"3":[45.5585250854,58.9773101807,72.1469726562,85.1915740967,97.9443206787,111.3576431274,123.9505767822,138.540222168,139.0827789307,125.5619812012,111.3660812378,97.1360397339,83.9266967773,70.3234710693,57.1836013794,43.7172164917],"4":[1.1657286882,7.181748867,12.7676105499,18.7699337006,24.2213172913,30.3510322571,36.3202705383,41.0034713745,40.3173675537,34.1023406982,28.4488277435,23.0180778503,17.9104480743,12.116979599,6.3746852875,0.2777228355]},"polygon_y":{"0":[187.2060546875,187.0200195312,187.3545227051,187.2411193848,187.0631256104,186.9109191895,187.0943908691,187.2410736084,212.5729522705,212.6432495117,212.6108703613,212.7755889893,212.826751709,212.989364624,213.108001709,212.858581543],"1":[879.2932739258,879.2578125,879.3207397461,879.3753051758,879.4299316406,879.7227783203,880.0704345703,879.8955078125,903.5928955078,903.5781860352,903.7620849609,903.5861206055,903.548034668,903.2991943359,903.2174072266,903.2768554688],"2":[188.1010437012,188.2042236328,188.6151123047,188.7214660645,188.8896789551,189.3475646973,190.2155456543,190.5983123779,212.8602905273,212.9461364746,213.4796905518,213.3146057129,213.014831543,212.8084716797,213.0871276855,213.2361450195],"3":[430.795715332,430.7247619629,431.1330871582,431.1005249023,430.8739624023,431.1442871094,431.7349853516,431.5728149414,456.509765625,456.0132141113,456.213104248,455.9724121094,455.5768432617,455.5861206055,455.8983764648,456.0126342773],"4":[429.7343139648,429.9740600586,430.0827636719,429.6831665039,430.1057434082,430.1928710938,430.2397460938,430.1151733398,454.81640625,454.4704589844,454.3741149902,454.4434204102,454.4003601074,454.4288635254,454.3952026367,454.5781860352]},"text":{"0":"Old","1":"Cistern","2":"Cistern","3":"Cisterne","4":"Old"},"score":{"0":0.9746870399,"1":0.982994318,"2":0.9744104743,"3":0.961581707,"4":0.8687533736}}