{"polygon_x":{"0":[365.885559082,377.4684448242,389.403137207,400.8815307617,412.8040771484,424.3090209961,435.6056518555,447.0588378906,445.5516357422,434.431427002,422.4727172852,410.6840515137,399.1953125,387.5616760254,375.9778137207,364.221496582],"1":[73.6310119629,76.9758453369,79.7669219971,83.3351135254,86.4229278564,89.776550293,92.9292144775,95.7045822144,113.5718154907,111.2248382568,107.6867370605,104.3705444336,101.2560653687,98.3814163208,94.7747650146,92.0701446533],"2":[303.3710632324,311.9653625488,320.5588989258,329.2535400391,337.7233276367,346.9586181641,355.1803894043,363.8847045898,363.7443847656,355.4349060059,346.5282592773,337.7053222656,329.0509643555,320.6586914062,311.955291748,303.3752441406],"3":[218.6036987305,223.6253204346,229.399017334,235.0620269775,240.6707763672,246.5288543701,250.6898651123,256.0059204102,273.1267089844,267.6397399902,261.5595092773,255.5781402588,249.7955169678,244.5447387695,239.0561676025,234.6282196045]},"polygon_y":{"0":[943.3971557617,943.5686035156,943.7271728516,944.3502197266,945.1427001953,945.9588623047,946.6228637695,947.4965820312,969.466796875,969.2457275391,968.9755859375,968.8223876953,968.537109375,968.2738037109,967.7877807617,967.1331176758],"1":[786.0100097656,780.5211181641,773.8278198242,766.3731689453,759.6489257812,751.3889160156,744.1903686523,737.1994018555,746.5746459961,753.6751708984,761.1566772461,768.7793579102,776.346496582,784.0528564453,792.3826904297,799.2028808594],"2":[449.7848510742,450.101776123,450.0144958496,449.9582214355,450.2243041992,450.0863952637,449.6756591797,449.2633666992,473.3211975098,473.1570129395,472.9473876953,472.7487487793,472.3109741211,472.2168579102,471.904296875,472.2694091797],"3":[874.5521240234,869.4020996094,862.5755615234,856.0852050781,849.8029785156,843.4323730469,837.5479736328,831.2701416016,844.2141723633,850.8598632812,857.5255737305,863.7600097656,870.5460205078,876.3805541992,883.2282104492,889.7354125977]},"text":{"0":"Ruins","1":"2319","2":"2318","3":"2309"},"score":{"0":0.9468039274,"1":0.9375271797,"2":0.9514157772,"3":0.8685954213}}