{"polygon_x":{"0":[707.3721313477,720.0574951172,732.6870727539,745.3680419922,758.1820068359,771.2253417969,784.0694580078,796.4780273438,794.8772583008,782.3892822266,769.6843261719,756.746887207,744.2221679688,731.3674926758,718.6610107422,706.0203857422],"1":[29.8736991882,41.8176231384,54.0257644653,66.3301544189,78.5579299927,91.0227890015,103.2955856323,115.2760162354,113.7314682007,101.9158859253,89.4272003174,76.943069458,64.618309021,51.9169692993,39.5361442566,27.6839828491],"2":[236.1829376221,244.8599395752,253.2328491211,261.9878845215,270.6656799316,279.8301391602,289.2260131836,297.4163208008,296.7801513672,288.2362365723,278.7587890625,269.9568481445,261.5182189941,252.3709411621,243.5571899414,234.4821166992],"3":[265.7493591309,273.9483947754,282.6287841797,291.6792297363,300.3157653809,309.1990966797,318.1383056641,326.7765808105,326.1770019531,317.668182373,308.8601989746,300.2293395996,292.0114746094,283.4693603516,274.8762817383,266.1930847168],"4":[234.7239379883,249.9736022949,265.4440307617,280.715057373,296.5642700195,312.2383728027,327.1580505371,343.8147583008,342.2106933594,327.0846862793,311.1296081543,295.9419555664,280.5412597656,264.8277282715,249.4298706055,234.3938903809],"5":[306.5982666016,306.3743896484,306.1098937988,305.8987731934,305.5267028809,305.0661010742,305.0178222656,304.4118041992,287.364440918,287.5291137695,287.8297729492,287.9278564453,288.1666259766,288.0434570312,287.3442993164,286.578704834],"6":[187.2494812012,196.054901123,204.2203674316,212.5413513184,220.2259063721,228.7362670898,237.165435791,244.493637085,246.3704071045,238.480255127,229.1975402832,220.8906707764,212.8400878906,204.5553741455,196.4990997314,187.5528259277],"7":[275.6996765137,284.9429931641,294.1343078613,303.6959533691,312.5258483887,320.9622802734,329.2129516602,337.1453552246,337.5211181641,329.0211791992,320.3385925293,311.853302002,303.4053955078,295.4436340332,287.0125427246,278.2028503418],"8":[31.4192504883,30.9624023438,31.2535247803,31.5248680115,31.7599563599,31.0170059204,30.2301139832,28.1945972443,10.3342227936,10.5983333588,11.1272478104,12.1622562408,12.5996227264,12.8713493347,11.816526413,10.897860527],"9":[135.2623138428,142.6580505371,147.990737915,155.5399780273,164.8374938965,171.7418060303,178.362197876,184.6056365967,183.2529602051,178.3053283691,172.0085449219,164.9764099121,155.9495391846,148.5467224121,142.5649719238,135.4961853027]},"polygon_y":{"0":[214.5332641602,214.6227264404,215.2581634521,215.2270812988,215.2958984375,216.1120910645,216.7320251465,217.1178283691,240.6306610107,239.893951416,239.5893707275,239.1459960938,238.8670501709,238.7996063232,238.792755127,238.643661499],"1":[678.8132324219,679.2926025391,679.3535766602,679.0807495117,679.2318725586,679.5618896484,680.0411987305,680.0805053711,702.9047851562,702.5198364258,702.5924682617,702.1737060547,701.93359375,701.7074584961,702.0661621094,702.0814208984],"2":[529.1179199219,528.6640625,529.5079345703,529.9959106445,530.7143554688,530.8961791992,531.5512695312,531.8627319336,557.5100097656,556.7748413086,556.3656616211,556.1934204102,555.9387207031,555.6989135742,555.8762207031,555.6279296875],"3":[74.961265564,75.3099365234,75.5462493896,75.4852676392,75.4357452393,75.5727462769,75.4300079346,75.3006134033,96.0645370483,96.2184295654,96.1918487549,96.1407089233,96.2079315186,96.2895889282,96.5542984009,96.4181594849],"4":[555.743347168,555.7565917969,556.5999755859,557.1096191406,557.9224853516,558.5629272461,558.9216918945,560.4118652344,586.6041259766,585.9752197266,585.3176879883,584.9801025391,584.8818359375,584.9009399414,585.1489868164,584.7045288086],"5":[594.798828125,602.1397094727,609.7943725586,616.1695556641,623.6591796875,630.7318725586,637.5932617188,645.2013549805,642.5385742188,634.2655639648,628.6445922852,621.966796875,614.9352416992,608.7057495117,603.1700439453,595.3027954102],"6":[500.7294921875,501.0084533691,501.2525024414,501.0430908203,501.1372070312,501.0803833008,500.8532104492,500.1435852051,520.48046875,520.6348266602,520.2385864258,520.0534667969,520.6363525391,520.8021850586,520.591003418,520.3212280273],"7":[941.0712890625,941.2462768555,942.1350708008,943.2589111328,943.9465942383,944.3698730469,944.1559448242,943.9127197266,963.4030151367,963.2349243164,963.3130493164,963.5588378906,963.5087890625,963.2432861328,963.6796875,963.1584472656],"8":[520.7227783203,527.5060424805,533.5748901367,539.981628418,547.1943969727,555.0397949219,562.6349487305,571.6766967773,570.0982055664,562.4680175781,555.6574707031,547.0144042969,540.5465087891,533.6495361328,525.9951782227,518.8259887695],"9":[499.9915161133,500.5881958008,500.8165893555,501.1613769531,501.0784912109,500.9147949219,500.9428710938,501.1022644043,520.641418457,520.0737915039,520.1374511719,520.5362548828,520.7430419922,520.6904296875,520.6157836914,520.5953369141]},"text":{"0":"Cistern","1":"Cistern","2":"Bur","3":"2464","4":"Lakla","5":"244S","6":"2457","7":"2447","8":"245","9":"B.M."},"score":{"0":0.9748167396,"1":0.9734487534,"2":0.9623946548,"3":0.9503505826,"4":0.9737243652,"5":0.9497207403,"6":0.7156558037,"7":0.880302906,"8":0.7050315142,"9":0.5971627831}}