{"polygon_x":{"0":[541.8896484375,558.4026489258,574.9085083008,590.8356933594,607.6242675781,624.2587890625,639.5252075195,656.9866333008,655.7900390625,639.5380249023,623.2434082031,606.6918334961,590.3355102539,573.1294555664,556.4130249023,540.1410522461],"1":[676.3448486328,686.1327514648,695.5277099609,704.5803222656,713.7257080078,723.1800537109,732.4652709961,741.8941650391,740.9008178711,731.5594482422,722.025390625,712.7188720703,703.397277832,693.8756103516,684.264831543,674.6068725586],"2":[594.7182006836,604.0453491211,612.9603881836,621.5715942383,630.0545654297,639.2827758789,648.2684326172,657.2686767578,655.9866943359,647.037902832,637.7257080078,628.75390625,619.8383789062,610.6165771484,601.392578125,592.0021972656],"3":[658.0893554688,670.9020996094,683.5655517578,695.9581298828,708.5034179688,721.509765625,734.2064819336,746.8472900391,745.3742675781,733.3958740234,720.2926635742,707.6675415039,695.0010986328,682.3580322266,669.6683349609,656.8305053711],"4":[811.1851806641,818.2229614258,825.7886962891,832.8016357422,839.9129638672,846.6983642578,853.7295532227,861.6584472656,876.2628173828,869.1254882812,861.0387573242,853.6518554688,846.1267089844,839.0074462891,831.8522949219,825.6802978516],"5":[603.0902709961,609.871887207,617.0920410156,624.1101074219,631.2410888672,638.7161865234,645.7525634766,652.5985107422,651.1901855469,644.6798095703,637.7051391602,630.3821411133,623.9042358398,616.6357421875,609.5091552734,602.0337524414],"6":[411.2182922363,422.5687255859,435.8230285645,448.7261352539,461.350982666,474.3540649414,487.459777832,500.8834533691,499.514465332,486.9878845215,474.2232971191,461.3349914551,448.6159057617,435.9129638672,423.0644226074,409.9301147461],"7":[504.6924133301,507.846496582,510.9949951172,515.1660766602,518.779296875,521.6469116211,524.8931274414,528.7720947266,509.262512207,505.9157104492,502.5531616211,499.8032836914,496.0280151367,492.7289428711,489.711730957,485.7862854004],"8":[870.4400024414,877.0516357422,884.1058959961,891.560546875,898.2292480469,905.4672241211,911.9336547852,919.4244384766,924.112487793,917.341796875,910.3775024414,903.4274902344,896.158996582,889.0891113281,882.4020996094,875.2030029297],"9":[814.8479614258,829.8728027344,844.1040649414,858.6331787109,873.1731567383,887.7533569336,902.39453125,917.3909912109,916.3640136719,901.5574951172,887.0456542969,872.4764404297,858.0732421875,843.0144042969,828.4624633789,813.4079589844],"10":[549.5467529297,562.3843994141,575.5921630859,588.6337890625,601.1915893555,614.7537231445,627.9544067383,641.4376831055,640.2393798828,626.9239501953,613.4596557617,600.3399658203,587.4803466797,574.2786254883,561.2164306641,547.839050293],"11":[754.7015991211,762.3882446289,769.7150878906,777.4996948242,784.8702392578,793.1713256836,801.0873413086,808.52734375,806.7274169922,799.2915039062,791.3465576172,783.7149658203,775.9002685547,767.7509155273,760.2521362305,751.866394043],"12":[354.6933288574,362.0704650879,369.4619750977,376.8138427734,384.378112793,392.2802429199,399.9127807617,407.6638183594,405.9417724609,398.6439208984,390.8276672363,383.2592163086,376.0678405762,368.3413391113,360.827331543,353.0341796875],"13":[691.1856689453,698.6257324219,705.9722900391,714.0908203125,722.3503417969,730.2346191406,737.5197753906,744.8035888672,745.3881835938,738.1228637695,730.3018798828,722.4950561523,715.03515625,707.4268188477,699.4652099609,691.5759277344],"14":[818.9438476562,827.8968505859,837.2131347656,846.7663574219,855.5877685547,864.9144287109,873.9005126953,882.8848266602,882.9028320312,873.9519042969,864.8654785156,855.7774658203,846.796875,838.0062866211,828.9207763672,819.6780395508],"15":[549.9680175781,557.4061279297,564.416015625,571.4462280273,578.8849487305,586.1813964844,593.4195556641,601.0344238281,599.8106079102,591.7711181641,584.2713012695,577.1099243164,570.205078125,562.8349609375,555.7072753906,547.139831543],"16":[894.8442993164,903.5411987305,912.2266845703,920.6726074219,929.0227661133,937.3487548828,945.2142944336,954.2651977539,958.0603027344,949.7954711914,941.1818847656,932.7933349609,924.364074707,916.262512207,908.1145019531,898.6259765625],"17":[494.0623474121,501.2499389648,508.2737731934,515.7562866211,522.8161010742,530.9354858398,538.4816894531,546.248046875,544.7951660156,536.8474731445,529.2491455078,522.2232666016,514.8364868164,507.0424804688,499.484375,491.9346313477],"18":[427.3457336426,424.8162231445,423.3159179688,421.5310974121,420.0577087402,417.7413330078,415.4663696289,413.3834228516,439.1076049805,439.6061706543,442.8199768066,444.6903076172,446.4187316895,448.1055908203,450.4720458984,452.3003540039],"19":[169.2690734863,177.1384887695,185.6098022461,193.750289917,202.0513763428,210.2911987305,217.9180755615,226.0203399658,227.7281188965,219.911026001,211.5066680908,203.3500976562,195.4960632324,188.4351806641,181.6739501953,173.4494781494]},"polygon_y":{"0":[767.2417602539,767.4022216797,767.4229736328,767.3322753906,767.5149536133,767.6795654297,767.6140136719,767.9999389648,788.7708129883,788.7633056641,788.9527587891,788.8528442383,788.8825073242,788.9049072266,788.6793212891,788.3195800781],"1":[639.6024169922,640.1905517578,640.5417480469,640.7126464844,640.8520507812,641.1047363281,641.1151123047,641.3178100586,664.6884765625,664.6513671875,664.8013916016,664.5971679688,664.6585083008,664.7146606445,664.7991333008,664.6258544922],"2":[566.7054443359,567.2255859375,567.9458007812,568.3333129883,568.5184326172,568.9858398438,568.9802856445,569.315246582,592.9495849609,593.0317993164,593.1268310547,592.7710571289,592.5509033203,592.6694946289,592.9444580078,592.3705444336],"3":[50.845905304,51.3869438171,51.5555534363,51.8797836304,51.8610801697,52.1259384155,53.0591773987,52.5875320435,74.7627029419,74.283782959,74.6352844238,74.5649871826,74.4812240601,74.2949981689,74.2676544189,74.1494522095],"4":[665.8163452148,660.3433227539,654.1010742188,647.7523803711,642.8106689453,637.7600708008,631.7908325195,625.8073730469,643.6810913086,649.310546875,655.047668457,660.2021484375,665.4429931641,671.4684448242,678.0144042969,684.2963256836],"5":[50.5537376404,50.3142929077,50.2840881348,50.3072509766,50.5463104248,50.4169120789,50.0263671875,49.9079666138,74.0406417847,74.006942749,73.8936309814,73.8726348877,74.0501785278,74.1372375488,74.3019790649,74.2452011108],"6":[145.9365234375,145.7910308838,146.1865081787,146.1921539307,146.2256317139,146.2205963135,146.6681365967,146.8323059082,169.0539703369,168.8203277588,169.0325927734,168.9649047852,169.1394195557,169.1903076172,169.2881774902,169.1577453613],"7":[422.3772583008,428.4822387695,435.6795959473,442.8162231445,449.2321472168,456.7211303711,462.4844665527,470.5070800781,479.156036377,472.542175293,466.0765380859,459.7471923828,452.6857910156,445.0133056641,438.069519043,431.201965332],"8":[52.2636222839,51.1860618591,49.9253883362,47.9712905884,46.4045944214,45.0555343628,43.2585754395,40.9642868042,60.7302780151,61.8573150635,63.4728240967,64.607170105,66.2597427368,67.5967712402,69.20728302,71.1165771484],"9":[557.3088989258,557.3558959961,557.7015380859,557.9996948242,557.9887084961,558.2658081055,558.4876708984,558.7116699219,581.6420288086,581.3461914062,581.1851196289,581.1420898438,581.1672363281,581.3788452148,581.0749511719,581.4682617188],"10":[628.399597168,628.7225952148,629.048828125,629.1840820312,629.4782714844,629.7893676758,630.2420043945,630.0358276367,653.8046264648,653.1482543945,653.5805664062,653.1224365234,653.3051757812,653.1989746094,653.2065429688,653.3779296875],"11":[556.1697387695,555.7649536133,555.6898803711,555.9034423828,555.9817504883,556.1018066406,555.8822631836,556.3804931641,581.6913452148,581.2875976562,581.0222167969,580.8829345703,581.135925293,581.2161865234,581.4914550781,581.614074707],