{"polygon_x":{"0":[526.5313110352,535.754699707,544.0493774414,552.4913330078,561.0540161133,570.2200927734,578.9501342773,587.9523925781,586.9744262695,578.1186523438,568.7784423828,560.2208251953,551.5581054688,542.7165527344,533.5657958984,524.2891235352],"1":[746.4089355469,771.0828857422,795.822265625,820.0693359375,844.3903808594,868.8760375977,892.951965332,917.2106933594,916.8752441406,892.2256469727,868.0902709961,843.7802734375,820.0696411133,795.5700683594,770.7457275391,746.181640625],"2":[306.1388244629,319.7752075195,333.2364196777,346.6038513184,359.8898925781,373.6869812012,387.2252197266,401.2303466797,400.3921508789,386.8432617188,372.8089904785,359.1639709473,346.0425109863,332.0263366699,318.7584838867,305.2070922852],"3":[6.8234019279,16.2090988159,24.8919448853,33.7456321716,42.1387481689,50.7332649231,59.5829353333,68.7732543945,69.2863845825,60.6883811951,51.7407608032,42.68384552,34.0983734131,25.3413791656,16.4334793091,7.8069090843],"4":[599.9877929688,608.6965942383,617.4705810547,626.4948120117,635.0287475586,644.4034423828,653.2733764648,662.1881103516,661.2437744141,652.7979736328,643.5640869141,634.8794555664,625.9906616211,616.8137207031,607.7094726562,598.8637084961],"5":[193.9037475586,206.5648040771,218.7794494629,231.6219787598,244.0307312012,256.8927307129,269.986541748,282.9403991699,282.0143737793,269.2908325195,256.0908813477,243.24609375,230.9469604492,217.9025115967,205.3684234619,192.3857421875],"6":[139.2499694824,146.8021850586,153.6026916504,160.9467315674,168.0585479736,175.8632202148,183.5121154785,190.7728271484,188.9957275391,181.6864776611,174.2370910645,166.815032959,159.8361358643,152.1363525391,144.8132171631,137.3304443359],"7":[922.9381713867,934.9152832031,945.9758911133,956.986328125,967.9315795898,978.9632568359,989.9309692383,999.8503417969,999.9006347656,990.0122680664,979.2730102539,968.1981201172,957.1273803711,946.3308105469,935.6395263672,923.7026367188],"8":[835.9661865234,836.4553833008,838.1086425781,839.0927124023,841.1699829102,842.1212768555,842.7170410156,843.0793457031,867.2835693359,866.6234130859,863.8324584961,862.1437988281,860.6206665039,859.5517578125,858.3015136719,857.2083129883],"9":[553.5893554688,617.0526733398,680.9047851562,744.8225097656,807.7374267578,870.9314575195,933.2183227539,998.9858398438,981.0230102539,919.8306884766,859.01171875,798.1011352539,735.3274536133,670.7901000977,609.6610107422,546.387878418]},"polygon_y":{"0":[516.3087768555,516.7163696289,517.4065551758,517.6381225586,517.971496582,518.4186401367,518.4697875977,518.7026977539,541.3115234375,541.2764892578,541.5153808594,541.51171875,541.2506713867,541.296081543,541.4730834961,541.2806396484],"1":[625.5097045898,626.6333618164,627.013671875,627.1746826172,627.1956787109,627.1418457031,626.5396728516,626.6002197266,655.9389648438,656.4797363281,656.2260742188,656.0455322266,656.2272949219,655.9575195312,655.931640625,655.8013916016],"2":[470.1290893555,470.1416015625,470.399810791,470.3002929688,470.3772277832,470.5630187988,470.8836669922,470.4923095703,493.9711303711,493.8578491211,494.1247558594,493.9609985352,494.1607971191,494.1513671875,494.2600097656,494.4111328125],"3":[652.9466552734,651.9931640625,652.2142333984,652.2280883789,652.0791625977,652.0922851562,652.2856445312,652.0679931641,675.3226318359,674.8056640625,674.9919433594,675.0217285156,675.1616821289,675.731262207,675.7415771484,675.4833374023],"4":[576.7135620117,576.2147216797,576.6441650391,576.7841186523,576.6280517578,576.9823608398,577.0191040039,577.3460693359,599.7692260742,599.6174316406,600.0239868164,599.6614990234,599.569519043,599.8198242188,599.8377685547,599.7007446289],"5":[506.8962097168,506.9941711426,507.4911193848,507.5146484375,507.548828125,507.6963806152,507.6033325195,507.416015625,531.1835327148,531.1172485352,531.3057861328,531.1724243164,531.0802612305,531.3175048828,531.4783935547,531.8807373047],"6":[505.7790527344,505.6766052246,505.819732666,505.4541320801,505.3405761719,505.3964233398,505.2454223633,505.3604736328,530.9600219727,531.1586303711,531.1715698242,530.8693847656,531.0961303711,531.2200317383,531.5130004883,531.2718505859],"7":[627.3115844727,627.4660644531,627.9703979492,627.8944091797,628.1178588867,628.3463134766,628.8918457031,628.7299194336,655.6431884766,655.7471313477,655.9106445312,655.7231445312,655.637878418,655.6594238281,655.9558105469,656.0848999023],"8":[433.1559448242,424.2181091309,416.9582519531,409.0209350586,400.9298095703,393.7524108887,386.8013000488,380.6484375,384.1943969727,388.4350585938,397.1142578125,405.3996582031,412.323425293,419.9950561523,428.422088623,436.2127380371],"9":[273.7643127441,280.6361999512,290.9370117188,303.4743041992,318.5803527832,335.8540344238,356.4325256348,377.0646362305,420.4204711914,399.7731933594,381.0204467773,363.3716125488,348.0239562988,334.5259399414,323.6196899414,316.4146118164]},"text":{"0":"Cave","1":"Jeremiah's","2":"Cistern","3":"2499","4":"Cave","5":"Cistern","6":"Old","7":"Grott","8":"2549","9":"MAHOMETA"},"score":{"0":0.9561954737,"1":0.9852942228,"2":0.9727716446,"3":0.9662368894,"4":0.9012088776,"5":0.9642922878,"6":0.9441350698,"7":0.9735115767,"8":0.9696509242,"9":0.988519609}}