{"polygon_x":{"0":[463.7288208008,477.633605957,491.8530883789,505.4722595215,519.568359375,533.85546875,547.7612915039,562.2486572266,560.7172241211,547.0483398438,532.753112793,518.6865844727,504.7798156738,490.436706543,476.3528442383,462.1275024414],"1":[773.9028930664,784.5651245117,795.0426635742,804.9075317383,815.1141357422,824.7429199219,834.97265625,845.3062744141,855.0155029297,845.169128418,834.7690429688,824.5469970703,814.7210693359,804.5775756836,793.9740600586,783.7396240234],"2":[625.1345214844,650.3923950195,675.5168457031,701.7114257812,727.7497558594,753.8189697266,778.4219970703,803.575378418,823.3688354492,798.2457275391,773.0056762695,747.7712402344,722.1802368164,697.3418579102,670.9007568359,645.0531616211],"3":[683.9993286133,691.240234375,698.6162109375,705.7164916992,713.571105957,721.0773925781,728.4050292969,736.2249755859,724.3909912109,717.9498291016,710.7211914062,703.580078125,696.6559448242,690.0017700195,683.3795166016,676.3255615234],"4":[724.2359008789,733.0653076172,741.6051025391,749.5594482422,757.229309082,764.2889404297,772.6087646484,780.3914794922,794.2608642578,786.6051635742,779.0777587891,771.0938110352,762.9448852539,755.6779785156,748.3836669922,739.553527832],"5":[498.1335144043,563.5853271484,625.53125,690.1565551758,751.2897338867,814.8056030273,879.7353515625,943.8567504883,942.09375,879.9769287109,816.2560424805,751.318359375,688.6339111328,625.2083740234,562.6221313477,498.0575561523],"6":[962.1789550781,965.9486083984,969.6340942383,972.6177368164,975.5889282227,977.7263793945,981.677734375,986.4320068359,999.9765014648,998.6560058594,997.4978637695,993.4932861328,991.7103271484,987.6513671875,983.0767822266,980.884765625],"7":[482.8157043457,497.725402832,512.9499511719,527.9614257812,542.9495849609,557.9102783203,572.8782348633,588.2810058594,587.3424072266,572.439453125,557.2341308594,542.5682983398,527.1814575195,511.6739196777,496.856048584,481.3437194824],"8":[965.7393798828,971.2215576172,975.9100341797,980.3704223633,984.98828125,989.8527832031,994.6679077148,999.6410522461,999.8764038086,995.2875366211,990.3826293945,985.6418457031,981.0667724609,976.560546875,971.7347412109,967.0476074219],"9":[974.4822998047,978.0151977539,981.4966430664,984.6507568359,988.1598510742,991.4525146484,995.0921630859,999.4641723633,999.2774047852,994.6822509766,990.9898681641,987.2917480469,984.3757324219,981.8214111328,978.3917236328,974.5941772461],"10":[934.9716796875,943.74609375,952.7440185547,961.2504882812,970.007019043,976.7990722656,985.15234375,992.7557983398,999.9899902344,996.1690673828,988.4416503906,982.6132202148,976.2337646484,968.9745483398,962.0789794922,954.8526000977],"11":[678.1307373047,705.1561889648,732.3771972656,759.8358154297,787.0859375,814.6292724609,840.0932617188,867.0888671875,884.065612793,856.7521972656,832.7906494141,805.8618164062,778.4762573242,751.130859375,725.7708740234,699.0692749023],"12":[494.4562072754,503.0578308105,512.215637207,521.6715087891,530.8824462891,540.5169067383,549.2442626953,559.8365478516,561.0748901367,551.3594970703,541.0176391602,531.6181640625,522.4300537109,513.2718505859,504.162902832,495.279510498]},"polygon_y":{"0":[865.8928222656,866.4587402344,866.7376708984,866.5892944336,867.1358642578,867.1304321289,867.0516967773,866.939453125,892.5541992188,892.1123657227,892.0662841797,891.8282470703,891.6951904297,891.6673583984,891.6812744141,891.158996582],"1":[528.4110107422,523.2502441406,518.1342773438,513.1088867188,509.2271118164,504.7680664062,499.7422790527,494.5880737305,520.5668334961,525.0288085938,530.1499023438,535.2463378906,539.4503173828,544.6259155273,550.0057983398,554.776550293],"2":[394.310760498,380.5482788086,368.2784423828,355.6229858398,343.6736450195,330.629699707,318.0454711914,305.7525939941,338.1912536621,353.411315918,366.1323852539,378.7534790039,391.6336364746,404.7836303711,415.4056396484,426.8682556152],"3":[873.839050293,876.5059814453,880.1787719727,883.7576904297,887.7829589844,891.9239501953,895.9733886719,901.4874267578,919.9846801758,915.4731445312,911.6237792969,907.9702758789,903.5715332031,899.5817871094,895.9360351562,893.2787475586],"4":[412.2485961914,408.3531188965,405.1823425293,400.9147949219,398.0452880859,394.6837768555,390.7909851074,386.8887939453,410.794342041,415.093536377,418.8922119141,423.0127258301,426.0740966797,429.6646728516,433.568145752,437.2798156738],"5":[710.9696044922,713.5333862305,713.7236938477,714.0041503906,715.4650268555,715.5720214844,714.606262207,717.7998046875,776.1401977539,777.7370605469,777.7929077148,778.2080078125,778.2115478516,777.2615966797,777.9611816406,775.8627319336],"6":[660.7728271484,658.4809570312,657.0819702148,655.1158447266,652.6204833984,650.0404052734,646.9019775391,642.3204956055,670.2886352539,673.7530517578,675.4425048828,678.6942138672,681.0380859375,683.162902832,685.8618164062,687.7977905273],"7":[470.0042419434,469.8872375488,470.5352172852,470.779876709,470.8619995117,471.2459106445,471.7286682129,471.0518188477,498.973236084,498.5648803711,498.5824584961,498.2295227051,497.9476928711,497.9124755859,498.0076904297,497.6875],"8":[89.7517776489,90.0487442017,90.2893371582,90.2988433838,90.2884216309,89.937789917,90.129486084,89.8772506714,111.9793548584,112.5707931519,112.8857116699,113.1196517944,112.9967803955,113.1936798096,113.4748687744,113.8427124023],"9":[444.975402832,444.7162475586,444.6788024902,444.6469726562,444.5903930664,444.8358764648,444.9729003906,445.0619506836,466.6076049805,466.5783996582,467.1030883789,466.9109802246,466.934967041,467.4150390625,467.8808288574,467.9302978516],"10":[972.2662353516,967.7967529297,963.7885131836,959.5887451172,955.2692871094,951.7706298828,948.3242797852,946.4631347656,974.6727294922,979.3716430664,983.3342895508,986.9753417969,990.3032226562,994.1579589844,997.341003418,999.9718017578],"11":[492.2866516113,478.1195678711,464.7127075195,451.1449890137,438.5284729004,427.4053649902,415.6589355469,405.7162780762,437.6796875,452.8193969727,468.9809875488,480.0575256348,494.5474853516,506.3172607422,519.5673828125,528.8320922852],"12":[249.0168762207,249.2640380859,249.1110076904,248.9051971436,248.8132629395,248.2274017334,248.2939147949,247.7696533203,271.7704772949,272.4539489746,272.5210571289,272.5306396484,272.6090087891,272.8771362305,272.9895324707,272.6711730957]},"text":{"0":"Custern","1":"Male","2":"Hospice","3":"2609","4":"for","5":"Russian","6":"C","7":"Cistern","8":"26","9":"2.","10":"Ho.","11":"Pilgrims","12":"2622"},"score":{"0":0.9794194102,"1":0.9832036495,"2":0.9877737164,"3":0.9643135667,"4":0.9841899276,"5":0.9885193706,"6":0.9452101588,"7":0.975641191,"8":0.7625924945,"9":0.8100780249,"10":0.5039458871,"11":0.9886199236,"12":0.8563688993}}