{"polygon_x":{"0":[457.3693847656,466.6735229492,473.7046508789,482.3814697266,491.3093566895,499.5962219238,507.0219726562,513.4300537109,479.5830688477,469.741394043,461.6915283203,451.2516784668,442.8388977051,435.6325073242,428.3015136719,419.1703491211],"1":[470.9862976074,473.9877929688,476.6811523438,480.4867248535,485.8980712891,491.1801147461,496.9521484375,501.5823669434,474.4898071289,469.6771850586,464.3789367676,458.8731384277,453.8005371094,449.4596557617,445.3711242676,441.3177490234],"2":[700.8831787109,708.7177734375,715.4353027344,723.9154052734,732.684387207,742.4393310547,752.6666259766,764.6850585938,733.9647827148,725.2995605469,715.3905029297,705.6850585938,696.3521728516,687.249206543,678.4618530273,669.4635009766],"3":[0.0409159213,15.0375642776,30.6500587463,46.7580375671,62.8097610474,78.1520233154,94.080039978,110.4968414307,125.7348937988,109.8872070312,94.0439987183,78.6333999634,63.8366394043,47.0195846558,31.0238723755,13.763961792],"4":[233.7646179199,247.9618988037,261.6842041016,275.9290771484,289.9054870605,304.5706481934,319.2389526367,332.7006530762,331.400390625,317.355682373,303.1365356445,288.8012390137,274.9856872559,260.5977478027,246.7064056396,232.5919799805],"5":[657.112121582,670.2776489258,683.3726806641,696.2924194336,709.2534790039,722.497253418,735.7662353516,748.6372070312,747.7911376953,735.217956543,721.9805297852,708.7286987305,696.0934448242,682.7233886719,669.7991943359,656.3364257812],"6":[529.6618041992,533.2423095703,535.6518554688,537.1741943359,539.75390625,541.0673828125,543.5146484375,547.0123291016,515.5886230469,511.3260192871,506.9909057617,503.820526123,499.9727783203,496.4827880859,493.2543334961,489.513092041],"7":[0.0176232662,15.7368745804,33.3082427979,51.4969100952,68.8175048828,86.6636047363,104.2664260864,123.6636657715,139.7040710449,120.8120040894,100.8468017578,80.6847457886,63.2467956543,44.4558525085,24.8674945831,2.9053587914],"8":[564.869140625,577.3076171875,586.3634643555,596.1482543945,604.9872436523,614.0522460938,622.0966186523,629.0419921875,593.3077392578,584.4688720703,573.082824707,561.8681640625,551.9373168945,543.6015625,534.3453979492,524.100402832],"9":[294.4238891602,309.1489868164,323.9950256348,338.4589233398,353.0428771973,368.1137084961,382.7921142578,397.5953979492,395.8205871582,381.5029907227,366.8446655273,352.2292480469,337.7489013672,322.7191772461,308.1987304688,293.8000793457],"10":[370.193145752,378.072265625,385.2538452148,392.5525512695,400.2707214355,407.1465454102,414.3200378418,421.8378295898,421.041595459,414.1740722656,406.5904541016,399.8278808594,392.9791259766,385.72265625,378.0982666016,371.1435241699],"11":[131.3458099365,139.4036102295,148.3869781494,157.45753479,165.9755249023,174.5907287598,182.9559173584,191.7251281738,191.2346801758,183.2262573242,174.6917419434,166.1588134766,157.8209228516,149.2325134277,140.7186584473,131.8681793213],"12":[423.9479980469,433.9739379883,443.8193969727,453.9947509766,464.3798217773,474.0854492188,482.9031066895,488.7839050293,490.3897094727,484.0718383789,474.2129821777,464.6965026855,455.0887451172,445.0590209961,435.0587463379,426.0223388672],"13":[815.4448242188,816.5593261719,818.2091674805,820.1314697266,822.4661865234,824.2697753906,826.2411499023,829.1192016602,805.5349731445,804.1403198242,802.4631347656,800.7675170898,799.4085083008,797.6010131836,796.077331543,794.2255249023],"14":[936.9809570312,940.7276000977,944.4998779297,948.9962158203,953.3193969727,957.3896484375,960.8103027344,965.294921875,945.3180541992,942.4932861328,938.1381225586,934.6412353516,929.8497924805,925.6435546875,922.3056640625,917.8715820312],"15":[544.8975830078,559.1375732422,574.3921508789,588.4764404297,603.0339355469,617.8247680664,632.2300415039,646.9131469727,645.5982666016,631.8763427734,616.8439331055,602.383605957,587.9765625,573.5873413086,559.0827636719,544.7551879883],"16":[33.2311286926,41.2750930786,49.8186187744,57.4125480652,64.9365310669,72.0355072021,79.4741973877,87.5808334351,97.5684051514,89.9918365479,81.3373413086,73.4717712402,65.9623565674,58.3795928955,50.7931594849,41.2788085938],"17":[491.1307373047,494.4967956543,496.0555419922,498.7126464844,501.3215637207,504.3302001953,506.4418334961,508.130065918,509.8560180664,507.5268249512,505.3637695312,501.9939575195,498.1643676758,495.8250427246,493.3066101074,490.8227233887],"18":[1.0778156519,4.320497036,7.3760271072,10.3837280273,13.133887291,15.8841705322,19.2676143646,23.9458618164,24.6974601746,19.8499832153,16.0100917816,12.985912323,10.1571369171,7.2192001343,4.2087059021,0.7425658703],"19":[3.0321388245,6.2418866158,9.698928833,13.1982078552,16.3684482574,19.6935329437,22.6931400299,25.7476139069,25.2786922455,21.2248821259,18.2351379395,15.4702625275,12.5704689026,9.4991989136,5.9907107353,2.0766379833],"20":[48.8815879822,123.8920898438,198.5824737549,275.0076904297,349.9544067383,425.8277893066,501.9653320312,572.9965820312,572.1679077148,494.0948486328,420.5377502441,343.7216491699,269.9821166992,195.0062713623,121.3791046143,46.1296157837]},"polygon_y":{"0":[206.1427307129,230.1567382812,254.3670501709,280.3183288574,304.4463806152,330.7225952148,353.8170166016,378.4548339844,389.3475341797,367.1316833496,344.5329284668,318.4165039062,293.1036682129,269.4276733398,243.517578125,219.1963195801],"1":[416.6450500488,430.3671875,445.3648681641,459.1092529297,474.0499572754,488.548614502,502.6786804199,518.1053466797,525.1047363281,511.1213378906,495.7720336914,481.5112609863,465.8391723633,452.0987548828,436.1386108398,420.8199462891],"2":[865.1849975586,884.2364501953,902.4398193359,921.5841674805,939.7173461914,957.3525390625,975.0631103516,992.9343261719,999.9810791016,986.5625610352,969.5073852539,950.4722900391,933.1160888672,914.9456787109,896.6854248047,877.6290893555],"3":[947.0985107422,936.3372192383,927.1658325195,917.5689086914,907.7560424805,897.9149169922,888.7836914062,880.9802856445,910.2645874023,919.7796020508,930.5063476562,938.9183349609,947.705078125,957.4901123047,967.8833618164,975.8292236328],"4":[645.078125,645.0060424805,645.4763793945,645.1770629883,645.3101196289,645.4887695312,646.0609130859,646.1441650391,670.9222412109,670.524230957,670.5123901367,669.918762207,669.7999267578,669.739440918,669.7741699219,669.7213745117],"5":[784.5422973633,784.5529174805,784.6123657227,784.202331543,784.3646850586,784.4613647461,784.9663085938,785.0985107422,807.9283447266,807.618347168,808.0106201172,807.7165527344,807.6226806641,807.8666992188,807.7517700195,807.802734375],"6":[395.2985229492,405.349609375,416.2040710449,426.5957641602,436.1387634277,447.5281982422,457.7599487305,469.472076416,478.4721374512,467.4690246582,457.0045776367,446.5834960938,436.200012207,426.4422912598,416.3939819336,406.9888305664],"7":[646.2814941406,636.1221923828,625.4515380859,615.5405273438,604.4262084961,593.5461425781,583.3759765625,573.264465332,601.4831542969,613.813293457,624.9037475586,635.223449707,644.8137817383,654.6754150391,664.4336547852,674.1689453125],"8":[484.7633056641,514.9609375,543.3067626953,573.0993041992,601.766418457,634.1304931641,663.1229248047,692.0469970703,702.8154907227,677.1478881836,646.6869506836,615.9502563477,587.4487915039,560.2501831055,530.3364868164,500.4562072754],"9":[104.8110122681,105.2003936768,105.3382492065,105.3633804321,105.728729248,106.0766296387,106.8604125977,106.901008606,130.7096710205,130.4160461426,130.2463226318,130.0550231934,129.9200744629,129.5987548828,129.6523742676,129.4290313721],"10":[1.2177413702,1.5330995321,1.6735370159,1.7478616238,1.8436129093,1.7161881924,1.7313061953,1.6345940828,22.7136592865,22.9577045441,22.9619235992,22.8754787445,22.8817520142,22.8122024536,22.6427536011,22.9542636871],"11":[51.0501708984,51.4917297363,51.9079360962,51.9651412964,52.0562362671,51.9319229126,52.0210266113,51.8572158813,74.6104431152,74.4444961548,74.419090271,74.4267959595,74.3709030151,74.4532623291,74.1917648315,74.0034179688],