{"polygon_x":{"0":[852.0236206055,865.3388671875,879.1668701172,892.326171875,906.0404052734,919.7189941406,933.3306884766,946.8529663086,945.3792724609,932.3001708984,918.7481689453,905.0971679688,891.2165527344,877.4854125977,863.9507446289,850.2045898438],"1":[793.4672851562,801.4958496094,809.0271606445,816.5430908203,824.3682250977,832.7067871094,840.4559936523,848.1329956055,845.6239013672,838.2611083984,830.2466430664,822.8532714844,815.2993164062,807.6034545898,799.5830688477,791.7193603516],"2":[304.2965087891,308.2938232422,311.9935302734,316.5765075684,320.465423584,323.5327148438,325.667175293,329.4966125488,310.1602478027,307.8482971191,304.7790527344,301.8175964355,297.9937744141,294.8375854492,291.247833252,286.288848877],"3":[47.0951652527,52.2186470032,56.8893508911,62.4983062744,67.8163452148,72.5786972046,76.9879760742,82.478012085,65.9998626709,60.990852356,56.5477409363,51.6996955872,46.6624069214,41.4449157715,36.222618103,30.8836727142],"4":[851.1617431641,853.1678466797,855.2117919922,857.8659667969,860.2184448242,863.3306274414,865.1107788086,866.5222167969,888.2835693359,885.6682739258,883.1099853516,880.3037109375,877.2516479492,874.7119140625,872.7379760742,871.5145874023],"5":[177.1219482422,181.443862915,186.1009368896,191.4663085938,196.123260498,200.4412841797,204.843963623,209.6403503418,193.0103302002,188.6906280518,183.8257141113,179.2258300781,174.40284729,169.4981689453,165.179977417,159.9484863281],"6":[401.6173095703,404.5045166016,407.3757629395,411.6891479492,415.290222168,418.8162231445,422.4481811523,427.766784668,409.3404846191,405.0963745117,401.0869140625,396.5425415039,392.517578125,388.1460876465,384.0143127441,380.1687316895],"7":[484.5579223633,489.0896911621,494.0180969238,500.0094604492,505.7186889648,510.8832397461,515.9484863281,521.7810668945,504.3879699707,499.3823547363,494.1507263184,489.0211486816,484.2737121582,478.5633850098,474.1669006348,469.283416748]},"polygon_y":{"0":[19.1916313171,19.7765789032,20.3672103882,20.7428627014,20.9081821442,21.1179637909,22.1595153809,22.3464126587,45.903263092,45.3395767212,45.1212882996,44.7465667725,44.5488586426,44.0796813965,43.4714851379,43.2323684692],"1":[18.276594162,17.8364543915,18.1321163177,18.1786708832,18.2632274628,18.4620742798,18.53399086,18.4647712708,43.7167434692,43.2373008728,43.1655464172,43.210899353,43.1685409546,43.0705566406,42.9526519775,42.9167747498],"2":[475.8886108398,482.3375244141,490.626953125,499.6450195312,507.5163269043,515.6875,523.9576416016,533.5425415039,540.9958496094,532.2668457031,523.7495117188,517.6793212891,510.2407531738,502.0751342773,494.6870422363,487.0348510742],"3":[584.0029907227,589.6861572266,595.9567871094,602.6509399414,609.5777587891,616.3629150391,622.3488769531,631.9876708984,644.3698120117,636.9661865234,630.6083374023,625.0022583008,617.8636474609,610.3478393555,604.29296875,598.8964233398],"4":[419.9365234375,413.2380981445,405.6707763672,397.5442199707,389.9277038574,381.2842407227,373.0929870605,366.1494750977,373.2465820312,380.853729248,388.989074707,396.8717956543,404.3224487305,411.6511535645,419.9086914062,428.4797363281],"5":[529.8352050781,535.8358154297,542.6604614258,549.8369750977,556.2517089844,563.479309082,570.0185546875,577.8331298828,588.8245849609,582.4351806641,575.6608276367,569.8924560547,563.1139526367,555.4809570312,549.3884277344,542.8876953125],"6":[401.4236450195,408.7420349121,416.755065918,425.6092529297,433.1768493652,440.9248657227,449.4428100586,457.5423583984,464.8902893066,457.3114318848,449.8448486328,442.102355957,434.8985595703,426.9387207031,419.0711669922,411.1610412598],"7":[369.9545288086,374.827331543,380.7202453613,386.9567565918,392.8765563965,398.2679443359,403.7359619141,409.8477172852,422.0820922852,416.8304443359,410.998840332,405.3609619141,400.0460205078,393.8980712891,387.873046875,383.0895996094]},"text":{"0":"Cistern","1":"Old","2":"6isl","3":"6SS","4":"2499","5":"6VS","6":"6257","7":"6192"},"score":{"0":0.9805593491,"1":0.9839862585,"2":0.9335409999,"3":0.6019114256,"4":0.9285160899,"5":0.7974686027,"6":0.5211481452,"7":0.8672274351}}