{"polygon_x":{"0":[27.8810539246,34.7675552368,41.5640869141,48.1454124451,54.5746765137,61.3370819092,68.3116760254,75.0460205078,85.6373672485,78.9218292236,71.590385437,64.5049057007,58.0693244934,51.4209899902,44.8305206299,38.5965957642],"1":[95.1274871826,97.3585128784,99.2610321045,101.6729431152,103.7146148682,105.3181915283,107.287147522,109.5225524902,129.273147583,127.2860412598,125.0135345459,122.5242767334,120.2396392822,118.3185119629,115.7647247314,113.4317016602],"2":[261.9837036133,277.4649658203,292.8219909668,307.9066772461,322.9003295898,337.4145507812,352.8428649902,367.6041870117,366.4873657227,351.2355041504,335.9423217773,320.6848449707,305.5685119629,290.0023193359,275.3206176758,260.2314453125],"3":[573.5921020508,582.4765625,591.4699707031,600.3768920898,609.565612793,618.922668457,628.0859985352,637.3432006836,636.9498901367,628.1658935547,619.1971435547,609.9698486328,600.8679199219,591.856628418,583.1389770508,573.704284668],"4":[230.6855621338,235.5113830566,240.1094665527,244.7245941162,249.5632019043,254.5406188965,258.4794311523,262.8238220215,279.2608947754,275.1931152344,270.9174499512,266.545501709,261.3411254883,257.1242675781,252.5844116211,248.7236175537],"5":[200.286239624,205.8989257812,211.7120361328,216.887512207,222.6195678711,228.7953491211,234.031539917,239.5180511475,253.0415344238,247.9580078125,242.3912200928,236.5155334473,230.4983520508,224.5152435303,218.9427490234,214.1801300049],"6":[171.756439209,176.333190918,180.513168335,184.9155883789,189.3756408691,194.0692901611,197.9757995605,201.4413299561,215.6157226562,212.3837280273,208.4649963379,205.2002563477,200.9293365479,196.407989502,191.0375671387,185.990234375],"7":[277.5665283203,283.3635864258,289.3700866699,294.9917602539,300.6516723633,306.8696594238,311.9272155762,317.6714477539,330.8399658203,325.5727844238,319.254486084,313.6562805176,307.5103149414,302.0519714355,295.9478759766,291.4258728027],"8":[590.5537109375,598.7313232422,606.0830078125,614.3047485352,622.5348510742,630.5791015625,638.254699707,645.9396972656,646.6746826172,639.5297851562,631.4404907227,623.0428466797,614.9710693359,607.1146240234,599.2426757812,590.731262207],"9":[364.5342712402,368.4107971191,372.9359741211,378.0620117188,383.3028564453,388.9261474609,393.211730957,397.8003540039,412.7841186523,408.6608276367,404.779510498,399.4005126953,394.0559692383,389.3989257812,384.3096923828,379.2321166992],"10":[3.6152420044,10.3142910004,16.2226982117,22.0326805115,27.5816555023,34.2410621643,40.8053131104,48.6705703735,52.0626869202,43.3656311035,35.6404533386,28.8150882721,22.585641861,16.7835159302,10.4238071442,3.5702393055],"11":[125.7137374878,130.9876861572,137.0810546875,143.3490142822,149.407333374,155.7522583008,160.7782745361,166.7749328613,180.3368530273,175.2068481445,169.5522155762,163.6956787109,157.6582336426,151.9808044434,145.9689941406,140.9008636475],"12":[327.2444458008,331.0504760742,335.4063110352,340.0874023438,344.6316223145,349.3806762695,354.4619750977,357.2408752441,372.1412353516,367.9263305664,363.9346618652,359.4370727539,354.8062133789,350.8686523438,347.0716552734,342.3117675781]},"polygon_y":{"0":[683.4903564453,678.7772216797,673.6969604492,668.7297363281,664.3571777344,659.2471313477,654.5653686523,649.5430908203,668.4233398438,672.9743041992,677.6887207031,682.3548583984,686.5869140625,691.1994628906,696.6622314453,702.2496948242],"1":[758.5028686523,752.3867797852,744.9258422852,736.5927124023,728.9018554688,720.4802246094,712.4610595703,705.5079345703,711.6989135742,718.3873291016,726.3256225586,734.7854003906,743.0858764648,750.7966308594,759.3651123047,766.6594848633],"2":[44.0739059448,44.6540031433,44.8237457275,44.8783874512,44.8585662842,45.056137085,44.5846366882,44.0192222595,70.0467987061,70.1179428101,70.2462844849,69.8815155029,69.8388900757,69.9463577271,69.1134719849,68.315574646],"3":[148.0184173584,148.1644592285,148.0174865723,148.0213012695,148.0375671387,147.6936645508,147.5500640869,147.7894897461,169.3113555908,169.3494415283,169.1971740723,169.3053588867,169.2578887939,169.4343261719,169.5494995117,169.3624572754],"4":[876.1107177734,870.1488647461,863.4453735352,856.3457641602,849.0328979492,841.1613769531,833.4548339844,825.7863769531,838.7191162109,845.7553710938,853.6794433594,861.5197143555,868.971862793,875.9249267578,883.6310424805,890.1370849609],"5":[824.1774902344,819.1887207031,813.4447631836,807.9929199219,802.5690307617,797.0421142578,791.7906494141,785.4765625,799.962890625,805.5394287109,811.4321289062,816.9324951172,822.8838500977,828.365234375,834.9436035156,840.4724731445],"6":[799.9638671875,796.8164672852,791.8897094727,786.3629150391,780.1090087891,773.6721191406,767.848815918,761.4302978516,770.5184326172,777.1209716797,784.1445922852,790.2454833984,796.8565673828,802.9893798828,810.1036987305,814.5608520508],"7":[875.6116943359,871.4479980469,865.9680786133,861.2081298828,856.0306396484,851.0668334961,846.1516113281,840.4924316406,854.3277587891,859.9444580078,865.291809082,870.1214599609,875.5721435547,880.588684082,886.9959106445,892.2112426758],"8":[967.5501098633,967.7349243164,967.5759887695,967.3312988281,967.3139648438,967.2845458984,967.1243896484,966.7693481445,988.9337768555,988.6896972656,988.8688964844,988.9473876953,989.1616210938,989.5218505859,989.5083618164,989.2574462891],"9":[926.1591796875,921.2253417969,914.2612304688,907.2456054688,900.2460327148,892.8467407227,885.8434448242,879.5589599609,889.8475341797,897.4613037109,904.3934326172,912.1414794922,919.6848144531,926.4398193359,934.0646972656,940.5578613281],"10":[841.0510253906,841.5173339844,841.744934082,841.7114257812,841.408996582,841.3447265625,841.3656616211,840.6729736328,860.6672363281,861.4122314453,861.5474853516,861.4927978516,861.8854370117,861.9407958984,861.8034667969,861.9063720703],"11":[781.4396972656,775.6546020508,769.6943359375,764.2020263672,758.4066772461,752.3654174805,747.0250244141,740.6930541992,753.4541015625,759.3966064453,765.2431640625,770.9820556641,777.0435791016,782.5776367188,789.1751708984,795.442199707],"12":[909.4184570312,904.2540893555,896.549987793,890.2368774414,883.625793457,877.1499023438,870.6712646484,864.288269043,874.1370849609,882.4224853516,889.3295898438,895.5203857422,901.9501342773,907.5023193359,913.9968261719,920.9235839844]},"text":{"0":"2379","1":"2369","2":"Trough","3":"2286","4":"2329","5":"2339","6":"2349","7":"2319","8":"2281","9":"2289","10":"355","11":"2359","12":"2299"},"score":{"0":0.9624069929,"1":0.9517968297,"2":0.9838036895,"3":0.9536598921,"4":0.9302640557,"5":0.9425256252,"6":0.9320830703,"7":0.941698432,"8":0.925364852,"9":0.8545840383,"10":0.8137084842,"11":0.8964621425,"12":0.661637485}}