{"polygon_x":{"0":[773.1665649414,787.5837402344,802.8566894531,817.2454833984,831.7867431641,846.8843994141,861.7553710938,876.4696655273,874.7966308594,860.2965698242,845.6676025391,831.198425293,816.153503418,801.1119384766,786.7692871094,771.8852539062],"1":[655.1657104492,669.2976074219,683.8404541016,697.6950073242,711.8894042969,726.2598266602,740.2538452148,754.7193603516,753.6516113281,739.5083618164,725.4047241211,711.251159668,696.6477050781,682.3623046875,668.2840576172,654.1839599609],"2":[485.8518981934,499.0887451172,512.9973144531,526.165222168,540.684753418,554.1669921875,567.9525146484,581.6957397461,580.0310668945,566.2720336914,552.5914306641,538.4494018555,525.3167724609,511.5092773438,497.8120117188,484.4652099609],"3":[0.0295922887,19.7084274292,40.6930160522,61.774066925,84.6312637329,106.5710830688,126.76978302,147.08644104,164.8664093018,143.7028656006,121.8508758545,100.1487579346,80.19921875,58.5498390198,39.010433197,15.1110086441],"4":[673.1926879883,687.4376220703,701.1463623047,714.7284545898,728.2821044922,742.1194458008,755.9784545898,769.4454345703,769.2367553711,755.3167724609,741.5746459961,727.897277832,713.9504394531,700.0187988281,686.3707275391,671.7506103516],"5":[78.9701156616,89.3141021729,99.2900466919,108.8517379761,118.8958892822,128.5106658936,138.0328063965,147.8365020752,157.8728637695,148.3598022461,138.6057739258,129.4688415527,119.7634887695,109.5996780396,99.5168685913,89.9877319336],"6":[695.2458496094,705.7587280273,716.119934082,726.0263061523,736.0607910156,746.2797851562,756.5482177734,766.9732666016,765.1766357422,755.2037963867,744.8218383789,734.5565795898,724.5236206055,713.8056030273,703.4888916016,693.0751953125],"7":[946.5811767578,954.1943359375,961.7017211914,969.5360107422,976.9141235352,984.7698364258,992.7708740234,999.9124145508,999.7470703125,991.810546875,984.1077880859,976.042175293,968.3122558594,960.7427368164,953.370300293,945.6979980469],"8":[85.328125,105.3994293213,125.1480789185,146.136505127,165.9775085449,186.6860198975,207.1784973145,228.1290435791,246.0410766602,226.346862793,206.8530883789,185.8296051025,164.5008544922,142.8154296875,122.208442688,100.144569397],"9":[777.326171875,783.7283935547,790.7969970703,797.34765625,804.2084960938,810.5404052734,816.9786987305,823.6552734375,837.1401367188,830.3283691406,823.7771606445,817.1798706055,810.3977050781,804.3988037109,797.9105224609,792.3168945312],"10":[581.9320068359,588.0638427734,594.7815551758,601.0612182617,607.6377563477,614.1688842773,620.5052490234,626.9869384766,626.6820068359,620.9591674805,614.342590332,607.8969726562,601.3799438477,594.8200073242,588.5083007812,581.7403564453],"11":[356.0715332031,363.4029846191,370.8440856934,378.1138916016,385.6477355957,393.5077514648,401.5249328613,409.8022460938,408.3910827637,400.842590332,393.2474975586,386.1253662109,378.4774780273,371.0817871094,363.6588134766,355.9368286133],"12":[786.4356689453,794.2102661133,802.1743164062,809.8791503906,817.630065918,825.3358154297,832.9206542969,840.3420410156,836.7338867188,829.4885864258,821.5466308594,813.7459716797,806.0311889648,798.4118652344,790.3689575195,783.4165039062],"13":[303.382232666,311.7861633301,320.9177246094,329.8723144531,339.1616821289,348.4572143555,357.4456176758,366.1829223633,365.7969665527,357.2468261719,347.7657470703,338.5879516602,329.5311279297,320.6477355957,311.7908935547,302.8845825195],"14":[762.4563598633,766.1734008789,771.3131713867,774.8433837891,778.2686767578,781.7567138672,785.3423461914,787.8599853516,759.9853515625,756.535949707,753.4576416016,749.4053955078,745.4283447266,741.7009887695,737.9934692383,734.0133056641],"15":[413.0270385742,423.6053771973,433.6428527832,443.7767944336,453.9122924805,463.5580749512,472.7867431641,473.080291748,479.2026977539,472.6135864258,464.497833252,454.810760498,444.3245849609,433.8834838867,423.8528442383,413.5746765137],"16":[502.2864990234,506.5032958984,508.9788513184,512.1463012695,514.922668457,518.1920166016,521.1732177734,524.2417602539,524.5543823242,521.876953125,518.0262451172,514.5775756836,511.1870727539,507.9810791016,505.0308532715,501.0455627441]},"polygon_y":{"0":[98.9652557373,99.605178833,99.9853134155,100.0802536011,100.0249176025,100.4755783081,101.8259124756,101.7758483887,124.6298217773,124.4054489136,124.489402771,124.1497421265,124.1559524536,124.0586242676,123.8757705688,123.7098999023],"1":[249.5901489258,249.6311645508,250.0898132324,250.3511047363,250.449508667,250.9048156738,251.7758483887,251.5847473145,274.5114746094,274.300201416,274.337677002,274.1945495605,274.241027832,274.1631469727,274.2492370605,274.3164672852],"2":[0.4288633168,0.9279325604,1.4525527954,1.5798370838,2.0520877838,2.4708924294,3.496172905,2.8881072998,27.6430339813,27.2373180389,27.4260692596,27.0076351166,26.7352256775,26.3753299713,26.4438781738,26.1157913208],"3":[79.7880630493,68.7661819458,57.6807479858,46.7981643677,35.8034439087,24.4043521881,14.0732965469,1.9899653196,34.4100494385,49.5281219482,62.2953414917,72.5092468262,83.3511276245,92.4844741821,102.4208831787,113.0358734131],"4":[392.2871704102,392.4268798828,392.7862854004,392.8515319824,392.6700134277,392.6903686523,393.1422729492,392.7653198242,417.8466796875,417.267791748,417.7987365723,417.7915649414,417.9038085938,418.0221557617,418.0548095703,418.0678710938],"5":[113.5169830322,107.5733184814,102.6250762939,98.0681228638,93.4407501221,88.9058609009,84.305770874,79.0813522339,102.8761367798,107.8723526001,113.0865020752,117.6757354736,122.7937240601,127.6453323364,132.4304351807,137.1787872314],"6":[325.4490356445,325.4098205566,325.0415344238,325.3848571777,325.4580688477,325.8273925781,325.5790710449,326.4724731445,351.2652893066,351.1489562988,351.1212158203,350.8890075684,350.7060241699,350.6249694824,350.5215454102,349.9859924316],"7":[959.0390014648,960.061340332,960.8521728516,961.4605102539,962.3208618164,963.2828369141,964.3190917969,964.6794433594,985.3252563477,984.4069824219,983.7437744141,983.2977905273,982.782043457,982.1607055664,981.6354370117,981.5310058594],"8":[251.4990081787,241.9674530029,232.640838623,222.700378418,213.1985321045,202.0375061035,190.5763244629,179.692779541,208.4286499023,220.5076446533,232.1386413574,242.3931732178,252.6619110107,262.2252197266,272.2411499023,281.2255859375],"9":[383.9651184082,379.6706848145,375.3986816406,370.2401428223,365.7311706543,361.0701293945,356.1486816406,351.9180297852,369.2194213867,373.6604309082,378.0733947754,382.8934936523,387.5240783691,391.96875,396.9713745117,402.6545715332],"10":[372.8963928223,372.7215270996,372.7352294922,372.3861694336,372.3974914551,371.8285827637,371.6250610352,371.8550415039,402.8296203613,402.8363342285,402.3501281738,402.4677124023,402.5223388672,402.6389160156,402.987121582,402.9138183594],"11":[658.5242919922,658.3305664062,658.4002685547,658.438659668,658.4710693359,658.1264648438,657.5457763672,657.6770629883,678.7331542969,678.7553710938,679.0231933594,679.0981445312,679.2294311523,679.3551025391,679.4289550781,679.8612060547],"12":[700.4108276367,701.3929443359,702.9478759766,704.4671020508,706.2657470703,708.3515014648,710.2899169922,713.0447387695,733.125,730.3921508789,728.296875,726.7877197266,725.2478027344,723.8339233398,722.7222900391,721.8018798828],"13":[510.5847473145,510.7363891602,510.6589050293,510.6324462891,510.6242370605,510.6565856934,510.2370910645,510.3635864258,534.6737060547,534.3093261719,534.1717529297,534.1582641602,534.0922851562,533.9432983398,534.1452636719,533.966003418],"14":[0.0137393046,5.9845581055,11.7426795959,20.9376907349,27.7159519196,34.6689033508,42.5777854919,51.3979873657,61.7411575317,54.2719345093,47.0553283691,38.3810005188,30.9457817078,22.8417472839,14.2390537262,6.5799183846],