{"polygon_x":{"0":[328.5811157227,349.9575805664,370.0714416504,390.1768188477,410.6425476074,431.0039978027,451.1938171387,471.9619445801,471.4380187988,451.4253234863,430.882232666,410.9900512695,390.9442443848,370.3630065918,350.3524780273,329.0315246582],"1":[194.5123901367,207.182800293,219.6632385254,231.5314025879,243.8227844238,255.5530700684,267.62109375,279.1994018555,279.4995422363,267.5801391602,255.3438568115,243.1107940674,231.4032592773,219.3480529785,207.4730834961,194.722869873],"2":[175.8033905029,189.0828857422,201.7344970703,213.8258361816,226.0710144043,238.2022705078,250.7373046875,262.6553039551,263.3382568359,250.9407958984,238.0045318604,225.7785339355,213.5572052002,200.8513031006,188.410736084,175.6812133789],"3":[405.963104248,414.8050231934,423.1182250977,431.7528076172,440.3056335449,449.2467651367,458.2314453125,467.6052856445,467.7518310547,459.2128295898,450.0118408203,441.2792358398,432.6231384277,423.904296875,415.1118774414,405.9856567383],"4":[662.0717773438,669.9122314453,677.376953125,685.2142944336,693.1495361328,701.0523681641,708.301940918,716.2938232422,716.9102783203,709.1868896484,701.6079101562,693.8784179688,685.9850463867,678.4981689453,670.4661865234,662.0834350586],"5":[612.2778930664,621.0690917969,630.1401367188,639.1456298828,647.9196777344,656.9232788086,665.9271850586,674.4715576172,674.7476806641,666.1874389648,657.3367919922,648.1798095703,639.2203369141,630.5768432617,621.8479003906,612.8251953125],"6":[314.2499084473,342.486907959,370.0870056152,396.5347900391,424.6455078125,453.1327819824,479.5685424805,507.5380249023,508.2844848633,480.2160644531,452.8538208008,424.5254821777,396.2972412109,369.1021118164,340.4292602539,313.8228149414],"7":[415.1055908203,423.1228942871,432.203918457,441.7470092773,450.0303955078,458.5926513672,467.0542907715,475.5283813477,475.5643005371,467.696105957,459.0406494141,450.3707885742,441.9266052246,433.7795715332,425.2831420898,416.3150024414],"8":[288.7144165039,293.9558410645,298.9049072266,304.3616943359,309.5559387207,315.3818359375,320.9921875,325.8556518555,325.8439331055,321.2027587891,315.0868530273,309.7631835938,304.3921203613,298.7564697266,293.4306335449,287.8821716309],"9":[506.7528991699,515.0676269531,524.2621459961,533.3853759766,542.83203125,551.6396484375,560.6965942383,569.6044311523,569.1064453125,561.1415405273,551.8489379883,542.6243896484,533.5520019531,524.4691162109,515.5982055664,506.1627197266],"10":[152.4431762695,161.2029418945,170.585723877,180.5062866211,189.6980285645,199.0256500244,207.8199768066,216.6170043945,216.7260131836,207.5917816162,198.4100952148,189.7606811523,180.7277069092,171.9853210449,163.0202331543,153.2104797363],"11":[270.7772521973,275.8944396973,281.0332946777,286.6029052734,292.164276123,298.1725769043,303.4082336426,308.8074951172,308.1935424805,303.5815124512,297.9811401367,292.2553100586,286.9959716797,281.1258544922,275.5662536621,270.4832458496],"12":[377.5811157227,387.5665893555,396.6454772949,405.383972168,414.8909301758,424.0308837891,433.1507873535,442.9669189453,441.834777832,432.7191162109,423.1235046387,413.9512634277,404.9267578125,395.6975097656,386.2571716309,376.2844848633],"13":[1.2184811831,3.0711081028,4.6856527328,6.6344823837,7.6520376205,8.8798027039,10.5069923401,12.3136482239,14.7870817184,12.9983081818,11.2353916168,9.3767061234,7.7919559479,6.0424280167,4.4494352341,2.1834349632],"14":[565.2723999023,565.6224365234,564.8428344727,562.4984130859,559.5670166016,558.3024902344,557.8928222656,557.7144775391,607.8321533203,609.7360839844,611.1812744141,612.3460693359,613.6721191406,615.2565307617,615.0593261719,614.908203125]},"polygon_y":{"0":[891.65234375,891.3068847656,891.7429199219,891.8118286133,892.267578125,892.6342773438,893.3215942383,892.9385986328,923.4421386719,923.5633544922,924.1406860352,923.6141357422,923.6737670898,923.0856323242,922.9110717773,922.4467773438],"1":[890.5517578125,890.9685668945,891.1385498047,891.1284179688,891.1101074219,891.2177124023,891.3370361328,890.6444702148,921.9560546875,922.3468017578,922.1045532227,921.6674804688,921.1974487305,921.0161132812,921.1677246094,920.8370361328],"2":[853.4763183594,853.1340942383,853.0020141602,853.2098388672,853.0913085938,852.9981079102,852.8540039062,852.5830688477,884.0828857422,884.6920166016,884.2653808594,884.2746582031,883.7094726562,883.4111328125,883.2900390625,883.2428588867],"3":[353.7580566406,353.8837280273,353.7390136719,353.6411132812,353.5139770508,353.0419921875,352.5783691406,351.7890014648,373.7498168945,374.0688781738,374.2075805664,374.3008728027,374.3057861328,374.9869384766,375.4096069336,375.1528320312],"4":[839.4678344727,839.4074707031,839.3297119141,839.0319213867,838.8692626953,838.3727416992,838.033996582,837.9637451172,860.0800170898,859.9825439453,860.0555419922,860.2297973633,860.3581542969,860.1036987305,860.0493164062,860.2535400391],"5":[493.079864502,492.821685791,493.1640319824,493.277130127,493.2316894531,493.2068481445,492.8189086914,493.0654907227,516.783203125,516.129699707,516.1453857422,516.2434082031,516.2218017578,516.1483764648,516.1331787109,516.0646972656],"6":[853.7023925781,853.7740478516,854.3629150391,854.3926391602,854.9234008789,854.6723632812,853.984375,854.0852050781,885.700378418,886.5205078125,886.3442993164,886.7290039062,887.1436157227,886.4889526367,884.7473144531,884.8334350586],"7":[461.8443603516,462.9793701172,463.1845397949,463.3215942383,463.9219970703,464.2588806152,464.1251831055,464.0455932617,485.911315918,486.014831543,485.9608764648,485.8433227539,485.7504272461,485.8248901367,486.0928955078,485.7052001953],"8":[893.5379638672,892.4127807617,892.3542480469,892.4297485352,892.5256347656,891.9198608398,891.4464111328,891.2355957031,923.5797729492,922.8555297852,923.0111083984,923.2122802734,923.1951293945,922.6419067383,922.2872314453,921.5445556641],"9":[63.6422386169,63.5448303223,63.2554664612,63.7887802124,63.920841217,63.7878341675,63.7456169128,63.6062774658,87.6546630859,87.0825881958,86.728012085,86.5226287842,86.7718811035,86.6153564453,86.5264205933,86.4854354858],"10":[751.8840942383,751.5305175781,751.4867553711,751.2133789062,751.4083251953,751.6186523438,751.4423217773,751.0256347656,774.6070556641,774.3858642578,774.2490234375,774.2745361328,774.2828369141,774.2763671875,774.2515869141,774.2418212891],"11":[854.978515625,854.0361938477,853.6517333984,853.9016113281,853.7805786133,853.5686645508,853.0379638672,853.0623779297,883.8213500977,883.9949951172,884.0313720703,883.9331054688,884.4729003906,884.8516235352,885.2836914062,885.1999511719],"12":[208.0502166748,208.3898773193,208.9280090332,208.9831390381,209.1000671387,209.4179992676,209.6213378906,209.8823547363,233.09375,233.2984008789,233.233215332,232.9100036621,232.4597930908,232.4975891113,232.5476379395,232.0207977295],"13":[732.0086669922,732.2036132812,732.3682861328,732.3508300781,732.2952270508,731.9369506836,731.4123535156,731.2399902344,753.5631713867,753.6137695312,753.5375366211,753.3585205078,753.6178588867,753.7249145508,753.7233886719,754.3298339844],"14":[970.5215454102,920.5743408203,869.9720458984,821.0393066406,771.3263549805,723.7620849609,671.6461181641,621.0858764648,610.6947631836,667.8402709961,719.7055053711,767.5422363281,814.5209350586,864.6495361328,911.5277099609,958.8699951172]},"text":{"0":"Absalom","1":"Tomb","2":"Tomb","3":"2264","4":"2514","5":"2296","6":"Jehoshaphat","7":"225B","8":"of","9":"2283","10":"2236","11":"of","12":"Cave","13":"6","14":"TERY"},"score":{"0":0.9881474376,"1":0.9843942523,"2":0.9808166623,"3":0.9512588978,"4":0.9709863067,"5":0.9699283838,"6":0.9865581393,"7":0.9543678164,"8":0.9800279737,"9":0.9493603706,"10":0.9482578039,"11":0.98040694,"12":0.9756198525,"13":0.66454041,"14":0.9708983302}}