{"polygon_x":{"0":[729.6405029297,738.1012573242,746.8941650391,755.9759521484,764.9383544922,774.1654052734,782.9018554688,791.2720947266,792.5341186523,784.5278320312,775.084777832,765.959777832,757.0140991211,748.1599121094,739.128112793,730.3674316406],"1":[928.27734375,936.7340698242,945.0157470703,953.1027832031,960.8934326172,969.124206543,977.6876831055,986.2713623047,985.9100341797,977.6695556641,969.2595825195,961.1917724609,953.225402832,945.0543823242,937.0794677734,928.7118530273],"2":[130.155960083,142.0485992432,153.7731323242,165.3318634033,176.8322906494,189.0264587402,200.9336853027,212.059463501,211.4085693359,199.6606140137,187.5914611816,175.5862121582,163.5140991211,151.3905029297,139.0915527344,127.335395813]},"polygon_y":{"0":[60.5530853271,60.4702987671,60.6032333374,60.5882568359,60.3333625793,60.0530090332,59.8788414001,60.0776443481,82.5558166504,82.4540863037,82.6270141602,82.5274505615,82.902305603,83.0715637207,83.01902771,83.07006073],"1":[67.7658462524,67.6725921631,68.0333251953,68.3980407715,68.4109344482,68.7200241089,69.0756835938,69.5558319092,90.3058013916,89.9016571045,88.9855194092,89.4439697266,89.4501495361,89.4092941284,89.3307571411,89.2779998779],"2":[346.1073608398,345.8981323242,346.1502380371,346.1154785156,345.9654541016,346.2955322266,346.0038452148,346.4315490723,370.8966369629,371.4161682129,371.2658081055,370.8729248047,370.2729492188,370.2239685059,369.9652404785,369.7190856934]},"text":{"0":"2479","1":"2479","2":"Tomb"},"score":{"0":0.963365376,"1":0.9764807224,"2":0.9776230454}}