{"polygon_x":{"0":[811.7276611328,824.2182006836,837.8158569336,850.2807617188,862.8189697266,876.083984375,889.4428100586,901.9432983398,900.3724365234,887.9676513672,874.9998779297,862.4116210938,849.4770507812,836.4266357422,823.7224731445,810.9971923828],"1":[746.8737182617,756.4954223633,766.6463623047,776.1793212891,786.1251831055,796.3892822266,806.4008789062,816.5587158203,815.0408935547,804.9719848633,795.0155029297,784.8779907227,775.1773681641,764.7689819336,754.513671875,744.4581298828]},"polygon_y":{"0":[110.5383911133,110.8414077759,110.5564880371,110.7153320312,110.5807495117,110.8124847412,111.4847488403,111.8049163818,133.0399017334,132.5953369141,132.7286376953,132.4602966309,132.0598297119,131.9305114746,131.7432403564,131.6529388428],"1":[151.8308105469,152.2630310059,152.4025878906,152.337020874,152.3343200684,152.3144073486,152.2500915527,152.18409729,175.8511047363,176.1023101807,175.8319244385,175.7757263184,175.5162963867,175.4193267822,175.4032897949,175.2127380371]},"text":{"0":"Cistern","1":"Tank"},"score":{"0":0.9608161449,"1":0.9789853096}}