{"polygon_x":{"0":[142.8858032227,167.5541381836,192.5693054199,217.5615081787,242.3375701904,267.6885986328,291.8428955078,317.3169555664,316.6608886719,290.9234313965,266.6301879883,241.6269683838,216.8268585205,191.4927978516,166.4074707031,140.9713592529],"1":[144.2434844971,164.8605194092,184.8379211426,204.3374938965,224.5902404785,244.2153930664,264.4637756348,283.0621948242,283.6856689453,264.0671691895,243.954788208,223.4811401367,203.1687164307,183.1467437744,163.655380249,142.9954833984],"2":[271.8706665039,278.349822998,284.8571166992,291.1498718262,297.3261413574,304.1466064453,310.2035522461,317.682220459,316.1835021973,309.4517211914,303.1561584473,296.8945922852,290.7329711914,284.5024108887,277.2568054199,270.6795043945],"3":[210.5467834473,226.8249359131,243.4551696777,260.1354370117,277.1429748535,294.3916931152,311.3094787598,328.1945495605,326.9526367188,309.6873168945,293.3806762695,276.3467712402,259.629486084,242.9633178711,225.5158843994,208.6208496094],"4":[142.6831207275,158.7721862793,174.6245422363,190.6290435791,207.1723175049,224.6714477539,240.723236084,256.1814880371,254.9425354004,237.7738952637,222.062286377,206.0484924316,189.79296875,173.5785064697,157.0494995117,140.6316223145],"5":[142.9846496582,154.9730834961,166.2970123291,178.129486084,190.2512817383,202.3639221191,214.4799041748,226.384185791,226.0303955078,213.2465820312,201.7136535645,189.6887969971,178.2802581787,166.3557739258,154.3479766846,141.7731628418],"6":[331.9724731445,344.8374023438,358.650177002,372.123840332,386.2029724121,400.2420043945,413.6822814941,427.9002380371,426.197052002,412.1010131836,398.7459106445,385.0362854004,371.2873535156,357.7582397461,343.7543945312,329.2492980957],"7":[308.1747131348,321.0714111328,334.3987426758,347.2755126953,360.9342956543,373.8577880859,386.4370727539,400.2604980469,399.0814208984,386.2634887695,372.6098022461,359.4735717773,346.1873168945,332.9568786621,319.8271484375,306.6988830566],"8":[145.0646820068,162.5634918213,179.8280029297,197.2986602783,214.5414428711,232.7223205566,249.1841125488,266.6989440918,265.2524414062,248.040435791,230.7549285889,213.045501709,195.6356201172,178.2357788086,160.6848907471,142.8687286377],"9":[111.7098236084,114.7658157349,117.9777145386,121.0565109253,123.949432373,127.2467803955,130.0668487549,132.9153442383,132.4491271973,129.4508209229,125.9711303711,122.9494094849,119.8587112427,116.5779037476,113.4355010986,110.2410964966],"10":[259.9576721191,271.8931884766,284.5553894043,296.9435119629,310.116394043,322.9387817383,335.4999084473,348.5503540039,347.2811889648,334.4182739258,321.898223877,309.4291992188,297.0926513672,284.4130249023,271.8223266602,258.5719909668],"11":[231.2434387207,242.7692260742,254.8245239258,266.7949829102,278.739074707,290.8943481445,302.1922607422,315.1898803711,314.8071899414,302.1101379395,290.3220825195,278.1686706543,266.4170532227,254.1962280273,242.1977996826,229.6623535156],"12":[320.1217346191,333.6478881836,347.9463500977,361.7618103027,376.024017334,390.390625,403.9644775391,418.4143371582,417.1364135742,402.7924804688,388.9453430176,374.7916259766,361.0001831055,347.144317627,333.0404052734,318.7481079102],"13":[226.26512146,237.5505065918,248.7476959229,259.7094421387,271.3143005371,282.6543579102,293.5657958984,305.6311645508,304.3466186523,292.9211120605,282.0021362305,270.282623291,259.2452392578,247.8768157959,236.9550323486,224.87159729],"14":[140.6235351562,152.9294433594,164.8163452148,176.9460144043,189.10546875,201.3333282471,212.327255249,224.4291687012,223.7745056152,211.7423095703,199.6897277832,187.614654541,175.6600189209,163.7194213867,151.2716064453,138.812286377],"15":[230.1194763184,243.0410461426,256.2136535645,269.1686401367,282.2489013672,295.9692382812,308.8968505859,322.4676818848,321.0147705078,306.9187316895,293.9872131348,280.9366149902,268.2137451172,254.8887939453,241.8939208984,227.9613647461],"16":[140.0924530029,149.6058654785,159.5520782471,169.3299560547,179.1382141113,188.7362365723,198.3714599609,208.3251800537,207.169921875,197.9421691895,188.1604614258,178.1606292725,168.8017120361,159.2987213135,149.4668579102,139.0829162598],"17":[363.9967346191,376.2230834961,389.1299438477,401.4401550293,414.5246887207,427.6295776367,440.0299377441,453.2300109863,452.1435852051,439.240447998,426.6890869141,413.669708252,400.7427978516,387.8668823242,374.919921875,361.5044555664],"18":[138.9243927002,148.7736968994,158.8124694824,168.9977416992,179.3737030029,189.3209686279,199.7892608643,210.6776580811,209.4625549316,198.894744873,188.9439239502,178.304977417,168.5881195068,158.3487548828,147.9911651611,137.0949249268],"19":[139.2149047852,163.281539917,187.0126342773,210.9181976318,234.4641876221,258.1263427734,280.4934387207,304.046081543,304.4513549805,279.942565918,257.0276794434,233.3272094727,209.671005249,185.6315612793,161.4607391357,137.1665649414],"20":[170.0389404297,177.9723510742,185.9355773926,193.8454589844,201.993560791,210.6478118896,219.0428009033,227.5451660156,226.8115234375,218.0766906738,210.0771179199,201.6963043213,193.699798584,185.6817779541,177.2270507812,168.5356445312],"21":[214.7643127441,220.2821960449,226.3462677002,232.3357543945,238.6253509521,244.7891845703,250.860748291,257.902923584,255.6952209473,248.5194549561,242.7936553955,237.2449035645,231.3303985596,225.7637634277,219.7198486328,213.1410980225],"22":[119.1530303955,121.5021362305,124.021446228,126.3263702393,128.856552124,131.8088378906,134.3691101074,137.0845947266,137.7843322754,135.8547973633,132.9196777344,130.1625976562,127.4280090332,124.6079940796,121.7785949707,118.8065032959],"23":[120.9783248901,124.354850769,127.1535491943,130.0148925781,132.5112457275,135.6572265625,138.4253082275,141.4413299561,140.2642669678,137.6156005859,134.798248291,131.5247192383,128.8159942627,126.2048492432,122.9174423218,119.6084976196],"24":[144.8545227051,147.9001464844,151.0839233398,154.4634246826,157.9216003418,161.615524292,165.5276184082,169.0192565918,167.6849975586,164.2864379883,160.2981262207,157.2483062744,154.1630859375,150.760635376,146.9309844971,142.9960327148],"25":[118.7805862427,121.5777206421,124.3425827026,127.3603439331,130.0497283936,133.2188262939,136.3454284668,139.4386901855,137.9563598633,134.9787902832,132.0776367188,129.1832733154,126.656036377,123.8320922852,120.6912536621,117.1166687012],"26":[108.7097549438,112.0336227417,115.25,118.6744537354,122.1206741333,126.0340423584,129.3198242188,132.3472442627,131.0136566162,128.5256195068,124.3486175537,120.9229888916,117.6249847412,113.8781738281,110.5205459595,107.0381317139],"27":[306.6484375,314.7467651367,322.5593566895,330.6500244141,338.5793762207,347.141418457,354.3121337891,362.5195922852,359.9315795898,351.5177612305,343.4396362305,336.0225219727,328.418762207,320.6907348633,313.400177002,305.0845031738],"28":[323.2521057129,338.7283630371,353.4338378906,368.1212158203,383.4443664551,398.1100463867,412.662322998,428.8672485352,426.953125,411.3403320312,396.5850524902,381.7893676758,366.9492797852,352.0504455566,337.0139770508,321.1676330566],"29":[289.5414123535,293.8663635254,299.5790405273,305.2992858887,311.032409668,317.171295166,322.3495788574,328.9143066406,327.1717834473,320.9765930176,314.6841125488,309.4518432617,304.3147888184,299.0023193359,292.6786193848,286.3955078125],"30":[118.3783111572,120.8846893311,123.7825393677,127.2842330933,130.6243438721,134.128036499,136.8395996094,139.6904296875,138.3040771484,135.3131103516,132.3388671875,129.6462097168,126.7667694092,123.8383789062,120.9077377319,117.6701660156],"31":[259.4384460449,265.4453125,271.731628418,278.5547485352,285.2431945801,291.9404602051,298.1633605957,304.3335571289,303.1652832031,296.9732055664,290.142578125,284.0176696777,278.3167724609,272.2072143555,265.383392334,258.6847839355],