{"polygon_x":{"0":[147.232635498,148.8476104736,149.5743865967,150.4247741699,151.83984375,152.8900146484,153.6937866211,154.3770446777,181.6197052002,180.4762115479,179.2605285645,177.5110473633,175.7243499756,174.5388793945,173.2545318604,171.9682006836],"1":[181.4694824219,197.6929473877,213.9571533203,230.1622161865,246.2461242676,262.2211914062,278.0830688477,293.3746337891,293.2819824219,278.0399169922,261.9256896973,245.756652832,229.9954528809,213.8359375,197.5939941406,182.6657409668],"2":[297.9951477051,307.6217346191,317.1289367676,326.068572998,335.3739929199,344.9817504883,354.0554199219,363.1630249023,362.9761047363,353.0441589355,343.6806640625,333.8040161133,324.9937438965,315.7984619141,306.7378540039,296.9449462891],"3":[152.3629455566,155.681137085,158.4777374268,161.5219726562,165.1584472656,168.4116210938,171.0624389648,174.0614471436,203.6205291748,200.1184387207,197.2023620605,193.5028686523,189.9593963623,187.3547973633,184.6206054688,180.895980835]},"polygon_y":{"0":[827.7253417969,817.37890625,805.940246582,795.6793823242,785.7711181641,775.0692138672,764.5433959961,753.1293334961,759.0239257812,769.0658569336,779.9631347656,789.8278808594,800.6055908203,810.4832763672,820.7091674805,832.8471679688],"1":[972.8989257812,972.9555664062,972.725769043,972.1696777344,971.9130859375,971.3497924805,971.7368164062,971.5517578125,999.6521606445,999.5954589844,999.5079345703,999.5682373047,999.7109985352,999.7493896484,999.7922363281,999.8786010742],"2":[972.9556884766,972.9173583984,972.8813476562,972.7009277344,972.5289916992,972.4143066406,972.8897705078,972.2060546875,999.8284912109,999.7178955078,999.6723632812,999.5263061523,999.5798339844,999.5297241211,999.580078125,999.6491699219],"3":[746.0061645508,728.2692871094,711.7206420898,696.1917114258,681.0565795898,663.0978393555,646.0062255859,629.581237793,638.9835205078,654.123840332,670.8947143555,687.6687011719,704.6963500977,720.9891357422,737.3087158203,755.1668701172]},"text":{"0":"nach","1":"Helena's","2":"Grab","3":"Nablous"},"score":{"0":0.969630599,"1":0.9756928682,"2":0.9838103056,"3":0.9589272141}}