{"polygon_x":{"0":[629.5763549805,653.3677978516,677.7835693359,703.1474609375,727.1812744141,750.3872070312,773.469543457,796.3896484375,803.1930541992,780.1108398438,757.2690429688,734.5776977539,711.522277832,689.5025024414,668.6049804688,651.15234375],"1":[669.9897460938,688.3224487305,706.5422973633,725.1860351562,743.5915527344,761.9489135742,779.9859008789,799.5612792969,797.4500732422,778.4677124023,760.8002319336,742.7855834961,724.3563842773,705.6067504883,687.3071899414,668.259765625],"2":[747.6235351562,759.4357910156,771.2431640625,783.4110107422,795.5208740234,807.3966064453,819.1374511719,831.6800537109,805.83203125,795.1064453125,783.9479980469,771.4721069336,760.4464111328,748.8024902344,736.2249755859,724.9573974609],"3":[517.1544189453,532.5875244141,547.6362304688,563.1937255859,579.2322387695,594.9755249023,610.0454101562,626.7190551758,618.1716918945,601.8615112305,586.8666992188,570.4703369141,555.0473632812,539.782409668,524.3641357422,508.436126709],"4":[784.5327148438,797.1137695312,809.4208374023,822.0373535156,834.6335449219,847.5848388672,859.5352783203,872.0641479492,870.5132446289,857.8682861328,845.9545288086,833.4359741211,821.0877685547,808.3951416016,796.0437011719,783.5748901367],"5":[379.554901123,390.0908813477,400.9849853516,411.7482910156,423.2460327148,434.4549560547,445.4288330078,456.5408630371,454.158996582,442.9999389648,431.9561157227,420.588104248,409.8512573242,398.5589599609,387.3095092773,376.6831665039],"6":[979.3148193359,982.6694335938,986.5512695312,989.2591552734,991.8457641602,994.6710205078,996.7490234375,999.8259277344,977.9196166992,974.6798095703,970.6090087891,966.5172119141,961.4771728516,957.9061279297,953.6022338867,948.7857666016],"7":[629.8989257812,628.669128418,628.469543457,629.5347900391,630.5357666016,631.3941650391,632.9591674805,633.5786132812,663.4728393555,661.2853393555,661.696105957,661.0130615234,661.5463256836,662.4732055664,662.2014770508,661.2474365234],"8":[466.5364074707,472.7444763184,479.3514404297,485.7565612793,492.2164306641,498.7275390625,504.8979492188,511.5875549316,504.1840820312,497.171875,490.3012695312,484.8197937012,478.5588378906,472.7041931152,465.7571411133,459.7153320312],"9":[800.3613891602,816.0081787109,832.666015625,849.1185302734,864.6003417969,881.018371582,897.2528686523,913.5528564453,912.0195922852,895.0965576172,879.3246459961,863.2503662109,847.7299804688,831.2027587891,815.1275024414,798.6871337891],"10":[942.1676635742,946.4418945312,950.7694091797,955.3234863281,960.4407958984,964.3708496094,967.1219482422,971.5338134766,943.2232666016,939.0637817383,934.0739746094,928.6735839844,923.5043945312,919.3414916992,914.5728759766,909.87109375],"11":[449.1504211426,462.1092224121,476.7873840332,491.2138366699,505.3150024414,520.2053222656,535.1782836914,550.2515869141,555.3996582031,540.9381713867,526.5037841797,512.0826416016,497.2600708008,482.5095214844,468.2359313965,453.6648254395],"12":[540.9737548828,558.0559692383,574.2857055664,590.6154785156,608.5534667969,625.8989868164,643.1654052734,661.7959594727,649.2639770508,631.6960449219,615.0554199219,598.3092651367,581.2401123047,564.8046264648,547.2606201172,530.7490234375],"13":[439.489440918,453.8323974609,468.4919433594,482.8543701172,497.1597595215,512.1527709961,527.0639038086,542.186340332,546.703125,532.3561401367,516.5925292969,501.4723510742,486.7213439941,471.6973876953,456.2469787598,440.7711791992],"14":[403.0522155762,415.2108154297,427.1784667969,438.9815979004,451.4188232422,464.0032348633,476.7047424316,489.7277832031,487.8332519531,475.5561828613,463.1655578613,451.0074462891,438.8351745605,426.255065918,413.4774169922,401.0058898926],"15":[833.6392211914,851.3334960938,868.5767211914,886.2053222656,903.9850463867,922.0342407227,940.3028564453,958.3886108398,956.6229858398,938.0649414062,920.8773193359,903.0108032227,885.3182373047,867.5799560547,849.7368164062,832.3210449219],"16":[904.8356933594,917.0133056641,929.0272216797,940.9997558594,952.8704223633,964.1771240234,976.112121582,991.1862182617,999.9898681641,991.2683105469,979.6507568359,969.26171875,958.2831420898,945.6365356445,934.8080444336,925.6304931641],"17":[359.7412109375,367.2973327637,373.7850646973,380.8061218262,387.7994384766,394.8937683105,401.6996765137,408.8950195312,407.4331359863,400.6996459961,393.7935791016,387.0264282227,380.5358886719,373.483581543,366.4064025879,359.5645751953],"18":[874.9041748047,884.4025268555,893.51171875,902.3525390625,911.6763916016,921.6241455078,931.4095458984,940.9295654297,937.6583251953,928.0151977539,918.8631591797,909.5508422852,900.4678344727,891.2460327148,881.9477539062,872.3293457031],"19":[632.2156982422,637.2257080078,641.2378540039,645.6202392578,650.2332763672,654.8285522461,659.5897216797,664.1290283203,651.0271606445,646.1123046875,641.9068603516,638.1821289062,633.5549316406,629.3759155273,624.2575683594,619.9951171875],"20":[642.8078613281,638.9508666992,635.3693237305,634.5822753906,633.1785888672,632.4434814453,632.239440918,631.8551025391,666.5845336914,666.2413330078,665.1287841797,665.2038574219,665.8806152344,667.1104736328,669.5648803711,673.2349243164],"21":[514.9404907227,518.6017456055,520.5941772461,523.6708984375,526.8264160156,530.3400878906,533.3148193359,536.1918945312,530.4614868164,528.8568115234,525.3598022461,522.0990600586,518.6861572266,515.9552612305,513.5076293945,510.3649902344],"22":[428.7171936035,431.748626709,434.3183898926,437.1371459961,439.8909301758,443.1527404785,446.0446166992,448.8465576172,449.8306274414,446.7468261719,444.1170043945,441.1260681152,438.5574645996,435.4906005859,433.0671691895,430.1439819336],"23":[844.1629638672,854.698425293,865.65625,876.1990356445,886.3214111328,894.6944580078,904.1283569336,912.4520263672,886.2157592773,876.4979248047,865.4213867188,855.858215332,845.3457641602,836.1705932617,825.5944824219,813.9922485352],"24":[471.9584350586,491.3111877441,510.8317565918,530.5285644531,550.4156494141,570.358581543,590.6608886719,609.4393310547,602.2982788086,584.1536865234,565.7770385742,546.2734375,527.9940185547,509.3283691406,489.3869018555,469.5518493652],"25":[676.8350830078,691.6187133789,704.5042724609,720.3894042969,739.2886352539,751.4092407227,762.7283325195,776.2785644531,747.5083007812,734.1495361328,720.4131469727,708.6962280273,694.2062988281,679.6349487305,662.7275390625,648.6756591797],"26":[413.1659545898,414.8567199707,417.4579162598,421.6290588379,425.5595092773,429.6473388672,432.1795959473,433.0280151367,435.247253418,433.1349487305,429.5791015625,426.210144043,422.632019043,418.6108703613,415.3118591309,412.698638916],"27":[667.1185913086,675.8411254883,685.6750488281,695.5427246094,704.7250976562,714.0855712891,722.8754272461,734.4123535156,721.2073364258,711.8343505859,701.5368652344,692.7114257812,683.0002441406,673.3780517578,664.1033325195,654.6522216797],"28":[351.0663452148,360.9259033203,370.7719421387,380.6801757812,391.6964416504,402.1965332031,412.1070556641,422.6808166504,422.3095092773,413.1960449219,402.7369995117,392.3503112793,381.9384155273,371.1771240234,360.7472229004,351.0478515625],"29":[623.1978759766,631.4613037109,641.1527099609,652.2244873047,663.8342285156,673.5032958984,683.4631958008,694.9248657227,673.0388183594,664.1228637695,653.6264038086,644.4610595703,633.5902099609,623.5516967773,613.2210693359,603.4172973633],"30":[667.4370117188,671.5072631836,675.8771972656,679.9443359375,684.7964477539,690.4775390625,695.2991943359,700.0980224609,687.6072998047,682.8205566406,677.7932128906,674.1263427734,668.7432861328,664.2603759766,659.5110473633,654.9117431641],"31":[936.921875,940.5760498047,944.1549072266,947.7259521484,951.6130981445,955.0817871094,958.5104370117,962.1787109375,965.7877197266,960.9137573242,957.243347168,953.2913208008,949.8977661133,946.2612915039,942.600769043,938.6424560547],