{"polygon_x":{"0":[469.6425170898,474.9756469727,479.8007202148,484.5479125977,489.3458862305,495.0304870605,499.9879150391,504.644744873,502.8872070312,498.6667480469,493.2528076172,488.0869750977,483.1359863281,478.1444702148,473.1385498047,467.5503234863],"1":[336.6893310547,355.2076416016,373.0026245117,390.9662475586,409.8180541992,427.8390808105,446.1667175293,463.8649291992,461.8465576172,444.2592773438,425.7780456543,407.8640441895,390.0970153809,371.522277832,353.4750671387,334.4387207031],"2":[509.9178771973,521.4118041992,532.6762695312,543.6395263672,555.0736694336,566.4761962891,577.7130126953,589.9020996094,587.9041137695,577.1052856445,565.4749755859,554.0728759766,542.4860229492,530.9879760742,519.8762207031,507.5295715332]},"polygon_y":{"0":[95.3385848999,95.2220153809,95.4421539307,95.4832611084,95.4562454224,95.5902938843,95.5912017822,95.9179077148,122.5953826904,122.4950561523,122.0779876709,121.8217086792,121.8101882935,121.558303833,121.1658401489,121.5470046997],"1":[93.0226516724,93.0231933594,93.5981750488,93.8542556763,94.4036560059,94.4582443237,95.3549194336,95.5353164673,121.1616668701,120.4821472168,120.6603393555,120.342956543,120.5015411377,120.0091629028,120.3342132568,120.3066864014],"2":[93.4473571777,93.5436325073,93.3392486572,93.8124008179,94.216217041,94.3479537964,94.6778717041,94.894241333,123.4948654175,122.98828125,122.488243103,122.0928115845,121.8734054565,121.7826690674,121.7215881348,121.5772705078]},"text":{"0":"du","1":"C..Mvan","2":"Velde"},"score":{"0":0.9761825204,"1":0.8241231441,"2":0.9766811728}}