{"polygon_x":{"0":[241.7631835938,277.4876098633,313.3045654297,349.1991577148,385.4081726074,420.6129455566,456.2161865234,494.4712524414,494.4852294922,458.7227783203,422.388671875,386.0869750977,350.5160827637,314.879699707,277.935760498,241.0702209473],"1":[779.4629516602,796.2086181641,813.0751953125,830.1245117188,846.3732299805,862.5298461914,878.9197387695,895.6997070312,895.9525146484,879.3532714844,863.2819824219,846.5679321289,829.8904418945,813.6287841797,797.1546020508,779.9036254883],"2":[404.0211791992,421.3361816406,438.9096374512,456.2723999023,473.7461547852,490.9938354492,508.4666137695,525.4362792969,524.9659423828,507.6383972168,490.5471191406,473.466796875,456.5579528809,438.3935546875,420.9957885742,402.8592529297],"3":[90.9826965332,106.2580032349,122.6103210449,138.9085388184,155.454574585,171.7552185059,188.090423584,205.0414123535,206.4513244629,189.8764190674,173.9553527832,157.468536377,141.479385376,124.9965057373,108.8166732788,91.623046875],"4":[455.9213562012,471.4070129395,486.8509216309,502.708984375,518.8172607422,534.6033935547,550.4049072266,566.5706176758,566.3864135742,551.2517700195,535.6324462891,519.8350830078,503.9141235352,487.9614562988,472.0256958008,456.1141357422],"5":[657.8014526367,685.9557495117,715.6256713867,746.7131347656,776.1611938477,806.8200683594,836.9133300781,866.2672119141,864.6339111328,836.0250854492,806.7340698242,776.8915405273,747.0346679688,717.4167480469,687.5848999023,656.7955322266],"6":[537.2974243164,550.0357666016,562.7216796875,574.9541015625,587.6578369141,600.4744873047,613.443359375,625.9857788086,628.3419799805,615.6832275391,603.256652832,590.1142578125,577.7054443359,564.7734985352,551.5302734375,537.5286865234],"7":[284.4324035645,304.9078674316,326.2130737305,348.3840332031,369.3347167969,390.2919006348,412.0296020508,433.8114624023,433.1644287109,412.0030517578,390.8940429688,369.290435791,348.4359130859,326.713684082,305.6006164551,284.9619750977],"8":[912.8447875977,925.3979492188,937.6452026367,949.8407592773,961.64453125,973.7423095703,986.3062744141,998.8455810547,999.2821655273,986.7849121094,974.837890625,962.4603271484,950.2947387695,938.3383178711,926.205078125,913.1398925781],"9":[253.2490234375,264.0976867676,275.0055236816,286.4144592285,298.6028442383,310.1508789062,321.6389465332,332.22265625,333.5924682617,321.9183959961,310.9260864258,299.576171875,288.5455932617,276.8788452148,265.4093017578,254.7818756104],"10":[341.5220947266,350.8068847656,359.2552490234,367.5541381836,375.2348327637,383.2437744141,390.6750488281,398.8861694336,398.9112854004,391.5531005859,383.5653686523,375.3930664062,367.6091308594,359.5290527344,351.6313171387,343.7691650391],"11":[403.9413452148,436.5557861328,469.3743591309,502.6634216309,535.0957641602,568.5413208008,600.0939331055,633.8548583984,634.3193359375,600.2075805664,568.0252685547,535.3360595703,503.4794616699,471.3221435547,439.2914428711,404.5943603516],"12":[635.1967773438,643.0313110352,650.0563964844,658.4994506836,666.1231079102,673.5394287109,680.9891357422,688.9324951172,690.0833740234,682.5702514648,674.6313476562,666.8077392578,659.806640625,651.8369140625,644.485534668,637.3660888672],"13":[593.5360107422,617.9837036133,642.1898803711,666.8493041992,691.2125244141,715.5978393555,740.2794799805,765.0104980469,766.3670654297,742.5833129883,718.1670532227,693.1047363281,668.4879150391,643.864074707,619.4930419922,594.5329589844],"14":[58.1146430969,86.5837478638,114.8371810913,143.664276123,171.5997009277,200.0868377686,228.27734375,256.3030395508,255.7205200195,228.0140075684,199.4977722168,171.3102111816,143.6095428467,115.2142028809,87.3245849609,59.0485801697],"15":[557.9942016602,621.4112548828,682.0360107422,743.0031738281,804.4005126953,867.7481079102,928.6468505859,994.3793334961,995.4854736328,929.8347167969,868.8760375977,806.2854614258,743.4503173828,681.5556640625,619.8240966797,557.0989990234],"16":[0.0100021819,48.4006576538,104.4606628418,159.0342407227,209.4549713135,264.6377868652,318.1422729492,374.3866271973,374.4362182617,318.1451721191,264.1131591797,208.7533569336,154.8656311035,100.8382568359,46.2247695923,0.0213166773]},"polygon_y":{"0":[773.4123535156,776.3678588867,778.5014648438,779.5700073242,779.8438720703,778.4686889648,777.178894043,775.9333496094,844.3612670898,845.0766601562,844.9646606445,844.9814453125,845.1051025391,844.4225463867,844.189453125,843.8352050781],"1":[879.0084838867,877.7253417969,877.8734130859,878.076171875,878.1635742188,879.1488037109,879.3234863281,879.7352294922,933.4219970703,934.5045166016,934.6522216797,934.7036743164,934.6387329102,934.0833740234,934.0524902344,933.2283935547],"2":[690.1925048828,689.5693969727,689.1932373047,689.0615844727,689.3480224609,689.6292724609,689.3508300781,689.225769043,747.5413818359,747.2298583984,746.7498779297,746.1754150391,745.9253540039,745.8004150391,746.3635253906,746.841796875],"3":[791.477722168,789.7295532227,787.2131347656,784.4501342773,783.6791992188,782.3572998047,779.7651367188,776.6746826172,841.3796386719,842.2454833984,841.8856201172,842.0435791016,842.4307250977,843.0725708008,843.094543457,842.2220458984],"4":[895.8071289062,895.2838134766,894.5366821289,893.8934326172,893.5043334961,892.6628417969,891.8741455078,891.6455688477,931.6086425781,931.875,931.7540283203,931.5252685547,932.0299072266,932.5798950195,932.4703979492,932.1163330078],"5":[774.5723876953,775.7261962891,776.789855957,778.8483886719,780.5264282227,782.1906738281,783.8898925781,787.4405517578,848.9207763672,848.092956543,847.634765625,847.3678588867,846.2440185547,846.48046875,846.2383422852,845.9024047852],"6":[792.1339111328,789.9749145508,785.5355224609,783.2310791016,783.0703125,781.4310302734,778.1547851562,776.3894042969,843.9409179688,845.2177734375,845.5208740234,845.6171264648,845.7995605469,846.1605224609,846.0639648438,845.8984375],"7":[881.6577148438,879.193359375,878.2083740234,877.151184082,876.8045654297,876.6712036133,877.2791748047,877.8696289062,934.2977294922,935.3079833984,935.7434692383,936.0830078125,936.4038085938,935.244140625,935.8206176758,935.6555786133],"8":[893.7946166992,893.5241699219,892.9981689453,892.9959106445,892.8235473633,892.7301635742,892.8143920898,893.1353149414,933.1090087891,933.2584228516,933.2249755859,932.8882446289,932.9951171875,933.3696289062,933.2943115234,932.8514404297],"9":[974.0931396484,972.9456176758,971.5447387695,970.3103637695,969.8381347656,968.8322753906,967.8896484375,966.4777832031,999.8760375977,999.9418945312,999.9493408203,999.9288330078,999.9376831055,999.9205932617,999.8817138672,999.9118041992],"10":[964.1821899414,964.5604248047,965.1097412109,965.9190673828,966.1419677734,966.7110595703,967.5607910156,968.9136352539,999.759765625,999.791809082,999.8350830078,999.8620605469,999.8984375,999.8734130859,999.8272094727,999.7799682617],"11":[965.2877807617,964.9476318359,966.5501708984,967.2610473633,967.7821044922,967.7105102539,968.9222412109,969.4981689453,999.7805786133,999.7476806641,999.7377929688,999.7591552734,999.7524414062,999.7710571289,999.7974853516,999.7508544922],"12":[974.5471801758,973.5499267578,973.6828613281,973.6408691406,973.5306396484,973.2026367188,973.4067382812,973.8162841797,999.7894287109,999.8084716797,999.7724609375,999.7689208984,999.86328125,999.8908691406,999.8859863281,999.9384765625],"13":[890.9279785156,888.7328491211,887.0285644531,886.64453125,886.4147949219,885.8845214844,885.7532348633,886.8121337891,933.2050170898,933.8276367188,933.8963623047,934.2224121094,934.4091796875,934.7164916992,934.8198242188,934.8682250977],"14":[881.329284668,878.0189208984,876.2420043945,876.4454345703,876.3935546875,877.1412353516,877.1667480469,877.9592285156,932.5786743164,933.7789306641,933.5739746094,933.6771240234,934.1580810547,934.4694824219,934.1943969727,933.9834594727],