{"polygon_x":{"0":[783.9466552734,795.7830200195,808.7985229492,821.7501831055,835.6823120117,848.4301147461,861.1983642578,873.0997314453,874.1210327148,861.8745117188,849.6624755859,836.4238891602,824.0205078125,811.1663818359,798.9449462891,786.4168701172],"1":[887.4174804688,903.3313598633,921.1370239258,937.9953613281,954.1892089844,969.802734375,986.0042724609,999.944519043,999.9883422852,986.9959106445,971.1174926758,954.5003662109,937.9126586914,921.510559082,904.8356933594,887.0842895508]},"polygon_y":{"0":[884.0792236328,881.6302490234,879.3302001953,877.6512451172,876.9013671875,876.3419189453,876.3184814453,876.4571533203,926.1878662109,927.1120605469,927.3717041016,927.8759155273,927.6818847656,928.1999511719,928.321472168,928.1378173828],"1":[881.6099853516,877.5969238281,876.4406738281,876.4712524414,876.7920532227,876.3892211914,877.2382202148,880.2728271484,927.9393920898,928.8591918945,929.8224487305,930.4486694336,930.6945800781,931.1927490234,931.5609741211,931.0541381836]},"text":{"0":"mit","1":"einer"},"score":{"0":0.9839063883,"1":0.9725345969}}