{"polygon_x":{"0":[0.0270151943,16.9432201385,35.4374046326,54.4244155884,73.4646911621,92.5539321899,111.8000946045,130.8167419434,131.2197113037,111.828918457,92.7037963867,74.1332397461,54.8364830017,36.2315979004,17.994102478,0.072960712]},"polygon_y":{"0":[383.2518920898,381.2182312012,379.780090332,378.8662719727,379.453125,379.4149169922,378.6188354492,380.0546569824,416.629699707,416.0650939941,416.7810058594,417.366027832,416.6672058105,416.1209106445,416.2026672363,415.702545166]},"text":{"0":"Isgrabes"},"score":{"0":0.9582207203}}