{"polygon_x":{"0":[418.4111328125,451.8957214355,484.3561096191,517.8647460938,551.5796508789,583.9449462891,615.4227294922,650.8576660156,636.7145996094,602.1773071289,571.3811035156,539.944152832,508.3145751953,476.3831176758,444.4118652344,409.9886474609],"1":[183.8290405273,191.5910644531,199.0678710938,206.3241424561,215.7623596191,226.5344238281,237.0453796387,247.7446136475,286.7586975098,277.9305419922,270.1385803223,261.7721557617,253.0378112793,245.5914001465,238.8816223145,231.6590576172]},"polygon_y":{"0":[873.0758666992,880.1235961914,888.2447509766,898.2902832031,910.2554931641,923.0249633789,934.6652832031,952.1857299805,999.4271850586,984.6603393555,971.7750244141,958.4951171875,947.1282348633,936.1129760742,927.0925292969,920.6035766602],"1":[922.1184692383,904.0275878906,886.0782470703,869.0029296875,851.0628662109,831.9235229492,811.2808837891,790.1891479492,806.1470947266,828.5035400391,849.0595092773,867.9851074219,888.892578125,906.5411376953,925.2095947266,944.029296875]},"text":{"0":"Ukabeh","1":"Waa"},"score":{"0":0.8512327075,"1":0.9832273722}}