{"polygon_x":{"0":[895.0020751953,903.8460693359,912.6128540039,920.9008178711,929.0951538086,937.4010620117,945.9545288086,954.2507324219,954.1190185547,945.6744384766,937.4282226562,928.8189697266,920.2344970703,911.7452392578,903.106628418,894.010925293],"1":[234.5426940918,242.0218200684,249.2218933105,255.8215942383,263.2866210938,270.3223571777,277.2529296875,284.5082702637,283.4814147949,276.2713012695,268.8995666504,261.7887268066,254.4568481445,247.3207092285,240.0017089844,231.8807678223],"2":[336.9288330078,346.3095703125,354.9998474121,363.7697753906,373.2506103516,382.3909301758,391.4163513184,400.9584960938,400.4957580566,391.7760009766,382.2006225586,373.0921630859,363.7745666504,354.8250732422,346.1625366211,336.3658447266]},"polygon_y":{"0":[185.2583465576,185.8930053711,185.9463348389,185.6969299316,185.2318572998,185.0930175781,184.9873657227,185.0078125,213.7763061523,213.9860839844,214.0735778809,214.5373840332,214.7668151855,214.8288116455,215.2877197266,214.6712341309],"1":[90.9127044678,91.3036422729,91.5988311768,92.0444030762,92.7465744019,93.0579986572,93.5919265747,94.3788299561,128.0873565674,126.9672698975,126.3071594238,126.1304016113,125.9772338867,125.252571106,124.4889678955,123.9242630005],"2":[88.2475585938,88.1012115479,87.5684509277,87.7758636475,87.8093795776,87.674697876,88.1178588867,88.7330169678,116.1231155396,115.9305267334,116.3741226196,116.5221710205,116.4725418091,116.486289978,116.6515655518,116.9395370483]},"text":{"0":"Grab","1":"Weg","2":"Lifla"},"score":{"0":0.9809293747,"1":0.6386253834,"2":0.985626936}}