{"polygon_x":{"0":[653.5213623047,654.6285400391,657.0932006836,658.7128295898,658.7490234375,658.1292724609,658.3545532227,658.0874633789,688.0671386719,689.1942749023,689.5676269531,689.3256835938,688.6962890625,687.6596069336,686.7110595703,685.8770141602],"1":[647.9816894531,649.9310913086,651.3726196289,653.0032348633,655.7634277344,657.6446533203,659.5115966797,661.3692626953,691.8801879883,691.7782592773,690.3690185547,688.2559204102,685.3308105469,683.3314208984,681.5557861328,679.6492919922],"2":[487.1401672363,500.1937866211,513.3453979492,525.9897460938,538.711730957,551.775390625,564.8174438477,578.0300292969,576.4273681641,563.8405151367,550.9418945312,537.8560180664,524.8793334961,511.511505127,498.2722167969,485.0035400391],"3":[662.3287353516,661.9312133789,661.4498901367,661.0352783203,660.4076538086,659.2928466797,658.1008300781,656.6636962891,686.3421630859,686.4758911133,686.7530517578,687.2022705078,686.905456543,686.6334228516,686.5479736328,686.8225708008],"4":[556.9169921875,567.8912353516,578.2576293945,588.9169921875,599.3495483398,609.9190063477,620.8540039062,630.2565917969,631.5133666992,621.6083984375,610.9291381836,600.0820922852,589.6107177734,579.2404785156,568.7199707031,557.8505859375],"5":[423.0340270996,435.7321472168,448.430847168,460.3948669434,473.0130615234,485.4620056152,497.6352539062,509.0435180664,510.2389526367,497.6390380859,485.404083252,472.6007385254,460.1572875977,447.8844909668,435.3639526367,422.3789672852],"6":[434.3232421875,441.5849609375,448.7244873047,455.3297729492,462.4218139648,469.7526245117,476.9063110352,484.7152709961,483.272064209,476.7685546875,469.5605773926,462.287109375,455.2707214355,448.0509033203,440.1090087891,432.1619873047],"7":[519.7340087891,524.5858154297,528.3673706055,532.7937011719,536.4827270508,540.9200439453,545.4527587891,549.6284790039,551.0867919922,547.7077636719,542.5668945312,538.1447143555,533.7959594727,529.2577514648,524.6790771484,519.9155273438],"8":[481.9670410156,482.996887207,482.6829833984,482.8095703125,483.1871337891,483.599609375,485.4743041992,495.2717590332,542.2429199219,541.3469848633,541.2260742188,540.8994140625,539.7645263672,539.3986816406,538.7970581055,539.6813354492],"9":[648.3853149414,649.4751586914,650.9681396484,651.7385253906,654.2994384766,654.0965576172,652.8112182617,653.4863891602,724.8795166016,723.362487793,722.516418457,720.5386962891,719.6755371094,719.0201416016,716.8558349609,713.7705078125]},"polygon_y":{"0":[404.391784668,387.0786132812,371.9976196289,355.1694335938,339.9508972168,323.1900634766,306.2768249512,291.4431152344,290.8330688477,307.5616149902,324.1669311523,340.2758483887,357.5361633301,373.5466918945,389.8796386719,406.4198303223],"1":[536.9925537109,529.3803710938,522.6508178711,515.0137939453,509.1865234375,502.1188354492,495.1040039062,488.8740844727,493.6696166992,502.6163330078,509.3448181152,516.1846923828,523.2431640625,530.0705566406,537.5463867188,545.5850830078],"2":[553.8573608398,554.2822875977,554.4131469727,554.1783447266,554.2966308594,554.6850585938,554.6110229492,554.7536010742,585.0838623047,583.9525756836,583.7095336914,583.4237060547,583.2055053711,582.7221069336,582.2559814453,582.3122558594],"3":[480.3819274902,470.8418579102,460.7212524414,451.912689209,443.0276489258,433.3884277344,424.7815246582,416.3648071289,412.4670715332,423.262512207,432.8160095215,441.7736206055,451.6858520508,460.5494995117,469.9743652344,480.1974182129],"4":[512.4553833008,512.1079101562,512.1082763672,512.0697021484,512.0940551758,512.1304321289,512.0360717773,512.0352783203,540.5591430664,540.5886230469,540.5328369141,540.6596679688,540.6094360352,540.6960449219,540.797668457,541.1724853516],"5":[510.1960449219,510.9832763672,511.5903015137,512.2904052734,512.6997680664,513.182434082,513.4497680664,512.8592529297,539.4178466797,538.9420166016,538.7789306641,538.6668701172,538.467956543,538.0776977539,538.211730957,537.8840332031],"6":[552.1322631836,552.2722167969,552.7430419922,552.9139404297,552.9846801758,553.1806640625,553.264831543,553.4613037109,582.2186889648,582.5808105469,582.5782470703,582.6581420898,582.9779052734,583.2346801758,583.3890380859,583.2451782227],"7":[518.3947143555,518.1994018555,518.0036621094,518.0811767578,517.8215942383,517.2264404297,516.9742431641,516.8462524414,540.1123657227,539.9067382812,539.7191162109,539.7164916992,539.7583618164,539.8016967773,539.8434448242,539.8959350586],"8":[614.1444091797,612.5237426758,606.9680175781,604.0032348633,594.9663696289,590.7397460938,587.3057861328,583.1415405273,591.8239135742,594.8302612305,599.8729248047,604.0241088867,608.2577514648,614.2670288086,617.4530639648,622.1434326172],"9":[778.0137939453,771.7864379883,761.512512207,752.8199462891,743.537109375,735.6045532227,726.8936767578,719.5269775391,731.4969482422,740.3862915039,750.4668579102,758.88671875,765.8995361328,775.4383544922,784.0180664062,795.0263671875]},"text":{"0":"Jsawueh","1":"Wey","2":"Galilai","3":"nach","4":"Seind","5":"Karem","6":"Viri","7":"es","8":"I","9":"S"},"score":{"0":0.932598114,"1":0.9809632301,"2":0.9824461937,"3":0.9671999216,"4":0.976727128,"5":0.9838359356,"6":0.9729813337,"7":0.524743855,"8":0.7459773421,"9":0.7773244381}}