{"polygon_x":{"0":[0.0545334965,7.8282074928,15.9645061493,24.2204017639,32.3911705017,40.8113288879,49.7355232239,58.6088256836,59.9512290955,51.2981376648,41.891002655,33.1643447876,24.840429306,16.4629325867,8.3299026489,0.2317171097],"1":[0.053603109,11.5636482239,22.6928424835,34.9904594421,46.935005188,59.6648216248,71.4393768311,82.9395675659,82.352684021,69.402381897,56.2787857056,45.6127738953,34.5112800598,22.8123836517,10.6266927719,0.045639649],"2":[122.6265869141,157.5189971924,174.8435211182,181.7803955078,184.7129821777,182.7277526855,179.4082794189,171.9569549561,133.322845459,135.7206726074,142.40574646,144.769241333,141.3511962891,130.0773468018,109.1397781372,88.9779510498]},"polygon_y":{"0":[871.7008056641,871.0977172852,870.6680297852,870.4907836914,870.3430175781,869.9177246094,869.7404785156,869.5347900391,897.7662353516,897.9784545898,897.8911132812,897.4332275391,897.4608764648,898.0782470703,898.5419311523,898.7749633789],"1":[8.7724676132,8.2891750336,8.6718730927,10.3608093262,10.2691307068,10.1803197861,11.0001468658,12.0380706787,58.1666641235,57.0277748108,55.2408676147,53.8341751099,53.3567657471,53.0711669922,52.8518753052,53.3416404724],"2":[33.4734382629,66.2434463501,97.4002685547,127.1909790039,154.3725738525,190.9535522461,222.2817687988,250.3875579834,245.7863616943,216.4206085205,188.7029876709,164.4575653076,134.795135498,104.9375991821,78.5530700684,55.401424408]},"text":{"0":"1om","1":"GE","2":"NATOWALE"},"score":{"0":0.9800460339,"1":0.5431636572,"2":0.5121551752}}