{"polygon_x":{"0":[0.6899958253,17.8993453979,35.012336731,52.6311721802,69.5122070312,86.3988494873,103.2770843506,120.1696090698,121.6949310303,104.4486236572,87.8486709595,70.9147338867,54.0554618835,36.7938270569,19.804561615,1.6968021393],"1":[266.5035400391,277.4821166992,289.1898803711,300.421875,311.8948059082,322.9931945801,333.5370483398,345.9689331055,324.7876586914,314.109588623,302.5296020508,290.2479248047,278.6242370605,266.3670654297,254.7592468262,242.7952270508],"2":[394.4679260254,399.1147155762,403.5134887695,408.5089416504,413.1133422852,417.7632446289,421.9871826172,424.771484375,398.7611083984,394.8187561035,389.9340209961,385.5071411133,380.2508544922,375.8623046875,370.6401062012,365.670135498],"3":[792.8673706055,799.9982910156,806.923828125,813.9140625,820.1304931641,826.4711914062,832.849609375,839.850402832,841.4532470703,835.0142822266,828.0551147461,821.1998291016,814.6076049805,807.7633056641,800.8846435547,794.0157470703],"4":[349.6880493164,354.3092346191,359.7369689941,365.4512939453,371.2655944824,376.6051025391,381.6477966309,387.7629089355,360.4598388672,356.466217041,352.1476745605,348.4924621582,344.4046630859,340.3355407715,335.6975097656,331.0586242676],"5":[464.3293762207,471.5346679688,477.9339904785,485.0822753906,492.0134887695,498.8566589355,505.7082519531,512.9728393555,497.6295166016,489.3827819824,479.5533447266,472.6075439453,464.9834899902,458.0523681641,449.7929382324,441.8555297852],"6":[841.6552124023,854.5697021484,867.296875,879.9461669922,892.4119873047,904.7442016602,917.5045776367,929.9829711914,929.6947021484,917.2643432617,904.6926269531,892.242980957,879.7817382812,867.5701904297,855.5048828125,842.2607421875],"7":[495.546295166,529.1107177734,561.4097900391,593.5278930664,625.4080810547,658.1579589844,689.9420166016,722.6272583008,723.2858276367,690.5178222656,658.2850341797,625.6505126953,593.4387817383,561.4002685547,529.0279541016,495.4638671875],"8":[939.4614257812,947.9470214844,957.2659912109,966.1239013672,974.8516235352,983.4182739258,992.1862182617,999.9207763672,999.9667358398,992.7674560547,984.5393066406,975.2123413086,966.1992797852,957.2103271484,948.4652099609,939.2931518555],"9":[432.9460144043,436.9860534668,439.1469726562,440.7821044922,443.0011291504,445.1096801758,447.7631225586,450.4487609863,430.263671875,427.6096191406,425.5315856934,422.7601928711,420.3414611816,417.7481079102,415.279296875,412.2906494141],"10":[770.232421875,772.3651123047,774.0482177734,776.5490112305,778.8385009766,781.4476318359,783.2110595703,784.3599853516,784.813293457,783.0524291992,780.8035888672,778.0376586914,775.5041503906,773.3720703125,771.7390136719,769.4177246094],"11":[728.4620361328,733.7645263672,739.0056762695,745.3610229492,750.7610473633,755.9552001953,761.1050415039,765.5698242188,766.4397583008,759.9571533203,754.3835449219,750.5992431641,746.0875244141,741.3244628906,735.8616943359,730.5849609375],"12":[951.4562988281,957.9484863281,964.1500854492,970.5375976562,977.4075317383,983.6998291016,991.4987792969,999.3486938477,983.5830688477,975.5498046875,967.8758544922,960.2576904297,952.4725341797,945.4755859375,938.1383666992,931.4673461914],"13":[388.3695068359,393.9457397461,397.3814697266,403.2732543945,408.0631103516,412.9831237793,419.4935913086,425.3303833008,405.3883361816,398.1289978027,390.9034423828,383.8610839844,377.4732055664,371.0977172852,364.6350097656,357.9280090332],"14":[197.4767913818,204.0267791748,210.3304138184,219.8146820068,228.3306274414,233.9098358154,244.4540252686,254.5078735352,236.0462036133,224.7575531006,214.7962341309,202.4499206543,191.9232330322,182.2676239014,176.4185943604,169.3597259521],"15":[919.6413574219,917.7775878906,917.2473754883,916.3015136719,917.2158813477,918.5010375977,923.4246826172,927.4229736328,890.8801879883,889.1137084961,886.7438964844,883.8502197266,881.3801269531,880.7475585938,881.1617431641,881.5997314453]},"polygon_y":{"0":[260.9451599121,258.1824645996,256.377166748,255.2065887451,254.4318389893,252.633895874,253.6910400391,254.2111968994,283.4538879395,283.3540649414,283.190032959,283.5191650391,284.5885925293,285.401184082,287.5114135742,290.5336914062],"1":[373.5830383301,384.3439331055,395.7810974121,406.4125061035,417.610168457,428.8589477539,440.0037231445,453.7535095215,469.5051879883,458.5086364746,447.5535583496,436.1925964355,425.6832580566,413.9997558594,403.0059509277,391.5712890625],"2":[512.6402587891,524.1298828125,535.8822021484,547.4378051758,559.332824707,571.6118774414,582.9092407227,594.7356567383,602.6615600586,591.6196289062,579.2409667969,568.704284668,556.6831054688,545.8396606445,533.2301025391,521.8397216797],"3":[869.471496582,868.9270629883,868.8330078125,869.1508789062,868.98828125,868.4979858398,868.609375,868.8302001953,897.0037231445,896.7839355469,896.5951538086,896.6461181641,896.9225463867,897.0779418945,897.1755981445,897.645324707],"4":[461.3478088379,466.1911315918,471.9328308105,477.7214355469,484.1125488281,489.6937255859,496.6551208496,504.1898193359,515.007019043,509.418182373,503.3534240723,498.4913635254,492.3106384277,486.7916870117,480.7925109863,474.7012023926],"5":[732.3688964844,741.7590332031,750.0757446289,759.0758666992,767.1652832031,776.1929931641,784.2309570312,791.3263549805,814.2562866211,806.3166503906,798.1893920898,790.0763549805,782.0526123047,774.8403320312,766.4429321289,758.5018310547],"6":[859.8516845703,859.6571044922,859.2907714844,859.4762573242,859.5909423828,860.1083374023,860.3455810547,861.0680541992,897.8044433594,898.0236816406,897.5933837891,897.3902587891,897.4976196289,897.3840332031,897.21875,896.7153320312],"7":[857.2656860352,858.8510131836,859.7015380859,860.5350341797,861.0502929688,860.7144775391,861.1602172852,861.7156982422,897.3577880859,897.1831665039,897.3950195312,897.3966064453,897.7672729492,897.2977294922,896.98046875,896.3062744141],"8":[859.7978515625,859.9197387695,859.9969482422,860.4597167969,860.8363037109,861.5085449219,862.4099731445,863.1896362305,897.0500488281,897.5662841797,897.5023803711,897.0821533203,896.9971313477,897.184753418,897.2545166016,896.9812011719],"9":[704.2199707031,707.9366455078,711.315246582,713.7665405273,716.8567504883,719.4677734375,722.2601928711,723.8687744141,747.2863769531,744.4147949219,740.9271240234,737.5924682617,734.5318603516,731.2287597656,727.1751708984,724.0648193359],"10":[866.9877929688,866.8187255859,867.1829833984,867.4194946289,867.4548950195,867.5902709961,867.5942382812,867.5444335938,896.6130981445,896.4230957031,896.0448608398,895.7802734375,895.8343505859,895.8875732422,895.6896362305,895.4797363281],"11":[861.0023193359,860.4584960938,859.9368286133,859.2780761719,859.2125244141,859.0286254883,859.3041992188,858.9215698242,893.5547485352,893.8692626953,894.0942993164,894.1494750977,894.4273681641,894.9087524414,895.3996582031,895.19140625],"12":[247.2493286133,252.5804748535,257.0649414062,261.866027832,266.1446533203,270.1526184082,274.2388000488,279.9780578613,309.8538208008,306.3845214844,301.9122009277,298.1126098633,293.3800048828,288.7034301758,283.6027832031,279.3189697266],"13":[614.7793579102,628.4404296875,640.1267089844,651.8787841797,664.0247192383,676.2012939453,686.8578491211,699.6273193359,717.1791992188,705.0913085938,693.1076049805,682.6375732422,671.28515625,658.3720703125,646.3654174805,635.9729614258],"14":[290.8845825195,301.2856445312,316.4279174805,332.5325317383,343.7668151855,351.141998291,360.2332763672,370.3787536621,385.258605957,374.739074707,363.1478271484,349.8522644043,338.4223022461,325.3375549316,315.0050354004,299.7156982422],"15":[135.1236572266,145.6536560059,157.0533599854,167.5164642334,178.2405090332,189.4673919678,201.2400054932,210.9623718262,214.0257263184,204.4787902832,193.6559906006,182.6257324219,169.2944030762,157.7475128174,142.7261962891,134.3030395508]},"text":{"0":"platx","1":"Bethania","2":"Jericho","3":"am","4":"und","5":"Caua","6":"Thale","7":"Grabkammern","8":"Hin","9":"e","10":"1","11":"N","12":"CA",