{"polygon_x":{"0":[0.085044764,7.0275030136,14.1011981964,21.9320869446,29.2629051208,36.703666687,44.3446731567,51.2196426392,51.9481277466,45.8336639404,37.3147506714,30.1602058411,22.8700180054,15.5099306107,7.9799919128,0.3331789672]},"polygon_y":{"0":[564.9810180664,562.4163208008,560.7391967773,559.8498535156,559.6961669922,559.8466796875,559.8153076172,561.9426269531,598.6812744141,600.0076904297,600.1290283203,600.2485351562,600.01171875,599.8117675781,599.767578125,599.0978393555]},"text":{"0":"ale"},"score":{"0":0.9714482427}}