{"polygon_x":{"0":[87.5090408325,83.8955307007,82.0995330811,79.4914169312,77.4741744995,76.1140823364,72.7830657959,73.8472137451,37.4531478882,36.7458992004,36.9481506348,37.8429832458,38.4435348511,40.5538864136,42.2739105225,45.8493232727],"1":[775.438293457,792.4362182617,809.3274536133,826.4357910156,842.8134765625,859.2947998047,875.7360839844,892.4921264648,893.1015014648,876.6243896484,860.0811157227,843.1704101562,826.7366943359,809.876953125,793.3031005859,775.5354003906],"2":[516.4765014648,540.8911132812,565.1060791016,589.2229614258,613.3430175781,637.8005371094,661.4307250977,686.0675048828,687.216796875,661.8861083984,638.4255981445,613.6904907227,589.4826660156,565.6335449219,541.2724609375,515.8466796875],"3":[411.0182189941,421.0666503906,432.1977539062,443.3315429688,455.0220336914,466.1675415039,477.221862793,487.5026245117,488.3755493164,477.8139038086,466.3506774902,455.3273010254,444.2521972656,433.1265869141,421.8742370605,410.6878967285],"4":[701.0260009766,709.3980712891,718.3731079102,726.9321289062,735.2383422852,743.717956543,752.1429443359,760.203125,761.2005004883,752.4477539062,744.1289672852,735.8013916016,727.6116943359,719.0910644531,710.5552978516,701.331237793],"5":[501.240814209,508.8719177246,517.1599121094,525.2190551758,533.3244628906,541.3237915039,549.0759887695,556.6175537109,557.0250854492,549.4356689453,541.1385498047,533.1737670898,525.7568969727,517.617980957,509.2690734863,500.6979980469],"6":[898.3425292969,908.2005615234,917.9315795898,928.3092041016,937.9195556641,947.776184082,957.5793457031,967.9504394531,967.9580688477,958.5665283203,948.5139160156,938.6975708008,929.0361328125,919.2233886719,909.5328369141,898.5498657227],"7":[154.123840332,151.6637573242,150.4954833984,154.3202972412,160.5326538086,168.0963897705,174.3682556152,180.42237854,138.2492980957,129.8477172852,122.5510253906,115.1806182861,108.1401062012,103.186340332,103.2960205078,97.9619979858],"8":[556.9461669922,587.3090820312,617.7113647461,648.8618164062,679.1461791992,710.2965698242,739.3853149414,771.0950927734,771.862487793,741.028137207,710.5864257812,680.6576538086,650.1997070312,619.5111694336,588.7340698242,558.6065673828],"9":[107.4211273193,104.3813934326,103.432762146,101.3656768799,99.4559860229,97.0767822266,94.3495864868,93.2579727173,46.2427902222,47.6277160645,50.1859893799,53.9399299622,56.2594299316,60.8543930054,66.4310531616,73.7054595947],"10":[87.4711608887,88.0620269775,89.2060470581,89.8631973267,90.9116363525,92.286026001,94.6688919067,98.9023971558,64.4416351318,61.6770210266,58.7408065796,56.6612281799,54.8026504517,53.1153259277,50.7645111084,47.8894844055],"11":[912.4050292969,916.0887451172,920.0906982422,924.2868041992,927.8549194336,931.9934082031,936.1649169922,940.1821289062,943.1975097656,939.2736816406,935.3637695312,931.3745117188,927.4646606445,923.5617675781,919.4077148438,914.8291015625],"12":[777.3309326172,784.5661621094,791.3643798828,798.3836669922,804.4009399414,810.9140625,817.8660888672,825.018371582,826.76953125,819.8933105469,812.5930175781,805.9274902344,799.1579589844,792.3692626953,785.3272094727,778.0512695312],"13":[740.8667602539,744.6649780273,748.2797851562,752.0205078125,755.4576416016,759.640625,763.3757324219,766.9495849609,766.7083129883,763.1641235352,759.1959228516,755.5557861328,751.9222412109,748.2989501953,744.9630737305,740.6328735352],"14":[167.233291626,169.9419250488,180.1416168213,185.6853637695,188.0367126465,190.1611328125,194.159576416,200.9050140381,203.3998413086,193.5634155273,175.8941955566,164.3149719238,158.7760925293,155.7988891602,151.375213623,147.640914917],"15":[526.0951538086,530.1564941406,534.5493774414,539.3975219727,543.6303100586,548.1346435547,552.1586914062,556.3719482422,555.1436767578,551.3200073242,547.5495605469,543.384765625,539.0135498047,534.9056396484,531.092590332,526.7752685547],"16":[725.2938842773,729.173034668,732.9028930664,736.5672607422,739.8354492188,743.7294921875,747.7058105469,751.2600708008,753.7879638672,749.8944091797,745.7233276367,741.6669311523,737.9251708984,734.2783203125,730.7080688477,725.8857421875],"17":[829.6025390625,855.5244140625,880.1580810547,904.8240966797,929.3295288086,953.5383300781,978.1218261719,999.821472168,999.9364013672,978.6397705078,953.6510620117,929.3282470703,904.9544677734,880.5068359375,856.5552368164,830.6121826172],"18":[919.5806274414,923.0447998047,925.948425293,929.2517700195,932.0551757812,935.159362793,937.787109375,940.7907714844,943.1479492188,940.3775634766,937.685546875,934.3720092773,931.356262207,928.4710083008,925.3975830078,921.5805664062],"19":[789.5165405273,793.3672485352,796.887512207,800.0454711914,803.1082763672,806.6497802734,809.8491210938,812.8815917969,813.0618286133,810.2037963867,807.0900878906,803.8913574219,800.4396972656,797.2307128906,794.0037841797,789.7657470703],"20":[632.3634033203,635.7007446289,638.8555908203,642.1843261719,645.4556884766,649.1393432617,652.4140625,655.6687011719,654.8906860352,652.0697631836,648.6696777344,645.0947265625,641.5875244141,638.6062011719,635.7676391602,630.9244384766],"21":[175.5418548584,172.135635376,169.3776245117,166.9315338135,163.150177002,159.9761199951,156.3500823975,149.0693054199,102.5552520752,116.525352478,123.7183380127,127.380355835,130.7546081543,134.5884552002,138.6768035889,142.5363006592],"22":[159.2122192383,157.7410736084,156.0953674316,153.2011260986,149.8217163086,146.2631988525,144.0374145508,143.2255249023,89.5503311157,98.7447509766,101.4861755371,102.5128097534,103.2066650391,104.0611343384,105.3170318604,105.3829040527],"23":[81.511505127,81.8037872314,81.0428466797,81.8326644897,83.7517471313,84.4965362549,85.3377609253,87.2867202759,39.9236793518,40.3812026978,39.8244934082,39.2258605957,38.4093055725,38.3130378723,37.4451828003,39.1497077942],"24":[143.4398193359,132.6125946045,129.2944488525,129.1057281494,127.5338821411,126.5532531738,125.3538970947,122.8390350342,74.5596084595,75.9409484863,78.4872512817,82.742477417,83.5219268799,84.8648834229,86.8213348389,85.893737793]},"polygon_y":{"0":[546.0790405273,564.7984619141,583.4164428711,602.0708007812,621.4461669922,640.455078125,660.1104736328,680.4381713867,680.7028198242,660.3762817383,640.5850219727,621.9664306641,601.2741699219,581.4573364258,561.8303833008,542.5063476562],"1":[512.5399780273,512.5106201172,513.0311889648,513.4594116211,514.012512207,514.4559936523,514.8249511719,515.9240112305,552.4686279297,552.5228881836,552.1563720703,552.2681274414,552.2353515625,552.1694946289,552.0895996094,552.0822753906],"2":[510.0550842285,510.8685302734,511.236541748,511.393371582,512.4552001953,513.3869628906,512.6692504883,513.4093017578,551.9622192383,552.2056884766,551.8077392578,551.7380981445,551.7233886719,551.2000732422,551.5238037109,551.2479248047],"3":[560.4364624023,559.1170043945,559.8592529297,559.3994750977,559.0899658203,558.8784790039,558.9842529297,560.6558837891,596.0709228516,596.0251464844,596.2486572266,596.7732543945,596.6975097656,597.0052490234,597.1427612305,596.3466796875],"4":[513.2463989258,513.3775634766,513.73046875,514.4906005859,514.5869140625,515.4401855469,515.7485351562,516.7652587891,551.2119140625,551.0860595703,551.1607055664,551.1948242188,551.3386230469,551.1372680664,551.1909179688,551.2838134766],"5":[556.882019043,557.4405517578,558.6893310547,559.4155273438,559.5773925781,560.3306274414,561.0610961914,562.1878662109,595.8947143555,595.9135742188,595.7526855469,595.6323852539,595.5897216797,595.5841674805,595.5472412109,595.2911376953],"6":[514.7631225586,515.1026000977,515.1965942383,514.8618164062,514.7862548828,515.1186523438,515.7719726562,516.2178344727,552.4561157227,552.423828125,552.0465698242,552.1506347656,552.3537597656,552.6991577148,552.2183837891,551.6747436523],