{"polygon_x":{"0":[143.1247253418,170.9795379639,198.3593902588,225.6871185303,251.6716918945,277.429901123,304.2928771973,333.9110717773,333.5400390625,307.0924072266,279.9537353516,253.0423278809,226.3930664062,199.6678009033,172.3869018555,144.3562927246],"1":[26.3973236084,39.9882164001,54.4610595703,68.9895782471,83.6153717041,98.4284057617,113.1056976318,127.3815078735,125.8679046631,111.4578704834,97.493057251,83.2329864502,68.8741607666,54.6644287109,40.7077598572,25.8594779968],"2":[10.0845441818,20.2677249908,30.1610603333,40.4653358459,50.4975471497,59.9720039368,69.5587768555,80.6304779053,81.763092041,71.4089660645,61.1206893921,51.3138580322,41.2919807434,31.1366939545,20.8518123627,10.8357200623],"3":[899.1625976562,911.5487060547,924.3591308594,936.5728149414,947.9900512695,960.563659668,972.2744750977,983.8546142578,996.6415405273,983.3993530273,970.8582763672,959.1620483398,947.1524047852,934.9620361328,922.9046630859,910.5324707031],"4":[396.1529541016,407.2185974121,417.1917419434,426.5667724609,436.7149658203,446.7636413574,456.7476806641,466.7248535156,472.3147277832,462.899017334,452.562286377,442.3895263672,432.3094177246,422.7951049805,412.8433227539,402.6839904785],"5":[0.1327408552,8.9700784683,17.4831047058,26.7574691772,35.6811981201,44.4213485718,53.566116333,63.7223358154,62.6940498352,53.4158554077,44.0192718506,35.3456878662,26.1994075775,17.3899497986,8.6592025757,0.0764449835],"6":[781.4637451172,785.7182617188,788.7017211914,796.4267578125,803.8054199219,816.8859863281,837.1948242188,854.9090576172,825.7755126953,804.431640625,787.9866943359,772.4716796875,761.6295166016,755.1923828125,751.3773193359,751.6968994141],"7":[48.9183769226,57.302570343,65.0563659668,72.7308044434,80.1232833862,87.8765106201,95.6216049194,104.2679290771,104.6019897461,96.2853393555,88.0193252563,80.223815918,72.3465576172,64.1964111328,56.2652587891,47.5473213196],"8":[919.5690917969,929.9832763672,940.3208007812,949.904296875,959.9974365234,969.871887207,978.9494628906,989.0206298828,999.9846191406,993.2021484375,984.2876586914,975.4584960938,965.9467163086,955.666809082,945.1870727539,934.2306518555],"9":[78.2259979248,90.3274917603,102.4266967773,114.8657913208,127.227973938,139.3705444336,150.8100585938,162.7555847168,162.7426452637,151.3318786621,138.8974761963,127.2269439697,115.1366119385,103.1644744873,91.1327285767,78.3691711426],"10":[933.0473632812,942.7626953125,952.5621948242,962.091796875,971.9139404297,981.0609130859,990.3479003906,999.5034179688,999.1883544922,990.1827392578,980.4071655273,971.3567504883,961.7603759766,952.1253662109,942.2515869141,932.0069580078],"11":[903.8143310547,918.5157470703,932.4167480469,945.7126464844,960.7070922852,973.3343505859,988.5637207031,999.8272094727,999.9357910156,988.2581787109,974.2263793945,960.3848876953,946.0952148438,931.8109741211,918.5010375977,903.5895385742],"12":[127.9985046387,136.8340301514,145.2887573242,155.0703277588,164.3524475098,172.9862060547,182.2480621338,191.3377685547,189.903427124,180.4161376953,171.5267333984,162.5630340576,153.5870666504,144.2808074951,135.0454406738,126.2773742676],"13":[537.3613891602,565.6072387695,594.3903808594,623.8577880859,653.5285644531,682.9546508789,711.7209472656,740.9615478516,740.2483520508,710.6136474609,681.8664550781,652.3163452148,623.3167114258,594.3677368164,565.7593383789,536.832824707],"14":[0.6370494366,6.9325494766,12.4216384888,18.5005302429,24.7049541473,30.4811458588,36.6597061157,42.0499954224,41.1817779541,35.911441803,29.4704055786,23.5125465393,17.4682216644,11.6464939117,5.7941393852,0.043142058],"15":[963.7055664062,969.1502685547,974.8081054688,980.4140625,985.4234619141,990.295715332,994.9876708984,999.835144043,999.6149291992,994.2023925781,989.0801391602,983.9987182617,978.887878418,973.879699707,968.4365234375,962.0408935547],"16":[0.0525813773,10.5399465561,21.6509037018,32.4643058777,43.2649421692,53.9780197144,65.2231903076,76.9326248169,75.5563278198,66.5053787231,55.2374343872,44.2963943481,32.6601219177,21.9388751984,10.8528604507,0.0779989362],"17":[0.0921753049,8.4186115265,16.9898395538,25.6735115051,34.3243865967,42.9945793152,51.6323165894,59.8866462708,61.212348938,53.553604126,44.5524559021,35.9859008789,26.9435768127,18.3551387787,9.3860082626,0.3863905668],"18":[585.5051879883,593.4317626953,599.9444580078,606.5126953125,612.9938964844,619.4719848633,626.1715087891,633.9291381836,634.1783447266,627.6563720703,620.4451904297,613.7349853516,606.7571411133,600.1911010742,593.7391967773,586.0427246094],"19":[78.5787811279,84.6281814575,90.7291717529,97.9426956177,104.4868545532,110.9764862061,117.1256637573,124.0396270752,122.0219039917,116.3217315674,109.8453369141,103.2475204468,97.0071411133,90.7497024536,84.1591949463,77.3102416992],"20":[26.7195148468,36.7486610413,46.4202346802,57.3378715515,67.9149856567,78.205116272,88.3915863037,98.9505386353,96.2759475708,86.4127044678,75.267539978,64.9000549316,54.4225616455,44.8488426208,35.496547699,24.7868328094],"21":[960.8389282227,966.6480712891,971.109375,974.1315307617,977.7192382812,980.0517578125,983.3373413086,985.111328125,999.9899902344,998.9071044922,997.0220947266,992.8726806641,991.2545166016,987.0974121094,984.2274169922,982.5739135742],"22":[49.8547134399,57.7504959106,65.500617981,73.8116912842,81.8833465576,89.6910705566,97.3165740967,106.5985946655,107.3121490479,99.7403106689,90.9733505249,82.523147583,74.3721313477,66.3569107056,58.2399291992,50.2016487122],"23":[617.5463867188,621.100769043,625.7943115234,630.2335205078,634.6407470703,639.5146484375,644.5247802734,647.9904785156,652.078918457,647.9625854492,642.3190917969,637.7342529297,632.8776855469,628.1682128906,623.6270141602,619.1758422852],"24":[410.4251098633,412.9482727051,415.1498718262,419.0485839844,423.8748779297,430.814666748,441.1835327148,457.741027832,479.3218688965,466.2051391602,455.5484619141,448.1809692383,444.1754150391,441.921661377,440.1992492676,437.9223632812],"25":[625.5067138672,629.8009643555,632.1110839844,634.8491821289,638.0,641.4259033203,644.9786987305,647.9282226562,648.4139404297,645.3258666992,642.1761474609,638.6981201172,635.186706543,632.2228393555,628.7372436523,625.3605957031],"26":[46.6149902344,50.3860473633,54.2978820801,58.3648757935,62.2343254089,66.084854126,69.4811172485,72.2725830078,72.7584533691,69.1426315308,64.9819335938,61.3979873657,57.2336883545,53.3109474182,48.6531867981,45.3123817444],"27":[940.8078613281,943.7999267578,946.5791015625,949.3419189453,951.7379760742,953.7399902344,956.5476074219,959.5209350586,971.2427368164,968.6851806641,966.1561279297,963.4226074219,961.0277099609,958.8157958984,956.2646484375,954.151550293],"28":[899.1735839844,900.3528442383,902.4029541016,905.475402832,907.6119995117,910.2538452148,912.8532714844,914.5632324219,919.3890380859,917.2974853516,915.9544677734,915.1691894531,913.8927612305,912.7133178711,910.4229125977,909.0631103516],"29":[801.6135253906,804.9823608398,809.4964599609,813.996887207,817.5618896484,821.7660522461,825.2582397461,828.8774414062,831.3101196289,827.418762207,823.0341186523,818.3690795898,814.1143188477,810.4576416016,806.7752075195,803.3590087891],"30":[58.0853118896,62.4397201538,66.7140350342,70.4441604614,74.9388198853,78.8858337402,82.7911758423,88.2548446655,89.1743392944,84.4188995361,79.5665893555,74.6853485107,69.9028015137,64.9715576172,60.3181610107,55.996837616],"31":[527.1318359375,565.8040771484,605.2562255859,644.8435058594,684.9698486328,724.0859985352,762.4060058594,802.4962768555,811.9624023438,771.5899047852,732.5843505859,694.0317382812,654.6888427734,614.8024291992,575.3021240234,534.5805664062]},"polygon_y":{"0":[897.8582763672,899.9161376953,900.9353637695,901.1231079102,902.2955932617,902.3559570312,902.7166748047,902.5158081055,955.8496704102,956.8145751953,957.3820800781,957.6439819336,958.6254272461,958.9868774414,959.5411376953,958.9016113281],