{"polygon_x":{"0":[677.4022216797,716.4281005859,753.9297485352,791.526184082,829.4247436523,866.6012573242,903.3263549805,940.6692504883,938.167175293,901.8416748047,864.2797851562,826.5633544922,788.7787475586,750.5797729492,711.9607543945,673.8802490234],"1":[285.3511962891,297.1238098145,308.8394470215,320.8724365234,333.2492675781,344.6786499023,356.1491088867,367.621307373,368.0836181641,356.9722290039,344.9285888672,332.421875,320.3678894043,308.2188415527,296.4816894531,285.0193481445],"2":[369.8851013184,377.8882141113,386.3739318848,395.4630126953,404.2645263672,413.0678710938,421.7378234863,430.2231140137,430.1409606934,421.7413024902,412.754486084,403.9882202148,395.3683776855,386.7098388672,377.9001159668,369.2953186035],"3":[133.3901367188,141.6286315918,150.4855651855,159.3278045654,167.8418731689,176.3208007812,184.5513153076,193.0104980469,193.2879333496,184.9794006348,176.5397338867,167.8865814209,159.3825073242,150.7210388184,142.1618499756,134.003616333],"4":[195.40574646,204.9924468994,215.2821960449,225.5415039062,235.7992248535,246.0643615723,256.2509460449,266.2480773926,265.8280944824,255.5569152832,245.9581604004,235.7115325928,225.5748138428,215.3917694092,205.342590332,195.6429901123],"5":[97.083442688,101.9608612061,106.8097686768,112.0791168213,116.8577957153,121.7447509766,126.7992095947,131.7977142334,132.7415161133,127.4560699463,122.5144348145,117.347869873,112.7021713257,107.8442993164,102.7523651123,97.5446166992],"6":[266.6506347656,270.2010803223,272.1502380371,274.1114501953,276.0687866211,278.6329650879,280.6029663086,282.7290039062,284.1622314453,281.8198547363,279.2634887695,277.0614929199,274.4349975586,272.0036010742,269.9605712891,267.7246704102],"7":[956.1957397461,966.0623168945,972.6418457031,978.4184570312,984.0551147461,989.9767456055,995.0274047852,999.9442138672,999.6715698242,992.8297119141,987.3607177734,981.612487793,975.391784668,969.5599975586,963.4128417969,954.8336181641],"8":[230.0782165527,234.9021148682,238.5293579102,242.8639373779,247.0697784424,252.0633850098,255.2605285645,258.5424499512,258.079284668,254.3878479004,250.8593597412,246.0961303711,241.6806030273,238.2564086914,233.9869537354,229.6809234619]},"polygon_y":{"0":[510.2756347656,511.780670166,512.5598754883,512.9827270508,513.6996459961,514.2166137695,514.1340332031,515.9791259766,570.7476196289,570.1928710938,570.301574707,569.4481811523,569.5194702148,569.0883178711,569.2236328125,567.9661865234],"1":[724.4753417969,724.4568481445,724.4204101562,724.4318237305,724.6358642578,724.729309082,724.596496582,724.5701904297,748.0388793945,747.4732666016,746.6044921875,746.4516601562,746.1761474609,746.0091552734,746.135925293,746.4531860352],"2":[725.5933227539,725.3692016602,725.2174072266,725.1166992188,724.9079589844,725.0118408203,725.01953125,724.8958740234,748.6740112305,747.2451782227,746.9615478516,746.4525146484,745.9393920898,746.1417236328,746.0711669922,746.0122680664],"3":[724.3040771484,724.0557250977,723.9136352539,724.0577392578,724.2716064453,724.3566894531,724.0455322266,723.8110961914,746.5184326172,745.9106445312,745.9390258789,745.8666381836,745.9155273438,746.0534057617,746.2911987305,746.5977783203],"4":[725.1380615234,724.6899414062,724.836730957,724.6577148438,724.3353271484,724.3209228516,723.9127197266,723.8123779297,745.914855957,745.2141113281,745.5219116211,745.5524902344,745.5812988281,745.6987304688,745.9857177734,746.2393798828],"5":[724.9647216797,724.6416625977,724.771484375,724.655090332,724.5419311523,724.2497558594,724.0601806641,724.0722045898,745.9000244141,745.4598999023,745.3540649414,745.3273925781,745.4731445312,745.6267700195,745.8863525391,746.0252685547],"6":[725.0045166016,724.6397705078,724.5805664062,724.6893310547,724.7801513672,724.6309814453,724.4008789062,723.9584350586,745.4487304688,745.2751464844,744.9256591797,744.991394043,745.09765625,745.3298339844,745.7076416016,745.6625366211],"7":[520.5191650391,519.4974365234,518.8493041992,518.0249023438,518.1682739258,518.8651733398,519.0150756836,518.2219238281,567.1710205078,567.56640625,568.0211791992,568.082824707,567.7253417969,567.9738769531,567.7727661133,567.7977294922],"8":[0.6246089935,1.0062141418,1.193387866,1.514952302,1.4695575237,1.5560321808,1.710827589,1.192476511,32.4093170166,31.8077125549,30.4403152466,29.4181671143,29.3322753906,29.1840553284,28.3225898743,28.7943382263]},"text":{"0":"Grundriss","1":"University","2":"Library","3":"Jewish","4":"National","5":"The","6":"&","7":"de","8":"2"},"score":{"0":0.984770596,"1":0.9644086957,"2":0.9730072618,"3":0.9748817682,"4":0.9666528702,"5":0.9628394842,"6":0.9521647692,"7":0.9430809617,"8":0.7922335267}}