{"polygon_x":{"0":[518.2007446289,559.7879638672,602.1271972656,644.8978271484,687.8266601562,730.6011962891,772.782043457,814.2807617188,812.8063964844,772.6789550781,729.6251220703,686.9610595703,644.6008911133,602.0787353516,559.1403198242,517.5648193359],"1":[895.1284179688,912.3021850586,928.4871826172,944.4738769531,958.6276245117,973.6691894531,988.6614990234,999.9780273438,999.9829711914,988.4994506836,973.5748901367,958.6806640625,943.4064331055,927.8368530273,912.6539306641,894.5408935547],"2":[823.8826904297,833.1405639648,841.9429931641,850.8108520508,859.2514648438,867.5483398438,875.9458007812,883.905090332,883.8208007812,875.4291381836,866.3719482422,858.4799804688,850.0856933594,841.5754394531,833.2707519531,824.0839233398],"3":[823.8812255859,833.0198974609,841.8312988281,850.7928466797,859.2434692383,867.6127929688,875.9868774414,883.8034057617,883.7358398438,875.3900756836,866.4025268555,858.3661499023,850.0719604492,841.5697631836,833.2590332031,824.0532836914],"4":[727.8115844727,767.0552978516,807.8155517578,848.3380737305,887.629699707,927.0402832031,965.58984375,999.9144287109,999.9798583984,967.4440917969,929.3557128906,889.9884643555,849.4976806641,808.0115966797,766.8716430664,724.9144897461]},"polygon_y":{"0":[159.8349304199,159.7702636719,160.0775756836,160.2509155273,160.9850311279,161.3841400146,161.2863922119,164.3432769775,213.7433624268,214.2385559082,213.2618103027,212.8841552734,213.5953369141,211.9810333252,211.7332458496,210.0285491943],"1":[165.0417785645,164.8957977295,165.8395690918,166.6764831543,166.3264312744,167.8502197266,168.9891357422,170.7452697754,214.8305358887,216.0693969727,216.6145477295,216.5104370117,215.2679595947,215.7645568848,216.2449798584,215.2821960449],"2":[163.4015655518,163.4722900391,163.3594970703,163.3335571289,163.7993164062,164.2961120605,165.4805755615,166.1977539062,215.6605682373,215.575881958,215.7317962646,215.9033813477,215.6837310791,215.1251373291,214.9555664062,214.262878418],"3":[163.3563079834,163.4657287598,163.3209075928,163.3352355957,163.6497802734,164.201965332,165.443145752,166.0639190674,215.4484558105,215.4506225586,215.5969238281,215.7241973877,215.5512695312,214.9752044678,214.8782348633,214.0823364258],"4":[411.5608520508,413.6782226562,413.7342529297,412.7830200195,413.0093383789,413.7436218262,413.193939209,413.9568481445,499.3767700195,501.2632751465,501.5440063477,501.9387207031,501.6111755371,501.748840332,501.1554260254,500.8480224609]},"text":{"0":"Bibliotheque","1":"I'co","2":"de","3":"de","4":"82626"},"score":{"0":0.8369321823,"1":0.9671133757,"2":0.9882742167,"3":0.9850580096,"4":0.986277163}}