{"polygon_x":{"0":[703.1247558594,715.5978393555,726.5674438477,737.0562133789,749.5221557617,761.8264770508,773.7426757812,785.744934082,789.9860229492,780.4313964844,769.13671875,757.5069580078,742.5220947266,730.2806396484,719.1569824219,707.1013793945],"1":[91.4816131592,98.8932495117,102.0655212402,104.6296691895,108.3275146484,112.149520874,115.417640686,117.9319915771,112.1456451416,109.8190917969,105.839881897,101.1062774658,96.6477661133,92.4404525757,89.9983062744,86.2138519287],"2":[1.4018267393,64.7745666504,124.8291397095,185.185836792,247.1105957031,306.1602783203,366.6388549805,429.4675292969,428.9500427246,361.4321289062,302.7662963867,239.1911468506,175.4369812012,118.4436798096,56.9607887268,0.24930498],"3":[837.4842529297,856.1156005859,873.7377929688,892.4495849609,912.6419067383,932.4465332031,950.5166015625,968.5072021484,917.9228515625,903.2381591797,886.2512817383,872.1192016602,851.2437744141,837.9629516602,824.0939941406,809.2770385742]},"polygon_y":{"0":[299.0445556641,298.0602722168,298.4768066406,298.9267272949,298.6466064453,297.821685791,296.9960327148,297.8857727051,367.2314453125,366.685333252,365.684753418,365.0424804688,366.0676269531,366.6714477539,367.1477966309,368.4527587891],"1":[403.7162780762,403.2486572266,403.8206481934,404.4300537109,404.4969482422,405.5264892578,405.6567382812,406.3556518555,449.5529174805,448.2915039062,447.3211364746,446.0526123047,444.7347717285,443.8360900879,443.0866088867,441.9776000977],"2":[211.1567993164,215.887512207,221.4153442383,224.279083252,229.4567260742,234.4842376709,236.2573852539,237.6065673828,379.828125,384.1264343262,380.7635498047,375.9125366211,373.4212036133,371.38671875,369.8088378906,370.1207885742],"3":[203.1371154785,206.2048492432,210.1728820801,210.8983459473,212.0587463379,213.2847900391,217.3564453125,217.6888427734,363.3840637207,359.9434814453,357.165222168,354.8830871582,353.2436523438,351.5356140137,347.2526855469,342.4781494141]},"text":{"0":"C","1":"1","2":"AN","3":"N"},"score":{"0":0.9080629945,"1":0.5729233027,"2":0.9475547075,"3":0.8553342819}}