{"polygon_x":{"0":[75.1551513672,82.3704528809,88.7596740723,95.3894729614,102.5779647827,109.0531539917,115.9236984253,122.7972259521,124.5409240723,117.9821166992,111.1127090454,103.1926269531,96.926361084,90.0459976196,83.3936309814,75.5437011719],"1":[155.8148498535,189.132019043,219.9902648926,252.259552002,283.7352294922,315.7381591797,347.1286621094,379.9677124023,380.9746704102,346.7902832031,314.94921875,282.799987793,251.2935638428,218.2794799805,186.6946716309,153.0525817871],"2":[670.6719360352,677.985168457,685.1489257812,693.1171264648,700.5510253906,708.5330200195,715.6836547852,722.5078735352,721.7864990234,714.8318481445,708.1799316406,700.6290283203,693.3394775391,686.1410522461,679.4290161133,670.7823486328],"3":[1.4973211288,20.978012085,40.1170692444,59.6161270142,78.9254150391,98.2686233521,117.6654891968,136.3700561523,132.8542480469,112.4783248901,93.3676223755,74.1790390015,54.9859313965,36.7886962891,17.220659256,0.0775265768],"4":[1.4561705589,20.7391147614,39.7562561035,59.27759552,78.8594360352,98.3821487427,117.7061920166,136.1215820312,132.9242858887,112.4474411011,93.3589477539,74.0832061768,54.9752807617,36.7298965454,17.2502536774,0.0818594992]},"polygon_y":{"0":[1.5950260162,1.6185319424,1.7593631744,1.7284317017,1.6299543381,1.4234811068,1.3786337376,0.6788089871,66.4335861206,66.4492340088,66.5303726196,66.4265289307,66.5805053711,67.1520004272,67.5620193481,68.5406570435],"1":[766.9760131836,766.8229980469,766.6860351562,766.4636230469,765.9168701172,767.525390625,766.6598510742,769.0725708008,840.8648681641,842.7021484375,843.5070800781,842.98046875,843.1097412109,843.1545410156,843.8818969727,843.4040527344],"2":[616.0202026367,616.0814208984,616.1426391602,616.186340332,615.6538085938,615.0495605469,615.224609375,615.2647705078,684.6842041016,685.0598144531,684.905456543,684.5673217773,684.7723999023,685.3811645508,685.2599487305,685.4470214844],"3":[765.7540893555,765.0908203125,764.447265625,764.8365478516,766.2635498047,767.0294189453,767.8421020508,769.4680175781,842.0349121094,842.4789428711,842.7780151367,842.8419189453,842.8697509766,842.6627197266,842.176574707,840.1083374023],"4":[765.2627563477,764.7766723633,764.2690429688,764.6003417969,766.2005615234,766.9611206055,767.9565429688,769.50390625,841.901184082,842.5589599609,842.6264648438,842.7892456055,842.9114379883,842.6118164062,841.9414672852,839.8510742188]},"text":{"0":"I","1":"Gate","2":"I","3":"(fa","4":"(fa"},"score":{"0":0.981924355,"1":0.9834854007,"2":0.9747893214,"3":0.9834660292,"4":0.9813810587}}