{"polygon_x":{"0":[874.9780273438,893.7750244141,913.4258422852,930.1799926758,947.7281494141,966.3575439453,983.6727294922,999.8039550781,996.8577880859,976.4664306641,958.3318481445,941.5076293945,924.3094482422,906.731262207,888.0585327148,870.0128173828]},"polygon_y":{"0":[762.3448486328,761.1090698242,762.815246582,763.4711914062,765.0043945312,765.759765625,767.4174804688,768.7299804688,846.8765258789,847.4234619141,849.2292480469,850.0653686523,849.5159301758,849.6680908203,849.4251708984,848.3746337891]},"text":{"0":"Ja"},"score":{"0":0.9819400907}}