{"polygon_x":{"0":[11.9184360504,26.2926006317,40.7417259216,55.5529251099,70.037322998,84.1174697876,98.6727828979,113.7312698364,114.4973754883,98.8466644287,84.3800048828,69.4063415527,54.4304428101,39.5267791748,23.2476730347,9.3854055405],"1":[485.6122436523,501.823425293,517.2233886719,531.892578125,547.0552978516,562.4313964844,577.2243652344,592.1629638672,591.7681274414,575.6913452148,561.3140258789,545.4814453125,530.7567749023,514.8955688477,500.4611206055,485.1011657715],"2":[219.0992126465,232.9500579834,246.2330322266,259.5397033691,272.630279541,286.247467041,299.546875,313.4126281738,312.4426879883,298.8531188965,285.3059387207,271.5331726074,258.3623962402,244.8705749512,231.8861999512,217.3637695312],"3":[939.0191650391,945.4969482422,951.1703491211,956.9500732422,962.4328613281,968.1588745117,972.6971435547,979.1048583984,972.9643554688,966.139465332,960.7108154297,954.0673828125,948.9577636719,944.2813720703,939.0832519531,932.2612915039],"4":[431.9133911133,433.1411437988,434.5258789062,433.0609741211,435.6217651367,438.1951599121,441.0367431641,442.8733520508,532.3293457031,530.1591796875,528.2877197266,525.455078125,522.2675170898,521.5654296875,518.7664794922,515.8068237305],"5":[518.9583129883,538.1049194336,558.412902832,578.3110351562,598.052734375,617.9324951172,637.2493896484,657.0903930664,656.2678222656,635.7943115234,616.6745605469,596.6856079102,577.5471191406,557.0952758789,538.1062011719,517.9376831055],"6":[483.3367919922,496.6989135742,509.7906188965,522.3130493164,534.9201660156,547.7336425781,560.2038574219,573.0504150391,568.7340087891,554.7931518555,541.3369140625,529.8090820312,516.920715332,503.9826660156,491.3873901367,476.2621765137],"7":[38.3137054443,53.9271392822,69.0297393799,85.0077819824,100.6859130859,115.7693099976,131.0341949463,145.9651031494,145.4399414062,130.2301635742,115.0531082153,99.6181488037,84.6113891602,69.2412414551,54.6472015381,38.6635246277],"8":[923.8046264648,934.4323730469,944.9322509766,955.2827148438,965.8172607422,976.0903320312,986.5769042969,997.8380737305,998.5981445312,987.4458007812,976.6919555664,965.828125,955.7025146484,945.2389526367,934.7830200195,923.5153808594],"9":[825.6820678711,837.9428100586,850.510559082,863.1541748047,875.4166259766,888.4162597656,901.2572021484,913.3266601562,910.8743286133,897.5091552734,885.06640625,873.3892211914,860.7879638672,847.9949951172,835.7908935547,823.3955078125],"10":[688.4851074219,695.7952270508,701.4591064453,707.4602050781,712.6190185547,719.4121704102,725.0977783203,731.514831543,726.8903808594,720.1456298828,714.5366210938,708.5913696289,703.1741943359,697.8795776367,692.453125,684.9377441406]},"polygon_y":{"0":[331.8135375977,330.4600524902,330.2807006836,331.3085632324,331.3178100586,330.8663635254,332.0765686035,332.6699523926,413.8101196289,414.4321899414,412.5114746094,411.7869567871,412.545501709,411.3636474609,410.9781494141,410.6231994629],"1":[949.1635742188,948.9711914062,948.2723388672,948.3743286133,948.3173828125,947.791809082,947.4987182617,947.5522460938,999.3135986328,999.2789306641,999.3555908203,999.3245849609,999.3862304688,999.5189819336,999.4415283203,999.6022949219],"2":[300.9231872559,299.5616149902,299.0713806152,299.0084533691,299.2862548828,298.6434326172,298.8687133789,298.4222106934,363.8771362305,364.9916381836,365.1165466309,364.901184082,365.3468322754,365.3576965332,365.1258850098,365.3905944824],"3":[907.4804077148,908.401550293,909.1942749023,909.6834716797,910.0411376953,910.1083984375,910.1599731445,911.2791748047,959.8902587891,959.010925293,958.12109375,957.4602661133,957.4776611328,957.3353271484,957.0134277344,955.8907470703],"4":[492.0952758789,483.0562744141,471.7538452148,459.3912963867,450.0241394043,437.9410400391,428.059753418,419.6968383789,438.4970703125,444.9958496094,453.3382873535,462.0858154297,470.1216430664,480.2692871094,490.2302246094,502.0436401367],"5":[789.7789916992,788.2568969727,787.3432617188,786.9208984375,787.8083496094,788.0947875977,788.5094604492,788.2568969727,849.1155395508,848.9847412109,849.9832763672,849.6268310547,850.0114746094,850.0865478516,850.4263305664,850.7714233398],"6":[95.8860321045,94.9816513062,96.848236084,98.4347229004,100.260559082,100.8512115479,102.8852920532,104.5209884644,179.7887573242,179.6530761719,179.3613433838,178.0025024414,177.0928344727,176.4312133789,175.2101745605,174.7077941895],"7":[254.4520568848,253.8043518066,253.6610107422,253.8588256836,253.6028747559,253.3333129883,253.7277374268,254.2046508789,306.368927002,306.8343200684,306.9743652344,307.2183837891,307.0556030273,307.2813415527,308.0455932617,308.1905517578],"8":[464.0689086914,463.5440368652,462.9977722168,462.9875183105,462.6364440918,462.0916442871,462.3146972656,462.324798584,518.1336669922,518.2739868164,518.422668457,518.7171020508,519.1790161133,518.9885253906,519.0629272461,519.5427856445],"9":[466.4357299805,464.8304748535,464.6098632812,463.8129272461,462.8698425293,462.9627685547,462.9033203125,463.3181152344,516.4466552734,517.1473388672,517.2191162109,517.4374389648,517.7543945312,518.0366210938,518.7048339844,518.883605957],"10":[882.2913208008,883.2324829102,883.8278808594,884.3981933594,884.8178100586,885.1013183594,885.6704101562,886.8758544922,934.3432006836,933.6872558594,933.2846069336,932.8454589844,932.9086303711,933.004699707,933.0474853516,932.0726318359]},"text":{"0":"IV","1":"149","2":"IV","3":"4","4":"C","5":"308","6":"I","7":"510","8":"23","9":"N.","10":"4"},"score":{"0":0.9767763615,"1":0.9644929767,"2":0.988458097,"3":0.9323864579,"4":0.9805780649,"5":0.9858303666,"6":0.9856776595,"7":0.9864230752,"8":0.9695642591,"9":0.9877897501,"10":0.9464248419}}