{"polygon_x":{"0":[617.8249511719,630.6592407227,643.7393188477,656.3460693359,668.3865966797,680.5234375,693.0501708984,705.5212402344,705.5620727539,693.2107543945,681.2420654297,668.5156860352,656.4272460938,643.4802246094,631.6838378906,618.2553710938],"1":[341.8876647949,359.8729248047,379.4350585938,398.2218933105,417.6031494141,437.5740356445,457.0256347656,475.1219177246,474.2182617188,455.5905151367,436.7386169434,417.9662780762,398.7479858398,378.823059082,360.2588195801,340.8186645508],"2":[2.021774292,9.5904798508,16.3891983032,23.7673454285,31.0823802948,38.3086013794,45.4200744629,52.1653137207,50.1671829224,42.0439605713,34.4394340515,27.6323280334,20.300037384,13.5396432877,6.9721198082,0.1859635115],"3":[209.7459411621,219.5652923584,230.3097229004,240.3471374512,249.5353851318,259.756439209,269.2987060547,279.4912109375,276.15625,265.1628417969,254.6627502441,243.249420166,234.0752258301,223.5320129395,213.8847503662,202.5722503662],"4":[414.5121459961,422.7768249512,433.6217041016,446.028503418,458.9323730469,474.1501464844,482.6520080566,492.1227416992,497.1580810547,485.5452270508,474.8297424316,463.7571716309,451.0518188477,438.9596557617,427.6024780273,416.8609008789]},"polygon_y":{"0":[586.1409912109,585.1660766602,585.1083374023,584.3511352539,584.3207397461,584.1919555664,584.4105834961,584.9675292969,641.9796142578,642.6674804688,642.244140625,642.5504150391,642.6469726562,642.5659790039,642.8528442383,643.0375976562],"1":[767.1530761719,766.6116333008,766.7412109375,766.1803588867,766.1129760742,766.2911987305,766.1087646484,766.0551757812,815.3459472656,815.0128173828,815.6322631836,816.2525634766,816.0339355469,816.5573120117,817.171081543,817.325378418],"2":[858.2622680664,857.5050048828,857.7927246094,857.8197631836,858.5023193359,858.6789550781,859.2962646484,860.8090209961,906.9779052734,907.1556396484,907.0269775391,906.2493896484,906.0920410156,906.3244628906,906.0739135742,905.6659545898],"3":[717.9133300781,717.3677978516,717.7647705078,717.7731933594,717.7543945312,716.7737426758,717.272644043,718.2349853516,793.0335693359,792.6331787109,792.5982666016,792.4417114258,792.9637451172,793.5641479492,794.1341552734,794.0803222656],"4":[644.4885253906,643.1683349609,641.0662841797,638.8686523438,636.8911132812,635.3914794922,634.2012939453,633.1069335938,702.041015625,704.5063476562,705.6098632812,706.9262695312,708.5825195312,709.7817993164,711.3061523438,712.2973022461]},"text":{"0":"69","1":"2521","2":"31","3":"f","4":"o"},"score":{"0":0.9762313962,"1":0.9778322577,"2":0.7779086232,"3":0.9771425724,"4":0.5020774007}}