{"polygon_x":{"0":[626.4486083984,679.2481079102,729.739440918,781.5068969727,832.7856445312,884.4803466797,936.276184082,988.3557739258,986.5401611328,931.7835083008,881.1248779297,829.2583618164,779.5583496094,727.5101318359,677.1389160156,623.7690429688],"1":[412.8492431641,438.8439331055,463.431060791,487.701965332,513.4193115234,537.8837890625,563.6640625,588.1151733398,587.5187988281,561.5068969727,536.2243652344,511.2932128906,485.5966186523,460.2193603516,435.552734375,409.9928283691]},"polygon_y":{"0":[329.7669677734,329.7708435059,328.8446655273,327.9038085938,325.4833679199,323.9382324219,323.03125,323.1959838867,411.6311340332,415.3533325195,415.2889404297,415.9866333008,415.9148864746,416.0483398438,417.0604858398,417.1347351074],"1":[334.5977172852,332.4053649902,331.0497436523,331.0646362305,330.9616699219,331.4923095703,332.6944274902,335.5393066406,419.2036743164,421.2033691406,421.1620483398,420.6279296875,419.6392211914,419.2556152344,418.9359741211,419.4952697754]},"text":{"0":"Citadel","1":"The"},"score":{"0":0.9835455418,"1":0.9900432825}}