{"polygon_x":{"0":[201.1372528076,210.3997955322,220.63722229,230.4022979736,240.2991943359,250.3852844238,260.3305664062,270.8118896484,268.8484802246,259.3052368164,249.0926818848,239.3114624023,229.4182434082,219.2182769775,209.5571289062,199.2861328125],"1":[0.0649110675,23.1121234894,48.3258895874,72.2025375366,96.7602539062,121.8028106689,147.3038482666,174.3895874023,172.4179077148,145.9491729736,120.5955886841,95.5362319946,70.0817184448,46.6045303345,21.6652088165,0.0183606036],"2":[780.2774047852,796.3253173828,812.2633056641,828.5286865234,844.0867919922,860.1470947266,876.3099365234,891.9034423828,890.8306884766,875.2590332031,859.2147216797,843.1438598633,827.7057495117,811.2059936523,795.2380371094,778.8818359375],"3":[685.8726806641,694.1926269531,702.7367553711,710.9682617188,719.1803588867,727.9334716797,736.3073120117,744.5416870117,741.0416259766,731.7184448242,723.0939331055,715.3316650391,707.1469116211,698.3104858398,690.2485351562,680.8966064453],"4":[740.330871582,760.6973266602,781.150390625,801.9489746094,822.4645996094,843.2568969727,863.7122802734,883.8886108398,883.8184814453,863.5458374023,842.7528076172,821.5926513672,800.9296264648,780.0505981445,759.5618896484,739.2692871094],"5":[466.2338562012,473.8770751953,481.470703125,489.4266357422,499.3023681641,508.5366516113,520.8321533203,527.5501098633,603.2622680664,595.2048950195,587.2434082031,577.6849975586,568.4567260742,559.3927612305,549.8184814453,539.4346923828],"6":[571.4060058594,581.8934936523,593.4085083008,604.1760864258,615.2150878906,626.3764648438,637.0524902344,648.0276489258,646.0290527344,635.4368896484,624.6001586914,613.5061035156,602.5145874023,591.0123291016,580.1400146484,569.6916503906],"7":[854.8489990234,863.4471435547,872.2442016602,881.3507080078,890.1966552734,898.9578857422,907.2100219727,916.0479125977,914.6215209961,906.1060791016,897.2352294922,888.6325683594,879.7779541016,870.9607543945,862.3297729492,852.8492431641],"8":[812.4014892578,818.4527587891,825.2822875977,831.0907592773,836.735168457,843.0280761719,849.3269042969,855.7009887695,860.3821411133,854.0536499023,847.8343505859,841.1333007812,835.3255615234,828.6864013672,822.2803344727,815.2835083008],"9":[652.6793212891,661.4946289062,671.7028198242,684.5405273438,695.5072631836,705.2464599609,718.3869018555,729.5623779297,777.825012207,766.9801025391,757.4114990234,747.2722167969,737.3741455078,727.7924804688,718.3706054688,707.7191162109],"10":[151.2191467285,157.3035583496,162.913269043,171.0841369629,179.4738769531,188.7131652832,197.5894927979,206.0526123047,269.225982666,264.0413818359,257.2648620605,251.0546722412,243.267364502,232.1135559082,219.4554748535,207.4620361328],"11":[668.6176147461,678.903503418,690.7982177734,702.1270751953,713.7975463867,725.1833496094,736.2118530273,748.3975219727,747.7459106445,736.7297363281,724.7313232422,712.9678955078,701.5746459961,689.4775390625,678.0013427734,666.2283325195],"12":[378.8151855469,389.9964904785,402.5723571777,413.4814758301,425.1937255859,436.9932861328,447.7521057129,459.266418457,457.0283203125,446.0990905762,434.7579345703,423.9729003906,412.7903442383,401.6137084961,390.8584289551,380.3471069336],"13":[188.1381988525,198.2249755859,208.5221252441,217.9026794434,226.9883728027,236.085067749,245.4602813721,256.2039794922,257.1318969727,247.5289306641,237.3788452148,227.5859832764,217.6952514648,207.2793884277,197.742980957,187.5016937256],"14":[1.9386165142,26.1860656738,50.0137176514,75.106300354,99.0863342285,123.5771331787,147.1510162354,171.1840667725,169.660949707,143.7368927002,120.1555633545,96.3116378784,72.2593688965,48.9127120972,24.9269332886,0.7733959556],"15":[898.4104003906,908.0209960938,917.5568237305,926.5224609375,935.4291381836,944.3067016602,952.9076538086,961.8210449219,961.2167358398,951.6897583008,942.7440185547,933.3421630859,924.0752563477,915.4274902344,906.1296386719,895.0632324219],"16":[19.9756660461,29.6945362091,39.3615188599,50.095905304,60.9283370972,71.7233123779,81.2346572876,92.818901062,90.0937957764,80.0957489014,69.5647277832,59.1300582886,48.7222747803,39.0387306213,29.1094665527,18.7124843597],"17":[602.9323730469,614.5036621094,624.939453125,635.7628173828,645.6893310547,656.0166015625,666.0318603516,677.4996337891,670.241027832,657.8022460938,647.6171264648,637.8608398438,627.6194458008,617.8356323242,608.3794555664,596.5930786133]},"polygon_y":{"0":[270.746887207,270.0686035156,270.0582275391,270.201385498,269.8565673828,269.5152587891,269.7464294434,270.1563415527,316.4056091309,316.7681274414,317.1605224609,317.62890625,317.8680725098,318.1969604492,319.0143737793,319.4380187988],"1":[70.8708496094,71.5488510132,72.2655639648,72.3101272583,72.1074981689,71.8026428223,71.6528015137,71.8827972412,114.2213516235,116.0133056641,117.4560699463,116.9973602295,116.6680297852,116.1246795654,116.1275405884,112.8933105469],"2":[566.7213134766,567.0330200195,567.2055053711,567.1181640625,566.7768554688,566.7707519531,566.9848022461,567.1016845703,603.4136962891,603.3900756836,603.2910766602,603.0383911133,602.6705932617,602.1806030273,602.3259887695,601.512512207],"3":[672.8028564453,672.2348022461,672.6861572266,672.4626464844,672.4912109375,672.6510009766,672.4757080078,672.5324707031,725.2291259766,725.139831543,724.7244262695,724.2849121094,724.1789550781,724.2114257812,724.4191894531,724.3272705078],"4":[494.069152832,494.4906311035,494.5341186523,494.8920288086,493.8571472168,493.794708252,493.3466796875,493.3825683594,527.2323608398,528.9761352539,529.1059570312,529.1288452148,529.4319458008,529.3244628906,529.9002685547,528.0695800781],"5":[382.9206848145,372.8899841309,362.7200927734,352.0886535645,342.2498168945,332.0940551758,321.5272216797,311.871887207,367.841796875,378.5922851562,387.3978271484,397.2476196289,407.3633422852,418.1401977539,428.945892334,438.8760375977],"6":[521.0650634766,520.0511474609,520.0267333984,520.579284668,520.5462036133,520.0245361328,520.4609375,520.0686645508,570.4783325195,572.1068115234,571.0767211914,570.3472290039,570.3442993164,570.0518188477,569.8848876953,570.298828125],"7":[713.1617431641,712.2658691406,712.4588012695,712.6596679688,712.5218505859,712.489074707,712.2467041016,712.8918457031,759.3374023438,759.9634399414,759.8532104492,759.7478027344,759.4229736328,759.4346923828,759.8942871094,759.9472045898],"8":[830.7330322266,829.1896972656,829.1877441406,828.6174926758,827.6653442383,826.3027954102,825.0243530273,823.9799804688,872.1535644531,873.2067871094,874.2651977539,875.3265380859,876.0778198242,876.9659423828,878.5167236328,880.076171875],"9":[859.8720703125,853.7075805664,847.8394775391,840.4272460938,835.0363769531,830.3567504883,821.5344238281,815.0430908203,889.4330444336,899.3249511719,905.7642822266,913.0581054688,919.6879882812,924.5709228516,930.6470336914,937.4764404297],"10":[642.29296875,632.6818237305,622.9732055664,615.3096313477,609.0816040039,602.4737548828,596.0584716797,588.2252807617,650.5025634766,659.9993286133,666.5512084961,673.8421020508,684.1130981445,692.7623901367,701.4458007812,709.1217651367],"11":[732.0648193359,732.0727539062,732.4417114258,732.9998168945,733.2784423828,733.3322143555,733.6959228516,734.4664306641,784.9477539062,785.3035888672,784.6629638672,784.5905761719,784.2318725586,784.270324707,784.0412597656,783.4224853516],"12":[741.4849853516,741.2857055664,740.3195800781,740.396484375,741.6119995117,742.1502075195,742.579284668,741.2816772461,790.8438110352,792.8585205078,792.7651367188,792.1071777344,791.3622436523,791.2852783203,791.9582519531,792.7882080078],"13":[102.3902893066,101.7915725708,101.5408248901,101.6296463013,101.2249832153,101.0367660522,101.0747146606,100.3707046509,147.1694335938,147.2102050781,146.9308013916,147.3906860352,148.0196990967,148.532333374,148.1862335205,148.5576019287],