{"polygon_x":{"0":[290.6997375488,306.8043823242,321.8795166016,336.3844299316,350.3112182617,364.2932739258,379.808013916,394.9429931641,392.1434936523,374.8594665527,359.6135864258,344.9963378906,330.7277832031,315.461517334,301.1660461426,284.9604797363],"1":[398.9123535156,420.4957885742,442.8967590332,464.7311706543,486.3272399902,507.0893859863,529.1318969727,553.2142333984,552.3411254883,529.5113525391,507.657043457,485.5130004883,463.4703979492,440.789855957,418.8662109375,397.1292114258],"2":[7.5521287918,22.4342079163,37.7715682983,53.2922325134,68.7414398193,84.3003005981,100.104385376,114.2995300293,114.1068267822,98.0012588501,83.5153961182,67.9341964722,52.6743011475,37.2707443237,21.9043178558,6.951918602],"3":[702.5357666016,722.1179199219,741.9658813477,760.7497558594,779.4763793945,799.2608642578,818.4551391602,837.1568603516,836.9201660156,817.2457885742,797.6793212891,777.8280029297,758.5211791992,738.8519287109,719.7714233398,699.7067871094],"4":[25.7969455719,40.6339035034,56.149520874,71.6899032593,87.6979675293,103.2116317749,118.4321746826,133.4193572998,135.6839294434,119.4974822998,104.5145111084,88.9619903564,72.6536483765,57.3651657104,42.8194847107,26.7725143433],"5":[203.1893920898,221.5695953369,241.8759460449,261.6632385254,281.5481872559,301.0173339844,320.712097168,339.5088195801,339.1815490723,319.8533325195,300.2700195312,280.3576049805,260.8636779785,240.8591003418,222.0831604004,202.4902648926],"6":[0.2988609076,14.5469369888,29.2667961121,43.3990135193,58.5154800415,73.5915908813,88.7429885864,102.5546112061,105.6993865967,90.483581543,75.9639434814,61.0157394409,45.9490242004,31.4833450317,16.8453006744,1.1505383253],"7":[232.9014587402,243.5359954834,254.7353820801,266.1914672852,277.5664367676,289.2962646484,300.7351989746,312.8145141602,313.7637939453,300.7184753418,290.0475769043,278.6215515137,267.0032958984,255.6981506348,244.1647033691,232.6443786621],"8":[662.4212646484,678.7224121094,695.8258666992,712.6019287109,729.6136474609,746.2442626953,762.9085693359,779.203125,778.0687255859,761.0772094727,745.2136230469,728.5621337891,712.1148681641,694.5745239258,678.4594726562,662.0834350586],"9":[160.3563232422,166.6142578125,172.9426574707,179.391418457,185.8448638916,192.4764404297,198.1552429199,204.3393554688,205.7888946533,200.1757507324,193.5220031738,185.6701660156,178.1006774902,171.3910827637,164.526763916,158.0978240967],"10":[719.9118652344,728.2776489258,735.5388793945,743.5737304688,751.2448730469,759.3970947266,767.5635986328,774.659362793,784.8096923828,776.9489135742,769.6651611328,761.5583496094,752.8573608398,744.6735229492,737.2024536133,729.5844726562],"11":[898.7145385742,910.0267944336,923.8440551758,936.4172363281,949.8629150391,963.7630615234,975.051940918,985.2904052734,983.8626098633,971.1538085938,959.5327758789,947.9620361328,935.7937011719,924.7125854492,913.094543457,899.7427978516],"12":[584.7945556641,595.0922851562,605.339050293,617.5429077148,627.8087158203,638.2568969727,649.5624389648,659.2697143555,671.5313110352,662.8298950195,652.3703613281,643.391418457,632.2584838867,620.3101196289,610.7852783203,601.8013916016],"13":[411.6530151367,427.2908325195,439.2706604004,450.4401245117,462.6662902832,474.4604187012,485.5034179688,497.9273986816,552.7425537109,544.2075195312,535.0328979492,524.2171630859,513.8541259766,503.7446594238,493.1560668945,478.4842224121],"14":[846.7224121094,853.9971923828,861.3720703125,868.3004760742,874.6954345703,882.5894775391,889.2791748047,894.7346191406,897.9174804688,891.0912475586,885.2839355469,878.0394287109,869.9057006836,862.5391235352,854.5152587891,846.6121826172],"15":[521.4661865234,529.0016479492,536.0960693359,543.1115112305,550.3319091797,557.505065918,564.9039916992,570.4915771484,578.3960571289,571.8336791992,565.3751220703,557.4189453125,548.9543457031,540.6176147461,533.4514160156,526.8811645508],"16":[792.7389526367,799.4783935547,806.9802856445,814.9072265625,821.9439697266,829.4399414062,838.3319702148,845.9124145508,865.5493164062,858.4669189453,851.2946777344,843.8256225586,836.1337890625,829.5492553711,822.2393188477,815.4321899414],"17":[48.7799415588,54.3283042908,60.884147644,67.4731369019,73.8762969971,80.0780944824,85.4814224243,93.3953399658,97.3891067505,89.8477783203,83.2628250122,76.3165283203,70.5084533691,65.2705154419,58.8839797974,52.4682998657],"18":[184.8359375,193.4364624023,202.3876647949,212.076965332,221.9830932617,232.6471710205,242.7874450684,252.4671936035,267.6951904297,259.2100830078,250.9075164795,242.2451019287,232.381729126,222.9923858643,214.7212982178,206.2331237793],"19":[935.7959594727,946.4515380859,955.8836669922,964.76171875,974.0231323242,982.7080688477,991.3304443359,999.6427001953,999.2526245117,990.2144775391,981.6940307617,972.9698486328,963.7329711914,955.2340087891,946.3552246094,935.9821166992]},"polygon_y":{"0":[114.0314025879,113.57472229,114.3500671387,114.9476318359,115.4040527344,114.9636459351,115.4155578613,115.7646179199,178.7301330566,178.6110534668,177.9161376953,177.6741943359,177.8003540039,177.9245605469,177.5368499756,177.6383972168],"1":[91.2541275024,91.5503311157,92.7843017578,92.4131774902,92.2445755005,91.9072799683,90.6079101562,91.0332641602,130.2625732422,130.9897460938,131.6258087158,132.0323028564,132.2485351562,132.2660217285,131.6079559326,131.2714538574],"2":[139.7622375488,138.7601623535,138.5688171387,138.3217163086,138.0694732666,137.5718383789,138.0656738281,137.9014434814,188.9720916748,190.167098999,190.5697021484,190.6280822754,190.6826477051,191.1525878906,192.3682403564,193.2606658936],"3":[642.0919189453,640.9434814453,640.4230957031,640.3341674805,640.2487182617,639.8861083984,639.2746582031,639.8090820312,691.5748291016,691.4154052734,691.9982299805,692.0956420898,691.8615722656,692.585144043,692.947265625,693.3656005859],"4":[605.6332397461,605.126159668,604.5526123047,602.7611083984,601.0500488281,599.6109619141,598.6491699219,596.7919921875,648.7106323242,651.4792480469,652.0751342773,653.0954589844,653.8018188477,655.2514648438,656.5637207031,656.353515625],"5":[385.5155029297,385.0318908691,385.3558044434,385.2643127441,384.828918457,385.0336303711,384.5372009277,385.0553588867,432.5452270508,433.882598877,432.9981994629,432.9745483398,432.9484558105,432.1509094238,432.7848510742,433.2284545898],"6":[921.8145141602,920.4094848633,919.7788085938,918.5059204102,917.275390625,915.6086425781,913.8622436523,911.8283081055,963.9874267578,965.7485351562,968.235534668,969.9327392578,970.9146728516,973.1500854492,974.7279052734,973.7035522461],"7":[330.0960693359,329.4308776855,328.3101196289,325.9300537109,325.0148010254,323.3154296875,322.3463439941,320.8319396973,367.4343566895,368.176940918,369.8497009277,371.6534423828,373.827331543,375.0637817383,375.4463500977,375.8643798828],"8":[411.2147521973,410.2437133789,410.1307678223,409.6511535645,409.5167541504,409.6244812012,409.1824951172,409.4008178711,458.5833435059,458.2792663574,458.346282959,458.6005859375,458.2929992676,458.7938232422,459.3815612793,459.4397583008],"9":[114.7183532715,113.7175064087,113.2225036621,112.9679489136,112.1312713623,111.1866912842,110.2164306641,109.60105896,156.9452514648,156.421875,156.8440856934,157.596862793,158.8186035156,159.5803985596,160.1191864014,160.482635498],"10":[506.3175964355,501.9399719238,499.6142578125,497.810546875,495.5966796875,492.9928588867,491.072052002,488.5813598633,529.2424316406,534.2267456055,537.4051513672,541.0288696289,543.9703369141,547.8917236328,551.2296142578,553.6177978516],"11":[93.7364807129,92.6208877563,91.3224105835,90.055267334,88.2727661133,87.4029846191,86.1945495605,87.3157043457,162.0706787109,162.2985839844,163.3810119629,165.1173706055,166.4115753174,167.3914794922,169.2307739258,170.5349884033],