{"polygon_x":{"0":[268.806640625,277.9733886719,288.0648193359,297.4294433594,307.0888061523,317.0798034668,326.4752807617,336.4278564453,333.9878845215,324.8753051758,314.8826293945,305.0663757324,295.1440429688,284.9588928223,275.2252197266,265.6067504883],"1":[198.4008178711,217.4934539795,236.9312438965,256.4365234375,275.4442749023,295.0504760742,314.2240905762,334.244720459,331.7318725586,311.8586425781,292.3333740234,272.6507873535,253.1991577148,233.4397735596,214.5391082764,195.6799621582],"2":[887.4161376953,898.3237304688,909.1435546875,920.1641235352,930.9885253906,941.4279174805,951.8209228516,962.5561523438,962.0866699219,951.4069824219,940.2706298828,929.4267578125,918.6951293945,907.9495239258,897.4637451172,886.102355957],"3":[113.3766021729,122.5151748657,131.6383056641,140.626159668,149.2764129639,158.181854248,166.5885772705,176.0206451416,175.6650543213,166.5493774414,157.8354797363,148.579208374,139.5781860352,130.4767913818,121.5625305176,112.3967895508],"4":[435.9977722168,445.6415100098,456.3398742676,466.763671875,477.8881835938,489.1122436523,499.4574584961,509.7099609375,508.3506774902,498.2866821289,487.1040039062,476.2473144531,465.6165771484,455.0907592773,444.6111450195,434.255645752],"5":[8.0645122528,27.6540088654,47.6061706543,68.5047302246,88.8591156006,109.0232009888,129.2599029541,149.0750732422,147.7088928223,127.1469421387,106.9200515747,87.3938446045,67.3417282104,46.9201316833,26.284286499,5.1668653488],"6":[588.5981445312,598.7364501953,609.0804443359,618.739074707,628.7774047852,639.0711669922,649.1572265625,660.100769043,660.0817871094,650.0915527344,639.4852905273,629.3316650391,619.0286254883,609.2035522461,599.4900512695,588.2817993164],"7":[491.379119873,500.7651977539,509.9916381836,519.4265136719,529.7506103516,539.6860351562,549.2198486328,559.1671142578,559.0266113281,548.1058959961,538.368347168,528.8461303711,519.2965087891,509.7604370117,500.7833862305,490.0649414062],"8":[240.3237915039,251.7557525635,263.0875244141,274.2023010254,285.4326782227,297.1404418945,307.7745056152,318.8946228027,317.1228637695,306.4637756348,295.7872314453,284.1770324707,272.9625244141,261.3298950195,250.6400909424,238.9664001465],"9":[74.923828125,84.3736953735,94.3711929321,104.7350692749,114.4758148193,124.5597686768,133.6939086914,143.5697937012,142.5593719482,133.0824432373,123.298248291,113.4007873535,103.1705169678,93.6187133789,84.0619354248,74.3088989258],"10":[859.8486938477,871.3295898438,882.1667480469,893.4139404297,904.1198730469,914.7693481445,925.1825561523,936.1752929688,936.5336914062,925.5638427734,914.3899536133,903.4921264648,892.6714477539,881.8331298828,871.0473022461,858.8770141602],"11":[362.0457763672,370.866973877,378.9599914551,387.4761657715,396.1639709473,404.4842834473,412.2291870117,421.0549926758,419.942565918,412.1835632324,403.1303405762,394.4977416992,386.6533203125,378.3342895508,370.5227355957,360.1427001953],"12":[899.5947875977,911.0195922852,922.8773193359,933.9591064453,945.1928100586,956.305847168,967.126159668,978.5672607422,978.3914794922,967.4990844727,956.2028808594,944.4493408203,933.3246459961,922.4716186523,911.2912597656,899.31640625],"13":[415.8555908203,427.8986816406,439.8145751953,451.3865661621,462.742980957,474.2510681152,485.8996276855,497.9155273438,497.1579589844,484.8583679199,472.5500793457,461.3546142578,450.1139831543,438.0432739258,426.1257629395,413.6451416016],"14":[838.3439941406,849.3269042969,861.6909179688,876.6146850586,889.6361083984,902.6799926758,916.5286254883,930.4696655273,931.6928710938,917.073425293,902.779296875,888.7102661133,874.977722168,860.384765625,844.9514160156,832.6474609375],"15":[787.6683959961,798.4541015625,809.8463134766,821.5803222656,832.7054443359,843.5759887695,854.4901123047,866.3780517578,866.8366699219,855.9437255859,844.2598876953,832.6083984375,822.1649169922,810.9084472656,800.0052490234,787.7321777344],"16":[385.9907226562,396.899597168,407.6765136719,418.7236938477,429.6087646484,440.8773193359,451.3182983398,462.9365234375,461.9043273926,450.9761352539,439.3805541992,428.7451782227,417.8502807617,407.0412597656,396.2481079102,384.2094421387]},"polygon_y":{"0":[913.8438720703,913.5397949219,913.7796630859,914.0158081055,914.1844482422,913.6463012695,914.4125366211,914.4512329102,960.4862060547,961.5747070312,961.5126953125,960.8199462891,960.5926513672,960.5374145508,960.5404052734,960.4951171875],"1":[287.9392089844,288.0434570312,288.8128051758,289.1921081543,289.3916015625,290.1058654785,290.2172546387,291.5663757324,338.8631896973,338.7768859863,338.2489013672,337.8422851562,337.4635314941,336.3203430176,335.9948120117,335.1170654297],"2":[391.2899475098,390.5336914062,391.1991882324,391.4573364258,391.3400268555,391.2622375488,391.1743774414,391.5690612793,443.0001525879,443.6975402832,442.8071899414,442.6736755371,442.6340026855,442.8374633789,443.4550170898,442.8798828125],"3":[667.0970458984,665.8795166016,665.7020263672,665.6381835938,665.5260620117,664.7701416016,664.7067260742,664.484375,711.5039672852,713.5162353516,713.5372924805,712.882019043,713.1641845703,713.5209960938,714.4294433594,714.7915649414],"4":[542.4808959961,541.4672241211,541.1313476562,541.1445922852,541.2403564453,541.3486938477,541.2170410156,540.7413330078,594.5316162109,595.2640380859,594.3741455078,594.4873046875,594.19140625,594.3341064453,594.3979492188,594.612487793],"5":[295.4105834961,294.8460998535,294.4588928223,294.0453491211,294.0340576172,293.8134765625,294.0657348633,294.7456054688,342.5352783203,343.8312072754,344.1049499512,343.9926147461,343.7799072266,343.4601135254,344.1231994629,346.1315307617],"6":[889.9992675781,889.2029418945,888.8991699219,889.0688476562,888.8494873047,888.6241455078,888.5802612305,888.2482299805,935.3649902344,936.2178955078,936.1201171875,936.6228027344,936.7987670898,937.4541625977,937.9055175781,938.1123046875],"7":[299.6034240723,298.8312988281,298.6353149414,298.1337280273,298.281036377,298.1133728027,298.0914611816,298.1450195312,349.3187866211,350.100982666,350.5797119141,351.1727905273,351.3774414062,351.3830871582,350.926361084,351.1606445312],"8":[141.1736297607,140.1932830811,140.334564209,140.2845916748,140.890411377,140.6398620605,140.9286804199,141.1831970215,187.8162384033,189.3886566162,188.8438568115,188.4806976318,188.459487915,188.3531036377,188.9480743408,188.9590301514],"9":[889.0001220703,887.8046875,887.4992675781,887.6541748047,887.5336303711,887.1373291016,888.0630493164,887.4978637695,936.076171875,937.8912353516,937.7238769531,937.2626953125,937.0786132812,937.5671386719,938.1429443359,938.1463623047],"10":[539.3725585938,539.2583007812,539.1447753906,539.1519165039,539.2973632812,539.2331542969,539.0107421875,539.26171875,594.4379272461,595.0711669922,594.6958007812,594.6922607422,594.5690917969,594.8296508789,595.4932861328,594.9682006836],"11":[29.5997467041,29.0902709961,29.0244121552,29.5566864014,30.0457859039,30.7188129425,30.2148857117,30.5840530396,73.6307830811,74.2392578125,74.1230773926,73.7807388306,74.3874664307,74.0166778564,74.107635498,74.2677841187],"12":[154.8278656006,153.9895782471,154.098236084,154.3061218262,154.1983947754,153.909942627,154.1560974121,154.508392334,205.9190368652,206.5965423584,206.3963928223,206.921661377,207.3735351562,207.6666412354,208.1466064453,207.7740783691],"13":[83.1667633057,83.661239624,84.1211395264,84.0338897705,84.1451339722,83.938293457,83.5035324097,84.780670166,128.0917663574,128.4711608887,127.7341308594,127.8290252686,127.5472412109,126.8460998535,126.1144256592,126.0060424805],"14":[38.5806999207,37.4755821228,36.8126564026,36.9265899658,36.5325317383,36.0112190247,35.2520217896,33.5088310242,111.8218688965,112.9339599609,113.1023788452,113.4996337891,114.2477798462,115.1408309937,115.2727432251,116.0804138184],