{"polygon_x":{"0":[641.6616821289,659.3719482422,677.7033081055,695.3426513672,712.9735107422,730.8526000977,748.6864013672,767.3684692383,763.1928100586,744.5396728516,726.5504150391,708.7627563477,690.1903076172,671.4966430664,653.6389160156,634.8751831055],"1":[520.1603393555,534.8720703125,550.8600463867,565.6960449219,581.1907348633,596.5718383789,612.1599121094,627.9501953125,625.6298828125,609.9157104492,594.3392333984,578.7811279297,563.302734375,547.2084960938,531.6533203125,515.0584106445],"2":[418.8599853516,425.8503723145,434.4943847656,442.1900939941,449.7736816406,457.8754272461,465.1066589355,473.1400146484,474.9173583984,467.0006713867,458.3640136719,449.5711669922,440.1188659668,431.4688720703,424.6030883789,416.0209350586]},"polygon_y":{"0":[215.3882141113,214.5968933105,215.3149108887,216.1550140381,217.0688781738,217.8191833496,218.6752319336,219.9434814453,288.0227661133,285.5923156738,285.1367492676,283.7969970703,283.0774536133,280.9242248535,279.9778442383,279.797454834],"1":[215.1733398438,214.4605255127,214.1434631348,214.3511352539,215.3356628418,215.5219726562,216.0752563477,217.0426940918,272.4126281738,273.9814147949,273.4676513672,272.8610534668,272.3330993652,271.7344970703,271.6949768066,270.9744873047],"2":[250.9720001221,253.8378143311,254.4716644287,254.2512207031,254.2913665771,254.5739898682,254.9534454346,255.0252075195,304.8637695312,305.6379394531,304.9342041016,304.315032959,304.8778076172,304.6978759766,304.9284057617,304.2616882324]},"text":{"0":"Cup","1":"The","2":"O"},"score":{"0":0.9834185243,"1":0.984919548,"2":0.5960088968}}