{"polygon_x":{"0":[533.3415527344,560.265625,588.3871459961,616.4725952148,644.4259643555,672.9757080078,700.5787353516,727.5384521484,728.1577148438,700.3220214844,672.5768432617,644.3841552734,615.9896850586,588.0311279297,559.4393310547,531.9730224609],"1":[731.3418579102,749.7169189453,768.2015991211,786.6712646484,804.4342651367,822.7235107422,840.9311523438,859.700378418,857.2694091797,839.1441650391,821.3162231445,802.8515625,784.6693115234,765.758605957,747.8424072266,729.810546875],"2":[593.1947631836,620.1789550781,647.7883300781,676.7963256836,704.8657836914,732.9491577148,759.4040527344,786.0900878906,786.0375366211,758.7279052734,731.1647949219,704.2520751953,676.5682983398,648.4786376953,620.5527954102,592.1005859375],"3":[145.7738037109,149.3508758545,153.3540802002,159.3291015625,163.5444030762,168.0808868408,174.4143371582,184.2767028809,210.5128326416,202.9665374756,198.4517822266,194.1027984619,188.2964935303,183.5314788818,177.1131286621,170.417388916],"4":[359.5168457031,412.7489929199,454.9695129395,497.8112792969,538.1246337891,582.2712402344,621.6409301758,667.3672485352,670.4004516602,627.5556640625,588.462890625,545.5308837891,504.3267211914,454.6260986328,412.9976196289,367.5350646973]},"polygon_y":{"0":[461.3112792969,461.1799316406,461.0297851562,460.4701538086,460.1975097656,460.368927002,459.0791320801,458.841583252,507.9260864258,508.2496948242,508.0540161133,508.9088134766,509.600402832,509.6802368164,510.0204467773,510.7640075684],"1":[460.1645507812,459.7216186523,460.0314331055,459.9164428711,459.4346618652,460.3305664062,459.5810241699,460.7009277344,507.8874206543,507.8753356934,507.4418640137,507.3039550781,507.2899780273,507.298034668,508.0482788086,507.4614868164],"2":[508.94921875,509.3894042969,508.5063171387,507.219909668,506.3277587891,504.7002563477,506.1674194336,505.7774353027,544.5272216797,544.8516235352,543.6665039062,544.0821533203,544.491027832,545.4881591797,546.6408691406,547.9674682617],"3":[895.7707519531,892.3989868164,888.9434204102,885.2428588867,882.5762939453,879.3145751953,875.6732177734,870.9583740234,907.907409668,911.5250244141,912.6000976562,915.2743530273,918.6973876953,921.9938964844,926.1459350586,929.9352416992],"4":[299.5206298828,307.4462280273,313.8531188965,318.5145874023,325.125,330.748046875,331.6344604492,330.6218261719,411.4222412109,412.9048461914,415.5183410645,416.7814331055,417.0059204102,415.8844604492,415.8653564453,412.7191467285]},"text":{"0":"Double","1":"Gate","2":"Closed)","3":"C","4":"Jamon"},"score":{"0":0.9865086079,"1":0.9782581925,"2":0.9817168117,"3":0.4869505763,"4":0.6239007115}}