{"polygon_x":{"0":[299.5617370605,309.2284240723,320.5852661133,331.1246337891,342.4299621582,353.8953857422,364.5875854492,375.682434082,373.5070800781,362.9596557617,351.4090270996,340.6370239258,330.0239562988,318.2699279785,308.3552246094,297.4979553223],"1":[447.4711608887,457.3803710938,467.1723022461,476.6695556641,486.4121704102,496.4217529297,506.0881958008,515.5269775391,515.1350097656,505.8859558105,495.1754150391,485.6456298828,475.9431152344,466.129486084,456.6676635742,446.4819641113],"2":[130.878112793,141.3971557617,151.9987335205,162.4681243896,172.8360748291,183.2211608887,193.2917022705,203.0891418457,203.7588348389,193.5898132324,183.3418579102,172.7543640137,162.5316772461,151.9245910645,142.2195892334,131.3434753418],"3":[159.3243865967,169.7652587891,181.107421875,191.8666229248,202.3809661865,213.2206420898,224.0515289307,235.2997131348,234.1653137207,223.1888427734,211.9731292725,201.5456237793,191.1860961914,180.085067749,170.0436706543,159.4085083008],"4":[359.1557006836,369.1640625,380.7610778809,391.8099975586,403.5251464844,415.190612793,426.1809082031,437.3549804688,436.5771789551,425.711517334,413.8217773438,402.132232666,390.7844238281,379.403137207,368.9142456055,357.7616577148],"5":[507.6410522461,518.8753051758,530.728515625,542.0924072266,554.0317382812,565.9918823242,577.4573364258,588.7376098633,586.2056884766,575.3147583008,563.3824462891,551.8569946289,540.5615844727,528.2913818359,518.1926879883,506.4694213867],"6":[293.2933654785,303.0340881348,313.963684082,324.3631591797,334.869934082,344.81640625,354.8963928223,364.8629150391,367.200378418,356.984588623,345.7334899902,335.1794128418,324.5901184082,313.8449401855,303.5263061523,293.0419616699],"7":[190.9422912598,200.9549713135,211.8784942627,222.2295227051,232.6740112305,243.0667266846,253.2658081055,264.1557617188,263.7567749023,252.7700653076,241.7565307617,231.8517913818,221.4944152832,211.0760192871,201.4773254395,190.5316925049],"8":[956.2908325195,962.7338867188,968.546081543,974.3952636719,980.6830444336,986.1776123047,991.7021484375,998.190246582,997.9293212891,991.3892211914,985.5771484375,979.9669799805,973.7281494141,968.3282470703,962.7624511719,955.7555541992],"9":[624.9118652344,629.9122924805,638.3588256836,645.6765136719,656.6429443359,668.1893310547,679.5793457031,686.0487060547,740.4552001953,734.0375366211,727.5056152344,718.9509277344,710.8570556641,701.2412109375,690.8224487305,682.4313354492],"10":[739.4031982422,750.8886108398,761.0537719727,770.8853149414,779.8517456055,790.1198730469,800.4949951172,811.0210571289,809.0092773438,798.6031494141,788.638671875,778.7893676758,768.6093139648,757.9183959961,748.4943237305,738.0288085938],"11":[0.1002367586,8.1893148422,16.643415451,25.4154243469,33.9312133789,43.1617279053,53.0534324646,62.5954246521,61.8987960815,52.5382385254,43.1566009521,34.2389068604,25.3262481689,16.83228302,8.2593479156,0.1134411246],"12":[960.5888671875,966.9378051758,972.0554199219,977.186340332,982.7445068359,987.7003173828,992.8205566406,998.3045043945,999.7886962891,994.2849121094,989.4055786133,984.2861328125,979.1606445312,974.1767578125,968.9149169922,962.1530151367],"13":[2.9075672626,7.76095438,11.9109239578,15.9911146164,19.7066001892,24.1877651215,29.0487937927,35.1021118164,32.7551307678,27.2634239197,22.4628639221,18.1767234802,13.7384176254,9.5565881729,5.3814630508,0.3263726234],"14":[162.2229614258,166.6541137695,170.8366394043,177.1034393311,184.5161743164,191.2565612793,200.4905548096,205.1334838867,264.3930358887,257.1291503906,253.1053314209,247.548828125,240.299987793,234.4925689697,227.1167144775,217.844543457],"15":[0.9026938677,5.6110739708,9.7690439224,13.7297878265,17.6618366241,22.2846183777,26.7601699829,30.4386997223,27.59324646,23.3770389557,19.6907691956,14.930434227,11.2686138153,7.7222127914,3.7022156715,0.091566354]},"polygon_y":{"0":[577.7261962891,577.8035888672,577.6781616211,578.1903076172,578.3483886719,578.1901855469,578.6959228516,578.1978759766,631.8503417969,632.2535400391,632.0168457031,631.8630371094,631.70703125,631.765625,632.0491943359,631.9201049805],"1":[587.6052246094,587.7131347656,587.462890625,587.4027709961,587.6153564453,587.6301269531,587.6168212891,587.2631225586,636.4761962891,636.7210693359,636.8030395508,636.8225097656,636.8026733398,637.0688476562,637.6493530273,637.5065917969],"2":[448.2586364746,447.5385742188,447.5216064453,447.4120483398,447.2244873047,446.4456176758,446.1884155273,445.7055358887,498.0670166016,498.7196350098,499.5620727539,500.1574707031,499.9678039551,500.1751403809,501.0364379883,501.4573364258],"3":[857.0123901367,856.4205322266,856.0961303711,856.2100830078,856.5983886719,856.7352905273,857.3522338867,856.5938720703,907.3163452148,908.318359375,908.2340087891,908.4959716797,908.3806762695,908.7178955078,909.5220336914,909.5685424805],"4":[372.7338867188,372.5503845215,372.9954528809,373.8884887695,374.1209716797,374.3391723633,374.8034362793,374.7633666992,427.1993713379,428.0720214844,427.4923706055,427.2568359375,427.0840148926,426.6833496094,427.1273498535,426.9021911621],"5":[332.5299377441,332.0464477539,332.0693664551,332.2994384766,332.5630187988,332.6961669922,333.1357116699,333.3477783203,386.3825683594,387.456817627,386.7907104492,386.4252929688,385.9836425781,385.7684326172,386.1871643066,386.0643310547],"6":[793.3410644531,793.66796875,793.8839111328,793.8176269531,793.8569335938,793.6584472656,794.4250488281,795.3270263672,837.8558959961,838.4539794922,838.2752075195,838.3436279297,838.3374633789,838.7487792969,839.4228515625,839.3915405273],"7":[212.1851196289,211.9831237793,211.6449279785,211.7153930664,211.8324279785,211.4809875488,211.8412628174,211.312286377,260.2446289062,261.4837341309,261.9616699219,262.1475830078,262.0074768066,262.5686950684,263.2857055664,262.9136657715],"8":[386.383972168,386.5114746094,386.7464904785,386.9708251953,386.9147033691,386.8694763184,386.912902832,387.2071838379,437.474029541,438.6416625977,438.3865661621,437.7676086426,437.6669921875,437.8331298828,438.5451660156,438.654510498],"9":[397.7953796387,396.2012939453,387.906829834,381.568145752,375.8000488281,369.5326538086,362.7487487793,357.4439697266,433.8868408203,440.6875,441.3082580566,446.0559082031,449.5060424805,454.2846069336,459.2825317383,464.4271850586],"10":[85.0064697266,83.1190338135,82.288482666,83.4231567383,84.4123840332,85.9558944702,86.2610549927,85.8653106689,141.615020752,142.8486480713,143.1424865723,143.2498321533,143.2774810791,143.4459991455,143.6724395752,142.9403839111],"11":[552.2745361328,550.7734375,550.6632080078,551.4344482422,551.3416137695,551.5518188477,551.6410522461,551.8899536133,601.9674072266,602.7266235352,603.0365600586,603.1823730469,602.7163696289,602.7991333008,603.0197753906,602.5789794922],"12":[710.6445922852,710.5864257812,710.7639160156,710.6469116211,710.076965332,709.9930419922,709.59765625,709.6521606445,759.3423461914,760.6680908203,761.0308227539,760.8364868164,760.5633544922,761.0434570312,761.625,762.1713256836],"13":[391.7891235352,391.5458984375,391.8136291504,391.9418029785,391.844543457,391.6389160156,391.2629394531,392.3360900879,439.216583252,440.089263916,440.0504150391,439.390411377,439.1266174316,439.4217529297,439.6484985352,439.5824584961],"14":[272.6616210938,272.1799926758,270.0616760254,267.2436828613,265.4179077148,262.0595397949,258.9265136719,254.8207244873,312.9761962891,316.0253295898,318.5133056641,321.489440918,324.3197631836,327.0124816895,329.8369140625,334.2004699707],"15":[957.9196777344,958.2027587891,958.7238769531,959.1409301758,959.3475341797,959.28515625,959.3580322266,959.2821655273,999.9439697266,999.8942871094,999.8641357422,999.8029785156,999.8015136719,999.8051757812,999.8427734375,999.9088134766]},"text":{"0":"26","1":"27","2":"29","3":"26","4":"26","5":"25","6":"26","7":"24","8":"2","9":"T","10":"25","11":"29","12":"2","13":"9","14":"1","15":"8"},"score":{"0":0.9691285491,"1":0.9863116145,"2":0.9661719203,"3":0.9372797608,