{"polygon_x":{"0":[564.4086303711,574.4771118164,588.2102050781,600.3747558594,611.9035644531,624.3206176758,635.266784668,646.2487792969,648.9444580078,640.3779296875,628.9911499023,617.3377075195,605.6950683594,592.8168334961,580.0701904297,568.8723144531],"1":[40.4612045288,50.2676200867,59.7225532532,68.1557006836,77.3117980957,86.3518218994,95.3412322998,105.3699111938,107.2595672607,98.1453552246,88.9427871704,78.8811721802,69.6684570312,61.1394577026,51.9363975525,41.3668060303],"2":[447.4804992676,452.2966003418,458.7893676758,465.6789550781,472.1530456543,479.8835449219,487.459777832,492.9530029297,499.9911193848,495.5569152832,489.4987182617,484.2583618164,476.9157104492,466.7776184082,458.1037597656,451.5294189453],"3":[635.1104125977,643.9409179688,652.7589111328,661.731628418,669.9605712891,680.0260009766,690.4507446289,701.3566894531,722.3706665039,715.0286254883,706.8736572266,699.328125,689.7238769531,680.5695800781,672.7202758789,663.6604003906],"4":[209.4522247314,215.1288146973,221.4097900391,228.6321868896,235.0622406006,241.0074615479,246.656463623,252.0936737061,250.0656890869,244.5297241211,236.9172821045,232.0660552979,222.6600341797,214.8401031494,207.6095428467,201.944732666]},"polygon_y":{"0":[314.3776855469,314.8493347168,314.1493225098,313.6782226562,312.3175354004,311.1410827637,310.3377685547,310.250579834,377.3854064941,378.1595153809,378.2205810547,379.5936584473,380.9580993652,382.387878418,384.2269897461,384.5082092285],"1":[16.7618350983,16.3992710114,15.4161109924,15.5148172379,14.4606695175,13.655254364,13.2687110901,10.89453125,70.9869537354,71.2300109863,71.1445236206,71.1425704956,71.6827316284,72.3576126099,73.1654815674,73.9678115845],"2":[748.5366821289,750.1519165039,748.8658447266,748.1967163086,746.9623413086,746.0346069336,745.1328125,743.9149169922,791.3544921875,791.9476928711,792.8120117188,793.7591552734,794.7019042969,795.4372558594,795.5961914062,796.1446533203],"3":[550.5966796875,543.7962036133,536.5282592773,527.9354248047,520.828918457,512.5778198242,504.2599487305,498.7432861328,527.6732177734,537.0457763672,546.2901611328,554.2123413086,561.1646728516,569.600769043,578.3897094727,585.9805297852],"4":[523.1315917969,524.7373657227,525.4654541016,526.1759033203,526.1659545898,526.4182128906,526.1548461914,525.8383789062,574.8055419922,574.5235595703,574.0568237305,573.1856689453,573.6057739258,573.2150878906,572.1161499023,571.5357055664]},"text":{"0":"d","1":"X","2":"C","3":"C'","4":"O"},"score":{"0":0.9609937072,"1":0.9279870987,"2":0.9070348144,"3":0.9624069929,"4":0.8624896407}}