{"polygon_x":{"0":[754.5067138672,765.7005615234,777.3166503906,788.5734863281,799.0943603516,809.7045288086,820.3822021484,831.0946044922,829.5413818359,818.5319824219,807.5869750977,796.5435180664,786.1311035156,774.7092285156,764.1635131836,752.7446899414],"1":[779.4573364258,797.8409423828,818.0615234375,837.9981079102,857.7751464844,877.7071533203,896.517578125,915.8656005859,914.8159790039,894.6965942383,876.3021240234,856.6235961914,837.5065917969,817.3534545898,798.5433959961,778.3804321289],"2":[241.991104126,253.3672485352,265.7391967773,277.7598571777,290.1126403809,302.5947265625,314.4522399902,325.931854248,322.8186340332,312.2007141113,299.5105285645,287.3500976562,275.8584289551,262.7390136719,251.5292205811,239.2965087891],"3":[760.7445068359,770.4803466797,780.556640625,790.2942504883,799.8553466797,809.4791259766,819.2282104492,828.8153686523,827.6235351562,817.5842895508,808.2049560547,797.7612915039,788.1473388672,777.6895141602,768.6088867188,758.8945922852],"4":[831.8049316406,843.7053833008,855.6039428711,865.8709716797,876.810546875,887.7258300781,898.6718139648,909.953918457,909.8439941406,898.4742431641,887.637878418,876.1729736328,865.0093994141,853.7313232422,842.9490966797,831.6484985352],"5":[332.313873291,344.2347412109,356.8227539062,368.3587341309,381.0315246582,393.479675293,405.2957763672,418.0307312012,414.9859008789,402.8662719727,390.5330810547,378.0913696289,366.4034423828,353.6203613281,342.1116943359,329.9287109375],"6":[107.6308288574,117.936706543,128.704788208,138.5151824951,148.3607330322,158.4579467773,168.2934417725,178.4465179443,178.6813964844,168.2770080566,158.5975494385,148.1860961914,137.8560180664,127.4230651855,117.5419540405,107.286026001],"7":[969.5289306641,975.0241088867,979.4465332031,983.400390625,987.2739257812,990.9307250977,994.686340332,999.017578125,999.6655273438,995.6412353516,992.0131835938,988.1270751953,984.2255249023,980.5822753906,976.4750976562,969.9156494141],"8":[899.7071533203,905.2998046875,910.64453125,915.9367675781,921.5953979492,926.9086303711,931.5154418945,935.5081176758,936.0635375977,930.9287109375,926.4511108398,921.8103637695,915.7922363281,910.1187133789,905.291809082,898.6427001953],"9":[801.2039794922,813.6762695312,826.4132080078,839.1763305664,851.6490478516,864.479309082,876.8285522461,890.0806884766,888.1666259766,874.4409790039,861.7822875977,849.3716430664,836.7768554688,823.8589477539,811.8317871094,798.3000488281],"10":[814.3323364258,824.9676513672,835.1117553711,850.2247314453,864.485168457,876.7525634766,892.3727416992,907.2754516602,996.2802734375,978.4490966797,964.2602539062,949.3684082031,934.6190185547,920.1380615234,906.3446655273,893.0030517578]},"polygon_y":{"0":[0.1034609079,0.105695717,0.0568400659,0.0236303508,0.0299413092,0.0596376844,0.1202476472,0.0482722558,39.5788002014,41.2229690552,41.0128479004,40.3771514893,39.9384765625,39.7521743774,40.4216918945,41.8336143494],"1":[488.3125305176,487.4697570801,487.0891113281,487.0416259766,485.9901733398,486.032409668,485.9257507324,486.1791992188,533.9448242188,533.6132202148,533.9483032227,534.1528930664,533.814453125,534.2615966797,534.505065918,534.8908691406],"2":[578.7597045898,577.7526245117,577.7879638672,578.0637817383,578.3494873047,577.6820678711,577.826171875,577.4373168945,632.0032958984,632.8637084961,631.4606323242,630.8675537109,630.6168212891,630.7793579102,631.5729370117,631.5117797852],"3":[331.3873901367,330.8828430176,331.375,331.6542053223,331.5185241699,331.8121032715,332.2036437988,333.3614807129,381.9839172363,383.0564575195,382.3905639648,381.9678955078,381.8121948242,381.6966247559,381.9239501953,381.2299194336],"4":[161.2012939453,159.265045166,158.9883117676,158.9640045166,159.30078125,158.5171508789,159.1398468018,159.6878967285,206.0772705078,207.5396575928,207.1977081299,207.3343505859,207.5844726562,207.9018859863,208.7969970703,208.893737793],"5":[176.0853729248,175.0714416504,174.5961303711,175.0457611084,175.1190338135,174.673614502,174.9528198242,174.8513183594,227.788772583,228.7356719971,227.7012329102,227.6202545166,227.6494140625,227.7904052734,228.2527160645,228.6506652832],"6":[69.2055053711,68.2380447388,67.8036880493,67.8296661377,67.5553512573,66.5207138062,66.1926116943,65.9027099609,109.4340820312,111.083152771,111.2911224365,110.8687515259,110.7931213379,111.1003036499,112.1781921387,112.7939987183],"7":[392.5256652832,392.1591796875,392.2816162109,392.1459960938,391.6317138672,391.3382568359,390.4850769043,389.6114807129,436.0741577148,437.2348632812,437.4512939453,437.6480102539,437.9989624023,438.2192382812,439.0233154297,440.291595459],"8":[80.2395629883,80.1951141357,80.5273895264,80.2506942749,79.8452682495,79.5115356445,79.2641525269,79.3442993164,125.1156005859,125.6466522217,125.4739990234,125.296333313,125.498588562,126.0311889648,126.6169815063,126.8585586548],"9":[421.2684936523,420.4458007812,420.8455200195,420.8308410645,420.7439880371,421.019317627,420.9892272949,421.5057983398,471.3914794922,471.1546020508,471.4733581543,471.3142700195,471.1943054199,471.0228271484,471.3167114258,471.5727539062],"10":[722.3643798828,704.1138916016,688.7768554688,674.8210449219,658.5968017578,646.0723876953,628.3836669922,616.3060913086,657.1986083984,682.1661987305,698.516784668,713.7700805664,728.9935913086,741.9791259766,755.6690063477,773.0725708008]},"text":{"0":"30","1":"2195","2":"35","3":"29","4":"30","5":"35","6":"10","7":"2","8":"3","9":"Nt.","10":"W"},"score":{"0":0.7575518489,"1":0.9906417727,"2":0.9744091034,"3":0.9736462235,"4":0.9660438299,"5":0.9728667736,"6":0.9436312318,"7":0.8090238571,"8":0.957896471,"9":0.9901323318,"10":0.9852589369}}