{"polygon_x":{"0":[355.3408508301,374.5386352539,394.5516357422,414.3661804199,434.0614013672,454.2274475098,474.1309814453,493.5007019043,493.0593566895,472.3016357422,452.2776794434,432.23046875,412.3608093262,391.7770996094,372.0868225098,352.7795410156],"1":[754.4165039062,763.7421264648,773.3643798828,782.6287231445,791.6639404297,801.1407470703,809.6813964844,818.6810913086,817.8332519531,809.2864379883,800.76171875,790.9724121094,781.5032348633,771.6281738281,762.5827026367,753.1063842773],"2":[62.509803772,72.5238876343,81.5326690674,90.5484771729,99.6845626831,108.679901123,117.4951553345,127.0369873047,125.9264450073,116.4780502319,107.0983810425,97.5902557373,88.1260681152,79.312828064,70.3703918457,60.5481414795],"3":[512.4889526367,527.057434082,541.2932739258,555.4089355469,569.1633911133,583.5700683594,597.1842651367,611.0990600586,609.3548583984,595.0480957031,581.1868896484,567.3829345703,553.5015869141,538.920715332,525.0248413086,510.8131103516],"4":[793.1040039062,819.0371704102,847.1237792969,875.1260375977,901.9133300781,928.9861450195,956.6467895508,984.5671386719,981.785949707,953.8809204102,927.0218505859,899.2479248047,872.3605957031,844.3218383789,817.137512207,790.3073120117],"5":[550.1567382812,559.2073974609,566.6823730469,574.8774414062,583.2435302734,592.0405883789,601.0042724609,609.11328125,604.3529052734,597.1546630859,588.3928222656,580.2966918945,572.7062988281,564.1003417969,555.6116943359,546.2331542969],"6":[611.5439453125,647.6666259766,683.1715087891,718.5645141602,753.3626708984,788.3966674805,823.9272460938,860.8629150391,858.5676269531,822.2669067383,787.4572143555,751.6467895508,716.3123779297,680.5157470703,645.3176879883,609.5860595703],"7":[534.0786743164,543.3953857422,551.6100463867,560.5415649414,569.1730957031,578.3469848633,586.5969848633,596.3989868164,592.2302856445,583.4459228516,574.0701904297,565.6284179688,557.8360595703,549.8717651367,541.6853027344,531.0242919922],"8":[364.4786071777,376.0400695801,386.1493225098,395.6749267578,405.5902404785,415.9880371094,426.5975341797,438.2758178711,438.0289306641,427.8187255859,416.1126708984,404.3110961914,393.3259277344,382.4259033203,372.338684082,361.0264282227],"9":[715.2495727539,721.3041992188,729.3694458008,737.6062011719,747.0340576172,756.3268432617,768.2292480469,778.2283935547,845.0367431641,839.0396728516,831.0806884766,822.3015136719,814.0604248047,802.6899414062,792.9436645508,780.8302001953],"10":[365.8371276855,376.7822875977,384.8156433105,393.1633300781,401.6288452148,410.6471557617,418.7958374023,429.045135498,422.917175293,413.055267334,403.7398681641,395.3919067383,387.107208252,378.3509521484,370.2980041504,361.0697021484],"11":[178.1539764404,188.6544647217,198.4607543945,208.2005462646,217.7114257812,227.8388824463,238.0975646973,248.2128601074,251.871963501,243.3242034912,232.0517120361,221.3293762207,211.1740722656,200.9960174561,190.3955841064,179.7773895264],"12":[970.8508911133,977.7020263672,982.6845703125,986.1242675781,989.7387695312,992.6135253906,995.6166992188,999.6566772461,999.3268432617,994.5080566406,991.4276733398,987.873046875,983.7671508789,980.2247314453,975.7637939453,968.9338378906],"13":[19.2292003632,27.1906547546,36.343006134,46.208782196,55.3148956299,63.8444824219,72.6844863892,82.4963989258,85.5876541138,76.400970459,66.6820602417,56.5169677734,47.3781509399,38.1789741516,28.4586448669,19.1656417847],"14":[146.9120178223,153.5833129883,158.6387634277,164.6560058594,170.4822387695,176.6478271484,181.3580322266,186.1868896484,185.5348358154,182.3266601562,176.3477783203,170.5667114258,165.1185302734,159.7552642822,153.3107757568,145.7675323486],"15":[560.7091064453,585.9032592773,610.0718994141,633.9595336914,657.8430175781,681.4301757812,706.7758789062,729.8863525391,731.1302490234,705.4381103516,681.4068603516,657.0125732422,632.7911987305,608.4435424805,584.5885620117,557.9055175781]},"polygon_y":{"0":[615.3818359375,614.8844604492,614.8150634766,615.2437133789,614.9960327148,615.4528198242,615.6254882812,615.8919677734,669.2830810547,668.7352294922,667.6398925781,667.4346313477,667.3102416992,667.8460693359,667.6232910156,667.1239624023],"1":[164.5700073242,163.7807922363,163.6742248535,163.6431121826,163.5158691406,163.0745239258,163.2331695557,163.2693786621,210.2728118896,210.7287597656,210.7667541504,210.5048980713,210.8585205078,211.2788696289,211.5434875488,210.4024047852],"2":[539.3374023438,537.3711547852,537.4344482422,537.9275512695,537.8140258789,537.1610717773,536.9874267578,536.5354614258,590.4842529297,591.2372436523,590.8927001953,590.3148193359,590.3914794922,590.05078125,590.3426513672,589.7437133789],"3":[720.0014648438,719.8713378906,721.282043457,721.9611816406,722.7698364258,722.9133300781,723.7387084961,724.0444335938,760.2232666016,760.1758422852,759.8454589844,759.993347168,759.8987426758,759.8792114258,760.3643798828,760.2171630859],"4":[200.1689147949,200.8382568359,200.9527435303,201.1247253418,201.4768676758,202.2131652832,202.0594177246,203.0487823486,256.588104248,257.9141845703,257.7090759277,257.2702331543,256.1739807129,256.3927001953,255.7315216064,256.0511169434],"5":[173.0118560791,172.0524291992,172.8697814941,173.2169342041,173.3886871338,173.1824035645,171.3004150391,171.7515869141,229.9870452881,230.0544891357,229.6965179443,229.0168151855,229.0922393799,229.4533081055,229.8396911621,230.5075378418],"6":[722.0037841797,722.3280029297,722.6938476562,723.5897827148,723.9732666016,724.1440429688,723.3954467773,724.2107543945,766.2147216797,766.5784912109,765.6524047852,765.287109375,767.0008544922,766.798034668,765.7265625,764.6059570312],"7":[625.4443969727,625.4086914062,625.112121582,626.1041870117,626.2274780273,625.9045410156,625.3278198242,625.530456543,672.8323974609,673.1822509766,673.045715332,673.1714477539,673.7590332031,674.1612548828,674.3814697266,673.2329711914],"8":[34.0729560852,33.3825683594,33.1939849854,33.6511077881,34.2857627869,34.0327911377,34.0960388184,34.6581497192,83.3503875732,84.5052032471,84.3913116455,83.7914962769,83.4111938477,82.8374633789,82.6642990112,81.4882354736],"9":[657.423034668,653.8184204102,643.7326049805,635.4702758789,629.3704833984,622.3696899414,614.5865478516,608.1417236328,678.3220825195,688.9780273438,691.7213134766,697.2242431641,702.2911376953,708.0266113281,713.4436645508,718.5067749023],"10":[511.2039794922,510.2347412109,511.2880249023,511.8367919922,511.535949707,511.5972290039,512.4516601562,512.9532470703,562.9322509766,563.4990844727,562.9091796875,562.9097290039,562.6321411133,562.6410522461,561.8897094727,559.6540527344],"11":[657.7157592773,656.6083984375,655.7004394531,655.248046875,654.8363647461,653.9531860352,653.0156860352,651.5888671875,706.0104370117,706.74609375,708.2653808594,708.6510620117,709.927734375,710.9018554688,713.1116943359,714.1364135742],"12":[463.3010559082,461.9256591797,462.1373291016,462.2205200195,461.6846008301,461.7080993652,461.2922973633,461.9730224609,512.0543212891,512.8474731445,512.6287841797,512.1097412109,511.6804199219,511.7362060547,511.9879760742,511.6412963867],"13":[240.5720672607,239.1204986572,238.8953552246,238.5766296387,238.7733764648,238.5230102539,238.5978393555,237.9430999756,289.0231628418,290.1383972168,291.384552002,290.7694091797,291.7539978027,292.9199523926,293.3246459961,293.0749816895],"14":[26.1495246887,25.8117198944,26.5088577271,26.922170639,26.8612289429,26.5854988098,26.6566257477,27.0381641388,78.5056991577,79.2259368896,78.5451965332,78.2532424927,78.6077194214,78.7414398193,78.3743057251,78.500213623],"15":[768.8919067383,768.4481811523,769.2392578125,768.0156860352,767.848449707,767.8270263672,767.5958251953,767.2897338867,810.0311889648,810.6260986328,810.6870117188,810.2627563477,810.2878417969,810.8061523438,811.5142822266,811.8444824219]},"text":{"0":"1983","1":"19","2":"13","3":"Jews","4":"N.202z","5":"S","6":"Synagogue","7":"14","8":"19","9":"U","10":"44","11":"14","12":"I.","13":"12","14":"3","15":"(Polish)"},