{"polygon_x":{"0":[32.3800201416,56.2062492371,81.0945587158,105.6831741333,129.7949829102,154.1847076416,178.4233703613,202.6381530762,202.8365325928,178.2839355469,153.7529144287,129.0895690918,104.459236145,80.1198577881,55.3645324707,31.398065567],"1":[64.5822143555,76.0282669067,87.3538360596,98.154083252,109.3556594849,119.5912475586,130.5030670166,142.9378051758,143.494430542,132.3789367676,120.6973114014,108.914352417,97.6706542969,86.5752029419,75.754989624,62.4126281738],"2":[111.2049560547,122.6263275146,134.8764038086,146.6751403809,158.5235290527,170.0785827637,181.4488983154,194.1045532227,195.4830322266,183.0652770996,171.3365478516,159.3041992188,147.3730316162,135.4883575439,124.0731201172,111.3798446655],"3":[856.8215942383,869.6646118164,883.5135498047,895.6851196289,908.0245361328,919.9193115234,931.725769043,944.3059692383,942.9564208984,930.9107666016,918.7972412109,906.1434936523,893.3583984375,881.2014770508,869.8717651367,855.9633789062],"4":[289.3913574219,298.65625,307.3455505371,316.0055236816,325.6268310547,335.3815307617,343.3792114258,351.1211853027,356.8231506348,348.7462158203,340.145904541,331.0620117188,320.6676025391,311.5772705078,301.6182250977,291.7609558105],"5":[856.4324951172,874.9571533203,894.5787963867,911.4720458984,928.48046875,947.676940918,966.9483642578,988.0096435547,997.8919677734,977.8955688477,959.2670898438,941.0159301758,923.0723876953,905.4222412109,888.6490478516,867.1356201172]},"polygon_y":{"0":[186.9438171387,187.9597625732,187.7868347168,187.6960449219,187.3913879395,187.0391845703,187.0797424316,186.8414001465,222.5802612305,224.4519042969,224.3777160645,224.2961120605,224.59425354,223.694152832,225.5911407471,224.7102508545],"1":[796.9495849609,796.8585205078,795.7348022461,794.6096191406,793.2457275391,792.2189331055,791.4151611328,790.80859375,837.6168823242,837.7185668945,837.9924926758,838.6856079102,839.4581298828,840.5221557617,841.6400146484,841.776184082],"2":[123.6683197021,123.1388702393,122.5580215454,122.6342926025,122.3106002808,121.712348938,122.2642211914,121.0768432617,172.6308898926,173.6238708496,174.0619659424,174.545715332,174.8267974854,175.3483581543,175.6466827393,176.041885376],"3":[293.6398925781,293.504699707,293.0112915039,292.3584899902,292.0447387695,291.4761047363,291.3903503418,291.9343261719,343.4904174805,343.8402709961,344.1539001465,344.7686157227,345.2145080566,345.6869506836,346.9240112305,348.0910644531],"4":[537.4118041992,535.2165527344,533.8796386719,532.4426269531,530.7823486328,528.4620361328,527.8779296875,526.8911743164,572.6528930664,573.6478271484,575.0093383789,575.8565063477,576.8717041016,578.4489746094,580.6672363281,583.4005126953],"5":[553.1072387695,553.1267700195,552.4701538086,551.897277832,550.2315673828,550.2507324219,549.6538085938,548.6859130859,687.7214355469,688.5352783203,689.2357788086,688.8660888672,690.1397094727,690.9869995117,691.6145019531,694.0494384766]},"text":{"0":"Hospital","1":"C","2":"22","3":"Q","4":"a","5":"Q"},"score":{"0":0.9883496761,"1":0.9763285518,"2":0.9242964983,"3":0.9876248837,"4":0.9325438738,"5":0.9810099006}}