{"polygon_x":{"0":[377.7611999512,394.2001037598,412.0205383301,429.6051330566,447.6233520508,465.7266845703,483.8504333496,500.1101989746,499.6952514648,482.2088623047,464.6722717285,447.0404052734,429.6099243164,411.2922973633,394.4602661133,376.1107177734],"1":[672.0672607422,689.7189941406,708.2902832031,726.7877807617,745.5330810547,764.09375,783.0892944336,799.9322509766,799.9169311523,780.965637207,762.8991088867,744.5482177734,726.4711914062,707.7398681641,689.6509399414,671.142578125],"2":[95.042175293,110.7735900879,126.7869644165,143.2592468262,158.8550720215,174.8028259277,191.0766601562,206.082824707,206.2030792236,189.6119995117,173.8188934326,158.3450927734,142.0799865723,125.6739349365,110.4309768677,94.0012817383],"3":[915.3356933594,926.2183837891,937.5405883789,949.0240478516,960.5086669922,972.0032348633,983.4951782227,994.299987793,993.904296875,982.3922729492,970.9349365234,959.4149780273,948.4020385742,937.1579589844,925.8690795898,914.765625],"4":[105.4354400635,122.36743927,139.9444732666,156.8084869385,173.8449401855,190.9154663086,207.952911377,224.3015441895,223.7691040039,206.397277832,189.9105072021,172.8807373047,155.8595275879,138.4687194824,122.2430267334,104.3959732056],"5":[950.866027832,955.846496582,961.5322265625,966.9823608398,972.6895751953,978.2897949219,983.6791992188,988.981628418,988.7267456055,984.2924804688,979.1791992188,972.731628418,967.3508300781,962.1275634766,956.9305419922,950.8598632812],"6":[185.7769012451,192.1867980957,199.4308624268,206.3955078125,213.0687561035,220.4617462158,227.0645446777,233.6159362793,234.4025268555,228.1369781494,221.3539886475,213.4182128906,206.3306427002,198.7486572266,191.9804992676,184.6279296875],"7":[781.1740722656,800.7562866211,818.7274780273,835.5842285156,854.4709472656,871.8692626953,888.1440429688,903.2249755859,904.6960449219,887.7770385742,871.0468139648,853.8983154297,835.6115112305,819.4107666016,802.5539550781,783.4224853516],"8":[581.6358032227,609.814453125,635.1942138672,661.8801269531,688.7152099609,713.6035766602,738.0565795898,761.6666259766,763.4499511719,738.0579223633,711.6470336914,687.4396362305,660.3306884766,633.630859375,606.7353515625,582.3545532227],"9":[823.3978881836,828.7913818359,834.3824462891,839.8983764648,844.885925293,850.4053955078,855.4152832031,861.2304077148,862.8034667969,857.2247314453,852.0568847656,846.544128418,842.0758056641,836.7943115234,832.0980834961,824.875],"10":[0.0902512074,4.9461503029,9.6030788422,14.4319725037,19.0112228394,24.1242485046,29.3253479004,35.7253341675,39.8490562439,34.7116241455,30.098651886,24.7705936432,20.1047363281,15.0632801056,9.1070680618,1.5607533455]},"polygon_y":{"0":[677.1759033203,676.6868896484,676.6005859375,676.0029296875,676.0228271484,675.8996582031,675.6274414062,675.6812133789,721.640625,722.2026977539,722.6275024414,722.2039794922,721.8981933594,722.3878173828,722.7478637695,722.7880859375],"1":[680.8227539062,680.0997314453,679.9310913086,679.461730957,679.2962036133,679.2772827148,679.3668212891,680.1585693359,727.2077636719,727.9401245117,728.6233520508,728.5250244141,728.5173950195,729.4825439453,729.7130737305,729.4400634766],"2":[755.3827514648,754.4587402344,753.7286376953,753.4216308594,752.4532470703,751.7369384766,751.1517333984,751.5719604492,794.3991088867,794.7299194336,796.383972168,796.2069091797,795.734375,796.1109008789,797.1378173828,797.0907592773],"3":[389.0348815918,387.9374694824,388.2033081055,387.8676757812,387.6810913086,387.9916992188,387.9821777344,388.045715332,431.6253662109,431.4539794922,431.6627502441,431.6406555176,431.7257080078,431.9012756348,432.0385131836,432.210144043],"4":[670.2059936523,669.2266845703,668.8576660156,668.9273071289,668.8038330078,668.8869628906,668.9310302734,669.5345458984,719.7516479492,720.2084960938,721.1923217773,721.470703125,720.9814453125,721.3042602539,722.2535400391,722.673034668],"5":[763.3843994141,763.7310791016,763.9086914062,763.6065673828,763.2272949219,762.7497558594,762.1322631836,762.0700683594,807.9297485352,807.9895019531,808.0238037109,808.2455444336,808.7349853516,809.143737793,809.7728881836,809.6110839844],"6":[522.8416748047,522.5378417969,522.1849975586,521.5357666016,520.5051269531,519.3487548828,518.2916870117,517.7012329102,569.2297973633,568.9602661133,569.8324584961,570.8273925781,571.921875,573.3037109375,574.4279785156,574.1389770508],"7":[386.1029052734,386.3812255859,386.4733886719,386.2041931152,386.2573242188,385.6052856445,385.8097839355,386.4071044922,430.7302246094,431.683380127,432.3963928223,432.7189331055,433.0673522949,433.9328613281,435.1550598145,434.7423706055],"8":[370.0715942383,370.2402954102,370.0333251953,370.645904541,370.846496582,371.563659668,370.3534240723,370.3825073242,433.9492797852,435.6106262207,436.788482666,436.6277770996,436.6109008789,436.1483154297,435.8337097168,435.111114502],"9":[342.6808166504,341.8270874023,341.5177612305,341.3995361328,341.179473877,340.8569335938,340.6515197754,341.0789489746,383.535949707,383.4060974121,382.6579589844,382.3416442871,382.7807006836,383.4833374023,383.8672485352,384.0458679199],"10":[530.4635009766,530.3342285156,529.9836425781,529.4649658203,528.7156982422,527.5658569336,526.161315918,525.1937255859,565.7219848633,567.7180175781,568.5892333984,569.7222290039,571.1468505859,573.0909423828,575.1098022461,576.6193237305]},"text":{"0":"400","1":"500","2":"100","3":"or","4":"300","5":"2","6":"5","7":"2500","8":"Scale","9":"1","10":"4"},"score":{"0":0.9879925251,"1":0.9878283739,"2":0.9808136821,"3":0.9855028391,"4":0.9821260571,"5":0.8607282639,"6":0.9704869986,"7":0.5610055327,"8":0.4603948593,"9":0.9505958557,"10":0.9674449563}}