{"polygon_x":{"0":[526.8743286133,552.8630371094,578.0903320312,603.2362670898,628.8444824219,653.9061279297,678.8851928711,703.9510498047,701.978515625,676.1491699219,651.2014770508,625.8088378906,600.1876220703,574.4690551758,549.9932250977,523.7947998047],"1":[468.1674804688,475.4460144043,482.4212646484,489.5521850586,496.643951416,503.9114990234,511.309387207,518.9008789062,515.7473754883,507.8719482422,499.6502380371,492.972442627,485.8343200684,478.5221557617,471.3437194824,463.5784606934],"2":[387.7515258789,398.1551513672,408.1436462402,417.932434082,428.4571838379,438.6082763672,448.220489502,458.6217651367,455.1913146973,444.7190856934,434.262512207,424.4597167969,414.9309997559,404.662109375,394.5970458984,384.2177734375],"3":[0.2316937,10.8297615051,21.6097259521,33.0322189331,44.0181388855,55.8913421631,67.9712600708,80.1126785278,79.8100967407,65.9346923828,53.7599754333,42.5989456177,31.2671470642,20.7036247253,9.7957239151,0.0436928086],"4":[126.6436843872,136.2150268555,146.1828765869,156.2922821045,165.8889923096,175.7874450684,185.0208892822,195.037612915,195.8611450195,185.7699737549,175.7845153809,165.6439056396,155.8158569336,145.6611938477,135.9289245605,125.6914901733],"5":[802.481628418,819.3243408203,836.9106445312,854.5966796875,871.4973144531,888.8815307617,905.9803466797,922.9409179688,922.7233886719,905.2042236328,888.3453369141,871.159362793,854.1782226562,837.0638427734,820.0880126953,802.3082275391]},"polygon_y":{"0":[371.0340576172,369.4904174805,368.7391662598,368.1675415039,368.1522216797,368.7397460938,368.9139099121,371.4980773926,440.6201782227,440.2717285156,440.7422180176,440.5635375977,440.075378418,439.723815918,439.3879394531,438.9436645508],"1":[391.0159606934,390.5990600586,391.2478637695,391.7001342773,391.4556274414,391.1034545898,390.7268676758,390.6098937988,436.9989624023,436.6297912598,436.5896911621,436.3375549316,436.3420410156,436.4145202637,436.6749572754,436.857421875],"2":[377.5166625977,377.7883605957,377.2663574219,377.2816772461,377.9302978516,378.8827819824,379.8490905762,380.5185241699,438.5469360352,439.5702514648,440.0764465332,439.9986572266,439.4649047852,439.0371704102,439.595916748,439.6258239746],"3":[764.6594238281,764.0949707031,763.7620849609,764.1763305664,764.7368774414,765.2084960938,764.9201660156,764.9036254883,807.7729492188,808.9013671875,807.5562133789,807.2379150391,807.3116455078,807.2664794922,807.2899169922,807.0225830078],"4":[515.1370849609,514.0180053711,514.1420898438,514.0795898438,513.5164794922,512.8551025391,512.4204101562,512.3367919922,560.9360351562,562.8382568359,562.2692871094,562.1875,562.5274047852,562.525390625,563.5197753906,564.6192016602],"5":[760.9551391602,760.2188110352,759.9448242188,759.6837768555,759.123046875,758.5606689453,758.1195068359,758.7340087891,800.974609375,801.1382446289,802.4425048828,802.3192138672,802.2025146484,802.5173339844,803.4955444336,803.6624755859]},"text":{"0":"Mile.","1":"a","2":"to","3":"00","4":"10","5":"300"},"score":{"0":0.9909281135,"1":0.9898742437,"2":0.9866472483,"3":0.9673013091,"4":0.9770753384,"5":0.9823814034}}