{"polygon_x":{"0":[9.2595443726,40.1370277405,71.6021652222,103.9237136841,135.6118774414,167.5718536377,199.4729614258,231.8975830078,232.9353942871,201.1447296143,169.1792602539,136.7217712402,105.1748046875,72.3484115601,40.6058731079,7.4835309982],"1":[470.1005249023,493.5924682617,515.9155273438,538.3156738281,560.2115478516,581.4329833984,603.4916992188,624.8608398438,625.5484619141,601.2721557617,578.8242797852,557.0880737305,534.6642456055,512.3383789062,490.8104248047,467.6462402344],"2":[637.7796020508,692.1489257812,744.5333862305,797.3204345703,850.6036376953,904.2886962891,954.7620239258,999.9781494141,999.9677124023,953.0855712891,901.6328125,849.2100830078,795.193359375,741.9076538086,688.831237793,634.6606445312],"3":[732.8735351562,768.5238037109,800.4430541992,835.5874633789,869.6849365234,905.5396728516,942.282043457,981.8115844727,980.1335449219,939.455078125,903.8282470703,869.4744873047,834.400390625,798.8503417969,765.5200805664,735.1659545898],"4":[0.2684787214,73.0145492554,136.2304382324,201.9394836426,269.6104125977,337.7452087402,402.2552490234,464.8641967773,465.0653076172,398.1731567383,332.1385192871,265.0039978027,197.3492431641,132.9799499512,66.5438919067,0.1850786805],"5":[16.8970966339,88.9400177002,152.5269012451,224.0043334961,296.3017883301,365.241394043,447.8144836426,537.8713378906,487.6270141602,406.2913208008,354.229309082,293.9330749512,227.6591796875,156.5473327637,89.9790344238,15.7092456818]},"polygon_y":{"0":[563.8867797852,562.2665405273,561.6823730469,561.7852172852,561.4114379883,561.3786621094,560.9614868164,561.6564331055,647.9538574219,647.6070556641,646.9605102539,646.85546875,646.1737060547,647.7264404297,647.6965332031,647.7975463867],"1":[197.5063781738,195.0538787842,193.2275543213,192.0868835449,192.0718231201,192.6925964355,192.8978881836,195.7654724121,279.2127685547,282.9934082031,282.744934082,282.7245483398,282.8453369141,282.0337524414,281.8725280762,281.4218139648],"2":[213.6415100098,209.6574249268,206.595703125,206.0444793701,205.6705627441,204.178024292,205.3004150391,206.5098571777,282.0530395508,283.4078369141,288.1997375488,286.4623413086,286.3649291992,287.4575195312,285.917175293,288.895690918],"3":[387.3848876953,386.7987365723,385.7761230469,387.3101196289,389.3961181641,390.8660888672,393.0439453125,396.6849975586,486.2741088867,486.7665100098,488.1717224121,488.2156677246,488.3807373047,487.8854980469,487.5198669434,484.1438598633],"4":[202.9089050293,203.0768127441,199.3714294434,199.6444396973,202.2507019043,200.5332946777,199.2016448975,200.5797729492,280.1771240234,281.5108642578,281.6621398926,281.2419433594,282.002532959,281.8229980469,280.8155517578,278.7383728027],"5":[384.3384399414,382.7918701172,382.0812683105,382.6748657227,383.0517578125,384.4353027344,385.5741577148,383.5880126953,478.9224853516,481.8618774414,484.0934753418,484.8212890625,486.2265625,485.7428283691,483.532409668,487.1007995605]},"text":{"0":"1867.","1":"the","2":"superiiu","3":"Dire","4":"tonunder","5":"RE;F"},"score":{"0":0.9883548021,"1":0.9887651205,"2":0.9724493623,"3":0.6288098097,"4":0.6087788939,"5":0.5436118245}}