{"polygon_x":{"0":[405.0383300781,420.5046386719,436.6827697754,451.8798217773,467.8903808594,484.9703674316,501.0008239746,517.0712890625,511.6900634766,496.8450317383,480.7685852051,464.9564208984,449.2196655273,433.1850891113,418.772644043,402.9810180664],"1":[16.8819103241,41.0157623291,68.3594589233,94.2747650146,120.0003814697,145.4728393555,171.2967834473,195.6451263428,194.3658447266,169.7104644775,144.4762573242,118.5374908447,92.7741394043,66.8435897827,40.6966743469,16.2948093414],"2":[526.3218994141,563.9740600586,600.9442138672,636.9312744141,672.6652832031,709.5909423828,746.1478271484,780.4383544922,776.3516235352,736.3123779297,701.4372558594,665.8405151367,630.459777832,594.8123168945,558.5420532227,521.717590332],"3":[805.5752563477,837.9593505859,866.9910888672,895.3889160156,923.055480957,951.0824584961,978.1932983398,999.9725952148,999.8260498047,972.6007080078,944.71484375,916.5490112305,887.3299560547,858.4071044922,829.2087402344,798.2150268555],"4":[0.5390273333,56.8285560608,111.0837936401,167.0411071777,223.244644165,278.9165649414,334.5015258789,389.2809753418,387.474029541,333.3864135742,276.7917785645,220.6275634766,163.718963623,108.5394134521,53.8140869141,0.1900072545]},"polygon_y":{"0":[212.8791809082,210.4859008789,206.2706604004,204.2530670166,203.6287689209,201.6938476562,199.0450286865,199.0960998535,279.3585510254,280.679901123,280.8227539062,281.0711364746,281.5307006836,281.6224060059,282.0018005371,281.4159851074],"1":[398.4362487793,398.8521728516,401.6112670898,402.4361877441,403.387512207,404.3298950195,407.3623657227,409.7523498535,488.262512207,488.3438415527,488.4385375977,487.6665649414,487.3541870117,486.9721069336,487.9397583008,487.3034973145],"2":[196.2609710693,197.3698272705,200.3944549561,200.4883117676,198.9177703857,198.7716369629,197.1521606445,197.9840087891,277.2907104492,285.5227966309,285.2066345215,285.1870422363,285.4638366699,286.2998657227,286.1538085938,281.8917541504],"3":[190.9585266113,191.9869384766,195.169921875,197.2311706543,199.4811401367,201.545135498,205.0644073486,206.5950317383,277.9983215332,279.2664489746,279.7573242188,279.6410522461,279.7668762207,279.4996337891,280.0511474609,279.4052734375],"4":[204.4223022461,201.719909668,200.8879852295,200.5264587402,201.0008544922,200.1488037109,201.962600708,206.1250305176,281.0791931152,282.2464599609,282.9737243652,282.750213623,282.9194335938,282.5680847168,282.3905639648,280.0948791504]},"text":{"0":"of","1":"tor","2":"Capt","3":"Pars","4":"endence"},"score":{"0":0.9879285693,"1":0.9832013249,"2":0.9871842265,"3":0.9903962612,"4":0.9750337005}}