{"polygon_x":{"0":[5.1940722466,29.8982257843,53.5330238342,76.9706268311,99.734161377,123.314239502,146.7323913574,166.5011444092,164.885925293,142.423034668,119.4120941162,96.3868408203,73.292640686,50.3137016296,27.2990760803,2.2262330055],"1":[177.1166687012,266.4242248535,345.5846557617,428.4189453125,510.9443664551,592.592590332,680.6033935547,763.5079956055,755.9924926758,668.9264526367,588.6099853516,503.8159484863,419.6696777344,337.0755310059,253.8456573486,170.2736816406]},"polygon_y":{"0":[217.0059967041,215.214050293,214.350189209,214.4847869873,214.0798339844,213.7256011963,213.7006378174,215.2667999268,277.0357971191,277.5558166504,277.0266113281,277.0741271973,277.2196044922,277.556427002,277.8508911133,278.3285827637],"1":[190.1721954346,187.697052002,186.7821044922,186.6242980957,185.4331054688,185.894317627,186.7475891113,189.4363708496,278.1202087402,276.4593811035,278.6242980957,278.3704833984,277.1926879883,275.8419799805,278.293182373,278.5684204102]},"text":{"0":"ons","1":"REFRAS."},"score":{"0":0.9879613519,"1":0.762558341}}