{"polygon_x":{"0":[927.2744750977,938.6587524414,950.0872802734,960.7684326172,969.8031616211,979.0687255859,988.7646484375,999.6674804688,999.9437255859,990.4868164062,982.0963134766,972.0340576172,962.564453125,952.3602905273,942.3986816406,930.0475463867],"1":[2.0631155968,33.028213501,60.1445541382,88.8706665039,116.9010314941,150.7305908203,180.8170166016,210.8467712402,202.8990783691,171.7232666016,140.3346099854,111.7460021973,81.8351745605,53.0985641479,24.5564193726,0.1962863058]},"polygon_y":{"0":[340.4612426758,339.7965087891,340.6617736816,341.315612793,340.5300598145,340.2458496094,340.4190368652,342.0332641602,452.3003540039,454.5684204102,455.1817626953,455.3367919922,455.4664611816,455.2915649414,453.723449707,454.9248046875],"1":[638.2397460938,641.0805664062,639.9351806641,638.9244995117,640.7730102539,641.1510620117,642.0106201172,640.8406982422,842.2506103516,843.4057006836,843.6217041016,842.5369873047,842.0993652344,842.5290527344,840.9669189453,838.1952514648]},"text":{"0":"C","1":"M"},"score":{"0":0.9684135318,"1":0.9771971107}}