{"polygon_x":{"0":[897.3944091797,905.3291015625,913.8122558594,922.2248535156,930.7402954102,939.9532470703,946.7667236328,953.4295043945,952.0041503906,943.1564941406,938.3080444336,930.6481323242,922.0587768555,915.0025024414,907.7098999023,899.8177490234]},"polygon_y":{"0":[197.3979492188,197.151763916,197.6963500977,197.7379608154,197.0859069824,196.6898345947,196.5563812256,195.837310791,288.6598815918,291.2021484375,290.8802490234,289.7524414062,289.7479248047,290.4254150391,290.0114746094,289.7484130859]},"text":{"0":"St"},"score":{"0":0.8193507195}}