{"polygon_x":{"0":[426.082611084,471.4024353027,526.463684082,577.7127075195,628.9672851562,677.5250854492,727.0993041992,781.31640625,782.1524047852,731.5868530273,681.4742431641,629.5410766602,577.081237793,524.943359375,472.1351318359,425.8600463867],"1":[4.7063035965,46.3245201111,86.7015914917,126.98046875,167.0003356934,205.1367950439,243.7173309326,285.764831543,286.1774902344,247.0369567871,207.6766967773,166.4709777832,127.599395752,87.3125457764,46.7355003357,3.4560778141],"2":[810.7603759766,840.4465332031,869.4183959961,897.3242797852,924.4774169922,951.1477050781,976.9806518555,999.9677124023,999.8859863281,975.0498046875,948.9184570312,921.3934936523,893.6571044922,866.13671875,838.1920166016,808.4075927734],"3":[483.0443725586,510.8535461426,536.1262207031,560.8925170898,585.2242431641,611.322265625,637.5534667969,662.6148681641,663.2424926758,632.6970825195,608.4870605469,583.5672607422,559.1706542969,534.6489868164,509.5640869141,483.0527038574],"4":[822.5034179688,848.0247802734,871.0704345703,896.9742431641,923.2082519531,949.7524414062,976.3063964844,999.9371948242,999.9411010742,973.0186767578,949.0117797852,924.2818603516,899.5640869141,875.3015136719,848.5383300781,821.2124633789],"5":[719.5347900391,732.2966308594,745.6029663086,758.377746582,771.1025390625,784.1237792969,797.0732421875,809.075378418,809.6733398438,798.2309570312,785.9457397461,772.4078979492,759.408203125,747.10546875,734.8353271484,719.9140625]},"polygon_y":{"0":[423.4777526855,434.186126709,444.8553466797,448.9647827148,454.6940612793,461.4075927734,467.6011657715,466.8484802246,564.8496704102,567.0621948242,568.7626953125,568.5241699219,568.7454223633,568.9606323242,570.2879638672,570.9654541016],"1":[201.014831543,200.9153747559,205.3553161621,207.2969970703,208.8318786621,209.8162536621,212.5361022949,211.2174987793,285.4253845215,285.6868896484,286.1800842285,285.8914489746,285.9286193848,286.5840454102,286.0843811035,285.5559997559],"2":[157.7740783691,159.3372497559,163.5391540527,166.4154663086,169.7503051758,173.9473724365,178.5961914062,180.1917877197,287.4212341309,288.3828430176,285.7985839844,280.9772949219,275.5743713379,271.1577758789,270.6002807617,270.5667114258],"3":[596.3811645508,595.1365966797,594.8125610352,593.7811279297,593.172668457,592.4179077148,593.815612793,593.521484375,707.4180908203,707.7062988281,708.8497924805,708.6798706055,708.2664794922,708.0252075195,708.8709106445,709.2930908203],"4":[592.3778076172,592.5341796875,590.6630249023,592.1251831055,592.4669189453,592.3025512695,593.82421875,593.4574584961,704.8947753906,706.080078125,706.9904785156,705.9938964844,706.1727905273,706.0871582031,706.3878173828,705.0769042969],"5":[596.6652832031,595.3837890625,595.2492675781,594.8500976562,593.3318481445,592.603515625,592.2363891602,592.2098388672,705.2192382812,705.203125,705.8635253906,705.6558227539,705.9613037109,706.6491088867,707.552734375,709.3596191406]},"text":{"0":"Almi","1":"Yieane","2":"Sul","3":"DR","4":"A","5":"S"},"score":{"0":0.6781389117,"1":0.9797542691,"2":0.9893167019,"3":0.9868614078,"4":0.5882354975,"5":0.8428484797}}