{"polygon_x":{"0":[548.9012451172,555.8344726562,564.1153564453,572.9842529297,583.8432617188,593.1472167969,605.0135498047,611.0171508789,684.6181640625,678.5338745117,671.0391845703,661.926940918,651.1628417969,640.9884643555,628.4822998047,619.8602905273],"1":[45.1438674927,53.9077148438,63.421585083,72.5660629272,82.1295776367,91.6141586304,101.0078277588,111.2116851807,109.1182403564,100.3754425049,91.056640625,81.2594451904,71.5565567017,62.5333633423,52.7374649048,44.2372169495],"2":[210.7992858887,220.2456512451,229.5827484131,238.4847717285,247.3785247803,257.3582458496,266.6434326172,275.7882080078,272.7576904297,263.7355957031,254.4077911377,245.3824005127,236.2438812256,227.1049499512,218.3249206543,208.9956054688],"3":[286.8358764648,294.7826843262,304.0757446289,312.9838256836,321.9913330078,331.3822021484,340.0571289062,348.8820800781,347.8688049316,339.2753295898,330.0367431641,320.9556274414,311.8963623047,302.575958252,294.2260437012,285.209777832],"4":[757.2584228516,765.524230957,775.2425537109,783.7932128906,792.3409423828,801.7752685547,810.6454467773,820.0513916016,817.7721557617,808.8225097656,799.7745361328,790.8458862305,782.0964355469,772.8677978516,764.3327636719,755.2135620117],"5":[49.7111740112,58.9162216187,70.4624099731,81.6062927246,92.235244751,103.2278442383,113.88256073,124.0840454102,123.6829299927,113.5655670166,102.3560028076,90.6481628418,79.7475128174,68.9055023193,57.9657707214,47.6822433472],"6":[372.755065918,387.1065063477,400.4758911133,414.6607971191,424.6200561523,434.1102294922,444.8107910156,452.7908630371,388.0637817383,378.6817626953,367.6851196289,357.2225341797,346.7438964844,337.1725158691,327.7362365723,318.3080444336],"7":[728.3844604492,741.1895751953,749.6494140625,760.0726928711,768.3032836914,778.1751708984,786.7760009766,797.6204833984,770.499206543,761.3310546875,749.962890625,738.5682373047,725.139465332,715.3509521484,705.936340332,695.9672851562],"8":[107.4691696167,116.626083374,127.5261230469,137.6091308594,147.0712738037,157.0924987793,166.4378204346,177.63671875,176.4021453857,166.2130737305,156.7793426514,146.1105804443,135.583114624,125.8273391724,115.9668045044,105.9949188232],"9":[241.0880279541,255.4638061523,271.2754821777,288.4114685059,301.7394714355,314.2699890137,328.6134338379,343.4888916016,341.8224487305,329.5764160156,311.0757141113,293.9707641602,278.7704467773,263.0731506348,248.3503875732,233.4081420898],"10":[449.4837036133,463.0386047363,474.3341064453,486.7838745117,502.832611084,516.8104248047,535.5434570312,548.9938354492,590.1683959961,577.1484375,566.4058837891,554.3204345703,541.2780761719,527.0189208984,512.8118286133,501.8869018555]},"polygon_y":{"0":[262.6180419922,254.2081298828,243.7823638916,234.052734375,226.1170043945,217.2268981934,207.398147583,199.2977294922,280.0947265625,289.1366882324,294.1915283203,301.9906921387,308.2762451172,315.6275634766,324.7546386719,332.768371582],"1":[80.4475250244,79.8003234863,79.6790618896,79.8597640991,79.3590621948,78.9128036499,78.6006088257,77.5379638672,128.9388885498,129.4276428223,129.288772583,128.9967651367,129.3321685791,129.9112548828,130.293182373,129.8021392822],"2":[72.111289978,70.8742370605,70.3380737305,70.4052047729,70.658164978,70.4077835083,70.5899810791,70.1677246094,117.7976531982,118.2877502441,117.998046875,117.5243759155,117.6997451782,117.8189468384,118.2028961182,118.2710571289],"3":[722.7254638672,721.8525390625,721.4983520508,721.5731811523,721.6520996094,720.9854736328,720.9353637695,720.1903686523,771.4632568359,771.9521484375,771.643371582,771.1664428711,771.1157226562,771.3161621094,771.8000488281,771.4416503906],"4":[23.8548126221,22.7429122925,21.6681213379,21.9227104187,21.8250350952,21.1203117371,21.2032585144,20.0909328461,73.0719604492,73.7095794678,73.8834838867,73.0768661499,73.4191818237,73.6157455444,73.9194946289,74.0588302612],"5":[221.9849243164,222.0758972168,222.1806640625,222.7957305908,222.9135742188,223.0638275146,223.3348236084,223.7341461182,276.0413208008,276.8970947266,275.6653747559,275.3326721191,275.3145446777,275.2362365723,275.1646118164,273.9867553711],"6":[863.6488037109,872.4660644531,882.6651611328,891.8952636719,901.2801513672,910.9783935547,921.0230712891,940.1864013672,997.7917480469,983.1950683594,970.4183959961,960.2576904297,949.9404907227,940.299621582,927.4549560547,916.3255615234],"7":[760.9615478516,762.4535522461,764.6646728516,764.9698486328,763.1613769531,762.6843261719,761.5646362305,760.9815673828,863.1036987305,864.4034423828,864.7833251953,865.9276733398,867.4392089844,868.7615966797,870.2411499023,871.7328491211],"8":[935.1600341797,934.5001220703,934.5722045898,935.0881347656,935.2083740234,934.7297363281,934.8087158203,934.3903198242,987.8287353516,988.641418457,988.7341308594,988.6762695312,989.1979370117,989.6280517578,990.1394042969,989.3417358398],"9":[503.1674499512,505.2973022461,508.5790405273,510.9319763184,513.2842407227,514.7143554688,517.335144043,520.0261230469,621.7310180664,622.1428833008,618.8046875,617.0333251953,615.575378418,613.2451171875,609.2937011719,607.8358764648],"10":[792.9378662109,790.5835571289,781.8541259766,778.8320922852,773.1335449219,767.2935791016,759.4099121094,752.0953369141,850.830078125,858.0776367188,860.7602539062,865.1250610352,870.2576293945,874.1773681641,879.9969482422,887.1336669922]},"text":{"0":"U","1":"12","2":"15","3":"13","4":"15","5":"12","6":"1L","7":"&","8":"12","9":"Q","10":"N"},"score":{"0":0.9725898504,"1":0.9752537608,"2":0.9857655764,"3":0.9817486405,"4":0.9872692823,"5":0.9457871318,"6":0.4701504111,"7":0.9401597977,"8":0.9483308196,"9":0.6501172781,"10":0.5803917646}}