{"polygon_x":{"0":[429.051361084,434.5827636719,443.0383300781,451.0942382812,461.0084838867,468.8172912598,479.7231750488,488.9049987793,544.3980712891,537.869140625,529.9708862305,522.8501586914,515.2652587891,506.4099731445,497.3798828125,487.6329956055],"1":[593.1881103516,606.4525146484,620.7393188477,634.4454956055,648.4252929688,662.5003662109,676.022277832,689.7819824219,689.1387939453,673.8876953125,660.6424560547,646.6754760742,633.1925048828,618.8438720703,605.994934082,591.6477050781],"2":[613.1304321289,624.6253662109,633.3612670898,642.1455078125,650.837097168,660.3831787109,670.5770263672,679.5543823242,678.9443359375,669.5242919922,659.7972412109,650.1202392578,640.5889892578,631.3685302734,621.8366088867,610.6370239258],"3":[397.9732666016,410.9150695801,424.2431640625,437.133972168,451.0301208496,465.0888671875,478.1891174316,491.2276000977,491.4422607422,477.7395629883,464.6274108887,450.7203979492,437.4055786133,423.6590270996,411.0449523926,396.9248962402],"4":[60.6081733704,62.0088806152,66.3185272217,71.2371826172,76.5639343262,82.315864563,87.1421661377,95.198890686,174.1567077637,171.064163208,166.4306945801,162.0040130615,156.9511108398,152.0721130371,143.1899108887,138.1461334229],"5":[3.1747162342,14.7680177689,26.0681610107,37.7601776123,49.5111427307,61.0279998779,73.1838150024,85.3694992065,84.897605896,73.6133956909,61.3171195984,49.6116447449,37.264541626,25.4293708801,13.7285614014,2.7512016296],"6":[717.8024291992,731.7251586914,744.7165527344,758.348449707,771.6449584961,784.1201782227,797.331237793,811.9682617188,811.1993408203,797.0877075195,784.464050293,771.7962646484,759.4229736328,746.2932739258,733.1334838867,719.5769042969],"7":[676.7772827148,682.8129882812,689.3779907227,695.0848388672,701.1446533203,707.5845336914,713.8375854492,720.559753418,720.647644043,714.2825927734,708.0535888672,701.4179077148,694.7225341797,688.3508300781,681.891784668,674.422668457],"8":[939.7810058594,946.6177978516,952.6079711914,957.5745239258,964.0626220703,970.3716430664,976.4397583008,982.609375,955.8062133789,950.0149536133,943.4192504883,938.2952270508,932.3372802734,927.2171020508,921.8936767578,915.8206787109],"9":[754.167175293,768.0548706055,780.5980834961,792.9890136719,805.4354248047,817.8441772461,830.3168334961,842.0952148438,841.8648681641,828.6670532227,816.5766601562,804.0155639648,791.904296875,778.9237060547,766.8265380859,753.7308349609],"10":[232.1962890625,234.3406829834,238.5983886719,241.8661804199,247.3609619141,255.4799804688,266.2546081543,272.1862182617,344.8945922852,337.9017944336,333.2922973633,328.1408081055,322.6082763672,317.3271484375,308.0227050781,306.0960693359],"11":[602.0624389648,622.8065185547,642.8229370117,665.9261474609,690.0528564453,715.4621582031,731.3760375977,751.5134277344,739.7689819336,712.2368164062,688.8041992188,667.3111572266,644.6856079102,623.5264892578,606.9350585938,587.4596557617]},"polygon_y":{"0":[289.8735351562,281.236907959,271.0344543457,264.8623352051,258.0721130371,250.6858673096,243.9952697754,236.5817108154,300.8037109375,311.0744628906,318.7034912109,325.7950134277,331.748626709,338.9057617188,346.9870300293,354.9932250977],"1":[413.1264038086,412.8051452637,412.1056518555,411.1797485352,411.048248291,410.8530273438,410.608581543,411.7232666016,477.9194946289,479.0802001953,478.5075683594,478.7562561035,479.377746582,479.2640380859,479.0953369141,478.862121582],"2":[1.9681744576,1.4926900864,1.4656291008,1.192732811,1.0339775085,0.9664654732,0.9899772406,0.4995698035,42.4124603271,42.1470832825,42.4005279541,42.4866790771,42.3139038086,42.4792022705,43.0301208496,43.8473052979],"3":[373.0126342773,371.7068786621,370.9633178711,369.9877624512,369.7735595703,368.8530883789,368.3438415527,368.7029418945,431.8749694824,433.0680847168,432.8720703125,432.6146850586,433.4364624023,434.0769042969,434.6766662598,433.5186157227],"4":[714.9508666992,702.9421386719,693.5238647461,682.6828613281,672.6306152344,662.9727783203,655.2900390625,647.3861694336,694.1530761719,705.1317138672,710.9044799805,715.5981445312,722.0419921875,727.9932250977,735.9664306641,743.760925293],"5":[771.0706787109,769.2482910156,768.4399414062,768.1403808594,767.76953125,766.8895263672,765.734375,765.2272949219,813.2911376953,813.5210571289,813.3037109375,813.5372314453,814.0068359375,814.4143676758,814.9216308594,814.4488525391],"6":[474.022857666,472.9126586914,471.6452026367,470.1577148438,469.0360107422,468.4683532715,467.9986877441,468.0194091797,515.2438964844,515.5916748047,515.6091918945,516.6058959961,517.5517578125,518.1077880859,519.2691650391,520.4705200195],"7":[808.3209838867,807.2739257812,807.7434692383,807.3357543945,806.8740234375,806.3966064453,805.7953491211,805.2388916016,849.1814575195,848.9287109375,849.1700439453,849.1997070312,849.4469604492,850.1732788086,850.9251708984,852.2703857422],"8":[681.0236816406,683.0236206055,685.7384033203,687.6585693359,689.608215332,691.5838012695,693.4636230469,695.7208862305,742.8427734375,738.8055419922,735.2789306641,732.3424682617,729.8883056641,727.731628418,725.5740356445,722.9974365234],"9":[0.1817593575,0.1742310673,0.0949142575,0.0564622693,0.0631961003,0.1028883085,0.1244805306,0.0490670577,43.912853241,46.5546607971,46.5733566284,46.4265632629,45.7603645325,44.8356399536,45.3854179382,46.7408447266],"10":[502.8981018066,502.0734863281,497.0004272461,490.8189697266,484.8302001953,478.2895507812,471.8765563965,469.0348815918,514.2524414062,525.4598388672,528.8416748047,534.1149291992,541.0940551758,546.0837402344,550.5666503906,554.3879394531],"11":[511.2624511719,512.4299926758,510.6932067871,515.1058959961,518.6154785156,522.2622680664,525.606628418,522.8175048828,744.4390869141,741.1420288086,736.1343383789,734.3524780273,732.4652709961,728.9677734375,727.2873535156,726.7261962891]},"text":{"0":"R","1":"bb","2":"W","3":"bb","4":"T","5":"1n","6":"aa","7":"W","8":"W","9":"20","10":"E","11":"I"},"score":{"0":0.9897369742,"1":0.9868867993,"2":0.9834692478,"3":0.9840508103,"4":0.9498977661,"5":0.8613857031,"6":0.985054493,"7":0.9724938273,"8":0.9548722506,"9":0.8661833405,"10":0.6544759274,"11":0.7614401579}}