{"polygon_x":{"0":[858.2082519531,873.6053466797,887.1995849609,901.9741821289,915.7556152344,930.5498046875,944.9911499023,958.2924804688,942.2814941406,926.7814941406,912.9865112305,900.1862182617,886.2762451172,873.6732177734,859.6639404297,845.3137207031]},"polygon_y":{"0":[884.9656982422,884.6423339844,884.8035888672,884.641418457,884.5556640625,885.0043945312,885.1828613281,884.4341430664,979.5135498047,979.7315673828,979.1610717773,979.2459106445,979.4106445312,979.6353759766,980.5357666016,980.4999389648]},"text":{"0":"K"},"score":{"0":0.9858760238}}