{"polygon_x":{"0":[239.8922424316,264.5383300781,289.8113708496,314.3920593262,339.0206298828,363.3868713379,387.3764343262,412.6681518555,413.3175964355,388.1036071777,363.8311157227,338.7981567383,314.5187072754,290.4228515625,265.2593383789,239.845703125],"1":[419.265625,429.0895385742,438.411895752,447.9967651367,457.6336364746,467.457244873,476.6033630371,486.114440918,487.1342163086,478.876373291,468.6495666504,459.1828613281,449.7347717285,440.3980102539,430.9349975586,421.0285949707],"2":[526.8392333984,540.3944702148,555.3037719727,569.690246582,584.0415039062,598.2755126953,611.9239501953,626.4357910156,627.356628418,612.1806640625,597.99609375,583.744140625,569.4832763672,555.060546875,541.740234375,526.861328125],"3":[411.6339416504,465.6502990723,522.7852783203,579.9165039062,636.7151489258,694.0350952148,749.7040405273,810.197265625,810.3747558594,753.3657836914,697.8966064453,640.6572265625,583.4828491211,526.9102783203,469.6457519531,411.0474853516],"4":[494.633026123,509.5505065918,523.9886474609,538.2300415039,551.9523925781,565.4497680664,579.1840209961,593.1348266602,594.7171630859,580.3893432617,566.7934570312,552.9419555664,539.0653076172,524.650390625,510.8300476074,495.5205688477],"5":[914.3795166016,921.9395751953,927.8350219727,933.4669189453,939.1530761719,945.8715820312,952.8940429688,960.234375,971.203918457,963.1522216797,956.8493652344,949.2523193359,942.7805175781,936.4576416016,930.1214599609,921.9903564453],"6":[1.3724308014,7.95952034,13.1488018036,18.8785190582,24.4382858276,30.9771766663,38.6386032104,48.2182350159,47.6773529053,37.9535675049,30.9573364258,24.0286540985,17.497751236,11.8985958099,6.1297874451,0.3811389208],"7":[195.3732299805,205.7227172852,216.0487365723,225.2537536621,234.4821166992,243.6395111084,252.209564209,262.7215881348,259.9730529785,249.2435302734,240.0313110352,229.5582580566,220.0272827148,211.0469970703,201.6850585938,191.3295135498]},"polygon_y":{"0":[123.9551696777,123.3798599243,124.0253143311,124.3920822144,125.4476165771,126.6436843872,126.3676147461,128.2528991699,210.9251098633,207.7613525391,206.6065826416,205.0415039062,204.9522094727,202.1971130371,198.6676330566,199.9695587158],"1":[58.9596138,56.0160217285,53.8851356506,53.5715789795,53.3211326599,52.384929657,50.2652359009,50.0600242615,108.0079040527,108.6504440308,109.2917022705,109.1731872559,109.724105835,110.2186126709,110.7548141479,110.3092803955],"2":[658.8134155273,657.7536010742,657.6970825195,658.0545654297,657.6563720703,657.5648193359,658.6699829102,658.6095581055,710.5612182617,710.8924560547,710.8501586914,711.1166381836,711.4142456055,712.1196289062,711.6596069336,711.1585693359],"3":[118.2822570801,117.5663146973,115.8125228882,114.6809387207,114.4234466553,113.2465362549,111.3355407715,114.1104507446,190.9472351074,191.0109863281,194.0303192139,197.1986541748,197.994720459,200.6000061035,199.7820129395,197.4236297607],"4":[52.9448776245,51.4824676514,50.2535057068,50.2639045715,50.1444625854,50.1999893188,50.1598129272,51.9718856812,104.1672439575,106.0611572266,106.6662750244,107.0914077759,107.1606140137,107.161895752,107.1922683716,106.6998214722],"5":[599.7321777344,600.1528320312,600.2879638672,600.596862793,599.8828735352,598.9912719727,598.2617797852,597.0456542969,658.7955322266,657.783203125,658.0347900391,657.6030273438,658.6221313477,659.6295776367,660.7210693359,662.4351806641],"6":[676.2341918945,675.7713623047,676.2338867188,676.4984130859,676.0571289062,675.6861572266,675.8198242188,676.1226806641,742.4559326172,743.9067993164,743.33984375,743.3634033203,743.3639526367,743.5944213867,743.7200927734,744.6799316406],"7":[610.7215576172,610.0424804688,610.2693481445,610.4512939453,610.5415649414,610.9637451172,611.7435913086,612.8896484375,661.3577270508,661.169128418,661.4813842773,661.3532714844,661.0213623047,661.4819946289,661.7064208984,661.8692016602]},"text":{"0":"Holy","1":"of","2":"412","3":"Sepulchre","4":"the","5":"7","6":"V","7":"a"},"score":{"0":0.9849020839,"1":0.9855667353,"2":0.9639536142,"3":0.9881806374,"4":0.989338398,"5":0.8689979911,"6":0.9327892065,"7":0.9728916287}}