{"polygon_x":{"0":[397.4014587402,403.8008117676,409.4811401367,415.0930786133,420.5497436523,426.4775390625,432.6669616699,438.0975646973,434.290802002,428.4249267578,421.2447509766,415.5889587402,409.9038391113,404.2492370605,398.3182373047,391.6912841797],"1":[0.1079729274,10.5148229599,22.6150302887,34.8239212036,45.5746421814,59.282169342,71.9624176025,85.1136627197,85.4491729736,71.9621963501,59.5864830017,45.7098350525,33.188167572,22.0462265015,11.3413791656,0.1380076557],"2":[397.7776489258,403.4512634277,409.002746582,415.3524475098,421.6746520996,428.3795166016,435.2389831543,440.9307250977,441.4434204102,436.4870910645,429.6656494141,423.2754516602,416.0786743164,408.6301879883,401.5089416504,394.8233032227],"3":[624.443359375,638.8602905273,651.5610351562,666.94140625,679.9307861328,693.6862182617,706.560546875,717.4776611328,727.5721435547,717.7487182617,704.8087158203,689.2900390625,676.1486206055,662.4423217773,648.1186523438,630.2263183594]},"polygon_y":{"0":[620.3233642578,620.1605224609,620.6807861328,621.1890258789,621.4799194336,621.8519287109,622.3252563477,622.8089599609,666.7629394531,666.6824951172,666.4220581055,665.9673461914,665.8419189453,665.9692993164,665.6802978516,665.0676879883],"1":[50.9474372864,49.3770446777,49.8044204712,50.5570297241,49.7913131714,48.7829246521,48.4007644653,49.6338577271,169.2277832031,171.1381225586,171.6993103027,171.866973877,171.8372802734,173.3950653076,174.1429443359,173.6196289062],"2":[753.2317504883,752.271484375,751.8012695312,751.9505615234,751.4150390625,750.7778320312,750.0516357422,749.4208374023,796.1097412109,796.2202148438,796.3946533203,796.434387207,796.7521972656,797.0617675781,797.3467407227,797.244140625],"3":[603.1528320312,605.1258544922,604.3934326172,604.5764770508,603.1869506836,601.7651977539,601.2206420898,597.290222168,705.6361083984,704.1123046875,701.9467773438,701.4248657227,703.1793212891,704.8937988281,706.008972168,709.0216064453]},"text":{"0":"O","1":"E","2":"O","3":"X"},"score":{"0":0.9233052135,"1":0.8068065643,"2":0.9030143619,"3":0.4667266011}}