{"polygon_x":{"0":[578.1470336914,623.0068969727,666.8122558594,711.2696533203,755.3946533203,799.8636474609,845.4921875,891.6002197266,888.5294189453,843.4537353516,799.6109008789,753.7392578125,708.8477172852,663.4467773438,619.0401611328,573.7770996094],"1":[602.0535888672,609.0582885742,617.5124511719,625.7794799805,633.0809936523,641.6986694336,650.0338134766,657.8284301758,655.2166748047,647.8668212891,640.4162597656,632.5819091797,624.5239257812,616.8073120117,609.3676757812,600.6444702148],"2":[363.7010192871,393.4510803223,423.4109802246,454.4407958984,484.9164123535,515.7320556641,546.2092285156,577.4107666016,576.2092895508,546.6979370117,515.5043945312,485.2228088379,453.8785095215,422.1878051758,391.048034668,360.8433837891],"3":[783.1812133789,802.2689208984,820.9114990234,838.6093139648,855.7312011719,872.7807617188,891.9616699219,909.9125976562,909.0810546875,890.2294921875,871.6757202148,853.5875244141,835.5583496094,817.0205078125,799.166809082,780.1748046875],"4":[376.9049682617,420.7330627441,463.6256713867,506.5361328125,549.9083251953,592.5654296875,634.9684448242,677.5649414062,676.0739135742,632.4155883789,590.1091918945,546.9172973633,503.8669128418,461.0361328125,417.7192382812,374.0979003906],"5":[951.3986206055,957.520690918,963.0563964844,969.2310791016,976.1302490234,982.5662231445,988.5582885742,994.9298706055,993.4423828125,987.1514282227,981.4754638672,975.1848144531,968.3885498047,962.6057128906,956.4645996094,949.8001098633],"6":[691.1533203125,703.7633666992,716.6401367188,728.1810302734,740.9508666992,754.6550292969,766.9477539062,780.6298828125,775.455871582,765.9859619141,751.9396362305,738.46875,726.3666992188,713.5610351562,702.3504638672,690.0393066406]},"polygon_y":{"0":[366.3734130859,366.3143310547,366.5972595215,366.5235595703,365.7787475586,365.8984680176,363.8608398438,365.3114318848,426.3328857422,427.9758911133,427.6846618652,428.2446289062,428.3363037109,428.2476806641,428.1949157715,427.3520202637],"1":[91.3518447876,90.6714782715,89.3033752441,88.4504089355,88.1779327393,87.1976547241,87.0498275757,84.5350189209,162.2436218262,162.6187896729,162.5500183105,162.346206665,162.7368011475,163.1227416992,163.0888671875,162.9662475586],"2":[367.6286621094,367.8008728027,367.1406860352,367.1268310547,366.9460754395,367.046081543,367.0645141602,368.1271972656,428.5607299805,428.8487548828,430.2651672363,430.1713562012,430.116027832,430.6228942871,430.6954345703,430.5711669922],"3":[292.7522277832,291.2405395508,289.5856323242,290.1672058105,290.5885314941,291.4723205566,291.7833251953,293.8750610352,351.3020019531,352.9804077148,353.1143798828,353.4534301758,353.0865783691,352.7838134766,352.6941223145,352.42578125],"4":[294.031036377,294.3418579102,293.2759399414,293.8117370605,293.7548217773,293.3479919434,293.1449584961,294.1619567871,350.606628418,352.1807556152,352.2334289551,352.5094909668,352.9780883789,353.0601501465,353.3559570312,353.0895996094],"5":[492.3223266602,492.0860290527,492.7906799316,492.8117370605,492.567565918,492.165802002,492.1488952637,493.2356262207,554.4339599609,554.4163818359,555.0085449219,554.8355102539,554.9891967773,555.3925170898,555.8510742188,556.0098266602],"6":[299.1511230469,296.328125,293.4888000488,291.9897766113,291.1504516602,290.6049499512,289.4937438965,289.8260192871,350.7102050781,351.9772949219,352.7731933594,353.0768127441,352.9498291016,353.1210327148,353.601348877,352.9036865234]},"text":{"0":"Patriach","1":"I","2":"Latin","3":"the","4":"Premises","5":"I","6":"of"},"score":{"0":0.9871497154,"1":0.9756728411,"2":0.9846135378,"3":0.9890830517,"4":0.9883314967,"5":0.9610271454,"6":0.9844294786}}