{"polygon_x":{"0":[733.9401245117,750.3746337891,768.2866210938,785.6583251953,802.4935913086,819.4668579102,836.8089599609,854.5477294922,855.4144897461,836.8084716797,820.0900878906,803.1661376953,786.422668457,769.1152954102,752.3258056641,734.4196777344],"1":[507.7622680664,522.272644043,535.6674804688,549.2745361328,563.749206543,578.2557373047,592.4166870117,605.8293457031,604.4292602539,590.9594116211,577.0424804688,563.1395874023,549.0790405273,535.0004882812,521.7414550781,506.7737426758],"2":[608.8331298828,609.0729980469,610.7509765625,610.0468139648,610.7150268555,610.5551147461,610.369934082,612.7892456055,698.5972900391,697.6040649414,696.9603881836,696.7603149414,696.5810546875,696.7706298828,695.2259521484,695.5133666992],"3":[721.9504394531,738.48828125,755.8651733398,773.328125,790.4961547852,807.4399414062,824.6330566406,841.3785400391,842.8085327148,825.0269165039,808.1881713867,790.986328125,774.2096557617,756.8078613281,740.6268310547,722.5556030273],"4":[352.3469238281,364.1370239258,375.3310546875,385.9119262695,396.7330322266,408.3663635254,419.5876464844,431.1926269531,430.1196289062,418.848815918,407.3625183105,396.4809570312,385.2994995117,373.9428100586,362.5853881836,350.7361450195],"5":[734.2092895508,743.1720581055,753.4906616211,761.5182495117,766.7131347656,771.5999755859,777.0673217773,784.5922851562,728.9359130859,712.3586425781,704.6038208008,696.4151611328,693.3240356445,688.0686035156,686.0164794922,680.9544677734],"6":[43.9727554321,55.1523170471,66.9828643799,78.9523239136,90.772102356,102.3059539795,113.3237457275,125.2856826782,125.0444793701,112.9625549316,101.5732192993,89.2474822998,77.475982666,65.8230514526,54.3290252686,42.0845069885],"7":[545.287109375,558.1475219727,570.9210205078,583.6561279297,595.5546875,607.5284423828,619.294921875,630.8454589844,627.8100585938,614.9506835938,602.1716918945,590.4643554688,579.2754516602,567.1729125977,554.8506469727,540.6389160156],"8":[325.2900695801,345.9042663574,368.7518615723,390.8368530273,412.2368774414,434.3021240234,456.2740783691,478.7485046387,478.087310791,455.5456237793,434.8131713867,412.4407958984,391.2490539551,369.5930480957,348.4721374512,325.9761962891],"9":[958.2659912109,967.3218994141,973.2120361328,978.8290405273,984.32421875,989.7661743164,994.8682861328,999.7370605469,999.8928222656,994.5864868164,989.6753540039,984.0462646484,978.4929199219,973.3104248047,966.8562011719,960.0930786133],"10":[0.0245734565,2.4751739502,5.9148464203,9.0144929886,12.3543558121,15.3175344467,19.9161872864,25.8779067993,44.3975906372,39.152256012,35.1158180237,30.5586128235,25.8784656525,21.010307312,16.7120285034,12.7372465134],"11":[281.8077392578,295.6795349121,310.816192627,326.5900268555,342.2068786621,357.6005554199,371.0501708984,384.9326782227,386.2811279297,369.7835693359,355.802734375,340.6644897461,326.3014221191,311.6552124023,298.4275817871,283.2308959961],"12":[642.4970703125,655.0086669922,668.4229736328,682.9761352539,697.2026367188,710.2991943359,721.8359985352,733.3389282227,736.1959228516,725.6479492188,712.7399291992,697.0434570312,680.3295898438,667.4722290039,654.8052368164,643.5520019531]},"polygon_y":{"0":[689.7476806641,688.8250732422,688.6693725586,688.5447998047,688.4490356445,688.0493774414,687.6775512695,687.2734375,741.2985229492,741.7729492188,742.2049560547,742.5819091797,742.8724365234,744.0140380859,744.5287475586,743.5589599609],"1":[22.6715736389,22.5319404602,21.8668460846,21.8488788605,21.7129859924,21.6040325165,21.0625114441,21.327960968,71.8765563965,72.4757080078,72.6777038574,72.3574676514,71.8051986694,72.0648498535,72.6397857666,73.1251068115],"2":[583.4270019531,576.6514892578,568.5621337891,560.8109741211,552.8197631836,547.3790893555,541.1221313477,534.7048339844,524.9605712891,534.3519287109,541.0288085938,549.4473876953,558.9086303711,567.3510131836,575.2900390625,581.7595214844],"3":[798.1924438477,797.4779052734,797.1805419922,796.7647705078,796.033203125,795.3497924805,794.8074951172,794.3859863281,849.5575561523,850.0133056641,850.3872070312,850.6066894531,850.7262573242,851.7369995117,852.8258056641,853.8438720703],"4":[742.8692016602,741.5688476562,741.2454833984,741.1677246094,741.3381958008,741.0317993164,741.3965454102,741.4594116211,808.0380249023,809.1538085938,809.1854248047,809.3590087891,809.5031738281,809.4140014648,809.3359985352,809.4750976562],"5":[235.6073150635,241.1148071289,246.9804992676,251.6467895508,256.1097106934,259.3880004883,262.3916015625,264.7906799316,321.5747375488,313.7425231934,305.4535217285,294.7691955566,292.5390014648,287.0770568848,280.5889587402,269.1993713379],"6":[140.0741882324,138.7593231201,138.5330047607,138.9888153076,139.1114959717,138.6816253662,139.2716064453,139.5139465332,200.5424499512,201.533996582,202.2658691406,201.5126647949,201.3162078857,201.3780517578,201.87940979,201.7791442871],"7":[795.2557983398,795.7421875,797.4449462891,798.5352172852,800.3323364258,801.873840332,804.0447387695,805.461730957,875.7857666016,875.6828613281,873.9050292969,872.7271118164,872.1667480469,871.1798095703,869.1630859375,866.4708862305],"8":[183.3279266357,183.2448577881,183.821395874,184.3934936523,185.1573944092,184.9255371094,185.5485534668,185.9356842041,236.29637146,237.0337677002,237.0671386719,236.5299987793,235.9169311523,236.0867462158,236.7607116699,235.9245910645],"9":[679.0247802734,677.5849609375,677.8742675781,677.7575073242,676.6055908203,676.8065185547,676.8835449219,677.0455932617,745.0061035156,745.8692626953,746.0603027344,745.8950195312,745.7615966797,746.1450805664,746.5803222656,746.8786621094],"10":[248.8811340332,246.3530731201,244.5538024902,240.9255981445,237.2084350586,233.3885040283,229.4351348877,227.1427154541,258.220489502,262.3155517578,265.6540527344,269.9582214355,273.0830078125,277.0575866699,280.9510498047,284.4032897949],"11":[951.7833251953,952.346496582,952.0843505859,952.2640380859,952.9404296875,952.1314086914,952.1925048828,952.1758422852,999.8621826172,999.8579101562,999.8853149414,999.8985595703,999.9183349609,999.9138183594,999.8919067383,999.9464111328],"12":[664.5307617188,666.9928588867,669.197265625,669.6749267578,669.4666748047,669.392578125,670.5115966797,668.9346313477,791.0301513672,791.7783203125,790.6870117188,789.2764892578,788.8873901367,788.6915283203,788.5894775391,791.6105957031]},"text":{"0":"476","1":"721","2":"I","3":"263","4":"IV","5":"S","6":"111","7":"E","8":"4480","9":"I","10":"L.","11":"511","12":"1"},"score":{"0":0.9853054881,"1":0.9837036729,"2":0.7824962735,"3":0.9918566942,"4":0.983912766,"5":0.7443490624,"6":0.9757450223,"7":0.6147527695,"8":0.9249461889,"9":0.9735116959,"10":0.9185105562,"11":0.5584689975,"12":0.6498050094}}