{"polygon_x":{"0":[452.5542907715,463.6391601562,475.1474304199,486.3765258789,497.7875976562,509.354888916,520.6371459961,532.383972168,531.1469116211,519.6912231445,507.9991149902,496.5600891113,485.0623168945,473.4621887207,461.8746337891,450.1920166016],"1":[761.9090576172,774.0969848633,785.7901000977,797.7330322266,809.7168579102,821.3360595703,832.7152099609,843.18359375,864.5661010742,852.4370727539,840.4348754883,829.6013183594,819.3305664062,808.0658569336,800.0178222656,786.1566772461],"2":[853.9005126953,864.5559082031,875.4293212891,886.5729370117,897.4292602539,907.7259521484,918.2146606445,928.6192626953,942.0015869141,931.4841308594,920.3996582031,910.3900756836,899.9162597656,889.4627685547,879.4867553711,869.8709716797],"3":[465.8700561523,468.9378356934,470.951965332,473.4008483887,475.4338989258,477.8304748535,481.1813354492,483.8719177246,462.7584228516,458.7593994141,456.3653869629,453.0791625977,449.9655151367,447.1923828125,443.6938781738,440.8558349609],"4":[944.0606079102,948.8375244141,954.2807006836,959.6845092773,964.6484985352,970.4241333008,975.466796875,979.642578125,982.9968261719,978.5448608398,973.8934326172,969.1370239258,964.7073364258,960.2257080078,955.8801269531,951.4152832031],"5":[536.3922729492,541.3216552734,545.2161865234,549.005859375,553.0809326172,558.0676269531,562.5178222656,567.2247314453,564.2606811523,560.8684692383,555.9790039062,551.7952270508,547.4617919922,543.9345092773,539.4380493164,534.5693359375],"6":[616.5443725586,629.7202758789,642.4106445312,655.7379760742,669.1326904297,681.9613037109,694.7915039062,708.0572509766,705.7360839844,693.13671875,679.7901000977,667.1618652344,653.8363647461,640.114074707,627.2551269531,614.5238037109],"7":[489.0762329102,510.999786377,530.0787963867,548.1956787109,565.8419799805,582.4774780273,600.9392089844,621.1339111328,596.3867797852,576.55859375,557.7553710938,539.5618896484,523.5441894531,506.8603210449,487.8766479492,466.3261108398],"8":[735.5434570312,738.5255126953,741.6549072266,745.6115722656,748.4520263672,751.7114257812,754.201965332,757.087890625,764.8074951172,762.0553588867,758.3361206055,754.4857177734,750.153503418,747.0861816406,744.2354736328,739.8877563477],"9":[569.5940551758,576.3427734375,581.6424560547,587.2884521484,593.2025756836,599.5113525391,605.2008666992,612.3869018555,610.0679931641,603.6123657227,597.0026245117,591.1752929688,584.9610595703,578.9626464844,572.5515136719,565.8897705078]},"polygon_y":{"0":[436.6120605469,436.7855529785,436.7135314941,436.834777832,437.0712890625,436.7943725586,436.5858764648,437.5104064941,464.2337646484,464.1592102051,463.9696044922,463.7106933594,463.7025146484,463.5210876465,463.3022766113,463.1975708008],"1":[985.6114501953,974.0539550781,960.0375976562,948.0654296875,935.6099853516,922.4354248047,908.3087158203,896.5387573242,920.2312011719,932.2399291992,944.0063476562,956.9948730469,970.1844482422,984.4830322266,993.3702392578,999.9899902344],"2":[890.7799072266,881.6366577148,873.9945068359,866.3508300781,858.6640625,851.710144043,843.9392700195,836.2437744141,862.8821411133,869.1140136719,876.4471435547,882.9076538086,889.8922119141,896.4786376953,904.6856079102,912.1887207031],"3":[495.2738647461,498.6095581055,502.1545715332,505.6231994629,508.2471313477,512.1441040039,516.7363891602,520.0133056641,538.6026000977,534.4696655273,530.5452880859,525.7326660156,522.2761230469,519.2687988281,514.62109375,510.8084106445],"4":[834.0882568359,831.6943359375,829.5207519531,827.0899658203,825.1730957031,822.9528198242,820.9338989258,819.2548828125,845.9447631836,847.1422729492,849.2171630859,850.8441162109,852.5900878906,854.4784545898,856.4713134766,858.1214599609],"5":[440.4692382812,440.5623168945,440.1717529297,440.2534790039,440.1910400391,439.8217163086,439.541809082,439.8266601562,465.3424377441,464.9919128418,465.0027770996,465.0186767578,464.9240722656,464.9334411621,465.1321411133,464.8639526367],"6":[438.5067443848,438.258972168,438.7833862305,438.8403015137,438.9125061035,439.3410644531,439.5575561523,440.7411193848,469.5623779297,469.6710510254,469.0289916992,468.8724060059,468.3589172363,468.0082397461,467.2495727539,465.9799194336],"7":[516.491394043,539.1647338867,562.8048095703,588.1195068359,611.4867553711,633.8123779297,656.6079101562,679.5504150391,699.0827026367,675.6576538086,651.5158081055,629.7794799805,607.8515625,585.9178466797,561.4557495117,538.612121582],"8":[960.1651611328,957.2999267578,955.6273193359,953.3045043945,951.7758178711,949.9733886719,948.6053466797,949.0993652344,971.7286376953,972.276550293,973.0364990234,974.6887817383,976.3228759766,977.5754394531,978.0524291992,979.2108154297],"9":[439.9253540039,439.6566162109,439.5994567871,439.4968261719,439.3082275391,439.3835144043,438.9486999512,439.4781494141,466.4819335938,466.4570922852,466.0553588867,465.8500366211,465.7378845215,465.7075195312,465.8436889648,465.6386108398]},"text":{"0":"Tombs","1":"Probable","2":"course","3":"to","4":"of","5":"of","6":"Jadges","7":"Nabi-Samuel","8":"St.","9":"the"},"score":{"0":0.9775135517,"1":0.9795957804,"2":0.9762444496,"3":0.9706745148,"4":0.9578752518,"5":0.9532997608,"6":0.9703592062,"7":0.9181181788,"8":0.4931547642,"9":0.9295312762}}