{"polygon_x":{"0":[0.0177962109,9.7412910461,20.2460098267,31.02602005,41.7889099121,52.7955970764,63.9683609009,75.1488876343,74.5633773804,62.9998207092,52.245010376,41.5319290161,30.6938915253,20.2669677734,9.3018445969,0.0100317961]},"polygon_y":{"0":[216.2440490723,215.6379852295,215.2809753418,215.3041381836,215.3036499023,215.4535522461,214.9958953857,215.3982849121,241.4082946777,240.5368652344,239.4355163574,238.9190368652,238.6906738281,238.5901489258,239.0767211914,239.861114502]},"text":{"0":"OPHETS"},"score":{"0":0.9503614902}}