{"polygon_x":{"0":[0.0779185742,8.3122634888,16.9135437012,26.2733802795,35.3174934387,44.3783569336,53.7024307251,62.5839157104,63.2724990845,54.226776123,45.0500717163,35.6760673523,26.5990562439,17.4026489258,8.4058561325,0.1340481788]},"polygon_y":{"0":[815.1254272461,814.5821533203,813.8720092773,813.283203125,813.2171630859,812.9210205078,812.2842407227,812.9568481445,840.2852783203,840.1458740234,839.4037475586,839.1287841797,839.166809082,839.1790771484,839.5632324219,840.1977539062]},"text":{"0":"graphy"},"score":{"0":0.913957417}}