{"polygon_x":{"0":[338.1887817383,360.901550293,383.8087463379,406.2852478027,427.8122558594,448.9260253906,470.5844116211,494.3635559082,496.8826599121,473.7170715332,451.5526123047,427.8236083984,405.5134887695,382.5824279785,360.0549621582,338.0319824219],"1":[2.1198086739,21.1951599121,40.1529884338,60.2195281982,79.4175186157,97.9304199219,117.1955490112,134.6127929688,135.2202301025,115.2577514648,97.4839706421,79.1355438232,60.2177085876,41.0483322144,21.2383613586,1.0890704393],"2":[472.0565490723,478.2669677734,484.2207336426,489.2941589355,494.8293762207,499.7598571777,504.9858093262,510.7662353516,494.7087402344,489.0476989746,482.3095703125,477.4839477539,472.0448608398,467.7082824707,463.1724853516,458.318939209],"3":[360.504486084,390.3006591797,419.6844482422,450.8978271484,482.4970703125,513.580078125,544.3480834961,575.6409301758,578.9265136719,546.8920288086,515.3004150391,482.8090209961,453.0419616699,423.0775756836,392.4263916016,364.1330566406]},"polygon_y":{"0":[902.6048583984,906.0147094727,909.2297973633,910.2531738281,911.0858154297,910.1843261719,909.248046875,908.3253173828,960.4791259766,962.7427978516,964.5073852539,964.8944702148,964.3700561523,963.1118774414,959.8953857422,956.2847900391],"1":[723.9580078125,722.3872070312,721.9631958008,722.5760498047,722.0553588867,721.1629638672,722.2413330078,723.1830444336,788.1538085938,788.0241699219,788.1088256836,788.1873779297,788.3690185547,788.6420898438,788.5527954102,788.0919189453],"2":[654.5198974609,655.9938964844,659.1608886719,661.3077392578,663.5155029297,665.6537475586,668.6215209961,671.4450073242,714.9951171875,712.4259033203,709.7117919922,707.3880615234,704.3411254883,702.4970703125,701.2296142578,699.139465332],"3":[305.1431884766,309.8471374512,306.8031311035,304.8699645996,305.2515258789,306.4137573242,309.6441345215,303.7795715332,511.0654907227,512.7086791992,510.1369628906,509.7488708496,510.066986084,510.6727905273,508.4678649902,506.8801574707]},"text":{"0":"GLOGR","1":"UR.","2":"N.","3":"M"},"score":{"0":0.9735751748,"1":0.9901220202,"2":0.958353579,"3":0.4644293189}}