{"polygon_x":{"0":[45.749912262,50.3670501709,54.5774078369,58.9794197083,63.7239112854,68.6978912354,72.9954147339,77.3290863037,78.1774139404,74.188949585,69.0645523071,64.0569152832,59.5443496704,55.0578460693,50.8802947998,46.3489112854]},"polygon_y":{"0":[346.2897033691,345.8666992188,346.016418457,345.8552856445,345.6259460449,345.5308532715,345.1734924316,345.3442077637,373.0823364258,373.4420471191,373.2788085938,373.1800537109,373.0910949707,373.0537414551,373.2443847656,373.3327026367]},"text":{"0":"12"},"score":{"0":0.9231929779}}