{"polygon_x":{"0":[842.6912841797,847.1393432617,851.4885253906,855.8127441406,860.0680541992,864.4432983398,868.7521362305,872.9111328125,873.1608886719,869.2268066406,864.6121826172,860.2392578125,856.0574951172,851.9007568359,847.3938598633,842.6893310547],"1":[883.8883056641,887.6616210938,891.8564453125,895.8858642578,899.5992431641,903.7688598633,907.669921875,911.5211181641,912.2014160156,908.5669555664,904.3327636719,900.2495727539,896.6389160156,892.7907714844,888.6734008789,884.444519043],"2":[911.7996826172,916.0726928711,920.0903320312,924.5101318359,928.6972045898,933.0816650391,937.3355102539,941.4488525391,941.8558349609,938.2056884766,933.3612060547,929.0786132812,925.1331176758,920.9947509766,916.6983032227,912.188659668],"3":[929.1856689453,932.9342041016,935.9799804688,939.3845214844,942.513671875,945.7424926758,948.7503662109,951.8616943359,952.1583251953,949.3671875,945.5313110352,941.9638671875,938.8909912109,935.7039794922,932.5461425781,928.5165405273],"4":[832.9294433594,837.6305541992,842.3469238281,847.2741088867,851.9259033203,856.8391113281,861.4953613281,865.6975097656,866.0469970703,861.4056396484,856.4366455078,851.7873535156,847.2930908203,842.7056884766,837.8485717773,832.9475097656],"5":[962.3640136719,966.9272460938,971.2198486328,975.7312011719,980.1696166992,984.9907836914,989.586730957,993.9658203125,994.5043334961,990.3553466797,985.3921508789,980.5087280273,976.0513305664,971.5975341797,967.0977783203,962.4255981445],"6":[958.4172363281,962.5932617188,966.8978271484,971.0082397461,975.3545532227,979.6373291016,983.791809082,988.096862793,989.5718383789,985.1702270508,980.4638061523,975.9212646484,971.7370605469,967.7340698242,963.4013671875,958.9193725586],"7":[884.6210327148,889.0260009766,893.3872070312,897.8862304688,901.9310913086,906.4342041016,910.831237793,915.286315918,916.0784301758,911.4716796875,906.8515014648,902.4992675781,898.3300170898,894.1268920898,889.7829589844,884.7112426758],"8":[918.1166992188,922.6549682617,926.6912841797,930.8643188477,934.9645996094,939.1704711914,943.3436279297,947.3074951172,948.3623046875,944.1460571289,939.4248046875,935.1359863281,931.151184082,927.2552490234,922.9940185547,918.2280273438],"9":[840.4887695312,844.0970458984,847.8303222656,852.1145019531,855.8946533203,860.2506103516,863.9748535156,867.8939208984,868.0725708008,863.8433837891,859.7409667969,856.1126708984,852.6048583984,849.0692138672,845.3586425781,841.2487792969],"10":[837.1196289062,840.432800293,843.5875854492,846.8862304688,850.2095947266,854.0875244141,857.3742675781,860.5700683594,860.4996337891,857.3142089844,853.2525634766,849.8835449219,846.6979980469,843.5803833008,840.2861328125,836.5909423828],"11":[834.9319458008,854.2951660156,871.4527587891,891.4815673828,910.7658691406,927.423034668,943.5140380859,959.2061767578,932.1636352539,915.1182861328,898.7651977539,881.094909668,863.8405761719,847.7261962891,829.9650878906,810.0487670898],"12":[962.0136108398,967.6766357422,972.0223388672,976.8879394531,981.6848754883,986.5606079102,991.2166748047,995.7852783203,997.0581665039,991.7872314453,986.8692626953,982.17578125,977.3519897461,972.6986083984,967.9350585938,963.2609863281],"13":[983.651184082,987.3723754883,989.7832641602,991.7627563477,993.5364990234,995.3594970703,997.5532226562,999.8023681641,999.876159668,997.8966674805,996.2742919922,994.4202880859,992.4957885742,990.6664428711,988.3212280273,983.7647094727],"14":[964.1650390625,969.2760620117,973.1692504883,977.2294921875,981.1351318359,985.2343139648,989.2355957031,993.0339355469,993.5690307617,989.8303222656,985.6416015625,981.1551513672,977.4255981445,973.6770629883,969.3071289062,965.42578125]},"polygon_y":{"0":[184.6434783936,184.6241760254,184.8158111572,184.8664855957,184.9485015869,184.9674224854,184.8805084229,184.9808959961,208.3829956055,208.6519775391,208.4998779297,208.4377746582,208.2023773193,208.1447601318,208.2237854004,208.155670166],"1":[690.4418334961,690.4183349609,690.5481567383,690.5462646484,690.6049194336,690.706237793,690.4615478516,690.9448242188,713.8501586914,713.9185791016,713.9284667969,713.7966308594,713.7942504883,713.8367919922,714.1399536133,714.4745483398],"2":[750.03125,749.8840942383,749.8966064453,749.630065918,749.6925048828,749.6845703125,749.5428466797,749.6650390625,773.6404418945,773.9191894531,773.8843383789,773.8090820312,773.9036865234,774.0395507812,774.3716430664,774.45703125],"3":[139.2994537354,138.9160919189,139.241607666,139.4247589111,139.4716033936,139.5522003174,139.3438873291,139.7794189453,159.0990447998,159.1942596436,159.1624450684,159.2407989502,159.1624908447,159.0995025635,159.036026001,159.1056213379],"4":[329.5294189453,329.6426391602,329.666595459,329.8341674805,329.9869384766,330.0581665039,330.0367431641,330.3738098145,357.0127868652,357.0390319824,356.9205932617,356.7553100586,356.7938842773,356.6741333008,356.9168701172,356.8350219727],"5":[337.5691223145,337.3807067871,337.7505493164,337.8448486328,338.1006469727,338.1908569336,337.9607849121,338.3578186035,362.7116699219,363.3583984375,363.4689331055,363.309387207,363.4290161133,363.4323730469,363.8740844727,363.9482116699],"6":[799.5715942383,799.4202880859,799.649597168,799.4787597656,799.485168457,799.5599365234,799.3957519531,799.6597290039,823.9483032227,824.2728271484,824.2364501953,824.1905517578,824.2791137695,824.4188232422,824.7583618164,824.7611083984],"7":[549.5777587891,549.3821411133,549.3447265625,549.2163696289,549.1781005859,549.1760253906,548.938659668,548.757019043,573.6615600586,573.8948974609,574.0966186523,573.9758911133,574.1323242188,574.2723999023,574.6271972656,574.7034301758],"8":[490.4490966797,490.552947998,490.5838623047,490.625579834,490.6036376953,490.8291625977,490.73046875,491.2854003906,514.6430053711,514.7365722656,514.6532592773,514.4658203125,514.6762084961,514.7541503906,515.0438232422,514.9793701172],"9":[720.2642822266,720.5414428711,720.5762939453,720.6727294922,720.9276123047,720.7031860352,720.7365722656,720.9718017578,740.907043457,740.9925537109,741.091796875,740.98046875,741.0033569336,740.9723510742,740.9835205078,740.9097290039],"10":[619.4613647461,619.6448364258,619.9735107422,620.1616821289,620.2969970703,620.4881591797,620.5342407227,621.2501220703,642.7989501953,642.8814086914,642.7810668945,642.6080322266,642.4392700195,642.5760498047,642.6015625,642.5490722656],"11":[847.3196411133,866.1485595703,885.5407104492,908.0248413086,928.943359375,947.7678833008,970.3522949219,992.87109375,999.9899902344,988.8724365234,969.4262084961,949.5276489258,930.9908447266,913.0101318359,893.0921020508,871.5791015625],"12":[438.4834289551,438.612701416,438.8000793457,439.0822143555,439.3814086914,439.3018188477,439.2326049805,439.6611938477,465.012512207,465.1182250977,465.0410766602,464.7554016113,464.9170227051,464.5715026855,464.8767700195,464.9873352051],"13":[160.6398162842,160.0530090332,160.0539550781,160.0730743408,160.1023864746,160.2751464844,160.3136291504,159.9555206299,181.2798309326,181.8159484863,181.7801055908,181.7052612305,181.7332763672,181.8544769287,182.0621032715,181.9180603027],"14":[657.5941162109,657.6595458984,657.7688598633,657.6278076172,657.6447753906,657.8447265625,657.8779296875,658.4716796875,680.5970458984,680.8013305664,680.5358276367,680.5261230469,680.5325927734,680.5657958984,680.4531860352,680.0817260742]},"text":{"0":"32","1":"20","2":"20","3":"31","4":"20","5":"20","6":"20","7":"20","8":"20","9":"22","10":"23","11":"COUVE","12":"20","13":"3","14":"24"},"score":{"0":0.9758483171,"1":0.9609300494,"2":0.9610888958,"3":0.9464325309,"4":0.9763039947,"5":0.9667890072,"6":0.9651488662,"7":0.9652763009,"8":0.7588528991,"9":0.9575767517,"10":0.9187548161,"11":0.9902668595,"12":0.9710125923,"13":0.9032350183,"14":0.7668961883}}