{"polygon_x":{"0":[535.8875732422,554.8513183594,573.1383666992,592.2542114258,610.7844238281,629.7351074219,647.7199707031,666.2982788086,666.2579956055,647.7932128906,629.4849853516,610.8758544922,592.19921875,573.5171508789,555.0588989258,535.724609375],"1":[778.2490234375,796.5059814453,814.8391723633,833.6817626953,852.0673217773,870.7713623047,889.3619384766,907.7557373047,907.4707641602,889.2744140625,870.8749389648,851.8483886719,833.7114868164,815.2826538086,796.4217529297,778.1439819336],"2":[685.8745727539,703.5935058594,721.1372070312,739.8424072266,757.9017333984,775.8575439453,794.0422973633,812.116027832,811.7800292969,794.0344848633,776.1489257812,757.9309692383,739.9752807617,721.9182739258,703.9851074219,686.0653686523],"3":[672.2344970703,683.6446533203,695.4763793945,707.2030639648,719.2453613281,731.1624145508,742.9094238281,755.5451660156,755.1036987305,743.448425293,731.3006591797,719.4833374023,707.638671875,695.9344482422,684.2690429688,671.4743041992],"4":[616.0305175781,623.962097168,630.7396850586,638.1237182617,645.3745117188,652.4357910156,659.7501220703,667.053527832,665.9013671875,658.8237915039,651.4937744141,644.708984375,638.0125732422,631.0878295898,623.8657226562,616.2483520508],"5":[683.7409667969,690.1716308594,696.2689819336,702.7353515625,709.245300293,715.7000732422,721.8160400391,727.9641723633,727.2152099609,721.4204101562,714.7119140625,708.6901855469,702.6354370117,696.6188964844,690.5543212891,683.5612792969],"6":[961.1123046875,964.9169921875,968.7133789062,972.9343261719,976.8860473633,980.8930053711,985.1583862305,989.1077270508,988.9498291016,984.8737792969,980.7791748047,977.0651245117,973.170715332,969.2174072266,965.1390991211,961.1858520508],"7":[476.671081543,495.8427429199,515.8370361328,535.3386230469,554.6589355469,575.0733032227,594.4381103516,614.2664794922,615.5559082031,595.5897216797,575.6125488281,556.0249023438,535.8594360352,516.1412353516,496.6641235352,477.1733093262],"8":[513.5915527344,517.2072753906,519.73828125,522.3276367188,525.353515625,528.7111206055,531.8993530273,534.3917236328,534.9940185547,532.8608398438,529.0546264648,525.9125976562,523.0225830078,519.9890136719,517.3497314453,512.883972168],"9":[77.4108810425,80.568145752,82.8175354004,84.9707870483,86.8543701172,89.3628692627,91.8260803223,94.556854248,96.0386734009,93.5,90.8827667236,87.9167938232,85.615447998,83.2926330566,80.7272262573,77.5947494507],"10":[744.1315307617,747.9688110352,751.7388305664,755.4232788086,759.1583251953,763.12109375,766.8446044922,770.4561767578,769.8116455078,765.9094238281,762.0142211914,758.5960693359,754.7338867188,751.2919921875,747.3452148438,743.3255004883],"11":[424.5056152344,428.6360168457,432.2526550293,436.2975769043,440.1577453613,444.2994384766,448.131652832,451.7676391602,452.9970092773,450.3830566406,445.4059143066,441.0664672852,437.0798339844,432.9794006348,428.9104614258,424.2694091797],"12":[933.8745117188,937.2583007812,940.5845947266,944.1768798828,947.698059082,951.4300537109,954.9143066406,958.2895507812,959.2030029297,956.6242675781,952.6236572266,948.9067382812,945.4735717773,942.1435546875,938.3895874023,934.6271362305],"13":[850.6571044922,854.2715454102,858.0450439453,862.056640625,865.8936767578,869.9736938477,873.6378173828,877.3221435547,877.9951171875,874.221496582,870.0194702148,866.1148681641,862.3910522461,858.5883789062,854.7775268555,850.1612548828],"14":[822.4559936523,825.8861694336,829.3760986328,832.9078369141,836.5350341797,840.2915039062,843.4927368164,847.0911254883,847.2618408203,844.0316772461,839.9991455078,836.5147705078,833.0567626953,829.7004394531,826.0875854492,822.2574462891],"15":[322.0229797363,325.3806762695,328.3887329102,331.2057189941,334.4281005859,338.0505981445,341.5473022461,344.1144104004,344.8784179688,342.2754211426,338.521484375,335.3765869141,332.1865844727,329.0268249512,326.1587524414,322.0477294922],"16":[697.5817260742,703.2222900391,708.2106933594,713.5418701172,718.8662719727,724.1520996094,729.7241210938,734.9694824219,734.9264526367,729.5266113281,723.7509155273,718.5857543945,713.3728027344,708.1744384766,702.6951904297,696.8224487305],"17":[82.4523162842,85.3966827393,87.8907012939,90.368850708,92.7173156738,95.3052902222,97.5087890625,99.993347168,100.6958694458,98.2972564697,95.1837615967,92.8851776123,90.5129699707,88.0141372681,85.147819519,82.1935882568],"18":[41.2447166443,45.1276473999,47.6864395142,50.3921585083,53.4328536987,56.4088630676,59.2917633057,62.5230865479,65.2861175537,62.0772247314,58.8898887634,55.506072998,52.5524482727,49.66563797,46.7149124146,43.0236091614],"19":[112.3222732544,115.4700088501,118.2022705078,120.8253173828,123.6485443115,126.6590805054,129.420135498,132.6074371338,132.1637878418,129.3616790771,125.8376464844,122.9531707764,120.069190979,117.2991027832,114.6136856079,111.5940856934],"20":[707.6043701172,711.5697021484,715.1395263672,718.7828369141,722.4606933594,726.3818969727,730.3067016602,733.3734741211,733.7781982422,730.1349487305,726.0415039062,722.2796630859,718.348449707,715.0635375977,711.3939819336,707.0308837891],"21":[686.6186523438,689.6434326172,691.9738769531,694.3709716797,697.0123291016,700.2401733398,703.5888671875,706.0457763672,707.9223632812,705.59765625,702.5316162109,699.8642578125,696.9815673828,694.1360473633,691.6240234375,687.5960693359],"22":[44.3254089355,47.5371322632,50.2134513855,52.8922805786,55.6136016846,58.3883247375,60.8883895874,63.7992477417,64.288848877,62.0497550964,58.840007782,55.5894546509,52.9479179382,50.1541824341,47.1902313232,44.2998428345],"23":[863.1538085938,866.9146118164,870.5361328125,873.6893310547,877.16796875,881.3766479492,884.9328613281,887.8905639648,888.7130126953,885.628112793,881.7399902344,877.7341308594,874.6274414062,871.3582763672,868.3118896484,864.5739135742],"24":[143.1857757568,147.1273193359,150.4835510254,153.4672393799,156.7773590088,159.7897644043,162.6842956543,164.4188537598,168.1390228271,165.3799743652,162.0548095703,156.7254943848,153.8668212891,150.1251068115,147.5223693848,144.2416534424],"25":[287.438293457,289.9343566895,292.9878845215,296.3831176758,299.5295410156,302.6534729004,305.5281066895,308.3807678223,310.8890686035,308.4106140137,305.4148864746,302.4803161621,299.5583496094,296.2500305176,293.6975402832,289.9843139648],"26":[173.2928771973,177.1856384277,180.0202941895,183.3171081543,186.6594848633,190.0333557129,192.6321563721,195.6735076904,195.9515075684,192.7711791992,190.1560211182,186.0843658447,182.8428955078,180.0718383789,177.0590820312,173.9491577148],"27":[233.5620880127,237.0142211914,239.2866210938,242.0031738281,245.3346557617,247.9922637939,250.1182250977,252.7855834961,254.4675445557,251.1056671143,248.9093780518,245.1296234131,242.2236328125,239.9047088623,237.2817840576,234.002822876],"28":[572.0622558594,575.9526367188,580.1388549805,584.7766723633,588.5661621094,592.428527832,597.1680908203,601.5442504883,601.5440673828,597.2329101562,593.1729125977,589.0098266602,584.0670166016,579.7723388672,575.6821289062,571.4403686523]},"polygon_y":{"0":[117.1807403564,117.2288360596,117.5125808716,117.3527069092,117.493270874,117.2288360596,117.0054321289,117.2574615479,149.3286743164,149.0948944092,148.8234710693,148.9351196289,148.8308410645,148.6479187012,148.8249511719,148.7953643799],"1":[116.6148452759,116.6350860596,116.7217712402,116.6459197998,116.3075942993,116.0304718018,116.0846710205,116.6114349365,149.2779846191,149.3875274658,149.1119384766,148.9868774414,148.9309692383,148.5808105469,148.8172302246,149.10887146],"2":[20.8453369141,20.3605480194,20.5653190613,20.7860527039,20.3546180725,19.7602901459,19.7614898682,19.7529945374,56.9133224487,56.5986785889,56.3640823364,56.4804229736,56.5110931396,56.4475250244,56.4695777893,56.5711593628],