{"polygon_x":{"0":[164.5585784912,181.5908508301,199.3193359375,217.2772216797,234.2831115723,251.399520874,268.9733276367,287.7341308594,292.8815002441,275.5623474121,258.2239685059,240.4128112793,223.0268707275,205.6524810791,188.3877563477,170.248550415],"1":[260.7229003906,269.101776123,277.6338500977,286.1343383789,294.5155639648,303.224822998,311.5539855957,319.727142334,319.5438842773,311.43359375,302.8430786133,294.6795959473,286.5436706543,278.3075561523,269.9557800293,260.9051818848],"2":[116.6421661377,131.4254608154,146.3943023682,161.5622711182,176.1291351318,190.9281768799,205.3483886719,220.3776702881,221.318572998,206.0741271973,191.3259124756,176.5919799805,161.7423858643,147.260345459,132.5988006592,116.8664398193],"3":[18.9929237366,24.2517280579,29.0696258545,33.7052536011,38.4494056702,43.011680603,48.0385780334,53.1222572327,53.3696517944,48.3111572266,42.9583740234,38.2225456238,33.614238739,29.0089817047,24.1081066132,19.1570129395],"4":[729.5355834961,739.2874145508,749.6943359375,759.9893188477,770.8639526367,780.5968017578,791.2808837891,798.8037109375,796.6447753906,788.7182617188,779.5989379883,769.7825927734,760.0780639648,750.0372314453,740.6396484375,730.1977539062],"5":[229.4954223633,234.6285858154,239.9107055664,244.6247711182,249.0340270996,253.9495849609,258.8695373535,263.9361877441,264.2850341797,259.4732971191,254.4297027588,249.9124755859,245.3769683838,241.0427856445,236.4526977539,231.4051818848],"6":[123.347442627,143.7295227051,162.004486084,180.5998840332,199.6735229492,219.814163208,238.34815979,259.2403564453,258.9648742676,239.1644287109,219.8097076416,200.2996520996,179.3520355225,162.1107330322,143.2088165283,116.3265609741],"7":[710.0322265625,720.7443847656,732.4760742188,744.7501220703,757.2017822266,769.7086181641,781.234375,792.6323852539,799.8446044922,785.8065795898,773.6099853516,760.6118164062,749.3436279297,737.8779296875,725.1693725586,713.4964599609],"8":[60.8263244629,89.4036407471,118.0183563232,145.4763641357,173.2020263672,202.0129241943,229.6392822266,257.5246887207,258.9177856445,231.1700134277,202.5706634521,173.7617797852,145.7992706299,118.0210037231,89.6309967041,60.2578392029],"9":[818.9747314453,823.1076049805,827.6828613281,832.0844726562,836.5242919922,841.4899291992,846.1315917969,849.7250366211,850.2044677734,845.1253662109,840.4801025391,835.7933959961,831.5025634766,827.3393554688,822.9311523438,818.4110107422],"10":[0.136042431,19.5889930725,38.2574882507,58.0456352234,75.842124939,94.2850875854,111.8940353394,132.3468322754,138.3897247314,120.029296875,100.0495147705,80.0131072998,61.5255889893,42.5894355774,23.3699321747,1.0018159151],"11":[314.9104614258,333.6695556641,349.3380737305,368.4686889648,389.5347595215,412.5704345703,436.1608581543,460.9210510254,499.1887817383,473.8599243164,449.0399780273,425.0333251953,405.1878356934,386.6961975098,372.2581481934,359.0290527344]},"polygon_y":{"0":[438.6705932617,435.7506713867,432.4062805176,427.7667541504,425.0018920898,420.5034179688,416.6589355469,411.7239990234,436.7842407227,442.3723144531,447.8866271973,453.3793640137,458.3592224121,463.2478637695,467.7221069336,471.4797973633],"1":[152.4105682373,152.6640930176,153.2584228516,153.549118042,153.7177581787,153.9516143799,154.707824707,154.9169006348,179.3056030273,179.1260070801,179.0632476807,179.103302002,179.1187896729,178.9262542725,179.2637786865,179.1730651855],"2":[123.5153198242,123.7805786133,123.96068573,124.0577850342,124.219291687,124.1641540527,124.3009567261,124.5233078003,148.6980895996,148.7887878418,148.3815307617,148.156463623,148.4317932129,148.3367767334,148.122177124,147.6621398926],"3":[787.1994628906,786.8718261719,786.9183349609,787.2227783203,787.4790039062,787.4471435547,787.2925415039,787.1236572266,815.9908447266,815.90234375,816.1971435547,816.354675293,816.4122314453,816.6195068359,816.8380126953,816.8383178711],"4":[842.0393066406,842.2040405273,842.5106201172,842.0343017578,841.90625,841.9180297852,841.6448974609,841.3321533203,865.8917236328,866.1340332031,866.0893554688,866.5178222656,866.3818359375,866.6678466797,866.85546875,866.8596191406],"5":[122.3109283447,122.5169448853,123.1224365234,123.1335067749,123.3546524048,123.6909332275,124.1670684814,125.1301269531,149.0805358887,149.0182800293,148.9157714844,148.9990386963,149.0056762695,148.8518218994,148.7527160645,148.6945800781],"6":[183.2799682617,184.0344390869,183.7146606445,184.1539001465,183.5098876953,183.6299438477,183.9622802734,183.705657959,211.7762145996,211.9085388184,212.235244751,212.5596923828,212.9963989258,212.3587188721,212.7749938965,211.5043945312],"7":[876.9937133789,875.7624511719,874.7690429688,873.5290527344,872.4577636719,871.4099121094,870.1879272461,868.5409545898,896.6057739258,896.9793701172,897.9967041016,899.0384521484,900.1892700195,901.5495605469,903.0323486328,904.849609375],"8":[150.2753143311,151.4849090576,151.2822265625,151.9167633057,152.5425415039,152.2472229004,152.0021514893,152.1108703613,179.4114532471,179.775680542,179.942779541,180.029876709,179.876083374,180.1499938965,179.6904296875,179.722076416],"9":[708.7493896484,708.4771728516,708.3698730469,708.1639404297,708.0551757812,707.7471923828,707.4744873047,707.7496337891,733.9224853516,734.0400390625,734.3359375,734.5075683594,734.5508422852,734.6656494141,734.8999023438,734.9730834961],"10":[898.1792602539,894.2882080078,889.2091064453,883.8734130859,878.6475219727,872.9112548828,867.1178588867,860.1727905273,882.4243774414,889.5972900391,897.3546142578,904.5616455078,910.865234375,916.5534057617,922.9448852539,927.8952636719],"11":[980.0765991211,932.1133422852,887.6134643555,842.7698974609,795.4793701172,742.9741821289,697.6207275391,650.9453125,671.5797119141,722.940612793,764.7177734375,811.5438232422,857.7468261719,901.0504760742,940.2582397461,994.9224853516]},"text":{"0":"Salomon","1":"Gree","2":"Maisons","3":"84","4":"GIMET","5":"de","6":"Necpporr","7":"PROTES","8":"Tarchimanrite","9":"18","10":"Petsahour","11":"EHENAA"},"score":{"0":0.982793808,"1":0.9291091561,"2":0.9545996189,"3":0.7655450106,"4":0.849809289,"5":0.8268233538,"6":0.9515269399,"7":0.8931263685,"8":0.9706847668,"9":0.7693414092,"10":0.9248269796,"11":0.9806740284}}