{"polygon_x":{"0":[19.2122554779,37.5323562622,56.4899482727,75.3733291626,94.5406723022,112.9231872559,131.7008361816,150.2087249756,150.5016479492,131.2258758545,112.055480957,93.3028259277,74.5857086182,55.6562194824,36.5987930298,18.0549259186],"1":[664.7397460938,688.0874633789,709.5278930664,731.3129882812,753.0224609375,774.2325439453,796.1091308594,818.2497558594,817.0628662109,794.4133911133,773.328918457,750.8818359375,729.0122070312,707.2161254883,685.2151489258,662.9364013672],"2":[525.9664306641,525.001159668,524.8056640625,525.1389770508,525.5645141602,526.1671142578,527.3583374023,528.7528076172,559.4500732422,559.871887207,560.6488037109,561.4337768555,562.1693115234,562.7844848633,563.0727539062,563.5725708008],"3":[395.4535522461,413.5946655273,431.4985656738,449.3060913086,467.4591064453,485.1227111816,502.5889282227,521.5634765625,521.1881103516,503.6591796875,485.5540161133,467.5619812012,449.5883178711,431.531829834,413.6098632812,395.0198059082],"4":[544.5129394531,550.3466186523,554.3503417969,558.4088745117,562.921081543,566.2583007812,568.5666503906,570.8137817383,604.7752685547,600.0171508789,596.7948608398,593.170715332,588.9354248047,584.6466674805,580.1989135742,573.3812255859],"5":[35.913608551,49.945930481,63.9954795837,77.8813781738,92.3339538574,106.1184768677,120.3300170898,136.3217773438,141.4293365479,127.1243133545,112.7152633667,98.6874542236,84.1304779053,69.6541671753,55.7135543823,40.5327911377],"6":[883.8451538086,895.8041381836,906.5487670898,918.1189575195,928.8045654297,939.7811889648,951.9344482422,962.4871826172,960.3646850586,949.828125,938.7713012695,927.7275390625,916.6986083984,905.3341064453,895.0303955078,882.6614379883],"7":[322.9858398438,332.6490783691,341.9091491699,351.5529174805,360.9885253906,370.7949829102,380.2023925781,390.0486450195,390.1910400391,381.556427002,371.4575500488,361.5232849121,352.0057678223,342.3070678711,332.5985412598,322.9078674316],"8":[596.3208007812,604.2182617188,610.7136230469,616.516418457,624.1149291992,631.7869873047,639.7459106445,646.2869262695,671.5023803711,664.6051635742,658.5366210938,653.0822143555,646.9700927734,640.3168334961,634.8960571289,628.4349365234],"9":[825.6267089844,834.1494140625,841.0422363281,849.1893920898,856.5522460938,863.9190063477,871.5314941406,878.11328125,876.6182861328,869.2339477539,862.1198730469,854.9081420898,847.6127929688,840.4013671875,833.3702392578,825.6854858398],"10":[54.7819213867,68.58203125,83.1694488525,97.6093673706,112.0524749756,126.389503479,141.1167755127,156.8183288574,160.4155273438,145.9348449707,131.4705810547,117.2263183594,102.7833251953,88.2008361816,73.8282623291,59.3558807373],"11":[0.0100059137,15.141825676,32.3897895813,49.4306907654,67.2167129517,85.1561050415,103.3781356812,122.9972686768,123.6475753784,104.9421539307,86.4058685303,68.7780303955,50.7509803772,33.3547210693,15.8496074677,0.0319692791],"12":[500.1765136719,507.9752807617,515.3926391602,523.0473632812,530.4047241211,537.9716186523,545.7915649414,552.3815917969,576.4470214844,570.3459472656,563.4436035156,556.0737915039,548.2343139648,540.0145874023,530.9779663086,522.2985229492],"13":[531.4329223633,535.5564575195,539.6134033203,543.4547729492,546.9736328125,550.7067260742,554.3289794922,557.5522460938,559.9060668945,557.4361572266,553.4017333984,548.9161987305,544.7592773438,540.9654541016,537.2582397461,533.2222900391]},"polygon_y":{"0":[666.8848266602,666.2591552734,667.0743408203,666.8771362305,667.1636352539,667.5552368164,667.9603271484,668.4082641602,699.6248779297,699.5374755859,699.7596435547,699.5618896484,699.700012207,699.8247680664,700.0283203125,699.6588745117],"1":[0.0835174695,0.2308800071,0.3350992501,0.3143618107,0.5582260489,0.7265958786,1.0821961164,1.3925875425,26.8730049133,26.6030807495,26.9984436035,27.1132659912,26.8632354736,27.3665599823,27.3279495239,26.5220527649],"2":[579.1574707031,572.68359375,565.783996582,558.9763793945,552.6887817383,547.2678222656,541.0440673828,532.7434082031,532.7732543945,537.9610595703,545.1121826172,551.8474121094,558.3795776367,564.7948608398,571.1052246094,577.7551879883],"3":[90.1008682251,91.1028900146,91.0421295166,91.0169525146,91.5914611816,91.3523178101,90.9375839233,91.3372497559,123.4156646729,124.7692184448,125.2352600098,124.9232788086,124.7380065918,124.5510940552,123.9237594604,123.4969406128],"4":[478.8278198242,466.044342041,451.8379211426,439.9433898926,425.8442382812,412.865447998,397.7959594727,382.5155639648,398.1856689453,411.4360046387,426.1647949219,437.3251342773,453.0879516602,467.3490600586,479.8139038086,494.6917114258],"5":[621.9089355469,620.651550293,618.2239379883,615.1490478516,613.7545166016,611.2486572266,609.0759887695,605.8775634766,634.6586303711,637.934387207,640.4049682617,643.0637207031,645.798034668,648.5595703125,649.7348632812,651.9113769531],"6":[0.1167426556,0.2688004076,0.5194155574,0.5535233617,0.7444350719,1.0507845879,1.7044863701,2.0826566219,26.7802772522,26.8603229523,26.8951148987,26.8066940308,26.753326416,26.6990127563,26.6615829468,26.227016449],"7":[92.6629714966,92.6712112427,92.678565979,92.7203216553,92.8550262451,92.7261047363,93.3408660889,93.0855941772,121.328163147,121.311416626,121.2566757202,121.0985946655,121.3894348145,121.4393692017,121.7003173828,121.7891387939],"8":[314.800994873,298.528503418,285.011138916,270.5621337891,255.0210418701,239.7523498535,225.7726135254,210.6987304688,228.5260009766,243.2677612305,259.2355957031,272.3365478516,287.4404296875,302.8166503906,316.5946044922,332.6055603027],"9":[0.0753685683,0.1190371066,0.2174848914,0.095489651,0.2032222599,0.4407925606,1.1814956665,1.6763454676,26.1576805115,26.2633934021,26.3844890594,26.5024166107,26.7306308746,26.6433334351,27.2266941071,26.4592514038],"10":[198.9579925537,197.6712036133,195.2300415039,193.2138366699,191.6577911377,189.2845458984,186.985534668,183.9922943115,212.4379730225,215.9225311279,218.325378418,221.0511779785,223.6544952393,226.1032104492,227.2188568115,228.4269561768],"11":[39.6937332153,38.0451087952,37.2675933838,36.3804512024,35.4429855347,34.4046630859,34.0383110046,33.256313324,68.3265151978,68.2369613647,68.8398971558,68.8529129028,69.5097808838,70.0705490112,70.5279693604,71.56980896],"12":[680.8383178711,673.0124511719,664.4885253906,655.7794799805,647.5500488281,637.6836547852,627.6469726562,617.4750976562,637.6458129883,648.9356689453,658.2570800781,666.227355957,676.0581054688,685.1312255859,694.9858398438,704.3796386719],"13":[948.536315918,948.4873046875,948.6834716797,948.5196533203,948.3708496094,948.2475585938,948.2523193359,948.0864868164,968.1369018555,968.3299560547,968.0368041992,968.0450439453,968.1576538086,967.7868652344,967.9234619141,968.1790771484]},"text":{"0":"Gabaon","1":"Tombeaux","2":"de","3":"Psephina","4":"Cheikh","5":"Hospice","6":"Rois.","7":"Tour","8":"Aimar","9":"des","10":"Hospice","11":"USSE","12":"Route","13":"63"},"score":{"0":0.9890313745,"1":0.9897694588,"2":0.9722238779,"3":0.9868645072,"4":0.9812053442,"5":0.9881893396,"6":0.9831941724,"7":0.9712917805,"8":0.9632381797,"9":0.9632090926,"10":0.9876634479,"11":0.9743914604,"12":0.9860629439,"13":0.4920676649}}