{"polygon_x":{"0":[224.4491729736,240.8163146973,257.7693481445,274.7690429688,291.7629394531,308.8016052246,326.0083618164,342.6727905273,342.4547119141,325.6091003418,308.3661499023,291.5735778809,275.1485595703,257.9236450195,241.0757751465,224.3177032471],"1":[2.9351093769,14.6529865265,26.106054306,37.7693786621,49.3178749084,60.9954490662,72.3602905273,83.6306610107,84.058265686,72.6019897461,60.8201675415,49.5347213745,38.1166152954,26.4760284424,14.7475919724,3.5057816505],"2":[909.8547363281,921.2709960938,933.1069946289,944.9840698242,956.4427490234,968.3215332031,980.5567016602,992.3006591797,992.414855957,981.5288085938,969.2781982422,957.0047607422,945.5438842773,933.5150146484,921.8385009766,909.7203979492],"3":[160.991027832,168.055847168,175.4325866699,182.9460906982,190.3762969971,198.1212463379,205.4288482666,213.2623901367,213.5186767578,205.8248901367,198.4051818848,191.1579589844,183.8941955566,176.5255432129,168.5811767578,160.9314880371],"4":[122.1220397949,126.5655441284,130.7875518799,135.2474060059,139.438659668,144.1604309082,148.452255249,152.9450378418,153.1023864746,148.6656036377,144.1631774902,139.8974304199,136.0131530762,131.7518920898,127.5382614136,122.7817153931],"5":[96.5666351318,103.4628982544,110.3056640625,117.6478271484,124.4952545166,131.4794616699,138.4139862061,146.1434783936,146.1200561523,139.3296203613,131.5090179443,124.6141891479,117.8791351318,111.0622787476,104.1554946899,96.6123046875],"6":[796.2850952148,820.0864257812,844.1732788086,867.9479980469,891.4921875,915.5904541016,938.4906005859,962.3017578125,964.1895141602,939.6772460938,915.8933105469,892.1676635742,868.2849121094,844.7307128906,821.5756225586,797.6311645508],"7":[236.9961547852,241.200881958,243.5717773438,246.2599182129,249.0023956299,252.1485290527,255.1177978516,257.3304748535,258.672668457,256.3211364746,253.9066925049,250.2383117676,247.0952758789,244.4573364258,242.1758270264,237.7246856689],"8":[95.1016921997,98.7140960693,102.2254104614,106.3390274048,109.9515686035,113.9972686768,117.4200439453,120.5390167236,122.4280929565,119.2999343872,115.3148345947,110.9512710571,107.1282577515,103.4680252075,99.7581558228,95.5907058716],"9":[854.713684082,858.2778930664,861.5604248047,864.3762207031,867.5424194336,871.091003418,873.7255249023,877.1353149414,877.4020385742,874.3817749023,871.0964355469,867.2633056641,864.1033325195,861.3001708984,857.9244384766,854.528503418],"10":[199.3753814697,202.701385498,205.5578613281,208.9976654053,211.7711029053,214.7536621094,217.2494812012,219.7529754639,220.6156005859,218.5170593262,215.7856445312,212.7596740723,209.5506896973,206.7489318848,204.1764678955,200.6565856934],"11":[734.3985595703,738.0021972656,740.2885742188,742.8041992188,745.5505981445,748.2860107422,750.5363769531,753.1533813477,753.9880981445,751.4337158203,748.4857788086,745.0765380859,742.052734375,739.241027832,736.7637939453,733.4459228516],"12":[517.1315917969,520.5347290039,522.6528320312,525.9569091797,529.2647705078,532.0807495117,534.5810546875,537.5413208008,538.3625488281,535.7644042969,533.1849365234,529.4387207031,526.3661499023,523.1884765625,520.9393920898,516.8818359375],"13":[174.334487915,177.6366577148,180.6524963379,183.5501098633,186.7825317383,190.1608428955,192.7298736572,195.809173584,196.5273284912,193.2098693848,190.3176269531,186.1763000488,182.9909362793,180.051864624,176.9931182861,173.8064880371],"14":[251.4597167969,254.8948822021,258.3630065918,261.3519897461,264.6942443848,268.2543945312,271.1972351074,274.531829834,274.8909301758,272.2562866211,268.7592468262,264.6054077148,261.133392334,257.614074707,254.1322174072,250.5664367676],"15":[555.8167724609,565.8662719727,574.6898193359,583.8185424805,593.2294921875,602.3135375977,611.5628662109,621.3349609375,621.2758789062,612.3413696289,602.6809692383,592.8549194336,583.6392211914,573.7730712891,564.3493652344,554.323425293],"16":[953.6663208008,957.8518066406,962.1780395508,965.6057739258,970.0697021484,974.5733032227,978.1320800781,981.7410888672,981.8316650391,978.360534668,974.5653686523,969.2691040039,965.0294189453,961.7031860352,957.0610961914,953.0579833984],"17":[839.5595703125,842.6925048828,846.1530761719,849.6484375,852.8590087891,856.3813476562,858.8851928711,862.8826293945,862.4016723633,859.4323730469,857.0380859375,853.8895263672,849.6798706055,846.3706054688,842.7073974609,839.5582275391]},"polygon_y":{"0":[429.4009399414,428.8644714355,428.9646911621,428.7286682129,428.4088134766,428.1142883301,427.6398925781,427.7364807129,465.9241333008,465.6437683105,465.480682373,465.4992675781,465.2190856934,464.9313659668,465.4564819336,465.6916503906],"1":[430.8762817383,429.7465515137,429.8295898438,429.4947509766,429.0946655273,428.8882446289,428.6612548828,428.6454467773,466.159362793,465.5210876465,465.555480957,465.4592285156,465.4469299316,465.5517578125,465.8082275391,465.8268432617],"2":[446.1499633789,446.62109375,447.1280517578,447.0208740234,447.3648681641,447.6040039062,448.1970214844,448.361541748,473.3209228516,473.1524047852,473.3305358887,473.4009399414,473.3464050293,473.4669189453,473.4504394531,472.7619628906],"3":[430.2104187012,429.8645019531,429.5610046387,429.1300048828,428.8266296387,428.1071777344,427.904296875,427.1768188477,461.8896179199,460.8892211914,461.6028137207,462.4778442383,463.2395019531,464.4399414062,464.534362793,464.6010742188],"4":[330.3847045898,330.4206848145,330.4694824219,330.1446228027,330.0405578613,329.8961181641,329.7099304199,329.6190795898,356.3336181641,356.1714172363,355.9579467773,355.8774414062,356.0439758301,356.1468200684,356.1843261719,356.442565918],"5":[430.3202819824,430.3554992676,430.318572998,429.9856262207,429.8363647461,429.7128295898,429.5114440918,429.2505187988,465.5281066895,465.2235107422,465.1303710938,465.0764465332,464.9266967773,465.080078125,465.3342285156,465.4978027344],"6":[530.4337158203,529.203125,528.3999023438,528.0616455078,527.8206787109,527.9403076172,527.2716064453,527.3034667969,550.2735595703,550.4195556641,550.6896972656,551.0291137695,551.140625,551.3001708984,551.1815185547,551.3187866211],"7":[10.4271774292,10.3244686127,10.5798740387,10.6060361862,10.6783018112,10.1994848251,10.1813526154,9.8470802307,36.0835113525,35.8118400574,35.6298484802,35.5485343933,35.6579437256,35.7372360229,35.688621521,35.7915115356],"8":[337.0202026367,337.0392456055,337.4921875,337.4575805664,336.9134521484,336.2958374023,336.0673522949,336.8017272949,356.9599609375,357.082244873,357.3967285156,357.6135864258,357.7274780273,357.9080505371,358.2479248047,358.3958740234],"9":[149.1283874512,149.4979095459,149.8945465088,150.1661682129,150.3784332275,150.3912200928,150.5525360107,150.8159637451,177.1584472656,177.1431884766,176.911605835,176.8690795898,177.0239257812,177.0491027832,177.119430542,176.9337310791],"10":[10.1189613342,10.0128564835,10.3012294769,10.5576696396,10.2534828186,10.0607767105,10.1473331451,10.6155920029,36.5680046082,36.2683143616,36.0497436523,35.8593254089,35.8600654602,36.0372924805,36.152507782,36.4116134644],"11":[919.2568969727,919.3149414062,919.7219848633,919.9475708008,920.0775756836,920.2466430664,920.3745117188,920.6236572266,945.7746582031,945.7097167969,945.3090820312,945.3713378906,945.3742675781,945.2269287109,944.9494018555,944.6867675781],"12":[150.9075775146,151.2609100342,151.569732666,151.7506713867,151.6635894775,151.3780212402,151.5660400391,152.0473175049,177.9397583008,178.070602417,177.972442627,178.1629333496,178.289642334,178.5999908447,178.5463867188,178.6241760254],"13":[130.2696075439,130.8886566162,131.4401550293,131.6595611572,131.861541748,131.9153289795,132.0107574463,132.0139770508,156.0345153809,155.7481536865,155.4864959717,155.4437713623,155.8442077637,155.9806671143,155.7531890869,155.5342407227],