{"polygon_x":{"0":[625.1217651367,646.7932128906,668.6520996094,690.9096679688,712.8402709961,734.9966430664,756.4177246094,778.6915283203,779.7979736328,757.3492431641,736.2366333008,713.7473144531,691.5551757812,669.7534179688,647.8366699219,625.9091796875],"1":[844.9553222656,863.4699707031,881.9039306641,900.7142333984,918.9279174805,937.7189941406,956.1239624023,974.5705566406,975.3740844727,957.479309082,938.700012207,919.671875,900.9002075195,882.4044799805,864.3539428711,845.0438842773],"2":[831.2427978516,843.3342895508,856.0999145508,868.9330444336,881.1428222656,893.5678710938,905.8172607422,918.5240478516,918.7974853516,905.916015625,893.6436767578,881.3369750977,869.1171875,856.7880249023,844.4602050781,830.9211425781],"3":[825.5633544922,841.4796142578,858.1685791016,875.0002441406,891.4700317383,908.5197753906,924.5142822266,940.9142456055,941.4987182617,924.9470214844,908.5100097656,891.9287719727,875.1978759766,858.6293945312,842.5403442383,825.4024658203],"4":[789.3869628906,796.0601806641,802.8090820312,809.451171875,815.470703125,821.8271484375,827.6323242188,834.3615112305,834.5673828125,828.098815918,821.701171875,815.3206787109,809.3154296875,803.2886352539,797.1512451172,790.0350952148],"5":[679.2915039062,692.306640625,705.8546142578,719.5610961914,733.1104125977,746.3862304688,759.5168457031,772.1172485352,773.8897094727,760.0499267578,746.9393920898,733.4056396484,720.0805664062,706.7864379883,693.5607299805,679.3917236328],"6":[927.0834350586,932.8991699219,938.5706176758,944.1171264648,949.5191040039,954.8692626953,959.9674072266,966.3485107422,966.2597045898,961.0172119141,954.9075317383,949.1518554688,944.1604614258,938.9644775391,933.4938964844,927.3905029297],"7":[780.280090332,785.9280395508,791.350402832,796.8771362305,801.8110351562,807.0544433594,812.1731567383,818.018737793,818.5295410156,812.8173217773,807.2064819336,802.1086425781,797.1900634766,792.0081176758,786.7379150391,781.0172119141],"8":[970.5065917969,974.6707763672,978.4246826172,982.6024780273,986.6784667969,990.7122192383,994.5715332031,998.9879760742,999.689453125,995.2397460938,990.9701538086,987.0690307617,982.8586425781,979.2155761719,975.0960693359,970.7708129883],"9":[312.3331298828,317.2594299316,322.7321777344,328.9143371582,334.5110778809,340.3014526367,345.7803649902,351.104675293,351.4953613281,346.4677734375,340.3593444824,334.9540710449,329.3782043457,323.8194274902,317.8743286133,312.1583557129],"10":[279.2596435547,283.3955078125,288.4164733887,292.9507446289,296.8481445312,301.9253540039,307.2768859863,313.6527099609,320.0668029785,316.1914978027,310.6131591797,305.6215820312,300.5147705078,295.7822570801,290.2311401367,284.1622924805],"11":[23.7647705078,30.4390678406,35.2600402832,40.8047409058,46.173866272,51.157875061,56.2552185059,61.4734840393,62.1827392578,57.7210540771,51.6831893921,45.7176399231,40.285446167,35.11485672,29.5628185272,23.0698204041],"12":[717.8735961914,721.8435058594,723.8063964844,726.8203125,730.6067504883,734.2733154297,736.4813842773,739.3944702148,739.8388671875,737.7167358398,735.3248291016,732.0922851562,727.9013671875,725.1024169922,722.7922973633,718.7796630859],"13":[978.8719482422,981.1734619141,983.7796020508,986.6751708984,988.9300537109,992.0216064453,995.0464477539,999.21484375,999.7230224609,996.1538696289,994.15234375,990.5432128906,987.3776855469,985.4892578125,982.6110229492,978.8563232422],"14":[161.5132446289,166.4841918945,171.5592041016,176.8013305664,181.7777404785,187.0692443848,191.8540649414,197.0637817383,197.0625152588,191.7270050049,186.2951049805,181.5260162354,176.6496582031,171.5396118164,166.5940856934,161.2191772461],"15":[145.4305725098,148.4929656982,150.5860290527,152.8071594238,154.9709625244,157.3114929199,159.5336151123,162.3042449951,164.5945892334,161.5854644775,159.1030731201,156.0983123779,153.6492156982,151.4091491699,149.1444396973,146.4873962402],"16":[161.0873413086,166.656463623,172.3911132812,178.4517669678,184.2230072021,190.0953521729,194.9295654297,200.446685791,200.7224731445,195.225692749,189.411239624,183.2952728271,177.4733734131,171.480255127,165.7974395752,160.0798187256],"17":[11.2684545517,16.0181083679,19.5254878998,24.0739631653,27.9676094055,32.204864502,36.3202133179,39.55418396,38.2456932068,35.0309677124,30.5725822449,25.5319976807,20.7002639771,16.9853973389,11.893819809,8.0478420258],"18":[183.2023925781,193.1867370605,202.3207244873,212.6262817383,222.4989624023,231.7033691406,240.8101501465,251.3085632324,254.8378295898,245.359664917,235.8661651611,225.2149047852,215.78956604,205.9282226562,196.6458129883,185.5726013184],"19":[146.0579071045,148.6130371094,152.3472442627,156.2778167725,160.1739654541,164.8416748047,168.1321411133,171.8566131592,174.8976745605,171.7542419434,167.5385742188,162.734664917,158.9104919434,154.8896942139,149.8179626465,146.4535369873],"20":[657.3461303711,663.4573974609,669.7067871094,675.5038452148,681.5115356445,687.4669799805,693.0966186523,698.3447875977,701.0394287109,694.8735961914,688.8616333008,682.4083251953,676.5373535156,670.7650756836,664.9699707031,657.5914306641]},"polygon_y":{"0":[193.6995849609,193.4014129639,193.4952392578,193.8802490234,194.4582214355,194.7702636719,194.5999755859,195.8788909912,239.0696563721,238.9100341797,238.8979949951,239.1767120361,239.4664611816,239.1228027344,238.6369018555,238.7690124512],"1":[191.9800415039,191.9373321533,192.7495422363,192.8333435059,192.7885742188,193.0158843994,193.1296081543,193.9495544434,237.7059326172,237.9003143311,238.0980072021,238.3671875,238.4750061035,238.4339752197,238.5825958252,237.6829681396],"2":[793.9163208008,793.9461669922,794.0977783203,793.9389038086,794.0112304688,793.8727416992,793.9031982422,793.7933959961,826.3001098633,826.4765625,826.4499511719,826.3403320312,826.6193847656,826.6341552734,826.5650634766,826.6016235352],"3":[247.9962310791,247.3266601562,247.2995758057,247.383605957,247.5456237793,247.6857147217,247.9370880127,248.2208557129,281.8842163086,282.1109924316,281.6026916504,281.3270263672,281.5464477539,281.5603942871,281.6938781738,282.3214111328],"4":[192.3882141113,192.2249603271,192.9805145264,193.928817749,194.4273071289,194.5140380859,195.1528167725,196.2109069824,238.3774719238,238.6772766113,238.6371002197,238.4171447754,238.1265106201,238.0584869385,237.889831543,237.0553894043],"5":[248.5568847656,248.6956787109,249.2390289307,249.1951293945,249.2569122314,249.4569091797,249.0864715576,249.6629638672,281.896697998,281.9227600098,281.7738952637,281.9286499023,281.7484741211,281.6968383789,281.8674621582,282.0361938477],"6":[789.4497680664,789.431640625,789.7973022461,789.9542236328,790.3931884766,790.7282104492,791.0470581055,791.5751953125,825.1024780273,825.3244628906,825.725769043,825.6553955078,825.465637207,825.4055786133,825.5435180664,825.4989624023],"7":[247.727432251,247.8217773438,248.510925293,248.6268768311,248.733001709,248.7927398682,248.9604797363,249.9033813477,281.4132385254,281.4844055176,281.536315918,281.4567871094,281.2255249023,281.0503540039,281.0740356445,280.7488098145],"8":[791.0302124023,790.7172241211,790.8065795898,790.3573608398,790.3092041016,790.1756591797,789.7648925781,789.6563720703,822.5699462891,822.9845581055,823.2440795898,823.6666259766,823.9053344727,824.1671142578,824.3939819336,824.6094360352],"9":[725.3410644531,724.9166259766,725.3168334961,725.3095092773,725.5787353516,725.3996582031,725.4177246094,725.5505981445,756.8432006836,756.9901123047,756.9951171875,756.5289916992,756.5384521484,756.5573120117,756.9919433594,757.2310791016],"10":[853.3177490234,853.0078735352,852.6656494141,851.8228759766,851.2926025391,850.5443115234,849.7761230469,849.3109130859,878.6779174805,879.168762207,879.5321044922,880.0775146484,880.9381713867,881.5591430664,882.5754394531,882.9741210938],