{"polygon_x":{"0":[147.2934570312,152.8096618652,158.403793335,163.9619140625,169.6850891113,175.2740783691,180.22996521,185.6530761719,185.8278656006,180.5468139648,174.694442749,169.2046813965,163.6733398438,158.1915130615,152.8232421875,147.436050415],"1":[6.205083847,12.414598465,17.6222190857,23.0240840912,28.3649730682,33.2792625427,37.3113899231,42.6795272827,41.0411911011,35.8352966309,30.4884700775,24.97123909,19.0830688477,13.5525894165,8.0932626724,2.0922884941],"2":[856.2353515625,860.9814453125,865.2529296875,869.7168579102,873.6901245117,878.1323242188,882.3682861328,886.9469604492,887.5472412109,882.8851318359,878.0400390625,873.5639648438,869.2876586914,864.9923706055,860.4978027344,855.4781494141],"3":[926.1080932617,931.2341918945,935.8593139648,940.806640625,945.5076904297,950.0910644531,954.9218139648,959.9639282227,961.4764404297,956.8956298828,951.5709228516,946.5479125977,941.9951782227,937.443359375,932.5556640625,927.2462158203],"4":[98.6824111938,104.3842010498,109.8896102905,115.7522201538,121.3674850464,127.1218414307,132.1458587646,137.9631347656,138.8616790771,133.927520752,128.1354370117,121.8063735962,116.1420059204,110.6208648682,104.8809127808,99.2424697876],"5":[929.8540039062,937.3590087891,944.8119506836,952.3674316406,959.7399291992,967.0153808594,974.091796875,981.2976074219,980.9784545898,973.440612793,966.0448608398,959.0070800781,951.9268188477,944.7574462891,937.6608886719,929.606262207],"6":[820.255065918,825.0097045898,828.6870117188,832.5696411133,836.1880493164,840.2313232422,844.3145751953,848.3044433594,849.5477294922,845.7589111328,841.0348510742,836.9143066406,833.0752563477,829.1650390625,825.1546630859,820.1245117188],"7":[704.912109375,710.1215209961,715.5042114258,720.5604248047,725.3754882812,731.0753173828,736.1141357422,741.3076782227,740.2152099609,735.0544433594,729.8082275391,724.5568237305,719.9280395508,715.0643310547,710.3704223633,704.8411865234],"8":[381.4671325684,385.0424804688,388.6921691895,392.3000488281,395.6887817383,398.9297180176,402.5903015137,406.1297302246,405.7646484375,403.3569030762,399.6094360352,395.9455566406,391.8948364258,388.3930664062,384.8516235352,380.6297607422],"9":[707.2371826172,711.8854980469,716.6155395508,720.87109375,725.3533935547,730.4958496094,735.072265625,740.3760986328,742.5106811523,737.6358642578,732.0126342773,726.6928710938,721.7788696289,717.526184082,712.8338012695,707.7173461914],"10":[511.8806762695,516.9448242188,521.5114135742,526.052734375,530.5034790039,535.2108154297,539.9655151367,544.9992675781,547.0391235352,541.742980957,536.1011352539,531.6767578125,526.8438110352,522.4657592773,517.7982177734,511.6000366211],"11":[249.9021148682,253.9131469727,258.2216796875,262.3333435059,266.3317260742,270.6325683594,274.8743896484,279.3716125488,279.9486999512,276.0280456543,271.0698242188,266.596496582,262.5721740723,258.3890991211,254.397064209,250.0082244873],"12":[515.3482055664,520.0697021484,524.4138183594,529.4683227539,533.9583740234,539.0098876953,543.4871826172,548.5428466797,550.7036743164,545.4927978516,539.9471435547,535.1337890625,530.0841674805,525.2042236328,520.484375,515.4400024414],"13":[76.1929397583,81.6517333984,86.695640564,91.6850128174,96.2430725098,101.393119812,106.5158920288,112.2546005249,114.9082870483,109.7549438477,103.91355896,98.5906600952,93.4713134766,88.3991622925,83.4854431152,78.0437927246],"14":[877.8632202148,881.2930297852,884.9431762695,888.9722900391,892.8591918945,896.548828125,900.1359863281,904.4534301758,905.1152954102,900.6378173828,897.0534667969,893.1912231445,889.6283569336,886.1253662109,882.4327392578,878.6630249023],"15":[308.6672363281,331.8768920898,352.9291992188,375.3583984375,397.3266601562,418.9823913574,443.0035705566,466.7622375488,462.7278442383,438.1830444336,414.8785400391,392.7502441406,371.1356201172,348.6004333496,326.522064209,305.1683654785],"16":[880.15234375,886.3194580078,893.1628417969,900.3604736328,907.4584960938,914.3970947266,921.0991821289,927.5291748047,928.3975830078,921.5687255859,914.3795166016,907.4921264648,900.6126708984,893.6937866211,886.36328125,879.2076416016],"17":[641.0783691406,646.0841064453,651.9259033203,657.4449462891,662.9339599609,668.6724243164,674.0986328125,679.8298339844,680.1003417969,674.1876831055,668.5156860352,663.1029052734,657.7825927734,652.0043945312,646.6431884766,641.4380493164],"18":[326.791809082,332.3675537109,338.440826416,344.3228149414,350.2124023438,356.259185791,361.2748413086,366.0629577637,366.9012145996,362.3468322754,355.8108215332,349.9426269531,344.4026489258,338.9968261719,333.358581543,327.6042175293],"19":[838.2977905273,842.9426269531,847.151184082,851.6202392578,855.4639892578,859.8834228516,864.3472900391,869.5568237305,873.049987793,868.638671875,863.5843505859,859.079284668,854.8443603516,850.5808105469,846.1617431641,840.9899902344],"20":[180.6432342529,184.7808990479,189.070602417,193.4750061035,198.0937194824,202.6536254883,206.5299987793,210.7458648682,210.9256134033,207.1727752686,202.4092254639,197.6451416016,192.974395752,188.8375091553,184.3453674316,179.9372711182],"21":[952.7696533203,956.1568603516,959.657043457,962.4120483398,965.5414428711,968.5379638672,973.2525634766,977.0130615234,982.7617797852,979.9393310547,977.1024169922,972.8392333984,969.9685668945,966.6015625,962.7915039062,959.5047607422],"22":[756.2434082031,759.9072265625,763.4490966797,767.0776977539,770.0918579102,773.8088378906,776.81640625,780.5773925781,781.2176513672,778.3049316406,774.0204467773,770.4730834961,767.0638427734,763.8306884766,760.60546875,756.6081542969],"23":[649.1750488281,654.3350219727,659.9615478516,666.2917480469,671.4236450195,676.7517700195,681.4312133789,686.770324707,688.8143310547,684.2346801758,678.7557373047,673.2125854492,667.5122070312,662.0923461914,656.369140625,650.0159301758],"24":[628.3024902344,632.6849365234,636.0596313477,639.9761352539,644.3173217773,647.9088134766,651.0528564453,655.3638305664,657.1618041992,652.5918579102,649.5261230469,645.2824707031,640.4263305664,636.1792602539,633.0978393555,628.8902587891],"25":[779.201965332,784.3935546875,789.4086914062,794.9599609375,800.4037475586,805.9134521484,810.5983886719,815.5338134766,815.1227416992,809.2188720703,803.6182250977,798.58984375,793.3885498047,788.6522216797,783.3803710938,778.3759155273],"26":[718.1022949219,721.8286743164,726.4440917969,731.1084594727,735.6235351562,739.8975219727,744.2391357422,748.3150634766,748.508605957,743.0657348633,739.2337036133,734.5996704102,730.0754394531,726.3790283203,721.9362792969,718.4795532227],"27":[166.6573486328,170.5625152588,175.5585327148,180.1100311279,184.0501098633,189.0269317627,193.8591308594,199.1855773926,203.1645507812,198.8390197754,193.2275543213,188.2982788086,183.8604736328,179.4273681641,174.9449768066,169.9873046875],"28":[789.3316650391,794.3236694336,799.1199951172,804.4367675781,809.3041381836,814.6606445312,819.6765136719,825.2838745117,825.7089233398,820.0969238281,814.6312866211,809.9438476562,804.7769165039,799.7609863281,794.2835693359,788.3272705078],"29":[137.0689544678,143.9873352051,149.8121948242,156.1804351807,162.3044433594,168.6858215332,174.3195953369,180.6716918945,182.3692474365,176.5165100098,169.9447631836,163.2356567383,157.3129730225,151.4774780273,145.4870910645,138.4590301514],"30":[940.2167358398,945.0488891602,953.1856689453,961.1029052734,969.1369628906,977.4079589844,985.6524658203,992.3919067383,997.7685546875,986.8608398438,978.2978515625,970.349609375,962.3684692383,953.9694213867,945.0349121094,939.4498291016],"31":[897.1294555664,901.2755737305,907.1704711914,912.8719482422,919.4792480469,925.4016723633,930.0958251953,936.0404052734,934.3491210938,930.5917358398,924.1449584961,919.1762695312,912.6192626953,907.1985473633,901.1965332031,896.8374023438]},