{"polygon_x":{"0":[673.7830810547,698.8902587891,724.3163452148,750.6225585938,775.944152832,801.6462402344,827.1307373047,852.1063842773,851.7691650391,826.7900390625,801.1585083008,775.3663330078,750.4440307617,724.8324584961,699.8226928711,674.1619262695],"1":[480.895111084,506.5921020508,532.5302734375,558.780456543,584.654296875,610.6300048828,636.3188476562,662.3029785156,662.7827148438,637.3014526367,611.3658447266,584.9602050781,559.2152099609,533.5770263672,507.8051147461,480.880279541],"2":[671.0326538086,684.6460571289,697.9622802734,711.1278076172,724.4078979492,737.4945678711,749.8280029297,763.9199829102,755.0357666016,740.7317504883,727.90625,714.0414428711,701.1912841797,688.0931396484,674.0076904297,661.3011474609],"3":[7.1573586464,22.4568901062,38.0148277283,53.8422813416,69.8057785034,85.7590179443,101.9847259521,118.2353973389,117.1527557373,100.3396224976,84.4298629761,68.219871521,52.4108963013,36.1234436035,20.010602951,3.4059789181],"4":[402.4814147949,408.1150817871,413.5335693359,419.5109558105,425.0916748047,430.9045410156,436.5835571289,442.7387084961,422.8649902344,416.6052246094,410.4193115234,404.1722412109,398.716796875,392.7659301758,386.6948242188,380.7434387207],"5":[42.4553108215,55.8408966064,68.4964523315,81.1079788208,94.22605896,107.3975219727,120.1703033447,133.90284729,133.1058654785,120.2378997803,106.9803924561,93.39087677,80.1447219849,66.3294296265,53.7902984619,39.9039611816],"6":[50.2758979797,58.4125862122,66.5602264404,74.8547210693,83.1863327026,91.7504272461,100.0282211304,108.8928070068,108.2704315186,99.830581665,91.2199478149,82.7784118652,74.2814788818,65.6379623413,57.4653587341,48.9372558594],"7":[72.6967010498,83.1950531006,94.4374084473,104.9840545654,115.4100494385,126.1831359863,136.9336242676,147.9270935059,147.0083618164,136.4401550293,125.7634429932,115.070526123,104.611579895,93.6355514526,83.2204055786,71.9760894775],"8":[0.3827245533,11.3322019577,22.2770500183,34.7329864502,46.0887451172,57.7120819092,69.916519165,82.28175354,81.4190368652,69.15625,57.1028518677,45.3963890076,33.9760513306,22.7863845825,11.3249759674,0.0810521469],"9":[625.8647460938,637.102355957,648.5626831055,660.2446289062,671.4029541016,682.5650024414,693.9396972656,706.2509765625,706.2015380859,695.2443847656,683.4212646484,671.8911743164,660.6495361328,649.1253051758,637.6051025391,625.9049072266],"10":[0.0858300775,12.2974672318,24.7613143921,37.716709137,50.492515564,63.3853225708,76.2631149292,89.4097824097,87.3555679321,74.8963775635,62.2181472778,49.3727264404,36.8521995544,24.557723999,11.8669843674,0.0257445034],"11":[773.7725219727,779.7601318359,785.8810424805,791.7401123047,797.7694091797,803.7299194336,809.6292114258,815.5867919922,807.5148925781,800.4511108398,794.2097167969,788.9397583008,782.6735839844,776.8637695312,770.3623046875,764.4017333984],"12":[216.9723815918,224.4586334229,232.6566925049,240.5723571777,248.4036560059,256.177154541,264.0604858398,272.1672668457,272.4570922852,264.6829833984,256.5380249023,248.5296478271,240.738494873,232.412109375,224.9485778809,216.7089691162],"13":[26.7306022644,36.5938224792,45.8111419678,55.5533370972,65.2651367188,74.7207794189,84.5385665894,94.4167480469,94.6230163574,84.1416168213,74.3115081787,64.0846328735,53.9278068542,43.6563301086,33.9122848511,23.3421916962],"14":[38.6441879272,50.2578811646,60.5080947876,71.0900268555,81.9769897461,93.0927886963,104.0986709595,115.6032104492,115.4249420166,103.0596466064,92.4503173828,81.075553894,70.4972381592,59.3143539429,48.1024208069,36.2184486389],"15":[0.8851391673,4.5424766541,7.8993468285,11.6883039474,15.4554462433,19.2406768799,23.7634830475,31.2967948914,31.5683174133,24.7217636108,19.570526123,15.4807004929,11.7805728912,8.2287197113,4.6266598701,0.6083527207],"16":[8.2205781937,12.3383769989,16.1343994141,20.5119628906,24.8362941742,29.4596824646,33.6785354614,38.1970024109,36.4004898071,31.3274116516,26.8526115417,23.0935821533,18.6360015869,14.5945739746,10.2967376709,5.8070669174],"17":[96.5868301392,99.5992889404,102.3946685791,105.1296691895,107.6972961426,110.6351318359,113.1355895996,116.1801223755,117.4350662231,114.7468261719,111.8241882324,108.6137771606,105.9180297852,103.173034668,100.2518310547,97.7066040039],"18":[4.9800758362,9.7891159058,14.8289680481,20.2610740662,24.9346427917,30.1235733032,34.8845062256,39.8079032898,37.9789619446,32.4680404663,27.4771766663,22.6090812683,17.4881782532,12.0178813934,6.7327685356,0.5327754021],"19":[0.639968276,11.3804540634,21.5044784546,32.9780044556,43.706237793,54.6639480591,65.6598968506,77.1722793579,76.2024841309,65.8004150391,54.3999671936,43.3054275513,32.2628135681,21.3047943115,10.4213914871,0.1300480664],"20":[167.263168335,170.460357666,173.1806030273,175.5971069336,178.1748962402,181.1391601562,183.8908538818,186.8920898438,188.2648010254,185.4714202881,182.4033203125,179.0558166504,176.2722625732,173.5793457031,170.955871582,167.8661346436],"21":[340.8812866211,344.5120544434,346.9207763672,350.4378967285,353.419128418,356.4638977051,359.2813720703,361.7152099609,363.5492248535,360.760345459,357.8301391602,354.6263122559,351.3764038086,348.3129882812,345.672668457,342.0430908203],"22":[145.1703796387,148.0255126953,151.5328063965,154.7866973877,158.0704803467,161.6166534424,165.1583709717,169.3186035156,170.5938720703,166.8786621094,163.061706543,159.3372344971,156.0555419922,153.0073242188,149.9425048828,145.9471130371],"23":[3.2589578629,6.3875098228,8.8625669479,11.4745435715,13.961479187,16.6061153412,19.8166942596,24.1436195374,21.5310840607,16.6129455566,13.828209877,11.9391689301,9.474653244,6.5652632713,3.979549408,0.666346252],"24":[84.4963684082,87.9608840942,91.5634155273,95.2502288818,98.3306884766,102.7742614746,106.2594299316,110.1633529663,110.9284362793,107.3224334717,103.0868606567,99.3016891479,96.0243606567,92.6022033691,89.1546936035,85.4179458618],"25":[2.6522052288,20.8503265381,37.7960662842,56.0372924805,74.0997924805,91.8754653931,109.1880722046,127.137588501,127.4551544189,108.6747817993,90.5175170898,72.7406997681,55.29920578,37.2367973328,19.492149353,1.0186793804],"26":[0.3954460919,3.0246124268,4.8970589638,7.3923988342,9.8699245453,11.8507585526,14.0222978592,17.073846817,17.9166660309,15.1362228394,12.8719615936,10.6757688522,8.3672952652,6.1126942635,3.6831781864,0.6046762466],"27":[97.5732040405,100.6293334961,103.7654037476,107.1228942871,110.3070449829,113.7106246948,117.1607818604,120.702255249,121.0277557373,117.6591186523,113.5986022949,110.390335083,107.3992538452,104.3195800781,101.3826828003,97.3594360352],"28":[862.6413574219,866.8963623047,870.0064697266,873.2581176758,876.005859375,879.8857421875,883.4091186523,886.7858886719,888.7071533203,885.2783813477,881.5294799805,877.692565918,874.3701782227,870.6688232422,866.8439941406,863.219909668],"29":[1.1149675846,12.085436821,21.2759304047,31.0567569733,40.7435455322,50.3713989258,59.6682739258,69.1201705933,67.5753097534,59.5000457764,49.8243751526,40.3813171387,30.5464572906,20.5843696594,10.3837795258,0.2200834304],"30":[203.7960205078,207.1932830811,212.0263824463,216.6846466064,221.8850097656,226.7793426514,231.3040008545,235.161895752,230.0640869141,227.872543335,222.655456543,218.2296905518,213.3636169434,208.9074401855,204.888168335,201.9725036621]},"polygon_y":{"0":[259.079864502,258.4440307617,258.0526123047,258.1703491211,257.6155395508,257.2321777344,257.5202026367,258.3424682617,297.9374389648,297.1210021973,296.0873718262,296.0811157227,295.7626953125,295.6223449707,295.9622192383,296.2117919922],"1":[259.3462524414,259.6206054688,259.4534912109,259.090637207,258.6847229004,257.9019775391,257.3630981445,257.4712524414,295.8285217285,295.4526367188,295.2891235352,295.6088256836,295.7503051758,295.7149658203,296.2709655762,296.1521606445],