{"polygon_x":{"0":[15.8684520721,26.7029972076,37.6219673157,48.9477462769,59.6626205444,70.6603317261,81.5449066162,93.4352035522,93.226890564,82.1813354492,70.8488922119,59.7031974792,48.6053123474,37.5016136169,26.079574585,15.5935688019],"1":[0.0150872637,3.2378461361,8.8465013504,13.3408164978,18.2369728088,23.0551338196,28.0584640503,33.3216247559,47.3007011414,41.7137908936,36.3137779236,31.3776988983,26.1843280792,20.3521614075,15.5794277191,10.676448822],"2":[0.4223868251,4.1876525879,6.7049078941,9.7385549545,12.3398017883,14.6334123611,17.0564250946,19.5759162903,24.0468769073,21.0241584778,18.8635349274,15.6004447937,12.7521219254,10.2313594818,7.5357627869,3.9228332043]},"polygon_y":{"0":[558.8655395508,558.9716186523,559.4544067383,560.0638427734,560.2028198242,560.4349975586,560.2243652344,559.9699707031,589.9088134766,589.412109375,589.045715332,588.9123535156,588.3071899414,588.1528930664,588.0541992188,587.8695068359],"1":[613.5495605469,611.2705688477,607.8524780273,604.9439086914,602.2845458984,598.7496948242,595.7654418945,592.6804199219,616.5062866211,621.0044555664,623.9008789062,626.4180908203,629.4616088867,633.2164306641,636.8340454102,639.6608886719],"2":[178.8546447754,180.0013580322,180.3672485352,180.3535461426,180.4967041016,180.5284118652,180.4337921143,180.4601745605,208.9002685547,208.9747924805,208.7309570312,208.8398590088,209.1024017334,209.4411621094,209.8782348633,210.3230285645]},"text":{"0":"Entree","1":"Est","2":"7"},"score":{"0":0.9704294801,"1":0.9710777998,"2":0.691251874}}