{"polygon_x":{"0":[0.0546683073,22.0508670807,45.999294281,69.6926498413,94.0376358032,118.7640457153,142.5409851074,165.8685913086,167.8613128662,144.0839996338,120.0345535278,95.8372802734,71.684173584,48.2886505127,23.9349594116,0.2351115942],"1":[410.1649475098,415.4437866211,420.2711791992,425.4273986816,430.3569030762,435.4440307617,440.5487060547,445.2174377441,445.6265563965,441.0018310547,435.3765869141,430.4250488281,425.5319824219,420.6415405273,415.7633972168,410.5446777344],"2":[0.0100078881,33.57762146,71.6134033203,108.5651779175,145.2740020752,184.3513641357,221.2238464355,257.3239440918,256.8041381836,221.407989502,184.1419372559,146.0887908936,108.6380386353,71.7007904053,33.3421707153,0.0602788664],"3":[786.385559082,791.4352416992,796.2410888672,800.6607666016,804.9680175781,809.833984375,814.4077148438,819.8547363281,822.3959960938,816.8255004883,811.2774047852,806.209777832,801.5377807617,797.0748901367,792.1535644531,787.1130371094],"4":[299.4996337891,304.4902648926,309.407989502,314.2872924805,319.1667480469,323.7540893555,328.3961181641,333.4924926758,333.9780273438,328.5347290039,322.9739990234,318.2714538574,313.403137207,308.5455932617,303.7334594727,299.1112670898],"5":[250.0174865723,255.4804992676,260.3634643555,265.5575866699,270.2985229492,275.8700866699,280.9304199219,286.5977172852,287.4869995117,281.9742431641,275.647857666,270.3133544922,265.4058227539,260.2999572754,255.4622650146,249.5080871582],"6":[757.311706543,762.6882324219,768.2852783203,773.9605712891,779.1916503906,784.5665893555,789.8981933594,794.9528808594,796.0369873047,791.3361816406,785.3521728516,780.0162353516,774.6984863281,769.501953125,764.1274414062,758.1846923828],"7":[457.3468322754,465.4634399414,473.4088439941,481.123626709,489.1236877441,496.6926879883,504.0663452148,513.3474121094,511.4566650391,504.45703125,496.3011474609,488.7028503418,480.9459838867,473.3577880859,465.9054870605,458.1481323242],"8":[142.6193389893,146.2280883789,149.7473907471,153.3062744141,156.6721954346,160.3496704102,163.8317260742,167.0286712646,169.4173431396,166.4019012451,163.0780029297,158.8921508789,155.5881500244,152.1529388428,148.5026702881,144.4402618408],"9":[176.428894043,181.8408508301,186.649017334,191.5688934326,196.410446167,200.9336853027,205.4281463623,211.0480957031,214.8034973145,209.1136932373,204.1907348633,198.9892425537,193.7152099609,188.6498718262,183.4584350586,177.7904052734],"10":[59.33826828,63.4835510254,68.9899139404,73.8947143555,78.983795166,83.3268737793,89.2613601685,96.32762146,111.4716186523,106.5172271729,100.2376403809,94.3459625244,88.9312820435,84.0568084717,79.1528930664,72.7144927979],"11":[166.3532867432,171.1753845215,175.3659057617,179.2759857178,183.3180389404,187.5943145752,191.3806762695,195.8589935303,196.9642486572,192.1162261963,187.4640045166,183.6347045898,179.8203735352,175.8178405762,171.1234436035,166.1904754639],"12":[698.8076782227,700.9119262695,702.421875,703.0807495117,704.1342773438,705.272277832,706.8030395508,709.5218505859,742.9169921875,742.39453125,741.4083251953,742.8041992188,742.1567382812,740.2725219727,736.4787597656,735.0336303711],"13":[293.9273071289,299.4378051758,304.6680908203,309.2084350586,314.1762084961,319.2972717285,324.4879760742,329.9639892578,329.9300537109,325.4200439453,319.5444030762,314.1122131348,309.1428527832,304.4460144043,299.4447021484,294.3491821289],"14":[86.5749511719,94.8368682861,103.1985092163,111.6154098511,119.4901275635,126.4805984497,134.5951538086,146.5676269531,162.0108337402,154.9818267822,147.5833282471,138.8356628418,130.815612793,122.6912689209,115.7383422852,107.0189743042],"15":[212.4348297119,218.6891479492,222.8167724609,226.3240814209,230.294708252,234.9483642578,239.2286529541,244.1842346191,246.5110778809,242.2966918945,237.0837249756,231.5390625,226.5166320801,221.9597473145,217.6344146729,212.0105895996],"16":[761.9407958984,760.8365478516,761.4450683594,763.4219970703,765.7481689453,768.0592041016,769.8944091797,773.634765625,723.9846191406,724.5999755859,724.6160888672,723.2952880859,721.8901367188,721.0684204102,720.0310668945,718.1018676758],"17":[50.4905090332,55.0796165466,59.0913772583,63.1697425842,67.3224182129,71.8564453125,75.5966796875,80.2051696777,80.0247955322,76.0589752197,71.5998535156,66.6671447754,62.9572868347,58.6541137695,54.2362174988,49.5347366333],"18":[750.0808105469,750.0581054688,753.1291503906,752.7368164062,754.2755126953,755.4161987305,756.6883544922,758.6104736328,703.5223999023,703.630859375,701.737121582,700.0967407227,697.2974853516,695.876953125,694.7174682617,691.9005737305],"19":[258.674987793,262.3394165039,265.8788757324,269.2054138184,272.8132324219,276.5490112305,280.0764160156,283.7158508301,284.6383056641,281.5276794434,277.0660705566,273.233581543,269.6524658203,265.9111633301,262.4940185547,258.4683532715],"20":[412.520904541,417.1354675293,421.5484313965,426.5536499023,430.0657653809,434.5288085938,438.5264892578,443.9897155762,469.9848937988,465.7797851562,461.9584350586,456.900177002,450.9945373535,447.6719665527,443.7384643555,440.3392028809],"21":[266.5689086914,268.9696655273,274.6841125488,281.2416381836,287.8335266113,294.5600585938,302.3058776855,310.1322631836,313.621887207,306.5971679688,299.7608642578,293.2768554688,284.1142578125,275.378326416,273.4694213867,267.4711608887],"22":[700.9874267578,702.0998535156,701.4940795898,701.5631103516,701.6767578125,703.4045410156,704.4398193359,703.7655029297,741.6827392578,739.8129882812,741.8134765625,743.2059326172,743.8262939453,744.0903320312,741.8356933594,742.0434570312]},"polygon_y":{"0":[610.0256958008,608.5184326172,606.7833862305,604.6364746094,603.3565673828,601.2521972656,600.1575317383,598.3237304688,634.0765380859,635.299987793,636.7176513672,638.6809082031,639.9202270508,641.7572631836,643.7201538086,645.1030273438],"1":[181.3698577881,180.5523986816,180.4903411865,180.2734985352,180.0381317139,179.6315002441,179.4297790527,179.1367797852,208.8715362549,208.6350250244,208.285369873,208.5582885742,208.8979492188,209.5102844238,209.9743347168,209.566116333],"2":[889.2183837891,888.6282348633,888.9776611328,889.0841064453,889.3389892578,889.251953125,889.3314208984,890.1520996094,937.9434204102,936.9113769531,937.0275878906,936.658203125,936.9744873047,936.595703125,937.1423339844,937.1508178711],"3":[179.0198364258,178.7963867188,179.06980896,178.8927612305,178.7409667969,178.2551422119,178.1560058594,178.2297668457,206.2758789062,206.1163330078,206.0399475098,206.1979675293,206.3958892822,206.4669647217,206.6350708008,207.125869751],"4":[417.0305175781,417.1117553711,417.3608703613,417.5295715332,417.6299438477,417.7394104004,418.3767089844,418.8021850586,447.752746582,447.2941589355,446.9117431641,446.638458252,446.6946716309,446.2832336426,446.2467041016,446.2323608398],"5":[391.3221740723,391.0037231445,391.005859375,390.5679016113,390.283203125,390.0989074707,390.1092224121,390.0609130859,421.4404296875,421.647277832,421.4493103027,421.2354125977,421.3515625,421.4509887695,421.6614074707,421.8955078125],"6":[752.4880981445,752.4293212891,752.6248779297,752.1741943359,752.0499267578,751.8218994141,751.4965820312,752.0338134766,781.9931640625,782.4528808594,782.2360229492,782.2601928711,782.4431152344,782.4260253906,782.462890625,782.6550292969],"7":[202.5809020996,203.3644256592,203.9335632324,204.5296020508,204.9008331299,205.1691436768,205.8362579346,205.689666748,232.9015808105,232.5391387939,232.5794067383,232.2233428955,232.0958862305,231.7293395996,231.6595153809,231.3806152344],"8":[549.0456542969,548.9189453125,549.1512451172,548.8645629883,548.5393676758,548.2652587891,548.0162353516,547.3909912109,575.1662597656,574.7883300781,574.4517822266,574.5205688477,575.1348876953,576.2628173828,576.6405639648,576.3958740234],