{"polygon_x":{"0":[0.3365742862,23.4928970337,47.0624008179,70.4968795776,94.7493896484,118.5717163086,141.8791351318,164.4424438477,164.1767272949,140.8642883301,117.2262115479,93.583694458,69.4506072998,46.1120185852,22.7521781921,0.2128997296],"1":[514.9516601562,524.6314697266,533.2691040039,542.8955078125,552.3416748047,562.1366577148,571.776184082,581.8793945312,557.1508178711,547.7539672852,537.7150878906,527.3707275391,517.6033325195,508.1159973145,498.8963012695,489.4549560547],"2":[429.4574584961,440.1903076172,451.1295776367,461.4317626953,471.4791564941,481.5625305176,490.9740905762,501.651550293,476.5283813477,467.4532775879,457.6667480469,447.7117614746,437.3577880859,426.3326721191,415.8657226562,403.7702636719],"3":[780.1539306641,796.8737182617,812.7448120117,829.3258056641,845.1107177734,861.2325439453,877.2515869141,893.7932128906,896.3288574219,879.8413085938,863.6548461914,847.6815795898,831.4302978516,815.1726074219,798.9447631836,782.1645507812],"4":[369.4574279785,379.9379272461,390.1763916016,399.8211669922,409.7721557617,420.2560424805,429.8753051758,439.200592041,464.4385070801,453.9473876953,444.0325622559,434.1826171875,423.7243347168,414.1043395996,404.4958496094,392.6674194336],"5":[534.9310913086,554.0135498047,573.0510253906,592.4997558594,611.1597900391,630.0546875,648.8849487305,668.9532470703,671.8189697266,652.7598876953,633.3252563477,614.9478149414,596.0855712891,577.0236206055,558.5592041016,539.1834106445],"6":[0.208237201,16.2807979584,32.2826423645,49.5397262573,66.1118850708,83.2859115601,99.2654037476,116.2338409424,116.3344573975,98.7055206299,82.1916351318,64.969833374,48.1294708252,31.865940094,15.6617736816,0.0757623687],"7":[696.4510498047,702.1380615234,710.8448486328,718.0451049805,723.4670410156,729.1446533203,733.9064941406,740.8426513672,710.7984008789,702.3044433594,695.5765380859,689.8238525391,683.4329833984,678.4189453125,673.4073486328,667.5384521484],"8":[67.9119949341,77.0188293457,85.8446578979,95.0030441284,103.9830627441,112.6817245483,121.6211547852,130.9246520996,130.9920654297,121.7599105835,112.1712112427,103.2471466064,94.5008163452,85.4281768799,76.9870300293,68.137588501],"9":[0.0670777857,10.5256443024,21.4403743744,32.4639358521,43.4688911438,54.6777000427,66.2537078857,77.9726104736,77.0765914917,65.8630065918,54.2708435059,43.1436309814,32.1758918762,21.4083862305,10.3545293808,0.0986857116],"10":[722.2799072266,727.728515625,733.6040649414,738.9094238281,743.2811279297,748.4184570312,753.509765625,758.3447875977,762.2644042969,757.1341552734,751.2708740234,746.4368286133,741.4953613281,736.6604614258,731.4099731445,726.1068725586],"11":[466.0229797363,472.2781066895,478.5535888672,484.1666259766,489.1987609863,494.3963928223,500.2901611328,506.0055236816,525.5234985352,520.6458740234,514.5902099609,509.4876708984,504.1974182129,499.4587402344,494.9465637207,489.5709533691],"12":[170.1032104492,174.3673858643,179.1813049316,184.0202178955,188.5244140625,193.380569458,198.2109222412,202.255279541,203.1073303223,198.6910400391,193.1053924561,188.7037353516,184.0460968018,179.0915527344,174.2105865479,169.7703399658],"13":[836.6829833984,839.0176391602,846.1301269531,853.0145874023,859.3342285156,866.5593261719,873.9055175781,881.8695678711,859.2562866211,851.6756591797,845.3443603516,839.3980712891,832.9265136719,827.3543701172,821.4952392578,813.7423095703],"14":[151.9125976562,177.5017700195,200.6178436279,220.7594909668,241.0447387695,261.3693847656,280.490447998,302.5531311035,302.4109191895,282.1528320312,261.6810302734,240.9031524658,220.5927734375,201.3878479004,180.0280761719,155.3627166748],"15":[679.8991699219,684.5278320312,688.727355957,693.6218261719,697.6956176758,701.9481201172,706.5948486328,711.4766845703,720.7897338867,715.5595703125,711.0198974609,706.4431152344,701.8004760742,697.3093261719,693.1105957031,687.6783447266],"16":[3.0854046345,6.5352630615,9.4646606445,12.722158432,15.6884088516,20.1774940491,23.840839386,27.1833705902,24.8508739471,19.9832000732,16.4666442871,13.8700504303,10.491317749,7.5401582718,4.4037036896,0.4456470609],"17":[788.9283447266,793.2757568359,797.3581542969,800.8726806641,804.7034301758,808.4188232422,812.0227661133,816.3469848633,815.9855957031,811.5715942383,807.8161010742,803.010925293,798.7619628906,795.2593383789,791.2915039062,787.4285888672]},"polygon_y":{"0":[733.0642700195,732.7178955078,733.1684570312,733.0528564453,733.1159667969,733.6029663086,732.5247192383,733.671875,761.0901489258,761.5436401367,761.6223144531,762.0099487305,762.5289306641,762.5036621094,763.1812744141,762.8760375977],"1":[126.1188659668,140.5918273926,154.4941864014,167.6135406494,181.5239715576,195.2009887695,208.6489868164,221.697555542,238.1733398438,225.3968811035,211.2114257812,197.5881347656,184.2537078857,171.1971740723,158.2385253906,144.4538421631],"2":[35.9666290283,46.4114151001,58.7731513977,70.1014404297,82.2750701904,94.9905014038,107.9113845825,120.092300415,138.686126709,126.9355392456,115.3914337158,102.4020843506,91.0348587036,78.9652404785,67.7019271851,54.9803352356],"3":[840.114440918,839.4918212891,838.3033447266,837.0048828125,836.1878662109,835.1131591797,833.8403320312,832.9471435547,864.4943847656,866.3718261719,868.430480957,869.8056030273,871.5191650391,872.9486083984,874.4229736328,874.8911132812],"4":[979.6059570312,971.4833984375,961.7534179688,952.5115356445,943.5067138672,933.6018066406,923.3526611328,914.7540283203,937.748046875,947.5782470703,956.7807617188,965.9777832031,975.7990722656,984.44140625,992.610534668,999.8696899414],"5":[869.3466796875,867.051940918,865.9913330078,864.8542480469,863.6416625977,862.6497802734,862.1196899414,862.2571411133,893.5142822266,894.0357055664,894.8271484375,896.1046142578,897.3271484375,898.59765625,900.5548095703,902.7923583984],"6":[691.6395263672,691.6205444336,690.9842529297,690.732421875,691.0879516602,691.0050048828,690.9268798828,690.9880371094,719.6405029297,719.4609375,720.0080566406,719.9091186523,720.1484375,719.7921142578,720.276550293,720.471496582],"7":[244.0454711914,246.6010742188,250.5211486816,253.3479919434,256.862701416,260.6075439453,264.3975219727,267.9799194336,307.2320861816,303.7007141113,300.6635131836,298.1618347168,296.4000854492,293.8658447266,290.9089050293,288.4923706055],"8":[185.93309021,185.971206665,186.0242004395,186.222366333,185.711517334,185.1020202637,185.5519104004,186.6565704346,229.219039917,229.8243713379,229.9866333008,230.0129699707,229.9757385254,230.1109466553,230.4597167969,229.8367614746],"9":[775.9093017578,775.4030761719,775.8624267578,776.1202392578,775.8997192383,776.1616210938,777.2610473633,777.4522705078,803.4802856445,803.4125976562,803.6048583984,803.1206665039,802.7009277344,802.7225341797,802.7098999023,802.2115478516],"10":[846.7285766602,846.1447143555,846.3280029297,846.0679931641,845.8852539062,845.7448730469,845.7827148438,846.1376342773,876.7224731445,877.1573486328,877.4541015625,878.1188964844,878.4107055664,878.6164550781,879.0368652344,879.4281616211],"11":[904.9702148438,900.3125610352,896.7818603516,893.5643920898,890.6533813477,887.6236572266,884.3646240234,881.5832519531,907.0995483398,910.5859985352,914.6454467773,917.9625854492,921.0845336914,924.1120605469,927.5639648438,930.3441772461],"12":[739.3505249023,738.9996337891,739.1287841797,738.9901123047,738.8608398438,738.4473266602,738.3334350586,738.2497558594,761.0272216797,760.9660644531,761.0997924805,761.341796875,761.4926757812,761.5777587891,761.9055175781,761.7194213867],"13":[309.6287841797,312.897277832,315.015411377,316.0681762695,317.1440734863,318.1146850586,319.9192810059,322.3180541992,369.7528381348,366.7227783203,364.444732666,362.5402526855,360.6669616699,358.4548950195,356.004486084,353.5801391602],