{"polygon_x":{"0":[688.7185668945,709.607421875,730.5767822266,751.6243896484,772.1566772461,793.3577880859,813.3374633789,833.9440307617,834.7405395508,813.6553955078,793.2586669922,772.2593994141,751.8408203125,731.1166381836,710.2220458984,688.8720703125],"1":[564.2216796875,579.8361206055,595.6083984375,611.5788574219,627.2361450195,643.239440918,658.5927734375,674.6149291992,674.4085693359,658.1971435547,642.9556274414,627.0396118164,611.6834106445,595.4943847656,579.8213500977,563.4537963867],"2":[220.2601318359,230.6367797852,241.7855834961,252.8662109375,263.6022338867,274.5168457031,285.3094787598,296.5428466797,296.5038757324,286.1473388672,274.899810791,264.1087036133,253.3026885986,242.2752227783,231.2011566162,220.1236724854],"3":[905.1931152344,910.5764770508,915.150390625,919.6697998047,924.1639404297,929.0615234375,934.0862426758,938.1948242188,937.5394287109,932.5912475586,927.6177978516,922.9329833984,918.4617919922,913.9971313477,909.3225708008,903.895324707],"4":[849.5467529297,855.032043457,860.6991577148,866.7103271484,872.1085205078,877.974609375,883.630859375,888.8953857422,888.966796875,883.3442382812,877.3133544922,871.9739379883,866.5593261719,861.0220947266,855.5484619141,849.4593505859],"5":[964.6337280273,968.8884887695,973.2235717773,977.7484741211,982.1831054688,986.8525390625,991.2258300781,995.2603149414,996.8682861328,992.1569824219,987.2498779297,982.6239624023,978.0275878906,973.7616577148,969.1131591797,964.9920043945],"6":[708.0123291016,711.234375,714.5567626953,718.1289672852,721.7542114258,725.4191894531,728.8842773438,731.912902832,732.4412841797,729.4073486328,725.2951049805,721.5330810547,718.0559692383,714.7427368164,711.2933349609,707.5939941406],"7":[900.8504638672,904.4256591797,908.1735839844,911.5971679688,914.9027099609,918.4228515625,921.5290527344,925.5215454102,926.2401733398,922.7680664062,918.6381835938,914.8034667969,911.5364990234,908.2632446289,904.8852539062,901.0374755859],"8":[949.7842407227,957.46484375,964.3498535156,971.5394287109,978.3688964844,985.5361938477,992.6873779297,999.7376708984,999.8357543945,992.7366943359,985.544921875,978.2705688477,971.1810302734,964.4027709961,957.6362304688,949.6199951172],"9":[966.0198974609,970.1916503906,974.3920288086,978.6364135742,983.0863037109,987.6309204102,991.8918457031,995.7568969727,996.0822143555,991.8665161133,987.3983764648,982.9061889648,978.6041870117,974.3456420898,969.9591674805,965.9058837891],"10":[381.3049926758,384.6575317383,388.838470459,393.495300293,397.0170288086,400.8942260742,404.6510620117,408.5970458984,408.5374145508,404.8266601562,401.3263244629,397.289855957,393.3690795898,389.3446655273,385.1936035156,380.6647338867],"11":[237.8285827637,241.1701660156,243.7783966064,246.1335449219,248.7693023682,252.0711517334,255.3353271484,258.2431335449,260.0716552734,257.0493774414,253.4797821045,250.3359069824,247.35105896,244.6162719727,242.1304168701,238.6450958252],"12":[651.6333618164,655.873046875,659.0234985352,662.8016357422,666.6412963867,670.3831787109,673.9824829102,678.0524902344,679.5233764648,675.7388916016,671.8577880859,667.5820922852,664.0447998047,660.2354736328,656.9133911133,652.2833862305],"13":[713.3814697266,716.6918334961,720.8904418945,724.1733398438,729.7307739258,734.1876220703,740.6042480469,748.3052978516,760.1382446289,756.3846435547,752.7327880859,746.2372436523,741.5324707031,732.7918701172,726.9018554688,720.5258178711],"14":[785.578918457,788.9782104492,791.8073730469,794.5220336914,797.3070678711,800.6234741211,803.4994506836,806.5889892578,807.7520751953,804.7573852539,801.0879516602,797.5893554688,794.7734985352,792.1569824219,789.397277832,785.5156860352],"15":[720.8153076172,724.508605957,728.3261108398,731.233581543,733.8974609375,737.3065185547,741.4370117188,745.0162353516,750.9307861328,748.2302856445,745.7235107422,742.3373413086,738.8742675781,734.7966308594,731.6898193359,726.5439453125],"16":[657.7562866211,661.2302246094,663.9586791992,667.4508056641,670.6920776367,673.5278320312,676.331237793,679.4437255859,679.3101806641,676.4273071289,673.6939086914,670.7168579102,667.6665039062,664.2282714844,661.7620849609,657.7636108398],"17":[25.4588108063,115.2489547729,203.6003723145,293.1394042969,383.6103515625,470.0733642578,564.5017700195,647.7106933594,665.4075927734,558.8160400391,468.2063293457,382.4382019043,292.7187805176,203.9996185303,116.5599365234,28.863494873],"18":[25.0937004089,117.7282104492,212.2632751465,294.7416992188,386.1046142578,475.2796630859,565.7360229492,647.0392456055,651.2078857422,559.9024658203,470.3538208008,382.910949707,294.4736022949,206.2987365723,116.9164962769,27.95079422],"19":[365.0989990234,367.8079833984,370.4913330078,372.2754516602,374.3597717285,376.3378601074,378.3889160156,379.9470214844,380.1040344238,378.8887329102,376.4642333984,372.9227294922,370.4913635254,368.141784668,366.6549682617,364.186340332]},"polygon_y":{"0":[661.9857788086,661.7282104492,661.6245117188,661.5365600586,661.1225585938,660.9451904297,660.3645019531,660.475769043,698.4647216797,698.2507324219,697.9708251953,698.3173217773,698.5979614258,699.1259765625,698.4166870117,697.9061279297],"1":[659.4520263672,660.1169433594,659.8302001953,659.5250244141,659.5150146484,659.1846923828,659.319519043,658.8768310547,695.955078125,695.5212402344,695.6133422852,695.5130004883,695.5863037109,695.5286865234,695.5920410156,695.735534668],"2":[899.7986450195,900.0951538086,900.2300415039,900.164855957,900.2026977539,900.0317382812,900.2049560547,899.8928222656,925.2310791016,925.4273681641,925.3122558594,925.4976806641,925.5718994141,925.7699584961,925.6884765625,925.6218261719],"3":[663.0764770508,663.1752929688,663.3262939453,663.5247802734,663.4645996094,663.7995605469,663.8305664062,663.6530761719,696.2830200195,695.891418457,695.4774169922,695.2998046875,695.4098510742,695.3509521484,695.4647216797,695.3359985352],"4":[664.3286132812,664.1954956055,664.2348632812,664.2432250977,664.068359375,663.7891845703,663.5416259766,663.5489501953,696.1839599609,696.0637817383,695.9313964844,695.9426879883,695.8405761719,696.1328125,696.3971557617,696.4151611328],"5":[329.6969299316,329.1965332031,329.0221862793,328.7607421875,328.6505432129,328.2561950684,327.7772216797,327.9702758789,354.0725097656,354.1248779297,354.5667114258,354.267578125,354.6386413574,354.4217529297,354.7156066895,354.4378356934],"6":[63.6206626892,63.8920593262,64.1788635254,64.2374649048,63.9506492615,63.6944198608,63.7671966553,64.0354614258,86.5808792114,86.3846511841,86.0799865723,86.1984176636,86.3902130127,86.255355835,86.1413421631,86.2000656128],"7":[212.650604248,212.5799560547,212.7328796387,212.712677002,212.640625,212.5575256348,212.4851837158,212.5623931885,234.1125335693,234.0176544189,233.9739227295,234.0086669922,234.0527496338,233.9526977539,233.9765625,233.9262542725],"8":[663.0563354492,663.5053710938,663.6372070312,664.1989135742,664.6309814453,664.7073364258,665.2928466797,665.1108398438,696.3532714844,696.825012207,696.8441162109,696.8359985352,696.8649291992,697.0645141602,697.4086914062,697.0875244141],"9":[403.961517334,403.6932373047,403.9715881348,403.9566040039,403.8346862793,403.7057800293,403.5770874023,403.8122253418,427.6103210449,428.3472290039,427.936126709,427.7521057129,427.6906738281,427.4663085938,427.7925415039,427.7029724121],"10":[947.2643432617,947.7313232422,947.888671875,947.8475341797,947.666015625,947.649230957,947.6539306641,947.4170532227,969.0894165039,969.2700195312,969.0727539062,968.8823852539,968.9860839844,968.9019775391,969.0139770508,969.1643066406],"11":[401.1819152832,401.0293273926,401.3175048828,401.4579772949,401.790222168,401.7212219238,401.2005004883,401.1195678711,425.7672729492,425.6611633301,425.1450195312,425.3412475586,425.6620483398,425.8723449707,426.0126342773,426.1065368652],