{"polygon_x":{"0":[579.9650878906,596.9299926758,613.1546020508,629.6427001953,646.8372802734,663.6514892578,678.5643920898,695.5881347656,689.2581787109,672.2427368164,655.2717285156,638.4291992188,622.0406494141,605.5582275391,589.2374267578,573.5985717773],"1":[478.4930725098,486.32421875,494.1743469238,502.4007568359,510.1943359375,518.6259155273,526.3493652344,533.833984375,561.29296875,554.6288452148,546.1756591797,538.2291870117,530.295715332,521.9315185547,512.6656494141,504.366027832],"2":[426.0383605957,446.5644836426,464.2098693848,482.2294921875,500.8584899902,519.1701049805,538.3868408203,555.9749755859,548.0811157227,529.2926025391,511.5893554688,494.5155029297,476.9927368164,458.1292419434,439.5427246094,421.2756347656],"3":[685.3388061523,693.3053588867,699.1113891602,704.339050293,710.1165161133,715.3640136719,720.0008544922,723.841003418,750.5986938477,747.1188964844,743.2498779297,738.3002929688,732.600769043,727.7590942383,723.2055053711,718.1195068359],"4":[730.6525268555,736.2814331055,741.765625,747.8559570312,754.0473022461,759.4934082031,765.1727905273,771.1236572266,765.6932983398,759.7655639648,753.2775268555,747.3980712891,741.4678344727,736.1266479492,730.1647949219,725.8122558594],"5":[369.3477172852,363.3431396484,365.0679931641,364.2615966797,367.6735839844,369.23046875,370.5829162598,372.6173706055,313.7359008789,315.0317382812,313.7749938965,312.2015380859,309.8694152832,308.6042785645,308.9510498047,307.7257385254],"6":[830.2051391602,832.2103881836,833.8687133789,836.151184082,838.1814575195,840.0793457031,841.7046508789,844.8742675781,863.4713745117,861.2729492188,859.3786621094,857.6380004883,854.7040405273,852.1708984375,850.2490234375,848.8251953125],"7":[532.9673461914,536.165222168,540.1965942383,544.4533081055,548.2081298828,552.6193847656,555.7655029297,558.9755249023,564.0233764648,559.940246582,556.2152099609,551.5137939453,547.5805053711,543.3912353516,540.4485473633,536.6677246094]},"polygon_y":{"0":[31.939573288,36.2283401489,40.3886070251,44.158405304,48.5172080994,52.3083114624,55.3582954407,57.8815155029,88.0138092041,84.5920944214,80.5417022705,76.8942108154,73.0742950439,69.2250671387,65.5509109497,62.5294036865],"1":[976.1774291992,965.496887207,953.6361694336,942.0923461914,931.1166992188,918.6876831055,907.1768188477,895.1188964844,910.7720947266,923.6215209961,935.7106933594,948.2200927734,959.3609619141,971.0186767578,983.6963500977,995.7543945312],"2":[4.1314601898,6.7998466492,10.4097385406,13.8792896271,17.6321430206,21.97706604,26.8857650757,31.2746963501,62.303565979,56.733631134,53.4969329834,50.1713790894,46.8963813782,43.9894447327,41.3126831055,38.9876861572],"3":[650.1689453125,638.2568969727,625.7774658203,614.2798461914,602.0274658203,588.9537963867,575.9749755859,563.5787963867,575.2747802734,587.9096069336,600.9306640625,613.3532104492,626.4153442383,638.9567871094,650.403503418,661.9906005859],"4":[81.237197876,82.26512146,83.5381240845,84.481918335,85.3965911865,86.4319458008,87.4208984375,88.2402038574,113.5060119629,112.6808166504,111.1441192627,109.7312545776,108.6362609863,107.5963134766,105.5578308105,104.0284729004],"5":[843.7415771484,849.4691162109,855.5688476562,861.5883789062,867.5710449219,874.4587402344,879.5897216797,888.6172485352,897.2552490234,894.3663330078,888.4395751953,881.2087402344,875.9167480469,869.1715087891,859.4739990234,855.0329589844],"6":[601.4129638672,599.9541625977,596.8953857422,594.0444946289,591.8239746094,588.7244873047,586.1714477539,583.5244140625,595.2919921875,598.3897094727,602.1888427734,604.8472900391,607.6909179688,610.50390625,613.2182006836,615.4163208008],"7":[89.4753875732,89.0431289673,89.0802841187,88.941947937,88.4103088379,87.7291259766,87.0934677124,86.6879577637,115.2738342285,115.5052947998,115.2008056641,115.3324203491,116.0363616943,116.3787689209,116.6518554688,117.2084121704]},"text":{"0":"Torrent","1":"Route","2":"Cedron","3":"Anaa","4":"884","5":"I","6":"8","7":"4"},"score":{"0":0.9647579789,"1":0.9798464775,"2":0.9796344638,"3":0.9414316416,"4":0.5667462349,"5":0.5733152628,"6":0.6281661391,"7":0.5469589233}}