{"polygon_x":{"0":[47.5133323669,59.7942962646,73.1909637451,86.3938140869,99.6484985352,112.5746612549,125.4096298218,138.7434234619,136.7737731934,123.8605041504,111.4232635498,98.9028244019,85.7854766846,72.7763061523,59.8501205444,47.2997703552],"1":[727.608581543,747.135559082,766.6586303711,786.5809326172,806.2006225586,825.3712158203,844.5499267578,863.9904174805,864.469543457,844.8018798828,825.5036010742,805.7718505859,786.3052368164,766.7153320312,746.7105102539,727.5013427734],"2":[929.1655273438,938.8353271484,948.7055664062,958.9885864258,969.2209472656,979.4585571289,989.1952514648,999.4653930664,999.3203125,989.3181152344,979.4426879883,969.3607177734,959.3001708984,949.4100341797,939.7410888672,929.5708007812],"3":[903.8740234375,911.0618896484,917.3070678711,924.1383056641,930.8116455078,937.4249267578,943.8272094727,950.3122558594,950.960144043,944.5159301758,937.9232788086,931.1293945312,924.4266357422,917.76953125,910.9699707031,903.9821777344],"4":[0.0099991122,9.7444238663,20.8646755219,31.1488361359,42.187461853,53.3423423767,64.6352539062,75.7779846191,73.9233703613,62.4011611938,52.1158180237,41.6304473877,31.1083316803,21.0115432739,9.6139326096,0.0100005521],"5":[542.8316650391,546.9343261719,550.1679077148,554.5432739258,558.2307128906,562.3157958984,566.2149047852,569.9171142578,570.3062744141,566.9473266602,562.337890625,558.6703491211,554.7896728516,551.1774291992,547.2414550781,542.9271850586],"6":[649.1064453125,654.303527832,659.114074707,664.6096191406,669.7589111328,675.0598754883,679.9515380859,684.6044311523,684.8712768555,679.6102905273,674.5755004883,669.388671875,664.2572631836,659.6446533203,654.7523193359,649.3358764648],"7":[496.1277770996,502.0849609375,507.3463439941,513.4862060547,519.2080688477,525.1923217773,530.8555908203,536.3104858398,536.7626953125,531.3377685547,525.4151000977,519.6248168945,513.6334838867,507.7062988281,502.0558166504,496.0172729492],"8":[382.7348632812,387.4312133789,391.3340454102,396.0549926758,400.3911743164,405.0450439453,409.1746520996,413.3286132812,413.7133178711,409.8274230957,405.4768371582,400.779083252,396.2265014648,392.0709533691,387.5952453613,383.2811889648],"9":[577.9322509766,582.153503418,585.3477783203,589.432434082,593.305480957,597.1486816406,601.0662231445,604.612121582,605.096496582,601.0158081055,596.8866577148,593.2056884766,589.3407592773,585.2343139648,581.5433959961,577.5534667969],"10":[721.5983886719,739.8760986328,759.2334594727,778.9013061523,797.8319702148,816.5236816406,835.1235961914,853.9752807617,854.21875,835.2582397461,816.3635864258,797.2028808594,778.4124145508,759.4094238281,740.1791992188,721.3205566406],"11":[149.2791748047,156.9173583984,164.5267028809,171.8203430176,179.2720794678,186.4959564209,193.8359680176,200.7135162354,200.2666015625,192.5410308838,185.4586791992,178.5636291504,171.1985168457,163.7828063965,156.146484375,148.4646911621],"12":[317.9553527832,321.6788330078,324.8718566895,329.0794372559,332.6182250977,336.6310424805,340.5398254395,343.9779968262,344.6416625977,340.8017578125,336.7090148926,332.9976806641,329.1638183594,325.4039916992,321.8594970703,318.0227355957],"13":[354.0609741211,357.9318847656,361.6403198242,365.9146728516,369.9884033203,373.8640136719,377.9006958008,381.5552062988,381.4802856445,378.3811950684,374.2376403809,369.9268798828,365.8665771484,362.0756225586,358.122253418,353.8665161133],"14":[78.0259399414,96.2227783203,114.438621521,133.2001953125,151.7221679688,169.8769836426,187.4141235352,205.6472473145,204.7875213623,186.4518890381,168.8472900391,151.064239502,132.8577880859,114.0558624268,95.7886199951,77.7143936157],"15":[869.4626464844,875.9125976562,882.2076416016,888.4873046875,894.1568603516,900.2801513672,906.1268310547,912.3243408203,913.2229614258,907.2360839844,900.9231567383,894.7784423828,888.8044433594,882.5174560547,876.1739501953,869.7908935547],"16":[735.302734375,742.0356445312,748.2830810547,755.2573242188,761.7217407227,768.0380249023,774.5955810547,781.2838134766,781.8596191406,775.4141845703,768.8337402344,762.4230957031,755.6365966797,749.0931396484,742.5961303711,735.3507080078],"17":[878.6153564453,884.6438598633,890.3779296875,896.0924072266,901.328125,906.8695068359,912.0517578125,917.8751220703,919.0256347656,913.5834960938,907.9528808594,901.9841308594,896.2838134766,890.4861450195,884.4736328125,878.5095825195],"18":[391.1907958984,395.0765991211,398.4600830078,402.1635131836,406.2114257812,410.0775756836,413.9061889648,417.2569580078,418.3305358887,415.1395263672,410.5120544434,406.7349243164,402.7030944824,399.0803527832,395.2838745117,390.9198608398],"19":[428.0043334961,431.6795043945,435.0440673828,439.0900268555,442.7356262207,446.5023498535,450.2477416992,454.0214233398,454.9638671875,451.1077575684,447.1201782227,443.5376586914,439.693939209,436.1236572266,432.564239502,428.6480712891],"20":[503.1943969727,506.8609619141,510.1384277344,514.348449707,518.1995239258,522.0426025391,525.7578735352,529.2624511719,529.4289550781,525.7395019531,521.6625976562,518.0322875977,514.2193603516,510.6250610352,506.8910522461,502.7971191406],"21":[0.4037289619,7.226418972,12.8014640808,19.2639122009,25.4262447357,32.2159042358,38.8623008728,44.516456604,43.7950820923,37.1148986816,30.6267185211,24.7012500763,18.4708805084,12.3304843903,6.3516511917,0.0803860947],"22":[466.8544006348,470.8670654297,474.2235107422,478.2378845215,482.2186584473,486.202331543,490.2449035645,493.9606933594,494.2161560059,490.2163696289,485.8552246094,482.2183837891,478.3876342773,474.8142700195,471.0214538574,467.1314086914],"23":[690.065246582,696.4416503906,702.5913085938,709.3055419922,715.7445678711,722.0634765625,728.0498657227,734.1041259766,734.1681518555,727.8765869141,721.6449584961,715.3023681641,708.8369750977,702.5046386719,696.4219970703,689.9163208008],"24":[369.7847290039,373.6437988281,377.6771850586,382.2128295898,386.6468505859,391.0432434082,394.959564209,398.5984802246,399.5009155273,395.6018676758,391.1376953125,386.8510131836,382.6207885742,378.8006896973,374.6858520508,370.2194213867],"25":[473.5211791992,479.2878417969,484.6045532227,490.6331176758,496.2100524902,501.7861633301,506.7792358398,511.7951049805,512.1530761719,507.0558166504,501.5791015625,495.8935546875,490.2048950195,484.7790222168,479.1864624023,473.2893066406],"26":[616.6747436523,620.8217773438,624.1021118164,628.176940918,631.7587890625,635.6275634766,639.4508056641,643.3734741211,643.1520996094,639.4882202148,635.5129394531,631.6610107422,627.7700195312,624.1971435547,620.4631347656,616.7229003906],"27":[979.9743652344,983.8208007812,986.7454833984,989.2239990234,991.3359375,994.0614013672,996.7955322266,999.8133544922,999.8459472656,996.8780517578,994.289855957,991.7041015625,988.8397827148,986.7108154297,984.3135986328,980.2415771484],"28":[924.6309814453,935.9304199219,947.6789550781,958.8934936523,969.8770751953,980.2125244141,990.6869506836,999.8959350586,999.9771118164,991.3427124023,981.1591796875,970.3353271484,959.3629150391,948.6392822266,937.4697875977,925.8814086914],"29":[263.2491760254,268.6512145996,274.5155639648,280.3455810547,286.090057373,291.5958862305,296.7013244629,301.8687744141,302.5223388672,297.4795227051,291.2861328125,285.7512512207,280.4828491211,275.0448913574,269.2567138672,264.0963134766],"30":[735.7862548828,738.7966308594,740.3834228516,742.4670410156,744.3901977539,746.6536865234,748.9498291016,751.3091430664,752.1440429688,749.8992919922,747.5821533203,745.1655273438,742.5835571289,740.6810302734,738.493347168,736.0061645508],"31":[693.2554931641,697.9440917969,702.3859863281,707.4130859375,712.1630249023,717.0914306641,721.396484375,725.8232421875,725.9234008789,721.3300170898,716.3444824219,711.9826660156,707.4523925781,703.1306152344,698.6990356445,693.7590332031]},