{"polygon_x":{"0":[88.7292404175,113.9386367798,141.9744720459,169.2929229736,196.3344573975,223.326385498,250.0384521484,276.9113464355,276.9654541016,249.6065673828,221.8492889404,194.4087371826,167.2447357178,140.2316894531,113.038269043,88.8617858887],"1":[543.0042114258,562.41796875,582.0991821289,602.2454223633,622.0134887695,641.4962768555,660.6713867188,680.4105224609,681.0056152344,661.8474121094,642.333984375,622.4820556641,602.4725341797,582.4789428711,562.0334472656,542.5833740234],"2":[924.2846679688,930.6007080078,936.2550048828,942.0427856445,947.9952392578,954.0668334961,959.8784790039,965.0141601562,965.8118286133,959.6118164062,953.4930419922,947.4356079102,941.5024414062,935.8139038086,930.0161743164,923.8107299805],"3":[701.1760864258,710.6729125977,720.8452148438,731.1169433594,740.9677734375,751.1423339844,760.8788452148,769.88671875,770.4409790039,760.4135742188,750.7891235352,741.0324707031,731.184753418,720.7648925781,710.6552124023,700.6822509766],"4":[777.5831298828,797.6936035156,817.5308837891,838.2144165039,858.8971557617,879.7146606445,898.7846679688,920.4149780273,919.9321289062,899.3392333984,879.8204956055,859.2250976562,838.5714111328,817.9794921875,797.2088623047,777.7578125],"5":[464.5631713867,468.5259399414,471.768371582,475.1168518066,479.0087585449,481.99609375,484.3515014648,486.9006958008,487.3811645508,485.4303588867,482.6473693848,478.3922729492,475.0368041992,471.4122924805,468.7744445801,465.184967041]},"polygon_y":{"0":[411.3270263672,412.707824707,414.2906188965,414.4649963379,414.6171875,415.140411377,415.217590332,415.4684143066,488.4823608398,488.931640625,489.7764282227,489.493560791,488.2168579102,487.3653869629,487.063659668,485.9530334473],"1":[389.8379821777,390.3986206055,390.1611938477,390.4020385742,390.3015441895,389.9459228516,388.7882080078,389.508026123,427.4760131836,428.2593078613,429.4979248047,429.2660217285,428.7254333496,428.9138793945,428.7590942383,428.4109191895],"2":[389.3397827148,389.5354614258,389.841796875,389.9463195801,390.0991210938,390.5115356445,390.733795166,390.9392089844,427.9991149902,427.9274902344,427.2255859375,426.548614502,426.7007751465,426.6059875488,425.7948608398,425.6330871582],"3":[393.8404541016,394.3100585938,393.997833252,393.2991333008,393.0737609863,392.9114074707,393.1959228516,393.6981506348,425.3115844727,425.3367614746,425.6276245117,425.9916687012,425.872467041,425.8510742188,426.0397644043,426.066619873],"4":[391.6394348145,392.1590576172,392.184753418,391.9929199219,391.3358764648,391.30859375,390.9365844727,391.2197570801,427.5754394531,428.8683776855,429.8028259277,429.051574707,429.1425170898,428.94921875,429.5071716309,428.344909668],"5":[140.2541503906,140.7395782471,141.0713348389,141.2069549561,141.3389129639,141.346496582,141.5543518066,142.0902862549,166.8779602051,166.9577636719,166.7549438477,166.8563079834,167.1439971924,167.1754760742,167.0616760254,166.8687438965]},"text":{"0":"31033","1":"Imprime","2":"17,","3":"chez","4":"Kappelin","5":"6"},"score":{"0":0.9569910169,"1":0.9854275584,"2":0.9680659771,"3":0.9791664481,"4":0.9817296863,"5":0.658683002}}