{"polygon_x":{"0":[341.7915649414,354.0603637695,366.2955322266,378.8801574707,391.4364013672,403.785949707,416.0736083984,429.4601745605,428.9008789062,416.897857666,404.0164794922,391.6980285645,379.3691711426,367.0807495117,354.8418884277,341.9717712402],"1":[104.8109436035,113.3642883301,122.2829437256,131.1354675293,139.6900787354,148.2271270752,157.250289917,166.5838928223,166.5689849854,157.7439880371,148.6632537842,139.978805542,131.2932434082,122.6083221436,113.7601470947,104.6318130493],"2":[54.1725311279,60.311126709,66.4871673584,72.7356796265,79.4199066162,85.9744415283,92.1986999512,98.9248962402,100.4898452759,93.8339538574,87.4275970459,80.1744537354,73.7768249512,67.5507965088,61.5140075684,55.2236251831],"3":[173.0184936523,195.3618774414,217.261138916,239.6419677734,261.6797180176,283.1368713379,305.7971801758,328.7799072266,331.9517211914,306.6838989258,284.5896606445,262.8175964355,240.6743469238,218.6016082764,195.8175506592,173.2806243896],"4":[815.0981445312,826.8195800781,838.9489135742,850.9567260742,862.5770263672,874.4978027344,886.3636474609,898.1944580078,898.5500488281,886.6631469727,874.8568725586,862.8941650391,851.0375366211,839.0369262695,827.028137207,814.5535888672],"5":[0.0550005659,6.382557869,12.8382148743,19.1357593536,25.9559822083,32.5975074768,39.7629470825,47.3304023743,46.4863777161,40.1161994934,32.6972122192,25.8995437622,19.6378860474,13.1659145355,6.7730979919,0.18686378],"6":[669.3073120117,688.5672607422,709.2637939453,729.3651733398,749.2216796875,769.8283691406,789.4901123047,809.3262939453,809.8315429688,789.8092651367,769.8833618164,749.7078857422,729.3700561523,709.36328125,689.0033569336,669.1971435547],"7":[895.7036132812,899.8511962891,903.1175537109,906.7400512695,910.2833251953,914.1799926758,917.5800170898,920.8305664062,922.0228271484,918.4810791016,914.5562744141,910.4610595703,907.0277099609,903.6712036133,900.1452636719,896.0013427734],"8":[905.3424682617,917.1485595703,929.3110351562,942.0825195312,955.0791015625,968.349609375,981.5415039062,994.7680053711,996.2788085938,982.1104736328,968.9256591797,955.2853393555,942.4061279297,929.7786865234,916.7874145508,904.3576049805],"9":[593.1685791016,597.3620605469,600.1809692383,603.7142333984,607.2926025391,610.8080444336,613.7206420898,616.5174560547,616.369140625,613.7630615234,610.7631225586,606.5427246094,602.8293457031,599.706237793,597.534362793,593.0205688477],"10":[23.7339859009,40.7499008179,57.071231842,75.1190032959,92.6616210938,111.6689987183,126.7704696655,142.7700653076,141.3244018555,125.4915618896,109.2419586182,93.5493164062,76.0754241943,59.557144165,42.8493423462,24.5111446381]},"polygon_y":{"0":[406.3873596191,406.7434997559,407.3041381836,407.8232116699,408.1994934082,408.6858825684,408.3725585938,409.1338500977,442.3240356445,442.3398132324,441.8967895508,441.7919921875,441.581451416,442.085144043,442.1035461426,441.8432312012],"1":[408.2103271484,408.3132629395,408.8369750977,409.6821899414,409.6093139648,410.0771484375,410.465423584,410.9069824219,443.6949157715,443.6480102539,443.0796813965,442.900390625,442.686706543,442.4801330566,442.5875244141,442.6123046875],"2":[407.0001220703,407.3322143555,407.4471435547,407.3215026855,407.1518249512,407.1044311523,406.6940002441,406.3809814453,443.8851928711,443.7789306641,443.2764892578,443.1260986328,443.4370117188,443.2604370117,443.1842651367,443.248046875],"3":[409.4187011719,410.2654724121,410.5748291016,410.5496520996,410.7464904785,411.0736083984,410.2372436523,409.1436462402,443.4760131836,444.7987365723,444.6527099609,444.9590759277,445.2399902344,445.2042236328,444.4000549316,444.0363769531],"4":[194.7061309814,194.5769958496,194.8743896484,195.1546936035,195.2310028076,195.3162994385,195.5391845703,195.9118041992,221.5022583008,221.430267334,221.5048522949,221.4537200928,221.2775268555,221.3076934814,221.2647399902,221.1177978516],"5":[407.9421691895,406.8519287109,407.1632385254,407.4169311523,406.8382263184,407.0796203613,407.2399902344,407.9907836914,441.9431762695,441.7578125,441.5708618164,441.7866516113,441.5422973633,441.515045166,441.7150268555,441.7965087891],"6":[229.9830627441,229.5581054688,228.9254455566,229.0118713379,228.7871704102,228.5688781738,228.6581115723,228.5074157715,252.4959716797,252.2862854004,252.5255584717,252.6708831787,252.5502319336,252.7037658691,252.3628234863,252.7609863281],"7":[232.554473877,232.369354248,232.4736175537,232.4999694824,232.4187011719,232.4002227783,232.2841644287,232.5018157959,251.3062133789,251.674331665,251.813293457,251.8422241211,251.5104064941,251.2148895264,251.1247558594,251.0401611328],"8":[109.3519134521,108.4425201416,108.2384109497,108.5949401855,109.0689544678,108.897354126,108.7597503662,108.4580230713,146.1686401367,145.5205688477,145.6585083008,145.409866333,145.5697479248,145.6496124268,145.5582885742,145.6475067139],"9":[113.4519958496,113.745300293,113.9963684082,113.9951629639,113.7866134644,113.864440918,114.1527175903,114.5831985474,142.7909088135,142.3585968018,141.6197814941,140.7353515625,140.833480835,141.022064209,141.0657958984,141.4124755859],"10":[131.9522247314,131.7123565674,131.1905059814,130.0871124268,129.3287811279,127.8759918213,126.7846069336,127.2473144531,206.7614135742,209.3596191406,210.5216217041,210.8256835938,210.6063690186,210.4002685547,210.4860839844,210.1542053223]},"text":{"0":"Paris.","1":"Rue","2":"42,","3":"Bonaparte","4":"Mctres","5":"ble.","6":"012345","7":"10","8":"HiLL","9":"1","10":"111"},"score":{"0":0.9689233303,"1":0.9844431877,"2":0.9839743972,"3":0.9650659561,"4":0.9810792208,"5":0.9773139358,"6":0.9590233564,"7":0.7740348577,"8":0.6502993703,"9":0.6802278161,"10":0.6283793449}}