{"polygon_x":{"0":[798.3779907227,813.7707519531,830.3489990234,847.3739624023,863.5302124023,879.2504272461,895.7113037109,912.2177734375,913.1283569336,896.8170776367,880.5938720703,864.0643310547,848.2504272461,832.0999755859,815.8090820312,798.9339599609],"1":[730.549987793,738.8859863281,746.6997070312,755.5181274414,764.0512695312,773.1204833984,781.4625244141,790.0430908203,794.1839599609,785.3626098633,777.3565063477,768.4313964844,759.5440673828,750.9180908203,742.1231079102,733.8200683594],"2":[632.9842529297,645.5524902344,658.8217773438,671.6953125,684.6813964844,697.0824584961,709.9114990234,722.5500488281,723.2931518555,710.1384887695,697.7210083008,684.5841064453,671.7825317383,659.2505493164,646.5169677734,632.9614868164],"3":[917.2103881836,929.4131469727,941.4796142578,953.4133911133,964.9165039062,976.7464599609,988.4778442383,999.8198242188,999.8942871094,989.0618896484,977.5595092773,965.6323852539,953.8798828125,942.332824707,930.8063964844,918.1876220703]},"polygon_y":{"0":[404.6725463867,404.4664001465,404.5941772461,404.5471801758,404.2566223145,404.0151977539,404.0668945312,403.2339782715,441.0872802734,441.1823730469,441.2224731445,441.3082580566,441.3503417969,441.6014404297,441.8324584961,441.9281616211],"1":[416.2448425293,414.2828674316,413.7587280273,413.1799621582,412.4160461426,411.0196228027,410.1653442383,409.3547973633,441.0931091309,441.8897705078,443.3237304688,444.7790527344,445.9146118164,447.0480957031,449.1574401855,451.2626647949],"2":[404.9452209473,405.7289428711,406.8322753906,407.0369873047,406.9237670898,406.9915161133,406.5433044434,405.9185180664,442.0155029297,441.7014160156,441.6248779297,441.2530517578,441.0003356934,440.8655395508,440.9332885742,440.6658325195],"3":[405.2095336914,405.2819519043,405.7444763184,405.8706665039,406.4869689941,407.3223876953,407.4049072266,407.324798584,441.4520263672,441.986114502,441.8601989746,441.4696044922,441.444732666,441.832611084,441.5995788574,440.9139709473]},"text":{"0":"Erhard","1":"par","2":"Grave","3":"Schie"},"score":{"0":0.9838057756,"1":0.9815444946,"2":0.9810569882,"3":0.9864750504}}