{"polygon_x":{"0":[785.2373046875,807.1958007812,829.3659667969,851.6002807617,873.5244140625,895.8867797852,918.60546875,941.1357421875,941.1370849609,920.2672729492,897.6367797852,874.2425537109,851.7377929688,829.9110107422,807.345703125,785.5059204102],"1":[789.951171875,808.5268554688,827.1169433594,845.9864501953,864.4684448242,883.2847900391,901.7202148438,920.5717773438,920.3217773438,902.5864257812,883.9672851562,865.0541992188,846.2987060547,827.9017333984,809.0670166016,790.0719604492],"2":[707.4761962891,717.6128540039,728.1470336914,738.9095458984,749.5573730469,759.5153808594,769.9323730469,780.4739990234,781.4020385742,770.9987792969,760.9022216797,750.0916137695,739.1854248047,728.8531494141,718.4435424805,707.5256347656],"3":[704.2495117188,716.9111328125,730.1309814453,743.62890625,756.3580322266,770.0031738281,783.1204223633,795.9230957031,796.2309570312,783.5082397461,770.3392944336,756.7398071289,743.6882324219,730.231262207,717.2666015625,703.4545288086],"4":[809.0216674805,816.1890869141,823.2526245117,830.2581787109,836.4545898438,843.1161499023,849.5227050781,856.3341674805,856.2994384766,849.7182617188,842.994140625,836.2716674805,829.7398681641,822.9984130859,816.35546875,809.3275146484],"5":[863.7204589844,869.9187011719,875.7141723633,881.5406494141,886.5347900391,892.2386474609,897.6877441406,902.9513549805,902.9332885742,897.5476074219,891.9069824219,885.9901123047,880.3334960938,874.9918212891,869.4688720703,863.3590087891],"6":[708.6610107422,719.0385742188,730.0478515625,740.9055175781,751.8301391602,762.327331543,772.9139404297,783.1700439453,784.0499267578,773.856262207,763.4052124023,752.5344848633,741.5328979492,730.8829345703,720.0390014648,709.0103759766],"7":[909.3207397461,923.0242919922,936.6722412109,950.3643798828,962.6776733398,975.2088012695,988.5538330078,999.9729003906,999.9747314453,988.6780395508,975.8321533203,962.4185180664,949.2446899414,936.6167602539,923.580871582,910.3112182617]},"polygon_y":{"0":[13.081694603,13.5395030975,14.2335529327,14.3326044083,14.886141777,14.5891237259,14.8388338089,14.7827758789,49.5103530884,49.3150634766,49.15001297,49.078540802,49.626914978,49.130821228,48.8792228699,48.9714889526],"1":[58.369720459,58.5357818604,58.4985389709,58.8127975464,58.8391876221,58.979637146,58.8491287231,58.950504303,92.7998962402,92.5928421021,92.3329544067,92.1266555786,92.1421203613,91.7727203369,91.6837997437,91.5754013062],"2":[15.0706386566,14.8798141479,14.6700630188,14.8099603653,14.8799476624,14.8453121185,14.1192264557,14.257358551,48.4193572998,48.946056366,48.9914703369,48.8924560547,48.7806015015,48.407459259,48.4751205444,48.4201812744],"3":[147.6811523438,148.9477233887,149.278503418,148.4463195801,148.3802642822,148.1165161133,148.2890014648,147.6813201904,192.4559020996,192.6231536865,193.0142364502,193.0471801758,193.1018218994,193.2857055664,192.8017425537,192.8425750732],"4":[145.7270202637,146.0555877686,146.5424499512,147.2008514404,147.193649292,147.7512207031,148.4392700195,149.1128387451,193.3857879639,193.451461792,193.8217315674,193.8316040039,193.4272003174,193.191696167,193.1539764404,192.7719421387],"5":[146.484588623,147.3605651855,148.5803070068,149.4967956543,149.9221954346,150.7319335938,151.8368377686,152.2075042725,193.3990478516,193.5864562988,193.4845733643,193.3320922852,193.0038757324,192.6513977051,192.313369751,191.8763580322],"6":[57.90832901,57.5087661743,57.1862564087,56.9365692139,57.3392028809,57.2502174377,56.7867584229,56.7460594177,92.0968322754,92.4306793213,92.5331878662,92.461555481,92.4425811768,92.0234985352,92.1555175781,92.3170547485],"7":[144.83253479,146.1300811768,147.8798065186,148.6249542236,149.2772369385,150.5534515381,151.9637451172,152.9130706787,196.4975128174,198.0195465088,198.2816314697,198.6401977539,198.3450927734,198.6024780273,197.5921630859,195.0084838867]},"text":{"0":"Askenasim","1":"Karaites","2":"Juifs","3":"Total","4":"de","5":"la","6":"Juifs","7":"Popu"},"score":{"0":0.9863730669,"1":0.9898821712,"2":0.9839823842,"3":0.9875894189,"4":0.9907630086,"5":0.9906868339,"6":0.9888117313,"7":0.9892644286}}