{"polygon_x":{"0":[471.9001464844,478.501739502,484.5100708008,491.4319458008,498.0283203125,504.8004760742,511.3198852539,517.4984130859,518.447265625,512.380859375,505.3626098633,498.8724365234,492.1532592773,485.4945373535,478.9214477539,472.1932678223],"1":[345.8095703125,351.7823791504,357.650390625,364.041809082,370.244720459,376.1097717285,382.0004272461,387.54296875,388.8658447266,383.1294250488,377.0657653809,370.8766479492,364.669342041,358.8912963867,352.7673034668,346.5749511719],"2":[562.4997558594,569.1643066406,575.1767578125,581.6138916016,588.0620117188,594.1597290039,600.2295532227,605.7736206055,606.6152954102,600.6453857422,594.4749755859,588.0880126953,581.7896728516,576.0311279297,569.8850097656,562.9318237305],"3":[0.1048708707,5.6055641174,11.0353803635,16.5523700714,21.8953304291,27.1948986053,33.2807312012,39.3644180298,39.4324874878,33.3991775513,27.2132205963,21.592710495,16.1350517273,10.9037303925,5.5938177109,0.1066130325],"4":[643.2806396484,646.5346679688,649.5189208984,652.2495117188,655.5588378906,658.826965332,661.453125,664.1577148438,665.3653564453,662.1726074219,660.0795898438,656.6274414062,653.8449707031,650.5388183594,648.0101318359,644.4470825195],"5":[0.0710010454,6.494099617,12.8325605392,19.7147827148,26.6050720215,33.2952156067,40.8796081543,49.0164909363,49.3441696167,42.6907157898,34.1429519653,26.8261318207,19.8185138702,13.0936870575,6.4716033936,0.1174289584],"6":[229.8126373291,236.3597412109,242.5384674072,249.1905975342,255.4862213135,261.9899291992,268.0346374512,274.8464660645,275.2217712402,269.1307067871,262.5391845703,256.1135253906,249.7518157959,243.2633666992,236.9933319092,230.4024505615],"7":[0.3264946043,3.9063203335,7.3526000977,10.9602270126,14.5014944077,18.1147346497,23.1159553528,27.8742961884,28.3291454315,23.0337619781,18.3667106628,14.5943202972,11.1421318054,7.6362094879,3.9996852875,0.3331393003],"8":[186.9425811768,190.8417358398,194.1299591064,197.8143920898,201.3153686523,205.1315002441,208.40574646,211.5349731445,211.9376373291,208.767364502,205.2342376709,201.1814117432,197.6692962646,194.2542266846,190.9007568359,187.3383178711],"9":[126.9933395386,133.210357666,139.2729492188,146.2434997559,152.6622924805,158.9824829102,165.0986328125,170.6903686523,171.2376098633,165.3893280029,159.0656738281,152.7372283936,146.4140625,139.898727417,133.4023742676,127.2806625366],"10":[667.9208984375,683.7884521484,704.4945068359,723.4058227539,742.6012573242,766.3888549805,784.5726318359,806.1547241211,832.0109863281,815.772644043,792.5198364258,769.9455566406,747.9376831055,725.8541870117,704.9611816406,685.0279541016],"11":[850.3186035156,865.4803466797,879.4275512695,892.1780395508,904.617980957,918.9633178711,930.5277099609,944.7575683594,948.3753051758,932.1591186523,919.6560668945,907.2496337891,892.7896728516,879.910949707,867.4538574219,853.3475341797]},"polygon_y":{"0":[8.4195718765,8.4692468643,8.4065446854,8.5434007645,8.4567518234,8.2373008728,8.2796525955,8.2330322266,31.3850421906,31.6182098389,31.6582279205,31.7054538727,31.4109134674,31.4540519714,31.4583587646,31.4555568695],"1":[223.2075653076,222.7421417236,222.9417114258,223.0304718018,223.0880889893,222.9178619385,222.8555297852,223.0197296143,245.751953125,245.7744598389,245.71824646,245.7942504883,245.8799438477,246.0060424805,246.3383789062,246.2764129639],"2":[222.6936187744,222.7573852539,222.8738098145,222.8391265869,222.8130340576,222.600479126,222.5157470703,222.7005004883,245.5815887451,245.3784790039,245.2688446045,245.1688232422,245.1677246094,245.311416626,245.4358215332,245.5076293945],"3":[153.5798492432,153.1605224609,154.1097412109,154.9726104736,155.4403076172,156.4076843262,157.485748291,158.9899902344,197.9271087646,198.7775878906,198.8569793701,198.553237915,198.3533325195,198.2846374512,198.0076446533,197.4395904541],"4":[123.9085693359,123.9466171265,123.9125213623,124.0086517334,124.0209121704,123.9875106812,124.1466064453,123.889831543,145.0774688721,145.1044311523,144.7836456299,145.0596923828,145.4054107666,145.431427002,145.5831298828,145.9310760498],"5":[56.7565917969,57.2531280518,58.5020675659,59.4729614258,59.9083251953,60.4487419128,61.6007423401,62.6802024841,99.4147109985,99.8562927246,100.2227325439,99.5833129883,99.3259506226,99.4874420166,99.2114562988,98.1967086792],"6":[8.2249031067,8.5880174637,8.8894643784,9.147769928,9.0091314316,8.7301445007,9.0191545486,9.0050029755,33.8921699524,33.9367256165,34.1232681274,33.8949165344,33.5007514954,33.5386962891,33.5293540955,33.6322364807],"7":[11.2031784058,10.7729454041,10.9011554718,10.9418830872,10.857088089,10.8569660187,11.0511169434,11.475479126,32.948009491,33.4415817261,33.6742782593,33.8213653564,33.3762321472,32.951587677,33.0132522583,33.0846710205],"8":[122.4878234863,123.0076217651,123.3863830566,123.5348892212,123.5879440308,123.5641326904,123.8532180786,124.0440368652,148.1575469971,148.2868041992,147.9987487793,147.9345397949,147.9432525635,147.620880127,147.5484161377,147.4910888672],"9":[223.7554626465,223.2995910645,223.5703887939,223.7721252441,223.7624511719,223.6311187744,223.9317016602,224.2582397461,247.1549224854,247.3878631592,247.6725006104,247.3841247559,247.3097991943,247.2783813477,247.4960327148,247.1486206055],"10":[411.2331542969,414.0159912109,412.6021118164,412.6012878418,411.475189209,408.924987793,406.9895629883,407.4484558105,525.0733032227,532.4320068359,533.1414794922,531.921875,532.282409668,534.2706298828,531.6498413086,530.8000488281],"11":[420.0283508301,420.7030944824,420.6512756348,420.7582092285,419.8129577637,420.0270996094,419.5755615234,418.2598571777,520.8560791016,516.7056274414,514.2142944336,514.8955688477,516.9139404297,517.9157714844,519.6508178711,521.4979248047]},"text":{"0":"500","1":"500","2":"GOO","3":"ds","4":"3","5":"les","6":"400","7":"10","8":"2","9":"400","10":"C","11":"O"},"score":{"0":0.9812470078,"1":0.9687776566,"2":0.9643281698,"3":0.9854041934,"4":0.8689892888,"5":0.8558304906,"6":0.9776385427,"7":0.808137536,"8":0.8671925068,"9":0.9716545939,"10":0.8670135736,"11":0.5968432426}}