{"polygon_x":{"0":[280.792755127,296.6226501465,313.4745483398,330.760559082,347.5863647461,364.0090942383,380.7547302246,397.4012451172,398.1047363281,381.9936523438,365.1045227051,348.1013183594,331.3377380371,314.4948120117,297.7053833008,280.2504272461],"1":[351.4833068848,358.7828369141,367.4837646484,376.0688476562,384.8644714355,393.2722167969,401.5001220703,410.4543457031,409.5056762695,400.887298584,392.5964355469,384.5102233887,376.0736694336,367.8934020996,359.6380004883,351.3875732422],"2":[0.0100034419,12.6017179489,27.1042175293,40.3430366516,54.0400352478,68.0857467651,82.9586410522,98.3427429199,97.7875900269,83.2437896729,68.8238677979,54.563835144,39.9288482666,26.5965385437,12.4749698639,0.026552178],"3":[314.8054199219,326.32421875,338.1463928223,349.8571166992,362.415222168,374.253112793,388.4099731445,402.3220214844,403.9895324707,390.5473632812,376.6493530273,364.2124938965,351.7607116699,339.5621948242,327.9800415039,314.7937316895],"4":[635.807434082,677.1815185547,723.635925293,769.1828613281,814.7130737305,858.8562011719,904.4057617188,946.0733642578,948.9612426758,905.1730957031,861.8618774414,816.9208374023,771.4727783203,725.8572998047,680.2719726562,634.2471313477],"5":[839.859375,843.7152709961,846.5643310547,849.4835205078,853.0524902344,856.3858642578,859.5792236328,862.7830810547,865.7265625,861.8685913086,858.86328125,854.2459716797,850.732421875,847.6291503906,844.2890014648,839.7603759766]},"polygon_y":{"0":[143.0355987549,143.519317627,143.3401794434,143.2072753906,143.1417541504,142.666229248,142.6202697754,142.6443786621,191.7994842529,191.97265625,192.2134552002,192.3532409668,192.5592803955,192.4288330078,192.409942627,192.2665710449],"1":[56.4270973206,56.4617538452,56.3653755188,56.7204246521,56.8521156311,57.0136413574,57.0240364075,57.2237930298,91.7318344116,91.7416229248,91.6958770752,91.2207489014,90.8500595093,91.0420227051,90.8159790039,91.0598144531],"2":[148.2984771729,148.6065979004,149.4124145508,149.8692626953,150.3142242432,150.8691558838,150.6298217773,151.994140625,192.1949157715,192.3490600586,192.6045532227,192.7797088623,192.6081237793,192.474899292,192.2711181641,191.0765991211],"3":[12.6400985718,12.1366300583,12.0766267776,11.90533638,11.4901371002,11.2574338913,10.3259162903,10.4332695007,47.2724609375,46.9892120361,46.795501709,46.9420089722,46.7992019653,47.2272338867,47.0957107544,45.7665252686],"4":[170.5767211914,169.9960327148,168.4999237061,167.4452056885,167.5911865234,167.2534942627,165.8501586914,167.1757354736,209.4540252686,210.1931610107,209.9973297119,209.8539123535,209.5301971436,210.0190887451,210.7350006104,211.6824951172],"5":[50.0866279602,50.7079849243,51.2213745117,51.6409111023,51.8250427246,51.7359008789,51.6554603577,51.7352523804,78.5750427246,78.5371704102,78.0905227661,78.0399246216,78.2524261475,78.6155776978,79.0588684082,79.4195861816]},"text":{"0":"20330","1":"36.","2":"lation","3":"2470","4":"TEITT","5":"7"},"score":{"0":0.9898632765,"1":0.9723235965,"2":0.9817942381,"3":0.9826353788,"4":0.7213914394,"5":0.7041024566}}