{"polygon_x":{"0":[44.3394317627,62.132522583,79.8488845825,97.3268890381,114.6933822632,131.8552246094,149.1180114746,167.1753540039,169.4112243652,151.3106384277,133.1335754395,115.5249404907,97.9424285889,80.3712158203,62.6187095642,44.3974838257],"1":[0.0456364304,5.6362290382,11.2920036316,17.1087245941,22.9547348022,29.4482593536,36.1284408569,42.2101745605,43.7247505188,37.4637565613,30.8689002991,24.5015716553,18.6184673309,12.8306684494,6.7863249779,0.2657917738],"2":[179.0426940918,193.0094146729,206.7099151611,220.4632720947,234.2302093506,247.9873657227,261.9976196289,276.6346435547,275.7249755859,261.7759399414,248.042678833,233.958190918,220.521270752,207.1938934326,193.6222229004,179.8268432617]},"polygon_y":{"0":[390.3202819824,390.3449707031,390.0872192383,389.8602905273,389.7034912109,389.9587402344,389.9273681641,390.8913574219,426.3672180176,426.2167358398,426.0503540039,426.2209777832,426.2250976562,426.6348876953,426.4854125977,426.3636779785],"1":[399.0340576172,398.2659912109,397.1702575684,396.6840209961,396.2762756348,395.1467285156,394.4473571777,393.5824890137,426.2987060547,426.1026611328,426.0147094727,426.1119995117,426.1473388672,426.2822875977,426.9134216309,426.3872070312],"2":[389.3031005859,389.6683959961,390.0017089844,390.9022521973,391.1629943848,392.0390625,392.1039428711,392.5947570801,426.2329711914,426.1941223145,425.858581543,425.3822631836,424.8495788574,425.2392578125,425.7800292969,425.0635070801]},"text":{"0":"Voltair","1":"1ai","2":"Paris."},"score":{"0":0.9200481772,"1":0.9759380221,"2":0.9732459188}}