{"polygon_x":{"0":[517.771484375,529.6728515625,540.669921875,551.8985595703,563.5228271484,574.6143798828,585.7644042969,597.3109130859,598.2207641602,586.6352539062,574.9320068359,563.3433837891,551.6430053711,540.2937011719,528.9815063477,517.8896484375],"1":[665.6450805664,678.1301879883,690.8148803711,703.3269042969,716.1450805664,728.6292724609,740.866027832,752.8692626953,753.7505493164,741.7841186523,729.2206420898,715.8367919922,703.0659179688,690.4104614258,677.9135131836,666.3825073242],"2":[600.4771728516,606.6885986328,612.2917480469,618.6973876953,624.6145019531,630.6605834961,636.7317504883,642.48046875,643.3345947266,637.8182373047,631.1861572266,624.9974365234,618.4899902344,612.70703125,606.5556030273,600.5731201172],"3":[453.1208496094,462.2857666016,471.3110961914,480.2229614258,489.287689209,498.1830444336,506.8118591309,515.9135742188,516.7322998047,507.231628418,498.448059082,489.5589599609,480.2269897461,471.2701721191,462.3916625977,453.6489562988],"4":[419.651550293,424.3614196777,428.666015625,433.5015258789,437.8643798828,442.5789794922,447.2490234375,451.3765869141,452.1817016602,448.3355102539,443.0618896484,438.3537597656,433.7529296875,428.9696655273,424.3041381836,419.2680053711],"5":[645.0287475586,648.4849853516,650.5738525391,653.6403808594,656.4801635742,660.0607910156,662.8111572266,665.7601928711,666.5732421875,663.9063110352,660.4747314453,657.0461425781,653.7935791016,651.5968017578,649.100402832,645.4752197266]},"polygon_y":{"0":[113.3344726562,113.5431213379,113.4624328613,113.3746948242,113.5979156494,113.5733337402,113.4259033203,113.5521697998,135.4033203125,135.2707061768,134.5139923096,134.359161377,134.1560058594,133.9124603271,134.0091552734,134.3467254639],"1":[113.5891723633,113.5854263306,113.5829772949,113.7966003418,113.8773803711,113.7574386597,113.0910415649,113.1671218872,136.5374450684,136.3702087402,135.8864135742,135.9749603271,135.6822967529,135.2644195557,135.0349121094,134.9808349609],"2":[113.5199279785,113.7205047607,113.9405059814,113.8112487793,113.6993026733,113.4603729248,113.2130813599,113.216796875,134.5508728027,134.5444641113,134.7597351074,134.9490509033,134.9483337402,134.9167022705,134.587387085,134.0849914551],"3":[112.8016357422,113.2833786011,113.4863128662,113.6189880371,113.5878448486,113.2624893188,113.093963623,112.701171875,133.5919036865,133.2292022705,133.4390106201,133.4817810059,133.5286865234,133.5664215088,133.6273040771,133.4488220215],"4":[113.4580383301,112.9107513428,112.9940490723,113.4906768799,113.3463287354,112.9498443604,112.8357543945,112.3809432983,133.0815734863,133.0956726074,132.6798706055,132.4796142578,132.5492858887,132.6391296387,132.8330841064,133.041015625],"5":[115.2317352295,115.0290527344,114.8907852173,114.746711731,114.6883468628,114.2251586914,113.9282531738,113.4832382202,132.9416809082,133.5670776367,133.352722168,133.3167419434,133.3461608887,133.5704803467,133.7584838867,133.3899841309]},"text":{"0":"University","1":"Geography","2":"Dept.","3":"Hebrew","4":"The","5":"of"},"score":{"0":0.9404358864,"1":0.9792910218,"2":0.9705069661,"3":0.9726540446,"4":0.979937017,"5":0.9658138156}}