{"polygon_x":{"0":[502.0669250488,494.9481811523,490.6737976074,484.0189208984,480.9078369141,480.1604919434,476.6319274902,478.3196716309,505.4801025391,507.6679992676,510.3381347656,514.4975585938,518.7975463867,524.0485839844,532.2373046875,540.2697143555],"1":[125.1512908936,131.5800323486,138.1935577393,145.8524475098,154.8118286133,164.0165710449,173.135345459,183.4147033691,161.2307891846,153.0413970947,143.1210784912,132.9395599365,124.1471252441,116.505645752,107.6125259399,100.1941757202],"2":[108.9861679077,110.049446106,110.3699111938,110.5603027344,110.6557159424,110.169670105,109.3566894531,109.5802764893,88.6047821045,88.6781387329,88.270614624,87.3425598145,86.478187561,85.8546142578,85.3359527588,85.4220275879],"3":[95.5329055786,97.388381958,100.7148742676,103.6385040283,106.7846755981,110.5733184814,113.0003433228,116.6692962646,90.3489761353,88.6060714722,85.5327529907,82.2819900513,78.380569458,75.2079086304,72.3215332031,69.0339584351],"4":[569.1922607422,587.8997192383,606.603515625,625.0557861328,643.5815429688,662.2467041016,680.8181762695,700.3515014648,699.0125732422,679.9579467773,661.3887939453,642.5463256836,623.5161743164,604.6386108398,585.5075683594,566.3508300781],"5":[460.6525268555,464.0896911621,467.6778869629,469.5666809082,473.7292480469,478.6496276855,483.316986084,489.0776062012,517.2586669922,513.7593994141,509.734161377,505.0863647461,502.7830505371,500.818145752,498.223449707,496.8659667969],"6":[190.6922302246,194.5530395508,199.1589508057,203.5701599121,208.7556610107,214.3956756592,219.485748291,226.173538208,204.1350402832,197.575958252,190.053024292,183.7636108398,177.4837493896,172.2574157715,167.7183227539,162.1009521484],"7":[756.1469726562,765.5020751953,774.4696655273,782.9283447266,791.2418212891,799.9134521484,808.9440307617,817.6934814453,817.5207519531,808.5686645508,799.4043579102,790.4981689453,781.942199707,772.9271850586,764.2518310547,754.9010620117],"8":[155.0105133057,158.7433013916,161.0413360596,163.8115692139,166.1843261719,168.555480957,170.570602417,173.3564453125,153.1832580566,149.4188079834,147.0461883545,144.1536407471,141.8982696533,138.9820709229,135.4772186279,133.2560577393],"9":[707.9848632812,714.522644043,721.366027832,728.049621582,734.6052246094,741.3707885742,747.8723144531,754.7637329102,752.762512207,745.8814697266,738.7719726562,732.5364990234,726.1330566406,719.7089233398,712.9338378906,706.1438598633],"10":[81.2948226929,80.6462554932,81.6332397461,82.0845718384,82.7513122559,82.5609664917,82.3892974854,82.8372955322,61.2079925537,59.8932609558,58.8994293213,57.9755859375,57.2785491943,56.9343185425,56.4817962646,55.9936943054],"11":[732.1664428711,750.315612793,768.0980834961,785.8167114258,803.3811035156,821.5444946289,839.3309936523,856.6669311523,855.4664306641,837.6834716797,820.535949707,802.7913818359,784.7909545898,766.107421875,748.1206665039,730.6057128906],"12":[113.6878204346,126.4246292114,139.1527862549,151.6445159912,164.07371521,177.0367736816,189.4695892334,201.6288452148,201.7265930176,188.3146972656,175.8843688965,163.3660583496,150.4602661133,137.4752960205,124.6938247681,111.328338623],"13":[49.4363937378,53.1145820618,57.1635475159,61.4036712646,65.4839935303,69.132194519,72.3241119385,76.6184844971,78.3349761963,74.5739364624,70.3655395508,66.4610366821,62.2811546326,58.4873008728,54.2262687683,50.133140564],"14":[92.6047897339,94.5184326172,96.1698608398,97.9574966431,100.0442886353,102.408996582,104.4849472046,106.1067504883,82.5487213135,80.1575622559,78.2475128174,74.518951416,70.8933792114,68.4982299805,66.1304092407,64.3852920532],"15":[668.8369750977,680.3388671875,692.6461791992,705.0430908203,717.3160400391,729.9418945312,741.3690795898,753.9416503906,753.5196533203,740.1638183594,728.9959106445,716.4460449219,703.8931274414,690.9968261719,678.9299926758,667.1711425781],"16":[626.5863647461,640.5297851562,654.8287353516,669.154296875,683.8003540039,698.8353881836,713.7038574219,727.8137207031,726.1645507812,711.7191162109,697.8365478516,683.7164916992,669.2955322266,654.735168457,640.4190673828,625.8579711914],"17":[208.1312866211,213.3936767578,218.9604949951,224.0275878906,229.1649169922,234.4038391113,239.3277282715,244.3054504395,241.4668273926,235.978302002,230.1221008301,225.4992523193,220.6507873535,216.0636749268,211.290802002,205.9974365234],"18":[112.3210983276,128.8460083008,145.8335723877,163.1434631348,180.9376678467,198.424987793,214.9314575195,232.2415466309,229.8171234131,213.7493286133,196.7027893066,179.9699249268,162.6609649658,145.1521759033,128.0151977539,110.830619812],"19":[605.0051269531,609.4942016602,613.7932128906,618.4198608398,622.6740722656,627.2771606445,631.5228881836,635.6892089844,635.5576171875,631.4756469727,627.1481323242,622.7993774414,618.2682495117,613.9629516602,609.9588623047,605.0283203125],"20":[883.4502563477,887.9046630859,892.0932006836,896.6015014648,900.5310668945,904.9897460938,909.0031738281,913.0780639648,913.8190307617,909.0548095703,904.8696289062,900.5835571289,896.6444091797,892.4096679688,887.8901367188,882.9017333984],"21":[67.8000946045,68.503868103,69.4184188843,70.720085144,72.7150726318,73.8427886963,75.1021728516,76.0368118286,49.5743103027,48.7150268555,47.6283874512,46.3065795898,45.74842453,45.18227005,44.9818763733,44.9458274841],"22":[118.8400421143,121.5713882446,124.1051940918,128.1767425537,132.3069458008,136.2287139893,140.9348449707,145.9436340332,120.6623916626,115.5394592285,111.2738800049,107.7859039307,102.3510894775,98.1524200439,94.7936630249,91.6490097046],"23":[330.5860900879,335.0732727051,338.9562683105,343.281829834,347.2972412109,351.4830322266,355.6199951172,359.2777709961,359.5282287598,355.6789550781,351.3917236328,347.143737793,343.1658630371,339.6751403809,335.674987793,330.7061157227]},"polygon_y":{"0":[899.2984008789,875.7247924805,856.2202148438,833.5104980469,809.7147216797,785.2331542969,763.4234619141,742.5665283203,740.2047119141,761.3268432617,783.2189941406,805.4718017578,827.4300537109,849.8912963867,871.4757080078,894.1970825195],"1":[432.4571228027,448.1312255859,463.1174926758,478.6937255859,495.8607177734,510.8671875,524.0280761719,539.049621582,551.0043945312,537.7532348633,521.3447265625,504.727722168,489.5075073242,475.0839233398,459.4053649902,442.030670166],"2":[244.6322937012,249.1081542969,255.4552307129,261.2545776367,267.1542053223,272.7344665527,278.8681030273,285.4355773926,287.4278564453,280.1347351074,274.4694213867,268.3596496582,262.2899780273,255.8450164795,250.9872283936,246.4356842041],"3":[350.5046386719,360.2921142578,370.2636108398,381.1270446777,391.3376464844,400.2929992676,409.0057983398,419.9743041992,428.7893676758,419.3298339844,408.9308166504,399.9086303711,389.428894043,379.908203125,370.0128173828,361.0673828125],"4":[407.7499389648,408.3445739746,409.0169677734,409.1102600098,410.0486755371,409.9741821289,409.7128295898,409.5065002441,439.9334411621,439.8287353516,439.513885498,439.481262207,439.7572631836,439.4749450684,439.4940185547,438.7903442383],"5":[681.0494995117,662.4429321289,644.2770996094,626.9267578125,608.5909423828,589.4609375,569.6635742188,551.4978027344,560.9694824219,578.7421264648,598.2324829102,617.4561157227,635.1522827148,653.5916748047,671.1856689453,690.8587036133],"6":[485.5377502441,493.3316650391,502.6715698242,513.1264648438,522.3986206055,532.8635253906,542.1120605469,551.2344970703,567.6983642578,557.5900878906,547.1867675781,536.7601928711,526.8583374023,516.8786010742,505.9628295898,491.6140136719],"7":[409.6416931152,410.0889587402,410.3376464844,410.071472168,410.19140625,409.8365478516,409.7911987305,410.3706359863,439.5238647461,439.7988891602,439.606628418,439.5034790039,439.5008850098,439.4612121582,439.7075195312,439.6930236816],