{"polygon_x":{"0":[521.9929199219,537.3309936523,552.9235229492,567.7224121094,583.1022338867,598.0822143555,612.6873168945,628.0812988281,620.8388671875,605.3266601562,589.4225463867,573.4506225586,557.9068603516,542.220703125,526.2084350586,510.3307495117],"1":[541.2147216797,578.6813964844,617.7470092773,657.3389282227,696.451965332,735.6141357422,773.9256591797,814.0823974609,814.9967041016,776.8402709961,738.3832397461,698.5524902344,658.4699707031,619.1561889648,579.4029541016,540.3079833984],"2":[238.4057006836,252.7862243652,267.2117614746,280.8208007812,294.8761291504,308.564666748,321.7863769531,335.8379821777,328.9940185547,314.1973876953,300.0620727539,285.520690918,271.340423584,257.2791137695,242.3361968994,228.6041564941],"3":[874.4100341797,889.0044555664,903.0073242188,917.198425293,931.6104736328,946.5650024414,960.7183837891,974.4525756836,974.3667602539,961.2464599609,946.8458251953,931.7175292969,916.935546875,902.7637329102,888.5220947266,873.5067138672],"4":[259.683013916,263.9772338867,268.568145752,273.2232971191,277.5926208496,282.5141906738,286.8489990234,291.3236694336,291.7074279785,287.6997070312,282.6335754395,278.0240478516,273.5273742676,269.2745056152,264.8797607422,260.1173095703],"5":[534.5290527344,539.3694458008,544.1740722656,549.4655151367,554.4255371094,559.8356323242,565.1751708984,569.6026611328,569.2986450195,565.0755615234,559.5300292969,554.3677368164,549.6046142578,544.4667358398,539.5337524414,533.2962646484],"6":[972.9156494141,977.6022949219,981.0932006836,984.1281738281,986.540222168,989.8796386719,993.3916625977,997.5811157227,999.5282592773,994.9659423828,991.9614257812,988.2755126953,985.0696411133,982.4473876953,979.1220092773,974.0103149414],"7":[814.1759033203,818.6652832031,822.7520141602,826.9928588867,830.7697753906,835.1058959961,839.176574707,843.2300415039,843.4374389648,839.4331054688,835.0950927734,830.9881591797,826.9818115234,823.1354980469,818.865234375,814.1864624023],"8":[972.7501220703,977.4907836914,981.3522338867,984.6632080078,987.94140625,991.1379394531,994.5200195312,998.1098022461,999.7138061523,995.6920776367,992.1892089844,988.8155517578,985.0799560547,982.381652832,978.8306884766,973.5277709961],"9":[973.7482910156,977.892578125,981.7255859375,985.0543823242,987.6350097656,991.1422729492,994.9637451172,999.5115966797,999.8541259766,996.1577148438,992.784362793,989.1174316406,985.1491699219,982.3347167969,978.9150390625,974.4263305664],"10":[817.6297607422,825.7504882812,833.858581543,841.2354125977,848.4954833984,857.2081298828,865.5017089844,872.6558837891,879.8247070312,872.4085693359,864.4622192383,857.2102050781,849.1773681641,841.5624389648,834.4351196289,826.1450805664],"11":[43.1318054199,41.3006019592,39.755947113,37.8804626465,36.7212638855,35.9291305542,32.8375473022,29.2572040558,0.9927101135,0.8569887877,0.3400452733,0.3796086907,0.5365877748,0.9158328176,1.0023688078,0.3377153277],"12":[471.2091064453,477.1662597656,482.680480957,488.7159423828,494.7216186523,500.5679626465,506.2823486328,512.5383300781,512.09375,505.8333129883,499.139251709,494.4866333008,488.0362243652,481.1806030273,474.4738464355,468.0782775879],"13":[786.5243530273,790.7153930664,793.4728393555,797.6550292969,801.7208862305,807.0418701172,810.4769897461,814.0695800781,815.1696777344,811.9305419922,808.0300292969,803.6017456055,799.0430297852,795.0922241211,790.4857788086,787.1823120117]},"polygon_y":{"0":[869.0838623047,873.0861816406,876.8619384766,880.1195068359,883.5948486328,887.0880737305,890.1636962891,893.0714111328,921.1739501953,919.1721191406,916.5021362305,914.0134277344,911.0025024414,907.7027587891,904.2038574219,900.2937011719],"1":[66.2783508301,65.5049057007,65.2369918823,65.0226669312,64.2651062012,63.8472671509,63.7099990845,64.2432250977,101.0718383789,100.7421417236,100.3379058838,100.4944458008,100.8951873779,100.834564209,101.3350982666,101.403213501],"2":[824.5256958008,827.9162597656,831.6058349609,834.2980957031,837.2833862305,840.5806884766,843.0159912109,845.1720581055,874.0042114258,872.2650146484,870.075378418,867.0775146484,864.2699584961,861.4448242188,857.9877319336,854.2461547852],"3":[65.7897872925,64.7602005005,64.9198379517,66.0862503052,66.5200500488,66.5589294434,66.8930892944,67.4364471436,102.1602249146,102.4342422485,102.2660217285,101.7673187256,101.4053039551,101.0070648193,101.6934661865,101.8652420044],"4":[117.7854766846,118.1956863403,118.3865814209,118.2579803467,117.9977340698,117.6586303711,117.5872116089,117.8116607666,148.9749755859,149.169418335,148.9700164795,148.7762451172,149.0670013428,149.1432342529,149.114074707,149.4448547363],"5":[117.0132369995,117.2499084473,117.4816513062,117.4071044922,117.2690429688,116.9841003418,116.9734268188,116.9097900391,147.8465118408,147.612411499,147.2224884033,147.2363128662,147.4551696777,147.474029541,147.6530303955,147.9633331299],"6":[264.3958129883,264.0131225586,264.4593505859,264.7620239258,264.6070556641,264.3098754883,264.1628723145,264.5466003418,297.846862793,298.0628662109,298.3741455078,298.7066345215,298.9150695801,299.075592041,299.4738769531,299.7420959473],"7":[114.5783309937,114.8880004883,115.0820083618,115.1176834106,114.8985290527,114.7099227905,114.8032989502,114.9046783447,146.6611633301,146.3960571289,146.031463623,145.8501281738,146.0221099854,146.1486663818,146.2628479004,146.8211212158],"8":[821.9515380859,822.142578125,822.5969238281,822.8400878906,822.5036621094,822.3638305664,822.0630493164,822.0883178711,856.4985351562,856.6138305664,856.5064697266,856.5715942383,856.7966308594,856.9622802734,857.1793212891,857.8280639648],"9":[544.893737793,544.9859008789,545.3565673828,545.5418701172,545.6003417969,545.8317871094,545.3544921875,546.0942993164,578.0673828125,578.6266479492,578.7521972656,579.1737060547,579.1588745117,579.5571899414,579.529296875,579.6483154297],"10":[71.4917678833,67.1568603516,64.6770629883,62.879524231,60.3241577148,57.790763855,55.3934783936,52.7467346191,85.0537414551,86.3802032471,89.6071548462,92.1691894531,94.5640716553,96.4915542603,99.178314209,102.8654403687],"11":[683.6077880859,702.7001342773,724.7293701172,743.1354370117,762.4754638672,781.9223632812,799.6851806641,817.3092041016,820.0886230469,798.7908325195,780.8883056641,760.7062988281,741.1292724609,723.2200927734,702.5067138672,679.2429199219],"12":[863.95703125,864.5388183594,865.0897827148,865.2111206055,864.8458862305,864.5319213867,864.4963989258,863.7027587891,892.0787963867,891.7346191406,891.80078125,891.4520874023,891.2272949219,891.2828979492,890.9750366211,890.2271728516],"13":[66.6420669556,66.8201599121,67.0607147217,67.4276885986,67.4883575439,67.5766677856,67.5938873291,67.8590087891,100.3004302979,100.7857513428,100.8278656006,100.6767349243,100.7993392944,100.9541397095,101.0988006592,101.4596557617]},"text":{"0":"Anata","1":"HACHETTE&","2":"Route","3":"Paris","4":"L","5":"M","6":"1","7":"N","8":"3","9":"2","10":"Cie","11":"Valla","12":"d'","13":"&"},"score":{"0":0.9913592339,"1":0.9843252897,"2":0.9904842377,"3":0.9886875153,"4":0.9689055681,"5":0.9768328667,"6":0.6243844032,"7":0.9763141274,"8":0.8575327992,"9":0.868840158,"10":0.9738399982,"11":0.9332757592,"12":0.9742966294,"13":0.5035172105}}