{"polygon_x":{"0":[850.8831787109,866.9000854492,882.0346679688,898.0602416992,914.7080078125,931.4724121094,947.4211425781,964.5020141602,945.9486083984,930.1353759766,913.5861816406,895.1314697266,877.3134765625,860.1688232422,843.4456787109,825.0345458984],"1":[462.9031066895,484.4981079102,505.5859985352,526.6841430664,548.165222168,569.7905883789,590.5391845703,611.0903320312,610.3785400391,589.1760864258,568.0798339844,546.7306518555,525.1937255859,503.2937011719,481.548828125,459.9869384766],"2":[738.1163330078,745.7083740234,751.8122558594,757.2116088867,762.7084960938,767.1955566406,770.4060058594,773.7017211914,819.7338867188,816.0187988281,811.8586425781,806.9605712891,802.5127563477,797.9244384766,791.9204711914,784.2888183594],"3":[55.3394355774,73.7956085205,92.1232910156,110.9745101929,129.4978027344,148.5062408447,166.9403839111,185.0810241699,183.5345153809,165.5654296875,146.6947937012,128.3136444092,109.5664291382,90.3034133911,71.9522018433,53.5850296021],"4":[439.6112670898,458.9431152344,479.1990356445,499.055847168,518.9639892578,539.0843505859,558.6245117188,579.2151489258,578.1108398438,558.1176757812,538.1220092773,517.7832641602,497.1926879883,476.9553222656,456.747253418,436.5722961426],"5":[0.3768807054,14.2197179794,28.2032794952,42.0288772583,55.7206535339,69.0731735229,82.7010192871,96.8912353516,97.001335144,83.5894927979,69.7399139404,56.0787506104,42.3257904053,28.7543678284,15.0082759857,0.6348831654],"6":[605.6828613281,619.4923095703,633.0391235352,645.7183227539,659.2764282227,672.5897216797,685.2276611328,698.2093505859,697.94140625,684.2801513672,671.4881591797,658.2395019531,644.8614501953,631.3330688477,617.6533203125,603.944152832],"7":[493.0465087891,504.5207214355,516.6743774414,528.2724609375,541.3075561523,553.0412597656,564.5133056641,576.4851074219,562.8317871094,550.9724121094,539.1779174805,527.1134033203,514.6845703125,502.6250610352,489.5925292969,477.436706543],"8":[587.4939575195,594.673034668,601.8776245117,608.7985229492,616.0973510742,622.9818115234,629.7526855469,636.8537597656,634.9242553711,627.0300292969,620.1990966797,613.6470336914,606.6828613281,600.0670776367,593.333190918,585.6846923828],"9":[582.5228881836,594.0620727539,605.1877441406,615.8614501953,627.4715576172,638.5869140625,649.6975708008,661.7169189453,659.6192626953,647.594543457,636.8994750977,625.6647338867,614.4040527344,603.0563964844,591.8427124023,580.1674804688],"10":[464.396697998,469.1118164062,471.997253418,475.3741455078,478.6960449219,482.3016052246,486.5926513672,491.3520507812,467.9974060059,463.4814758301,459.3017578125,454.6654052734,450.3704528809,445.2853393555,440.0280151367,435.3606872559],"11":[662.9928588867,675.9910888672,689.8672485352,703.1204223633,716.9624023438,730.6877441406,743.3533935547,758.1649780273,756.8728637695,743.3186035156,730.4729003906,716.3983764648,702.5789794922,688.8728027344,675.1920166016,662.1473388672],"12":[87.2606048584,103.375328064,120.0689086914,136.4376068115,153.5624542236,170.617980957,186.5129852295,201.8316345215,200.6291351318,184.5672454834,168.0507202148,151.9196472168,135.1498260498,118.6330490112,102.2510604858,85.98072052],"13":[11.265835762,17.457862854,22.9346637726,29.1205005646,35.0827064514,41.0546836853,46.0295333862,51.8524513245,51.0470542908,44.1032714844,38.1201782227,33.0754013062,27.4325065613,21.4918632507,15.8273839951,9.3169202805],"14":[12.7331886292,17.8410739899,22.8621311188,28.4322528839,33.9326324463,39.1556358337,44.1101875305,49.5396270752,47.8208351135,43.0822296143,37.2854003906,32.3935279846,27.2664718628,22.0492076874,17.1784095764,11.4380722046],"15":[22.8981380463,28.0835762024,33.1912689209,38.5852775574,44.0236587524,49.1735801697,53.7575759888,59.4725646973,57.0999603271,51.3649291992,46.0905456543,41.484790802,36.5978546143,31.4205207825,26.517539978,21.0972633362],"16":[65.615234375,83.8100280762,102.2357025146,120.8923492432,139.9079437256,159.5399169922,177.325668335,196.6038665771,194.8196563721,176.0652770996,157.6102600098,138.5449523926,119.4295883179,100.5019226074,81.6954421997,62.7406997681],"17":[973.6090698242,978.1240234375,981.4180908203,984.6527099609,987.3932495117,990.465637207,994.0911865234,998.0252685547,999.7620849609,995.9077148438,992.7189941406,989.2568969727,985.9490356445,983.3659667969,980.2141113281,975.1425170898],"18":[808.1241455078,812.9910888672,816.7113647461,821.3692626953,824.6630249023,829.6420288086,833.5637207031,837.501159668,867.7084350586,863.0355834961,858.2229003906,853.8642578125,849.7262573242,846.3233032227,842.5393066406,837.6915893555],"19":[639.2249145508,640.1030883789,641.2976074219,643.4707641602,646.4954223633,647.7103271484,650.1309814453,652.3031616211,612.65625,610.3538208008,609.431640625,607.7391357422,606.0316162109,603.8441162109,601.4562988281,600.2945556641],"20":[540.4840698242,559.7025756836,579.2725830078,598.5541381836,618.6200561523,639.0336914062,657.3125610352,678.9860839844,676.4383544922,657.150390625,637.5681762695,617.4854736328,597.3877563477,576.8950195312,557.1703491211,537.7904052734],"21":[187.755569458,189.1299285889,190.3848266602,191.4637451172,192.7808837891,194.0435791016,195.1431274414,195.8560333252,168.5787200928,167.4580078125,167.4109191895,167.1549682617,165.888092041,163.0665740967,161.2928619385,160.8655548096],"22":[521.4613647461,532.9227294922,544.8614501953,556.9724121094,569.3181762695,581.7349853516,593.5777587891,605.5563964844,604.0528564453,592.4373779297,580.4731445312,567.6799316406,555.7467041016,543.3772583008,531.4066162109,519.4212646484],"23":[217.2955322266,228.7222442627,240.0592041016,251.7054748535,263.1351928711,274.5878601074,285.4228515625,298.2626953125,279.6934814453,267.5942382812,255.9595489502,242.6607513428,230.0858917236,217.9454193115,205.54246521,192.1118164062],"24":[967.0974731445,972.1143188477,976.7561035156,981.1929321289,985.8175048828,990.2623291016,994.6011352539,999.5688476562,999.9189453125,995.3841552734,990.9591674805,986.3327026367,981.6533203125,977.2631835938,972.9173583984,967.3635253906],"25":[8.6993560791,26.6575164795,44.5494537354,62.6204986572,80.5342178345,98.0698547363,115.1175003052,133.2048339844,131.1771392822,114.8214645386,97.7773895264,79.8058929443,62.132522583,44.3863105774,26.0417060852,7.4758810997],"26":[726.3534545898,733.4100341797,739.1691894531,744.4780883789,750.4290161133,756.7712402344,762.5137329102,768.6223144531,763.1853637695,757.2802124023,751.1420898438,745.5911865234,739.3710327148,733.6443481445,727.7203979492,720.9166870117],"27":[0.1487212926,12.2104501724,24.101726532,37.3059387207,49.3376350403,61.1422920227,73.7199020386,86.6902084351,86.6033172607,74.6126708984,61.9327392578,49.3148460388,36.5346488953,24.3938980103,11.8140993118,0.051208552],"28":[629.991394043,635.5572509766,640.466003418,645.930847168,651.5133666992,657.3790283203,662.7404174805,667.498046875,665.3424682617,660.3853759766,655.0314331055,650.0590820312,644.6185302734,639.768371582,634.4761962891,629.0117797852],"29":[56.1850700378,63.0780715942,71.0948104858,77.9425430298,86.2000350952,94.0953140259,100.0758743286,106.6195068359,136.4129943848,129.3138427734,120.7513504028,112.1567153931,104.4756469727,98.7269287109,92.8535079956,87.4133224487],"30":[972.5045166016,976.5393676758,979.9166870117,983.7438354492,987.1832275391,990.8789672852,994.3824462891,998.8568115234,998.9417114258,993.9112548828,990.3349609375,986.6171875,982.8368530273,979.4857788086,975.6220703125,971.3369750977],"31":[703.2562255859,706.8065795898,709.1409301758,711.7443237305,714.4613647461,717.3854980469,720.4942626953,723.3148193359,720.930847168,718.3289794922,715.7446899414,711.5579833984,708.3928833008,706.2653808594,704.557800293,701.827331543],"32":[54.9315681458,59.3573722839,64.0876159668,68.6982650757,72.9286117554,77.8317565918,82.0874023438,86.665222168,81.9908599854,77.7075424194,72.732131958,68.9036483765,64.6475296021,60.3015518188,55.5194168091,50.3911781311]},