{"polygon_x":{"0":[417.9417724609,437.6964111328,456.5420227051,475.6031494141,495.4154663086,513.2353515625,530.2369995117,549.1766967773,536.1893920898,516.8210449219,499.1798706055,479.8001403809,459.9193725586,440.8407897949,423.3828735352,406.3985595703],"1":[668.6013183594,695.0085449219,720.87109375,748.1759643555,774.9261474609,801.3690795898,827.8374633789,853.9951171875,854.798034668,828.2633056641,801.4855957031,774.4165649414,748.0017700195,720.7381591797,693.8192749023,667.0356445312],"2":[362.2367858887,371.8256225586,381.4013366699,392.5140380859,402.6529541016,413.1376342773,420.6642150879,429.7100219727,402.5131530762,394.3265380859,386.8712768555,376.0584716797,365.7865905762,354.412689209,343.2520751953,332.482421875],"3":[135.1297454834,143.2566986084,151.834854126,160.0676879883,167.8378448486,178.3303833008,190.1324768066,201.4902954102,227.0216522217,214.8153839111,204.5846252441,195.3359069824,187.5895080566,179.9462127686,173.2168273926,165.4199523926],"4":[522.3807373047,540.0922241211,559.6293945312,577.6721801758,596.0447387695,615.2191772461,631.3342895508,651.5224609375,663.4664306641,644.1106567383,625.4027099609,606.9166259766,589.659362793,571.2376708984,553.3283081055,536.5606079102],"5":[707.369934082,725.028137207,742.3422241211,759.7317504883,776.839050293,793.9111938477,810.8618774414,828.6572265625,828.6951293945,811.418762207,794.1181640625,776.8409423828,759.0044555664,741.0806274414,724.2552490234,705.8029785156],"6":[704.0759887695,724.6884155273,744.9612426758,765.6314697266,786.1131591797,806.9328613281,826.1205444336,846.0900268555,845.8847045898,826.5228271484,806.8223876953,786.0503540039,765.2736816406,744.8386230469,724.5946655273,704.4665527344],"7":[358.8345336914,387.6825256348,418.1453857422,449.5941162109,480.7742614746,512.2612304688,543.0201416016,576.2508544922,548.0628662109,515.1488647461,483.4643249512,452.5861816406,421.0528564453,388.8608093262,357.7752990723,326.7763061523],"8":[636.4867553711,650.2000732422,664.09375,677.4506835938,691.6617431641,705.826965332,719.6956787109,733.6536254883,731.2816772461,717.1044921875,703.9989624023,690.5792236328,676.7127075195,662.7779541016,649.1629638672,635.0713500977],"9":[699.6986083984,730.9649658203,760.4971923828,790.9089355469,821.4917602539,852.0736694336,882.6790771484,913.7489013672,915.1256103516,883.7664794922,853.9297485352,822.3039550781,791.9196777344,761.0844726562,731.1001586914,699.5028076172],"10":[272.6838989258,288.7926635742,303.7377624512,318.7858886719,334.0170288086,349.1118164062,364.1079406738,379.7310180664,379.1524963379,363.2880249023,348.0854797363,333.4487609863,318.416015625,303.3145751953,288.1026611328,272.7327270508],"11":[598.6510009766,618.5642700195,638.303527832,657.6105957031,677.0040283203,696.6365966797,715.0112304688,734.6572265625,747.990234375,728.551574707,710.0615234375,689.4807128906,669.0123901367,648.9992675781,628.5942993164,608.3391113281],"12":[921.2825927734,930.6732788086,940.7332763672,950.3951416016,959.9951171875,969.6893310547,979.0160522461,988.4851074219,990.5141601562,981.3795166016,971.7227783203,961.6137695312,952.5713500977,942.8466796875,933.6597900391,923.7755737305],"13":[497.5555725098,522.534362793,545.5800170898,570.2611694336,593.2506713867,616.7470092773,638.2891235352,661.6951904297,647.0681762695,627.2734375,605.7347412109,584.6698608398,563.0335693359,539.5512695312,517.5263061523,493.6991882324],"14":[863.3783569336,875.8255004883,887.5838623047,899.7427978516,912.2158203125,923.9399414062,935.6118774414,947.5034179688,947.6619873047,936.1159667969,923.3654785156,911.0110473633,898.4683227539,886.552734375,874.4594726562,862.4585571289],"15":[564.9532470703,575.0478515625,585.5145874023,595.1979980469,605.6655273438,615.7825317383,625.4417724609,633.381652832,632.7204589844,624.3405761719,614.1534423828,603.9323120117,593.5770874023,583.4771118164,573.0609741211,563.3571777344],"16":[463.3644104004,464.6878051758,465.9375,467.1747131348,468.6367492676,469.8620300293,471.7204284668,471.9379272461,507.7799987793,507.6216430664,506.3291931152,506.2020568848,505.6235961914,504.0074462891,499.8463439941,495.5040283203],"17":[0.0566384569,7.1062655449,14.1248044968,21.5451583862,28.7829589844,36.7336463928,44.8247451782,52.6947479248,52.1096954346,44.342628479,36.1643257141,28.7954330444,21.2491893768,14.0569896698,6.8006420135,0.0202653147],"18":[667.31640625,675.0678100586,682.3034667969,690.2175292969,697.8896484375,706.0897216797,713.7753295898,721.4924316406,720.5032348633,713.0947875977,705.1343994141,697.7166748047,689.7576293945,681.7692871094,674.2389526367,666.4476318359],"19":[200.5502471924,215.3057556152,230.6508026123,246.8002624512,262.0425109863,277.2184448242,292.0679931641,308.6160583496,308.2730407715,293.5708312988,278.2164916992,263.1705932617,248.0122528076,232.7073822021,217.6268005371,201.8386535645],"20":[741.4730834961,754.588684082,767.3851928711,780.5327148438,793.4368896484,806.7672729492,819.8442382812,833.328918457,831.8767089844,818.9631347656,806.4207763672,793.0514526367,780.03515625,766.6420898438,753.450378418,739.9161376953],"21":[695.5319824219,700.9526977539,706.5764160156,711.5807495117,716.6971435547,722.3209228516,727.4559326172,732.2791748047,730.89453125,725.4752197266,720.1480102539,715.1318969727,710.2312011719,704.9324951172,699.6400146484,693.935546875],"22":[85.5544128418,91.1320953369,96.7551422119,102.5935745239,107.9769821167,113.3837890625,118.6573791504,124.8429489136,125.0729522705,119.5732727051,113.8726425171,108.2833023071,102.5901489258,96.945274353,91.2002716064,85.5078125],"23":[698.1051025391,702.6330566406,707.7071533203,712.0720214844,716.7604980469,722.2073364258,727.0415649414,732.2421875,730.6513061523,724.8173828125,719.9319458008,715.1587524414,710.5364379883,706.23828125,701.8870849609,696.4721679688],"24":[403.9172973633,411.4267272949,418.4930725098,425.1208496094,431.9163208008,439.2132263184,445.9733276367,453.6554260254,452.6986083984,445.1553039551,437.8387756348,431.3156433105,424.5846862793,418.0987243652,410.9372253418,403.5616760254],"25":[644.6158447266,677.0509033203,708.8663330078,741.0515136719,772.9564819336,805.4636230469,837.10546875,870.7270507812,864.0844726562,832.6392822266,800.9685668945,767.80078125,735.6916503906,702.1167602539,669.0552368164,636.8505249023],"26":[953.1827392578,958.5405273438,963.7830810547,968.7964477539,973.9968261719,979.5892944336,984.7380981445,990.7321166992,990.8358764648,986.8829956055,981.4652099609,976.6105957031,971.2778320312,965.9713745117,960.5206298828,955.1028442383],"27":[461.1582946777,463.1987915039,465.8541870117,468.9005126953,472.1475219727,475.2795410156,480.548248291,483.7776184082,513.75390625,510.7509765625,509.5238647461,506.4503479004,503.8404541016,500.9532470703,495.6565856934,494.2303771973],"28":[469.960144043,491.058807373,511.3132019043,532.1057739258,552.6597900391,573.1096191406,593.7666015625,615.0586547852,614.2185058594,594.0331420898,572.9710693359,552.400390625,531.6040039062,510.6642150879,489.581237793,469.3146972656],"29":[560.569152832,571.8748779297,582.4443969727,592.0891723633,602.8968505859,613.4827880859,623.7683105469,632.4305419922,632.7265014648,621.8633422852,611.8536987305,602.052734375,591.1725463867,580.6280517578,569.9061279297,559.2261352539],"30":[217.0942687988,237.1043548584,256.4800720215,276.3096923828,295.3873901367,315.2748413086,334.9300842285,355.3290100098,355.7008056641,336.0089416504,315.8438720703,296.2207336426,276.5918273926,257.1828918457,237.5288391113,217.5431518555],"31":[409.668762207,414.0559387207,418.6575622559,423.4432678223,427.9860229492,432.7439880371,437.0911254883,441.1942138672,442.8717651367,438.326385498,434.0770874023,429.5041503906,425.0338745117,420.0276489258,415.6237792969,410.6383972168],