{"polygon_x":{"0":[421.5685424805,429.558380127,437.766784668,446.1908569336,454.302734375,462.7157897949,470.9295654297,479.3260498047,482.3719482422,473.7991333008,464.6296691895,456.0370483398,447.6580200195,439.486541748,431.3526611328,422.1734924316],"1":[549.4262695312,557.5442504883,565.8436889648,574.2227783203,582.5291748047,591.037109375,599.477355957,607.5925292969,608.1598510742,601.3248291016,591.3167724609,582.5029907227,573.9136962891,565.6352539062,558.1137695312,548.7704467773],"2":[699.6958007812,707.7199707031,715.6311035156,723.5980834961,731.5177001953,739.3797607422,747.2510375977,755.5867919922,759.328125,751.095703125,742.9274902344,734.8413696289,726.9559326172,719.1439208984,711.7900390625,703.1060180664],"3":[306.2719421387,305.5918884277,305.3798828125,304.7777709961,302.4606018066,300.7705993652,298.5461120605,294.9298706055,325.7660522461,329.7731323242,332.47265625,335.8394775391,337.3101806641,336.6050415039,334.9924926758,335.6274719238],"4":[714.6770019531,726.5099487305,737.8569946289,747.6298828125,754.8192138672,760.5980834961,764.2044067383,764.5054931641,795.7506103516,794.2339477539,791.0415039062,785.4362792969,779.0017089844,769.6033935547,758.0676269531,744.758605957],"5":[811.3303222656,818.5552368164,826.003112793,834.1455688477,840.9636230469,848.5478515625,855.5672607422,863.2048339844,869.1598510742,862.4655761719,854.7217407227,847.2404785156,839.7840576172,832.6547851562,825.3984375,815.8524169922],"6":[264.9444580078,266.0045166016,268.1391906738,271.2163085938,276.7647094727,281.2282714844,286.8005065918,291.6292114258,266.2781982422,261.2117004395,254.556137085,251.2711486816,246.2578430176,244.2134857178,241.8231201172,239.522277832],"7":[307.3757324219,313.0067138672,319.4049682617,326.0441894531,332.8343505859,339.5534057617,345.2247314453,353.0729980469,371.909362793,365.4279785156,358.3912353516,351.8307495117,344.4615478516,337.7009277344,331.1317138672,323.7765197754],"8":[692.5623779297,696.3518066406,700.9571533203,705.7019042969,709.6221923828,714.3096923828,718.7236328125,722.5876464844,723.9438476562,719.8497314453,715.8281860352,711.3049316406,706.6463623047,702.7868041992,698.9087524414,693.6947021484]},"polygon_y":{"0":[483.2208557129,482.8530578613,482.4360656738,482.0380859375,482.0343322754,481.3289794922,480.9002685547,480.8583068848,519.2023925781,519.5046386719,519.6667480469,520.1050415039,520.3018188477,520.3165283203,521.0686035156,521.6600952148],"1":[316.2060241699,315.6360168457,315.4221191406,315.2829284668,315.5660705566,315.2901306152,315.303527832,315.8329162598,354.9142150879,356.334777832,355.2446899414,354.8615722656,354.6604919434,354.5344848633,355.9295654297,355.5548095703],"2":[839.7662963867,838.6724853516,838.0305175781,837.5682983398,836.9711303711,836.0084228516,834.6226806641,833.6849365234,866.9901123047,867.8890991211,868.6190795898,869.21875,869.9077758789,870.5186767578,871.8811645508,872.3175048828],"3":[725.9351196289,705.7128295898,686.4745483398,668.4714355469,649.3902587891,630.4822387695,611.2092285156,592.0264282227,588.6463623047,608.4574584961,628.0904541016,647.9875488281,667.3156738281,686.7515869141,705.6997070312,725.5146484375],"4":[477.0986938477,460.3728637695,441.7696533203,420.6175537109,402.9820556641,385.6676635742,366.8370361328,350.4331970215,358.1133728027,379.6626281738,399.564453125,418.9844970703,439.4097290039,461.7236633301,482.8562927246,503.3332824707],"5":[569.0841064453,566.8700561523,565.0591430664,563.9260864258,562.9616699219,561.5941162109,560.3024291992,559.3189086914,594.8903808594,596.1932373047,597.3468017578,598.1626586914,599.3189086914,600.6505737305,602.3693237305,603.805480957],"6":[377.8704223633,393.0471496582,407.8792724609,425.0686035156,442.7821044922,459.1849975586,477.4717712402,494.2182922363,496.0932922363,478.7067260742,461.0478515625,446.0953979492,428.1733703613,412.6936645508,394.5129394531,377.5177612305],"7":[799.0713500977,796.2196044922,792.4237060547,789.0609130859,786.2180175781,783.3572387695,779.8623657227,775.3441772461,804.9458007812,809.1641845703,812.8282470703,816.1823730469,819.4732666016,822.7325439453,826.1837158203,830.1189575195],"8":[942.7564697266,943.0494384766,942.7668457031,942.9954833984,942.8353881836,942.374206543,942.2594604492,942.0357666016,970.5791625977,970.8201904297,970.8937988281,970.9251708984,971.1059570312,971.4490966797,972.0753173828,971.6612548828]},"text":{"0":"27","1":"20","2":"XH","3":"Jwinla","4":"Strana","5":"VI","6":"OOPARINN","7":"VII","8":"H"},"score":{"0":0.9428558946,"1":0.9846653342,"2":0.9447793365,"3":0.9128383398,"4":0.8954268098,"5":0.8841359615,"6":0.4737717807,"7":0.8327980042,"8":0.7748019695}}