{"polygon_x":{"0":[855.9348144531,870.8568115234,886.6846313477,902.7752075195,918.0723876953,933.4494628906,948.9652099609,964.7931518555,966.2549438477,950.5418701172,935.7868041992,920.2381591797,905.3043212891,889.8319091797,874.8802490234,857.9699707031],"1":[299.8088989258,311.5098876953,323.4162902832,335.4110107422,347.7841186523,360.4525146484,372.9492492676,386.2267456055,388.7501525879,376.6727294922,363.9303588867,351.1078186035,338.8561401367,326.3795471191,313.7873535156,300.3353271484],"2":[910.9255981445,921.1207275391,931.1381835938,941.2149047852,951.3868408203,961.4838867188,971.7332763672,981.4222412109,982.8162841797,972.0571899414,961.7713012695,951.2352294922,941.4203491211,931.448059082,921.696105957,911.0568847656],"3":[380.6499023438,391.9472045898,404.1015930176,416.104309082,428.0758972168,440.1310424805,452.4959106445,465.371673584,466.1716308594,454.1341552734,442.3766479492,430.4078369141,418.0543518066,405.6577148438,393.4393920898,380.2538757324],"4":[78.8256072998,91.3697891235,103.7688140869,116.4817810059,129.6304016113,143.0755462646,156.1009521484,170.9445495605,173.7214508057,159.6761016846,146.2255401611,132.3828430176,119.532989502,106.2950897217,93.4255218506,79.3921813965],"5":[545.1622924805,549.6332397461,553.5717773438,559.0166625977,563.8133544922,568.8016967773,573.2976074219,578.1406860352,579.2632446289,574.1259155273,568.9573974609,564.0073242188,559.4080810547,553.9909057617,550.0151977539,544.6528320312],"6":[297.1651000977,309.7369995117,321.671295166,334.2163696289,347.755859375,360.899230957,373.5454711914,387.4837036133,390.5336303711,377.1716918945,364.1235656738,350.7162780762,337.6243591309,324.4324951172,311.6440429688,297.5739746094],"7":[364.9440307617,370.9301147461,376.542175293,382.8023681641,388.243347168,393.9581604004,400.9942321777,406.4966430664,408.5857543945,403.1320495605,396.0552368164,390.4180297852,384.3649291992,378.7400817871,372.7371520996,366.2964477539],"8":[838.5572509766,847.9957275391,856.6358032227,865.9554443359,875.0268554688,884.5578613281,893.6389770508,902.9214477539,902.9536132812,893.9320068359,884.0690917969,874.6873779297,865.4889526367,856.3400268555,847.0021972656,836.8991699219],"9":[108.674079895,122.8775482178,137.1589813232,152.2621307373,167.3975982666,181.9157714844,196.5859832764,213.0777587891,213.9121856689,199.6642913818,186.0748901367,170.73097229,156.9235839844,142.1739501953,128.4646453857,114.1466369629],"10":[287.6897888184,296.4354553223,304.8299255371,314.2828063965,323.1700134277,332.9331665039,342.0016479492,352.0576782227,355.3951721191,347.1678161621,337.0662231445,327.3273925781,317.803527832,308.3950195312,298.9634399414,287.8353271484],"11":[258.1617126465,264.1578674316,269.9456481934,275.5738830566,281.5301513672,286.9674987793,291.7397766113,298.2584228516,300.3434448242,294.4064941406,289.046081543,283.0067138672,277.2689819336,271.6176147461,266.258605957,259.3054199219],"12":[506.4865722656,511.8536987305,516.536315918,521.5855712891,525.8944091797,530.6614990234,534.9525146484,539.708984375,542.154296875,537.5695800781,533.4708251953,528.2802734375,523.1958007812,519.1473999023,514.9268798828,509.3983764648],"13":[611.9244995117,619.8468017578,627.1466674805,633.9995117188,640.6695556641,647.4493408203,654.8043823242,661.5806884766,662.4505004883,655.3890991211,647.6207885742,640.9891357422,634.4893798828,628.2554321289,621.296875,613.299621582],"14":[352.0019226074,360.4555664062,369.4120483398,379.1911315918,387.7348327637,396.8248901367,406.1840209961,416.1992797852,423.1653442383,413.1543273926,403.4989013672,392.8903808594,383.7842102051,374.6553344727,365.3629760742,355.0102233887]},"polygon_y":{"0":[123.8006896973,122.8365707397,122.1807022095,122.0073013306,121.0295410156,120.4527664185,120.7014541626,120.4043426514,162.0765686035,162.2650146484,162.5163574219,163.1907501221,163.1065368652,163.4678497314,164.0548400879,164.8605041504],"1":[300.266784668,299.2605895996,298.4822692871,297.1591491699,296.3033752441,295.0589599609,293.9268188477,292.3363952637,319.9451293945,320.2486572266,321.2455444336,322.1467590332,322.8834533691,323.8260498047,325.2677001953,326.3049621582],"2":[308.9586791992,307.8717346191,307.2458496094,307.2377929688,307.1952819824,306.8762817383,306.8911743164,306.5786437988,343.6982727051,343.987701416,343.8998718262,344.0437316895,344.0292053223,344.0172729492,344.3508605957,344.3335571289],"3":[484.5227355957,481.9945678711,482.1370849609,482.8866577148,482.6646728516,482.405090332,481.7915344238,481.5814819336,517.3578491211,517.4478149414,518.0241699219,518.5561523438,518.5200195312,518.7371826172,519.8063964844,520.3256835938],"4":[494.5529785156,492.9962463379,492.2360534668,491.3490600586,490.7276000977,489.1806030273,487.9488830566,486.938293457,523.2803955078,524.0571289062,524.8575439453,525.6633300781,526.6547851562,527.6314697266,528.9602050781,530.051574707],"5":[108.4095916748,108.4365997314,108.7753982544,108.4755859375,108.1925964355,107.7449645996,107.7199401855,107.802230835,140.5361328125,140.6283721924,140.4055480957,140.3971710205,140.6164398193,140.5778808594,140.6436462402,141.264755249],"6":[232.0446624756,231.2990112305,229.777130127,228.439453125,227.8594055176,226.5830383301,225.416885376,223.7841949463,254.241973877,254.7034301758,254.8448791504,255.8002471924,256.5660400391,257.3296203613,258.7409973145,259.9723510742],"7":[79.5007705688,79.2637939453,79.0342254639,78.4290390015,77.7806167603,76.9240036011,76.3657302856,75.6309356689,104.7713317871,104.6803207397,104.6534042358,105.1595687866,106.1101837158,106.5702896118,106.6880874634,106.8520050049],"8":[532.1625366211,531.364440918,531.0350341797,531.306640625,531.5913085938,531.5567626953,531.2377319336,531.1906738281,564.9244384766,565.0666503906,564.50390625,564.1412963867,564.5507202148,564.6776733398,563.598815918,563.345703125],"9":[806.7927246094,807.6604003906,808.6820068359,809.24609375,810.3259887695,810.66015625,811.1069335938,810.9859619141,849.8519897461,850.5777587891,850.7470703125,850.6647338867,850.7697143555,850.9559326172,851.2966918945,851.7496337891],"10":[418.4548950195,418.0151977539,418.3865661621,417.7333984375,417.2129821777,416.5403442383,416.591003418,416.623046875,448.4714050293,448.0489807129,448.3439331055,448.162109375,448.5298461914,448.9091796875,449.3895874023,449.6505737305],"11":[178.2870483398,177.7984466553,177.7543029785,177.640838623,177.5164031982,177.4720153809,177.6642456055,177.3946838379,207.2390594482,207.7969055176,207.9897918701,207.4867858887,207.7574462891,207.9711151123,208.2356414795,208.0359191895],"12":[35.7501564026,35.9090690613,36.3316879272,36.318572998,35.8445320129,35.4543113708,35.3372573853,35.9233894348,62.067855835,62.3631515503,62.5294342041,63.0408287048,63.7340965271,64.3887176514,65.1867980957,66.0749740601],"13":[92.4744033813,92.0958328247,92.2102508545,92.4933700562,92.4128723145,92.402557373,92.4295349121,92.333946228,122.6821899414,123.4976119995,123.8303070068,123.8594512939,123.9883728027,124.2029266357,124.8079376221,125.0304718018],"14":[558.0241699219,556.3233642578,554.8420410156,552.7690429688,551.4435424805,549.8635864258,548.317565918,546.3189086914,578.8529052734,580.0588378906,580.9061279297,581.9321899414,583.0560913086,585.2888793945,587.4700317383,589.8918457031]},"text":{"0":"XIJ","1":"XXVII","2":"XV","3":"XIX.","4":"XVil","5":"K","6":"xX4I","7":"M","8":"XV1","9":"XxH","10":"Villa","11":"IX","12":"L","13":"IN","14":"xX"},"score":{"0":0.9883341789,"1":0.9715535641,"2":0.9774290323,"3":0.9863601923,"4":0.9776058197,"5":0.8744071126,"6":0.8050211072,"7":0.952629745,"8":0.9209750295,"9":0.9734669328,"10":0.9026109576,"11":0.7769409418,"12":0.6590670943,"13":0.6511905193,"14":0.4842047989}}