{"polygon_x":{"0":[420.7211608887,429.8848266602,439.9699401855,448.2626647949,456.552154541,466.0149536133,472.7605895996,479.9107666016,508.2604370117,501.3782958984,492.9705505371,486.155456543,476.0329589844,466.9975585938,457.0425415039,445.0708312988],"1":[483.6384277344,488.8659057617,493.5176086426,498.0698242188,503.4858703613,508.7937011719,513.5642089844,519.6334228516,556.1989746094,551.2420043945,546.1229248047,541.6697387695,535.5018310547,530.5281982422,526.59375,521.7132568359],"2":[205.9306945801,213.7324371338,221.8384399414,229.0722503662,237.2073059082,245.3540649414,253.196182251,261.0347595215,258.2532043457,250.7402648926,243.1543731689,235.2712097168,227.215423584,219.1305389404,211.0130615234,202.8520202637],"3":[642.4243164062,656.9207763672,674.1421508789,685.9744873047,698.2125244141,704.8627929688,710.3748779297,718.419921875,746.3269042969,742.6773071289,738.2916259766,731.1032104492,719.7579345703,707.7770385742,687.7340087891,672.2130126953]},"polygon_y":{"0":[955.8062744141,940.0994873047,923.908203125,905.5146484375,889.8088378906,872.1867675781,853.1561279297,834.040222168,854.3323974609,871.6070556641,890.3311767578,908.2769775391,924.7844848633,943.62109375,961.86328125,978.2007446289],"1":[808.0040283203,802.5635986328,795.2802124023,788.5201416016,779.6784667969,773.5709228516,766.9490966797,759.8146972656,784.4852294922,790.7028198242,798.1235351562,804.2180175781,811.0309448242,817.4010620117,823.2442626953,829.8891601562],"2":[104.6242904663,104.9684906006,105.3807678223,106.4043502808,107.8278961182,109.0370559692,111.1353302002,110.2459259033,157.9060211182,156.8457641602,155.6745910645,154.5821380615,154.1782531738,153.9144744873,152.5653381348,152.041519165],"3":[576.2985839844,538.9067993164,495.3532409668,458.9265136719,414.3167419434,374.0236206055,336.1082763672,296.8757324219,310.5612792969,349.6125793457,387.6324462891,431.2001037598,475.2123413086,517.0267944336,565.3767089844,599.3110961914]},"text":{"0":"Peraa","1":"D.","2":"34","3":"Betteeemee"},"score":{"0":0.9792286158,"1":0.5507826209,"2":0.5763216019,"3":0.5585575104}}