{"polygon_x":{"0":[296.4240112305,318.198425293,339.7258911133,363.4981689453,384.3380432129,405.1122741699,425.9088134766,446.5962219238,443.4877319336,423.088684082,401.298034668,379.9735717773,358.0272827148,335.9273681641,313.7568969727,291.8198852539],"1":[742.4765014648,761.0023193359,778.806640625,796.8491210938,813.8241577148,831.4271240234,849.4527587891,867.2006835938,864.5156860352,846.8508300781,829.3746948242,811.9295654297,794.2591552734,776.3513183594,758.9477539062,739.841796875],"2":[739.8892822266,747.3163452148,755.1712036133,763.0819091797,771.4565429688,779.5131835938,787.3443603516,794.2827758789,793.5845947266,786.1389770508,778.5670166016,770.7062988281,762.7352294922,754.4259033203,746.5475463867,738.2984008789],"3":[592.2791748047,609.6135253906,628.9973144531,647.8869628906,666.1430664062,684.0331420898,703.0399169922,721.5119628906,718.4235839844,700.8123779297,682.2759399414,663.8843994141,644.9986572266,625.5,606.5103759766,587.5828857422],"4":[518.0025024414,528.5681762695,538.0224609375,547.9645996094,558.6992797852,568.6119384766,578.1186523438,586.3135986328,585.1118164062,576.4483642578,566.1589355469,556.2950439453,546.6429443359,535.8963623047,526.2646484375,515.7683105469],"5":[870.2995605469,878.8823242188,888.5083007812,898.1907958984,907.0130615234,915.8439941406,924.3704833984,932.7371826172,928.2791748047,920.2771606445,910.6939697266,901.4897460938,892.1353759766,883.5153808594,874.2966308594,865.4971923828],"6":[461.628112793,466.3200073242,472.5113220215,479.0939941406,485.3848571777,491.8707885742,498.070098877,503.9434509277,502.3843994141,497.0558166504,490.0649414062,483.4674072266,477.530670166,472.1411743164,465.8900756836,460.4762573242],"7":[545.0817260742,549.5755615234,553.6759033203,557.6326293945,561.661315918,566.4420166016,570.9440917969,574.7062988281,570.9936523438,568.2129516602,563.7810058594,559.1334228516,555.204284668,551.458190918,548.2787475586,541.9572753906]},"polygon_y":{"0":[113.0721740723,114.9067001343,115.836265564,116.7340927124,117.3149185181,117.6979522705,118.8861465454,119.9516601562,159.7116241455,159.8265686035,158.8780059814,158.7671203613,158.238494873,157.9765777588,158.1680603027,156.1982116699],"1":[185.2131347656,186.4880523682,187.9226074219,188.5291748047,188.6351318359,189.232711792,190.2936401367,189.4322052002,223.0921020508,223.1660766602,222.6663208008,222.5475769043,222.2517700195,221.6941833496,221.8712005615,221.3349304199],"2":[94.2063217163,94.4006347656,94.1895980835,94.166015625,93.878288269,93.849822998,93.8356781006,93.8514785767,121.4770965576,121.4950942993,121.3641662598,121.0651550293,121.1984176636,121.163269043,121.1044387817,121.4192886353],"3":[103.6821136475,107.487701416,109.0023345947,109.840965271,110.4817199707,110.6915130615,111.5834732056,110.9548797607,149.8532104492,149.7802276611,149.1049499512,149.0604858398,149.4351959229,149.4250335693,149.5670928955,149.7293548584],"4":[116.008605957,116.6158981323,117.0231781006,116.9380874634,117.0067138672,117.0228271484,117.1845550537,118.3157501221,149.8259124756,149.5462799072,148.7269897461,148.2684783936,148.7025756836,148.7295379639,149.4862670898,148.6800842285],"5":[193.82081604,194.5221099854,195.8391571045,197.0897521973,197.06640625,198.0597076416,199.977935791,201.6718139648,228.9279937744,229.1728057861,227.9608764648,226.9904937744,225.8884429932,225.716796875,225.5055236816,224.1420898438],"6":[113.9029388428,114.6555328369,115.1006393433,115.9156494141,116.7427444458,117.0156173706,117.1854095459,117.3282546997,156.0200195312,156.8933868408,156.2164611816,155.7136688232,155.3145599365,154.8944549561,154.7382965088,154.3964538574],"7":[86.2958679199,86.8190155029,87.5200576782,87.8124923706,87.9592285156,87.9122009277,87.7574996948,87.7025222778,116.8608169556,116.4948959351,115.6466674805,115.3509597778,115.5274124146,115.724937439,115.9064331055,115.827041626]},"text":{"0":"Seale","1":"Sioeoti","2":"500","3":"Pats","4":"500","5":"inc","6":"St","7":"3"},"score":{"0":0.9862013459,"1":0.9760150313,"2":0.9540013075,"3":0.9606231451,"4":0.9519897103,"5":0.9657865167,"6":0.586045444,"7":0.803185463}}