{"polygon_x":{"0":[870.1215820312,887.6557617188,903.9915771484,920.7622680664,937.4096679688,954.0575561523,971.2097167969,987.6138916016,986.178527832,969.9581298828,953.6630249023,936.3643798828,919.6643066406,903.0286254883,886.419128418,869.1284790039],"1":[650.9754638672,674.1415405273,697.12109375,720.0979003906,742.6092529297,765.3174438477,788.8303222656,810.2510986328,809.680480957,787.1038208008,764.3492431641,741.3778076172,718.5216064453,695.7207641602,672.587890625,650.0688476562],"2":[532.4300537109,551.0329589844,570.0838623047,588.8219604492,607.9663696289,626.8502197266,645.8474121094,663.8587646484,662.8850097656,643.7051391602,625.1129760742,606.6069335938,587.6680908203,568.1605834961,549.0612792969,530.8388671875],"3":[306.2997436523,326.3283996582,346.4859619141,366.7829589844,387.1853637695,407.6663818359,427.5043334961,446.8808288574,446.7311096191,426.8060302734,406.624786377,386.2268371582,365.451965332,344.6453552246,324.0989685059,304.0701904297],"4":[376.8386230469,391.821105957,407.4086303711,422.8352661133,438.9833068848,454.3023681641,469.6030273438,484.5595703125,483.3412475586,467.6274414062,452.8890991211,437.3709411621,421.7756347656,406.3805847168,390.758972168,375.6499633789],"5":[153.9024505615,160.0513305664,166.7476654053,173.1213531494,179.3715820312,185.8294372559,191.8491821289,197.9457702637,198.0764007568,191.571472168,185.4737701416,179.4409332275,173.2930603027,167.0260314941,160.6911315918,153.8222045898],"6":[410.4562683105,426.6270141602,442.3010864258,457.4594421387,473.1329956055,488.9192199707,504.4137268066,520.3109130859,519.1031494141,502.9631958008,487.7592468262,472.0798950195,456.4051818848,440.7124023438,425.0510253906,409.2697753906],"7":[216.2663269043,229.0528564453,241.8537597656,255.0019073486,267.6881713867,280.614654541,293.2507019043,305.574005127,305.2686462402,292.4026184082,279.7485961914,267.2661743164,254.9102478027,241.7286987305,229.044128418,216.0621032715],"8":[216.9856567383,230.0091705322,242.6124725342,255.6985168457,268.1893310547,281.1244812012,293.6909484863,305.9557495117,305.7335205078,292.5770263672,280.2117614746,267.7925415039,255.293258667,242.3891296387,229.6785583496,216.4737243652],"9":[544.3274536133,562.9931640625,581.2355957031,599.7996826172,617.9737548828,636.1492919922,653.5358886719,672.0745239258,671.0041503906,653.1907958984,635.0543823242,617.0456542969,598.7563476562,580.1762695312,561.7792358398,543.19140625],"10":[321.3265991211,332.3772888184,343.4459838867,353.9110107422,365.057800293,376.2427368164,387.0859985352,397.5170288086,395.2893066406,384.8684692383,374.1907348633,363.6324462891,353.133972168,342.6448974609,332.1044921875,320.5060424805],"11":[463.7460632324,473.2724609375,482.4949951172,491.3573608398,500.7564697266,510.2181396484,519.2096557617,528.1065673828,527.0484619141,518.0335083008,508.7550354004,499.751953125,490.6841430664,481.426940918,472.2979125977,462.310333252],"12":[153.2984619141,159.0667266846,165.5054473877,171.9207458496,178.2451782227,184.8050079346,190.7741546631,196.9962158203,196.8602905273,190.26171875,184.262298584,178.2202758789,172.0299987793,165.7970581055,159.7017669678,152.7086181641],"13":[215.5675506592,228.2085418701,240.7013702393,253.688293457,266.4311523438,278.89453125,291.379486084,303.3510742188,302.7528686523,289.9671020508,277.7594299316,265.4857788086,252.884185791,240.2447814941,227.8329620361,215.0843811035],"14":[203.0846405029,215.9082336426,228.8382873535,242.1115722656,254.5964813232,267.4725952148,280.1651306152,292.610168457,292.0437316895,279.2868041992,266.7503051758,254.2169189453,241.5775299072,228.3062133789,215.8286743164,202.2168273926],"15":[321.0979919434,326.4627075195,331.6833496094,337.1784667969,342.419128418,348.3710021973,353.5177307129,358.3887023926,356.0217895508,351.344543457,345.8330078125,340.4543762207,335.6108093262,330.5150146484,324.989654541,319.3973388672],"16":[152.8602294922,158.9537506104,164.8964080811,170.9334564209,176.562210083,182.5053100586,188.2413330078,194.3822631836,194.402633667,188.1275787354,182.3363952637,176.6576385498,170.9912109375,165.6104125977,159.6516723633,152.544128418],"17":[315.3528137207,322.6692199707,329.9029846191,336.4148254395,343.4719238281,350.5296020508,357.4722290039,364.2425537109,364.4340515137,357.8124694824,350.1573181152,343.9094543457,337.0718383789,329.844909668,322.2697143555,315.373626709],"18":[827.8857421875,832.082824707,835.7335205078,838.9804077148,842.2535400391,846.1860351562,849.7995605469,853.8311767578,853.40625,849.7689208984,845.7044067383,842.185546875,838.3340454102,835.03515625,831.0305175781,826.5947265625],"19":[499.1594238281,514.4493408203,528.93359375,543.540222168,559.0245361328,573.7535400391,588.2752685547,602.4832763672,602.1842041016,587.1827392578,573.0147705078,558.2868652344,543.1712646484,528.381652832,513.0952148438,498.2409667969],"20":[152.2424926758,156.5398406982,161.3712921143,166.0933837891,170.5845794678,175.7883300781,180.3254089355,185.0710449219,183.8627319336,179.5821533203,174.6885528564,170.2837982178,165.7267608643,161.2459716797,156.4933929443,151.274017334],"21":[372.5266113281,399.6599121094,425.0264892578,451.0625610352,477.1523742676,503.0886230469,529.061340332,555.9404296875,554.0609130859,529.4724121094,503.3923950195,476.8120727539,450.7082519531,424.2084350586,397.9391174316,371.4113769531],"22":[620.6499023438,624.9545898438,627.9454956055,631.1326904297,634.2699584961,638.2963867188,642.1824951172,645.6686401367,642.7139282227,639.8422241211,636.0800170898,631.8112182617,627.7717895508,624.3063964844,621.3909912109,616.7733154297]},"polygon_y":{"0":[26.7836990356,26.4388542175,27.4546642303,27.6527633667,27.9298095703,28.526222229,29.3749046326,30.716550827,67.1290969849,66.8600158691,66.5673980713,66.4902648926,66.387008667,66.0591812134,65.7348251343,65.6447296143],"1":[29.6348571777,29.4089031219,28.8239631653,28.6959724426,29.2101325989,28.7740211487,28.6820697784,28.6433792114,64.4217224121,64.4651260376,64.4001617432,64.0481948853,63.2884216309,62.6197814941,62.1161651611,61.4822845459],"2":[104.2896194458,104.3148422241,104.7942810059,104.9048538208,105.1209945679,105.0543823242,105.2167053223,106.1076507568,146.2114868164,145.7956542969,145.108215332,144.8141326904,144.4239196777,144.3409118652,143.9936523438,143.8645324707],"3":[145.1128082275,145.6880340576,145.7483062744,146.0774841309,146.8994140625,147.2743377686,147.6027679443,147.7552185059,181.9898986816,182.0333862305,181.4476776123,181.2947235107,181.2672424316,180.8427734375,180.9797058105,180.8507537842],"4":[17.4953956604,17.4068565369,18.3609046936,19.0703792572,19.3555545807,19.5677986145,20.7901554108,21.4753875732,54.2613525391,54.2027244568,54.434967041,53.8714790344,53.9748764038,53.4972076416,53.0738067627,53.4976119995],"5":[58.7279281616,58.7222480774,58.948135376,58.9946708679,58.9833831787,58.8526344299,58.9822731018,59.3771743774,94.4989852905,94.1691589355,93.8666687012,93.5197525024,93.332611084,93.4493103027,93.7577209473,94.1647949219],"6":[102.0033187866,101.9091491699,102.3276596069,102.0885772705,102.0358581543,101.8716049194,101.7119445801,101.5670166016,141.1552581787,141.1207275391,140.8463592529,140.3793640137,140.2975311279,139.9860534668,140.0526580811,139.4405212402],"7":[100.8551635742,101.5580596924,102.646522522,102.8597412109,102.93800354,102.5707244873,103.5272827148,104.1925964355,137.117980957,137.0370941162,137.3284301758,137.5114593506,137.7274932861,137.9171295166,137.8777618408,137.8096923828],"8":[60.0815162659,60.6091003418,61.4110336304,61.5505752563,61.6476783752,61.5988922119,61.9879608154,62.0202102661,95.3155059814,95.7303466797,95.6360015869,95.5677185059,95.472984314,95.398475647,95.2608413696,95.050163269],