{"polygon_x":{"0":[102.5794372559,126.7945556641,150.735458374,175.0827941895,200.0016479492,224.6308746338,248.3621368408,272.7593383789,271.7890625,247.9628753662,224.103012085,199.3171539307,174.7046661377,150.0531158447,124.9494171143,101.0033340454],"1":[72.2037658691,88.7577362061,104.4098815918,120.861114502,136.7438354492,152.8728027344,168.349395752,183.6575469971,182.5439758301,166.6882324219,151.2035522461,135.4665985107,119.64087677,103.4548950195,87.6473617554,71.3863296509],"2":[110.7867736816,135.8727874756,160.4022216797,185.3478240967,210.0448455811,234.7705993652,258.6079711914,282.5931396484,281.6416320801,257.5405273438,233.3681945801,208.4526367188,183.2187805176,158.6136016846,133.2583618164,108.0721588135],"3":[351.5153503418,371.5772705078,391.9113769531,413.7095947266,433.6133422852,454.041015625,474.1850280762,495.2222900391,493.9627685547,473.2883300781,453.3111572266,432.4338989258,411.8993530273,390.4787902832,369.7074584961,349.4019165039],"4":[525.2379760742,543.4766235352,561.4362792969,579.3027954102,597.2026367188,614.8096313477,632.7885742188,651.1008300781,649.8638916016,631.8364868164,613.5654296875,595.7672729492,577.7161865234,559.2116088867,541.0205688477,522.5681762695],"5":[330.4956359863,350.8889160156,370.8415527344,391.9783325195,412.3267822266,432.9948425293,453.4262695312,473.482208252,473.0954589844,452.7372741699,431.9552001953,411.4063110352,391.4794616699,370.5732727051,349.701171875,329.4584350586],"6":[65.7960968018,81.1395645142,96.5915603638,112.6957321167,128.6875915527,144.3347625732,159.6581420898,174.3887176514,175.1197052002,159.403137207,145.0503692627,129.2940979004,113.1918182373,96.9226913452,81.0133514404,66.0274810791],"7":[179.7369995117,195.4056549072,211.8724365234,228.2653198242,244.7910766602,261.581451416,277.4416809082,293.5558776855,293.828125,277.6157531738,262.0634460449,245.6019439697,229.0546417236,212.2336730957,195.747756958,179.5354003906],"8":[671.2525024414,689.2664794922,707.1013793945,725.818359375,743.4716186523,761.6807861328,779.6209106445,797.9566040039,795.9504394531,777.5452270508,760.1846923828,741.8255004883,724.1903076172,705.8681640625,687.6107788086,669.3545532227],"9":[566.1037597656,589.3050537109,611.8322143555,634.9661865234,657.42578125,680.6260986328,703.4786376953,727.0785522461,725.5748291016,702.3807373047,680.2240600586,656.6138305664,633.508972168,609.8233032227,586.431640625,564.1616210938],"10":[653.2825927734,665.2924804688,677.7807006836,689.8531494141,702.3013916016,714.465637207,726.5197753906,737.8771972656,737.44921875,725.0278320312,713.4453735352,701.3049316406,689.1315917969,676.7510375977,664.4201660156,652.2735595703],"11":[573.7288818359,592.7911987305,612.0508422852,631.0892333984,650.5576171875,669.9400634766,688.1882324219,707.3481445312,706.3565673828,687.4774169922,668.8556518555,649.2634277344,629.7548217773,609.8206787109,590.4404296875,571.2202148438],"12":[286.4088745117,294.5340270996,303.1940002441,311.3559265137,320.2014465332,329.0811462402,337.4024963379,345.328918457,343.6535949707,336.2933044434,327.3135986328,318.9915466309,310.8517456055,302.526184082,293.9920043945,285.0172424316],"13":[310.3782958984,318.8595275879,327.001953125,334.9486999512,343.6417236328,352.0935058594,360.2821350098,368.936340332,367.0812988281,358.8745117188,350.4666442871,342.6112365723,334.8115539551,326.5017700195,318.2095031738,309.4354858398],"14":[109.4474639893,118.9326629639,128.352645874,137.8704986572,146.9370727539,156.438873291,165.5241699219,174.9674072266,174.0282440186,164.1602172852,155.0443725586,146.1112823486,136.9154663086,127.5168609619,117.752532959,108.1602783203],"15":[289.3663635254,301.4695739746,313.7166748047,326.1318969727,339.1013183594,352.0626831055,364.3264770508,377.1927490234,376.2125244141,363.9388427734,351.8133850098,338.9852294922,326.1415405273,313.4351196289,300.9079589844,288.1087646484],"16":[26.6405334473,34.6724472046,42.7765045166,51.6522979736,60.592540741,69.2854156494,77.8887710571,86.1844558716,87.1353530884,78.461807251,70.2667312622,61.8200454712,53.033164978,43.9317550659,35.8733406067,27.5942497253],"17":[717.057800293,735.1965942383,753.4094238281,771.6439819336,789.4659423828,807.4443359375,824.6624755859,842.6265869141,841.3574829102,823.1347045898,805.9587402344,787.9504394531,770.4859008789,752.4964599609,734.241027832,715.9282836914],"18":[380.5921936035,389.5863647461,397.5430297852,405.5589599609,414.4788818359,422.91015625,431.1377563477,439.1735839844,438.3168334961,430.1359558105,421.8216247559,413.6373901367,405.4459838867,396.9824523926,388.6120605469,380.1473693848],"19":[359.0628356934,372.5830383301,386.1643981934,399.7650756836,413.7168579102,427.1560974121,440.7180480957,453.5926513672,453.0642700195,439.1992797852,425.9730224609,412.3588562012,398.9083251953,385.0753173828,371.2525024414,357.1303100586],"20":[572.8780517578,583.2839355469,594.2414550781,604.5388183594,615.7343139648,626.6839599609,637.3096923828,647.94140625,645.4161376953,634.4681396484,624.3049316406,613.8963012695,603.315246582,592.7279052734,582.1965332031,571.0119628906],"21":[466.7379455566,472.2961120605,478.4173278809,484.8221435547,490.7397766113,496.9649963379,502.9414367676,508.8609313965,507.4534912109,502.3424072266,495.8146972656,489.9020385742,484.5595703125,478.6603088379,472.8090209961,466.2709350586],"22":[194.4319000244,204.4898834229,214.2657318115,224.1878051758,234.3931884766,244.2530975342,254.1221923828,264.4520874023,263.8587036133,253.1867675781,243.5735931396,233.2751464844,223.3723602295,212.9824829102,202.8994903564,192.4703826904],"23":[510.5935974121,517.5696411133,522.9849243164,529.3751220703,535.0992431641,540.7960205078,546.3854370117,550.9954223633,549.5748291016,544.4136962891,538.6481323242,532.9138183594,527.1895751953,521.6544799805,516.2935791016,510.0246887207],"24":[830.6310424805,835.8586425781,840.8515014648,845.7229614258,850.7922973633,856.3864135742,861.3119506836,866.1276245117,863.9563598633,859.3184814453,854.0821533203,849.0103149414,843.8872680664,839.0841064453,834.1869506836,828.5114746094],"25":[590.2435913086,600.0262451172,609.3428955078,618.5483398438,628.5344238281,637.8764648438,647.1243286133,656.2526855469,655.5394897461,645.9826049805,636.9965209961,627.6614990234,618.1340332031,608.840637207,599.3656616211,589.3069458008],"26":[33.7757148743,42.595615387,51.0262374878,59.2900314331,66.5325317383,74.7822494507,83.0665893555,92.9256896973,91.6630859375,83.0778427124,75.1135482788,66.9874420166,58.5326080322,50.4095001221,42.2350387573,34.0244827271],"27":[30.5426559448,38.5662536621,46.9596939087,55.2793045044,64.0090637207,72.5349349976,80.3180770874,89.1517486572,87.9515991211,79.7396774292,71.2937774658,62.8453407288,54.7584075928,46.7877807617,38.4833831787,30.6999435425],"28":[217.0117492676,225.6942138672,234.3495025635,243.2947540283,252.6938018799,262.4172058105,271.4170532227,280.0390930176,278.4012145996,269.9528808594,260.8183898926,252.0678863525,243.2112884521,234.3679199219,225.5985107422,216.2854003906],"29":[453.1976928711,468.4337768555,484.0324707031,499.1737060547,514.6584472656,530.1315917969,545.0715332031,560.5599975586,558.9844970703,543.5361328125,529.1184692383,513.6390991211,498.4338684082,482.9125366211,467.4163513184,451.8043823242],"30":[295.0901489258,300.7578125,307.0708007812,313.5445556641,319.7687072754,326.3609619141,331.7347412109,336.6338806152,335.6667785645,330.7804870605,324.1348876953,318.541595459,312.7810058594,307.4264221191,301.5900268555,295.0122070312],"31":[487.5067138672,500.0633544922,512.4831542969,524.6563720703,537.7883911133,550.7106933594,563.0376586914,576.5153808594,575.5324707031,563.1363525391,550.2194824219,537.5760498047,524.932800293,512.4694824219,499.6691589355,486.7903137207],