{"polygon_x":{"0":[846.4788818359,856.9360351562,867.3656005859,878.0639038086,888.9649658203,899.6956787109,910.4973144531,920.813293457,920.2694702148,910.6397094727,899.5659790039,888.9291381836,878.2907714844,867.6006469727,857.0498046875,846.6732788086],"1":[743.9494628906,747.887512207,751.8107910156,755.9273681641,760.2276000977,765.1174926758,769.290222168,773.5435791016,771.5764160156,767.6853027344,763.013671875,758.7001953125,754.9061279297,750.8812866211,746.7788696289,742.8468017578],"2":[861.1948242188,868.5701904297,875.4227294922,882.8516845703,889.900390625,897.412109375,904.4362792969,911.3121337891,910.2926635742,903.7969360352,896.8381347656,889.7877197266,882.8570556641,875.9357910156,868.5301513672,861.4923095703],"3":[780.5355834961,790.5026855469,800.2066650391,810.0017700195,819.6153564453,829.5919799805,839.0774536133,848.7739257812,848.8586425781,838.4478149414,828.7250976562,818.8819580078,809.7271118164,800.0170898438,790.4473266602,780.3645019531],"4":[850.8493041992,855.9752197266,860.5337524414,865.1170654297,869.2377319336,873.8271484375,878.0317382812,882.9767456055,881.9971313477,877.9230957031,872.9183959961,868.6558837891,864.2901611328,859.9056396484,855.2908325195,850.7340087891],"5":[460.318572998,465.7737731934,470.9188537598,476.7399291992,482.5395202637,487.8307800293,492.8251647949,497.6193237305,497.0030212402,492.7301025391,487.4786071777,481.8333129883,476.5174865723,470.8103942871,465.2973632812,459.8946838379],"6":[901.7990722656,905.1776733398,908.4790039062,912.4027099609,915.5901489258,919.1246948242,922.2481689453,925.3600463867,925.8428344727,923.1784057617,919.0463867188,914.909362793,911.3567504883,907.9321289062,903.8541259766,900.3597412109],"7":[730.9844360352,734.1860961914,737.8906860352,741.9705810547,745.5822753906,749.6145019531,752.6024780273,755.5111694336,757.7082519531,754.658203125,750.9345703125,746.7083129883,742.9543457031,739.3601074219,735.6762084961,731.6961669922],"8":[433.9022827148,438.5620727539,443.7041625977,448.6129455566,453.6840515137,458.5491638184,463.0468444824,467.9069213867,467.8976135254,463.6475219727,458.4741516113,453.5363464355,448.8090820312,443.8319396973,438.8359375,434.3684387207],"9":[656.6229248047,660.3425292969,663.9190673828,667.3937988281,671.0625610352,674.9130249023,678.6578979492,682.1053466797,682.5790405273,679.4898681641,675.4822998047,670.8514404297,667.0344238281,663.518737793,659.978515625,656.0152587891],"10":[758.5598754883,765.3344726562,772.9572753906,780.0378417969,786.3245239258,793.5640869141,800.0736083984,806.8610229492,807.8198242188,801.8304443359,793.9564208984,787.0294189453,780.0820922852,773.190246582,766.0974121094,759.1106567383],"11":[693.6394042969,697.2134399414,700.5028076172,704.1810302734,707.9157714844,712.6319580078,716.6146850586,719.3187866211,720.1901245117,716.6298828125,712.7945556641,708.3502197266,704.6793212891,700.6976318359,696.4909667969,692.4315185547],"12":[711.0338745117,715.3658447266,719.0149536133,723.8422241211,727.8198242188,732.7387695312,737.1080932617,739.9496459961,742.1721191406,738.7792358398,733.8813476562,729.3443603516,725.7130126953,722.6400146484,718.3599853516,714.2673339844],"13":[397.8198852539,401.5940856934,405.3531188965,409.769744873,413.680267334,418.3163452148,422.0589904785,425.7400512695,427.1683044434,423.8825073242,418.8437194824,413.9993591309,409.8245239258,405.8363037109,401.5242919922,397.9181213379],"14":[670.1732788086,673.0309448242,675.0544433594,677.7962646484,679.7928466797,682.2077636719,684.5236816406,687.2412109375,686.8488769531,685.1364135742,682.7698364258,679.6084594727,676.2084350586,673.2661132812,671.0680541992,668.1984863281],"15":[469.7659912109,475.6512451172,480.0708312988,485.6802978516,491.5168762207,497.0030212402,501.6304931641,505.1554870605,505.631652832,501.339050293,496.1921691895,491.4918518066,485.7532958984,481.5277404785,476.4929199219,471.4339904785],"16":[258.9095458984,262.3589782715,264.9739379883,268.595916748,272.3576660156,275.5228881836,278.3199462891,281.2582092285,282.0224609375,277.889251709,274.7302856445,271.0958251953,266.8622436523,262.7640686035,259.6832275391,256.1501464844],"17":[229.0584716797,231.7016906738,235.0937652588,239.8328399658,243.4658050537,247.4412841797,251.0391387939,254.1260375977,254.2319335938,250.537902832,245.5485839844,241.1734771729,236.6367340088,232.8796386719,229.1839752197,226.6228027344],"18":[557.184753418,561.8667602539,565.8209228516,569.7933349609,573.8380126953,578.1259765625,581.7877807617,584.8872680664,584.4932861328,580.5679931641,575.9086914062,571.0747070312,567.938293457,564.0742797852,559.6851196289,555.5785522461],"19":[578.0408325195,581.8287353516,584.9384765625,588.1605224609,591.3869018555,594.7532958984,597.748046875,601.4353027344,600.9419555664,598.0913696289,594.630859375,590.5034790039,587.3322143555,584.1335449219,580.8793945312,576.947265625],"20":[492.9272155762,496.9065856934,501.2709350586,505.2950439453,509.8245239258,514.305480957,518.2152709961,521.9320068359,525.6402587891,522.2541503906,518.5455932617,513.7066040039,510.5598144531,506.7184143066,501.1380615234,494.8226928711],"21":[688.8541259766,693.9600219727,701.0955810547,708.2132568359,715.0665283203,722.5424194336,729.7642822266,735.8673095703,734.6013793945,728.0775146484,721.1021728516,714.2711181641,706.6533813477,699.5587768555,692.0030517578,687.6278076172],"22":[930.2285766602,933.5081787109,936.3918457031,939.2785644531,942.2333374023,945.2590942383,947.809753418,950.1990966797,950.3682861328,947.1870117188,944.189453125,941.5744018555,938.6802978516,935.9294433594,932.4548950195,929.3536987305]},"polygon_y":{"0":[762.830871582,761.9930419922,761.4142456055,760.9298095703,760.5704345703,760.6170654297,760.3811645508,760.8602294922,781.9465332031,781.838684082,782.0502929688,782.0057373047,782.0065307617,782.2371826172,782.4384765625,782.7849121094],"1":[411.9033203125,411.5892028809,411.41796875,411.5678405762,411.3201599121,410.537109375,410.1670837402,410.1274108887,434.396484375,434.4540710449,434.4448242188,434.6774597168,434.8397216797,434.937286377,434.794342041,434.3454589844],"2":[784.6649169922,784.5639648438,784.1992797852,783.751953125,783.5942993164,783.5866699219,783.6688842773,784.0484008789,803.6426391602,803.4483642578,803.4938964844,803.6153564453,803.748046875,803.8386230469,804.0271606445,804.5278930664],"3":[409.6276855469,409.4449157715,409.268951416,409.2285461426,409.3606872559,409.1845397949,408.9731445312,408.7315063477,433.3862915039,433.4686279297,433.480682373,433.3465881348,433.2312316895,433.4768066406,433.3296508789,433.4901428223],"4":[407.2190551758,407.6213378906,408.337097168,408.0446166992,408.246887207,408.7841186523,408.9857788086,409.8986816406,432.5606994629,432.6091308594,432.3578186035,432.4950561523,432.4346313477,432.5869445801,432.5980224609,432.5166320801],"5":[850.6730957031,850.5274047852,850.8130493164,850.6721191406,850.4758300781,850.1879882812,849.7664794922,850.0604858398,870.9337158203,871.2842407227,871.073059082,871.1719360352,870.8641967773,870.8690185547,870.7620849609,870.7790527344],"6":[618.2048950195,617.8740844727,618.208984375,618.5453491211,618.7692871094,618.8216552734,618.7942504883,618.7988891602,639.1892089844,638.9987792969,639.0665893555,639.0242919922,638.9116210938,638.7603149414,638.2848510742,637.6807861328],"7":[908.3525390625,908.5541992188,908.8182373047,908.8256225586,908.8318481445,908.8234863281,908.8467407227,908.5670166016,925.5241699219,926.0552368164,926.9848022461,927.5808105469,927.9731445312,928.2800292969,928.6115722656,928.6695556641],"8":[756.6951904297,756.8393554688,757.2709960938,757.2757568359,757.4478759766,757.4803466797,757.5576782227,757.5372924805,778.8012084961,778.5163574219,777.9174804688,777.7487182617,777.5737915039,777.4144897461,777.2896728516,777.0427246094],