{"polygon_x":{"0":[936.407409668,947.3314208984,957.0715942383,965.8785400391,974.9517822266,983.9849243164,992.4295654297,999.944519043,999.8734130859,991.6903076172,982.9183959961,973.9384765625,964.6950683594,955.5238037109,945.3428955078,935.565246582],"1":[519.1559448242,558.7052001953,601.6356811523,645.2692871094,686.9744873047,729.8599853516,774.4338989258,817.3840942383,816.6036376953,774.3015136719,731.7532348633,688.3345947266,646.1459960938,603.0687866211,559.5661621094,518.3200683594],"2":[156.3758392334,176.28125,196.6895294189,217.1705780029,237.8158569336,256.2219848633,275.4814453125,294.9564208984,298.669128418,277.1996459961,258.0063476562,238.7496948242,219.4609832764,199.3948364258,179.5730895996,158.4947509766]},"polygon_y":{"0":[481.8607788086,482.017578125,483.0698242188,483.8965454102,484.6492919922,485.4196166992,486.9224243164,487.1677856445,522.7071533203,523.9703979492,523.8546142578,523.9996948242,523.8806762695,523.7630615234,524.1618652344,523.5137329102],"1":[477.1817016602,476.5729980469,476.5148925781,476.6430053711,476.7303466797,476.0102539062,475.1044006348,475.8804626465,523.0910644531,522.9657592773,522.7177734375,522.4548950195,521.9828491211,521.9530639648,522.3512573242,521.9768066406],"2":[106.4257888794,105.8780975342,105.9050064087,107.8219604492,109.5070648193,110.6101989746,117.6723861694,118.7956390381,182.5368499756,184.2196655273,186.2964172363,186.6636962891,186.6621551514,186.0181274414,185.663269043,185.1695098877]},"text":{"0":"Cas","1":"EL-KALAH","2":"Je1"},"score":{"0":0.9650576115,"1":0.9841215611,"2":0.5042975545}}