{"polygon_x":{"0":[393.3076477051,398.0483703613,401.6073303223,406.4976806641,410.1868286133,414.0812988281,417.7075195312,421.8822021484,398.5759887695,395.0548095703,390.7194213867,386.5280456543,383.0185241699,379.3911743164,375.8413391113,371.4483337402],"1":[387.0614929199,387.4326171875,387.8197631836,387.7426147461,388.7006835938,389.055480957,391.01171875,393.3554382324,368.33984375,368.6858825684,367.9768371582,367.8312683105,367.4769897461,366.9268798828,366.4075317383,366.2883300781],"2":[378.5528259277,380.4268188477,382.3698120117,383.7060241699,385.8094787598,387.2055664062,388.5103759766,389.8582458496,369.917755127,367.0536804199,366.5037841797,365.2426147461,363.1119384766,361.483581543,358.9886474609,358.0861816406],"3":[368.7008666992,370.1899414062,370.6078491211,371.3178710938,373.100769043,373.9463806152,374.5394592285,374.9512939453,354.0137939453,352.6278991699,352.1059875488,350.5793457031,348.3277893066,346.8459777832,345.594543457,343.8451843262]},"polygon_y":{"0":[931.5923461914,941.7086791992,949.8311767578,958.5874023438,967.4783325195,975.2840576172,983.2447509766,993.6773071289,999.9514770508,993.5299072266,985.9981689453,976.192565918,969.6239013672,959.6281738281,951.104675293,941.3848876953],"1":[975.6459960938,978.035949707,980.6503295898,983.4279785156,986.6762695312,989.2036132812,992.3560180664,995.0914306641,999.8410644531,997.2319335938,994.7225341797,991.658996582,988.9877319336,985.5157470703,982.0582275391,977.7639160156],"2":[905.4055786133,908.6213378906,912.673828125,915.9825439453,919.7253417969,923.614440918,927.2536621094,932.5756835938,940.6085205078,936.061706543,933.2854614258,929.0897216797,925.2560424805,922.1059570312,918.1898193359,915.1694335938],"3":[877.7743530273,882.0734863281,885.655456543,888.2755126953,892.098449707,895.3948974609,897.9283447266,901.7697143555,908.7503662109,906.0001220703,903.8577880859,899.944152832,896.1177978516,892.6934204102,889.4677124023,886.9213256836]},"text":{"0":"Tembs","1":"al","2":"the","3":"Tc"},"score":{"0":0.9553812742,"1":0.9593035579,"2":0.7743142843,"3":0.6675478816}}