{"polygon_x":{"0":[114.0499267578,134.0279388428,152.8456420898,171.8954620361,190.9832611084,210.6299133301,229.5852355957,249.8213806152,248.3276672363,228.6907196045,209.1708526611,189.4049682617,170.2424468994,150.391418457,131.6003570557,111.4111175537],"1":[63.6236419678,70.1602325439,76.2690200806,82.8679046631,89.577041626,97.0526733398,103.6447906494,110.7899017334,107.8867416382,101.6585159302,93.8921432495,87.1343688965,81.2389450073,74.9870910645,69.2118301392,62.4211959839],"2":[4.319396019,12.600982666,20.0149116516,27.4107208252,35.1437225342,42.8883934021,50.1117362976,57.4958648682,54.8058891296,46.8267593384,39.2422065735,31.9722957611,24.5742340088,17.2167453766,9.6283569336,0.9839179516]},"polygon_y":{"0":[483.1844787598,483.573425293,484.2895202637,484.1943969727,484.0627746582,484.2091369629,484.0919189453,483.2415771484,527.9984130859,528.6937255859,527.8508911133,527.8879394531,527.3217163086,526.8330078125,527.0604858398,526.8639526367],"1":[491.2875671387,489.8278808594,488.9478149414,487.9927978516,487.2341918945,486.5888671875,485.3645629883,484.3955993652,524.5731201172,525.2033081055,525.4644775391,525.7962646484,526.2297363281,526.2595214844,526.4743041992,526.6801757812],"2":[485.3969116211,483.3057250977,482.6803588867,482.4422912598,481.7980957031,482.2660827637,482.903137207,483.3022766113,523.9388427734,524.9007568359,524.5521240234,524.4664306641,524.3582763672,524.2860107422,524.4273681641,523.5416259766]},"text":{"0":"David","1":"of","2":"the"},"score":{"0":0.9882252216,"1":0.982780695,"2":0.9788989425}}