{"polygon_x":{"0":[577.6865234375,582.1522216797,584.6779785156,587.6285400391,590.8941650391,593.6512451172,596.1243896484,599.4514770508,570.4613037109,567.6779174805,564.4788208008,561.168762207,557.5822143555,554.6788330078,552.2803955078,549.1315307617],"1":[441.5612792969,445.8320617676,450.2141723633,454.3765869141,457.9993286133,462.134979248,466.0499572754,470.6276855469,445.2157897949,440.7154846191,436.8417358398,432.5255737305,428.4646606445,424.1577148438,420.5981445312,416.0928649902],"2":[708.9356689453,713.0138549805,716.0727539062,719.3511352539,722.3989257812,724.9880371094,728.4162597656,731.6358032227,719.6014404297,716.2269287109,712.467590332,709.4469604492,705.6466064453,702.2463989258,699.016784668,695.0596923828],"3":[876.1388549805,880.4358520508,885.5020141602,890.2027587891,894.1504516602,899.1419067383,903.8635253906,907.912109375,913.6640625,909.4184570312,904.4384765625,899.7478027344,894.9771118164,890.6273193359,885.48046875,879.6582641602],"4":[662.4841308594,664.5759277344,668.5549926758,670.3521118164,672.7792358398,674.0251464844,675.6229248047,681.4833984375,658.5504760742,653.3114013672,650.6381835938,648.5391845703,645.858215332,643.1883544922,641.3133544922,638.7532348633],"5":[0.4014590383,7.9622511864,15.0609378815,22.1077251434,29.482088089,35.9613189697,42.6665077209,49.3628845215,49.9946632385,43.4613990784,36.2367172241,29.1241073608,22.0923919678,15.1978387833,7.9397745132,0.3597438335],"6":[276.3128356934,281.7825622559,287.8306884766,293.1723937988,298.6184387207,303.7687988281,309.1184997559,314.069152832,301.4963989258,295.1856079102,289.0696411133,283.5981445312,277.4868164062,271.5155334473,266.5289916992,262.140625]},"polygon_y":{"0":[457.9426269531,463.0237121582,467.295715332,471.2437438965,475.5760498047,480.6849365234,485.9385681152,491.1975097656,509.0645751953,505.4780273438,500.9381103516,496.4420776367,491.6882324219,487.2194213867,483.9506835938,480.5354309082],"1":[305.0630187988,308.9229125977,312.8472900391,316.048828125,319.1098022461,323.2724304199,327.5474243164,332.259979248,360.3479614258,356.0748596191,352.4549865723,348.6936950684,344.9008789062,341.2676696777,337.6248779297,333.3020019531],"2":[846.234375,848.3511962891,850.3274536133,851.7697753906,853.0422973633,854.556640625,855.9268798828,856.9949951172,885.4163208008,884.3246459961,883.1877441406,882.3559570312,881.5412597656,880.5498046875,879.3980712891,878.7889404297],"3":[792.9833374023,792.6884765625,792.3582763672,791.6378173828,791.2124023438,790.5477905273,789.6068115234,788.9357910156,817.0611572266,817.6089477539,817.8111572266,818.0738525391,818.5053710938,819.0344238281,819.3284912109,820.0897216797],"4":[647.6610717773,650.3518066406,653.1063232422,654.2798461914,655.9423828125,657.0209350586,658.0345458984,663.3801269531,689.0524902344,686.6419677734,684.9561767578,683.2088623047,681.0103759766,677.7293701172,672.4626464844,667.2131347656],"5":[955.2880859375,954.9014282227,955.1340332031,955.3185424805,955.3085327148,955.5602416992,955.6295166016,955.8032226562,974.890625,974.8055419922,974.9018554688,974.7669677734,974.6298828125,974.6711425781,974.8890380859,974.9976806641],"6":[193.9833679199,196.5,199.6170806885,201.7032470703,204.3328857422,207.5243377686,210.6220703125,213.9138641357,249.7380371094,246.6184997559,244.2780456543,241.7623291016,239.1188659668,236.3607788086,233.9545898438,232.9250946045]},"text":{"0":"H","1":"E","2":"S","3":"Bt","4":"O","5":"ank","6":"Y"},"score":{"0":0.9407678843,"1":0.9755098224,"2":0.801897347,"3":0.4818832874,"4":0.4734287262,"5":0.9181352854,"6":0.9290134907}}