{"polygon_x":{"0":[645.3323364258,658.1209716797,671.4179077148,684.4725952148,697.5501098633,711.2298583984,724.1466064453,737.9183959961,735.9524536133,723.0481567383,710.350402832,697.1678466797,683.7803955078,670.3333740234,657.6127929688,644.9962158203],"1":[738.3279418945,748.9041137695,759.5861816406,770.5150756836,781.0496826172,792.203125,803.3364257812,814.128112793,813.9219970703,802.7244873047,791.6662597656,780.5697631836,769.9858398438,758.8103027344,747.7758789062,737.0239257812],"2":[775.5291137695,783.9562988281,792.1124267578,800.2330322266,807.9989624023,816.1950683594,824.4225463867,832.9598999023,832.0690917969,823.9080200195,815.7852172852,807.520690918,799.1458129883,790.51171875,782.198425293,774.5384521484],"3":[731.3653564453,737.666015625,743.01171875,749.0426025391,754.6856689453,761.0452270508,766.7171630859,772.6697998047,771.8560180664,766.5491333008,760.4393920898,754.73046875,748.6468505859,742.2476196289,735.8101806641,730.1297607422],"4":[700.3636474609,705.0994873047,708.6440429688,712.9934692383,717.371887207,722.4014282227,726.9466552734,731.2134399414,730.1809082031,727.4572753906,722.3258056641,717.8118896484,713.0753173828,708.9597167969,704.7565917969,699.3936767578]},"polygon_y":{"0":[453.1587219238,452.5759887695,452.1455078125,451.7065124512,451.2162475586,450.9598999023,451.1677856445,450.6414489746,477.6369628906,477.6385803223,477.6423950195,477.5653686523,477.5877685547,477.7333984375,477.9583129883,478.2810058594],"1":[451.6062011719,451.5022277832,451.4754943848,451.3012084961,451.2783813477,451.4137573242,450.9200439453,450.2752380371,477.0010070801,477.0392456055,477.1831665039,477.1634521484,477.3246459961,477.3559265137,477.5831604004,477.6714477539],"2":[479.5335083008,479.7666015625,480.0280761719,480.0967712402,480.052734375,480.238494873,480.0522460938,480.0936889648,509.4540710449,509.266418457,509.469909668,509.0647888184,509.187286377,509.0899047852,509.2132263184,509.3615112305],"3":[484.3414306641,483.9668579102,483.3701171875,482.676361084,482.5117492676,482.1408081055,481.6190795898,481.6254272461,509.4746704102,509.8254699707,509.7006530762,509.5751953125,509.6735229492,509.457244873,509.837890625,510.1608581543],"4":[485.5021972656,484.9762573242,484.7413635254,484.2979431152,484.1036987305,483.5156860352,483.1063842773,483.1312561035,509.3610229492,509.3572387695,509.4383239746,509.6064758301,510.2593994141,510.4766235352,510.6852722168,510.7674560547]},"text":{"0":"Charnel","1":"house","2":"Lion","3":"the","4":"of"},"score":{"0":0.9719887376,"1":0.981400609,"2":0.97262609,"3":0.949007988,"4":0.9437997341}}