{"polygon_x":{"0":[789.1701660156,799.4907226562,810.3522338867,820.7987060547,830.2093505859,839.6005249023,849.0229492188,858.4009399414,887.9797363281,879.1419067383,866.14453125,855.6985473633,844.0997314453,832.3632202148,822.1940917969,812.6121826172],"1":[910.9169921875,916.302734375,921.9176025391,927.5448608398,933.0750732422,938.3511352539,943.2170410156,949.0044555664,949.1611328125,944.0712890625,938.2973632812,932.858215332,927.4012451172,921.9987792969,916.5634155273,910.907043457],"2":[912.0531616211,916.4623413086,921.169128418,925.6832885742,930.2048339844,934.6878051758,939.4896240234,944.0349731445,943.9088134766,939.9691162109,934.6206054688,930.0321044922,925.6329345703,921.0135498047,916.0675048828,911.7528686523],"3":[951.6442260742,959.3853759766,966.6376953125,973.4630126953,980.1180419922,986.8102416992,993.4796142578,999.7468261719,999.8887939453,993.6318969727,986.8189697266,980.1260986328,973.4103393555,966.6256713867,959.7357177734,951.7401123047],"4":[948.7738647461,957.0511474609,963.8032226562,971.2319335938,978.6536254883,985.9392700195,993.1082763672,999.8680419922,999.8021850586,992.7917480469,985.2660522461,977.9964599609,970.5310058594,963.4662475586,956.2584228516,949.1970825195],"5":[15.6752986908,16.48046875,17.334192276,19.3663234711,20.3005886078,21.0359802246,20.9711360931,21.1207942963,52.0122375488,51.3844833374,50.9706954956,48.3134841919,48.1274337769,47.208694458,46.1371040344,47.2154464722],"6":[100.7976226807,123.5779190063,146.4870147705,169.8933105469,193.1048278809,215.9241027832,238.1136474609,261.100982666,262.3435668945,239.0188751221,215.5802001953,192.9033050537,170.1683959961,146.6313476562,124.2453384399,101.2891235352],"7":[15.3501625061,84.9641571045,150.8349304199,211.501159668,275.4468383789,330.5690307617,392.9898376465,437.0164489746,473.3222045898,411.9138183594,341.2276000977,273.5005493164,212.1363983154,149.6807250977,86.8191146851,17.897354126],"8":[239.1076965332,271.2073974609,302.2279663086,334.6801147461,368.2997436523,398.8655090332,427.916809082,462.5723876953,466.3148193359,433.7333679199,401.7532348633,368.237121582,335.0178222656,304.0497436523,273.0925292969,241.5343017578],"9":[796.8723144531,800.357421875,803.4754638672,807.6586303711,811.1416015625,814.7532958984,818.0361938477,820.2716064453,826.8422851562,823.6750488281,820.0060424805,815.7534790039,812.2443237305,808.9641113281,804.4360961914,800.4772949219]},"polygon_y":{"0":[585.667175293,565.4494018555,543.2448730469,520.6425170898,499.713470459,481.0065307617,460.0768432617,437.162322998,452.2854614258,470.1280517578,493.944732666,514.5252685547,536.6221313477,558.7185058594,579.5042114258,598.6306762695],"1":[890.198425293,889.7326049805,889.3920898438,889.6591186523,890.0029907227,890.1553344727,890.3142700195,890.2362670898,914.5,914.2669067383,914.1234130859,914.0477294922,913.8662719727,913.6776123047,913.7348632812,914.1984863281],"2":[914.325012207,914.2855224609,914.7601318359,914.8288574219,914.8528442383,914.9265136719,915.3149414062,916.6424560547,938.5415649414,937.8970336914,937.6799926758,937.8100585938,937.8049316406,938.0047607422,938.0742797852,937.7228393555],"3":[891.2420043945,891.3109130859,890.5827636719,890.5201416016,890.7910766602,890.7864379883,891.0511474609,890.3176269531,913.9673461914,914.8172607422,914.7796630859,914.5547485352,914.9949951172,915.3510742188,915.7379760742,916.1270141602],"4":[913.8067016602,915.0707397461,915.4580078125,915.5406494141,916.0062255859,916.1566162109,916.3116455078,917.0255126953,941.4696044922,941.4932861328,941.432434082,940.7025756836,940.4553833008,940.4326171875,940.0913085938,939.0665283203],"5":[97.0460357666,93.982925415,91.6886749268,89.0969772339,86.6257324219,84.7201156616,82.8284835815,80.5790405273,84.8601989746,89.590927124,91.9862442017,95.0336380005,97.6138458252,100.5561904907,104.8486709595,105.5719909668],"6":[683.0861816406,683.8811035156,684.4069824219,684.6033935547,684.8588867188,684.5517578125,684.1546630859,684.1478881836,707.6437988281,707.7172241211,707.4829101562,708.3832397461,708.8729248047,709.176940918,708.5375366211,707.9921875],"7":[596.7214355469,588.3786010742,581.3251953125,576.14453125,573.6567993164,572.4841308594,576.6851196289,583.0661621094,608.9018554688,598.8238525391,596.7074584961,598.1789550781,602.3148193359,607.1840820312,612.9428710938,618.8361816406],"8":[641.0466918945,638.3917236328,635.0364990234,632.0494995117,629.5612182617,629.0866088867,631.1485595703,630.950378418,653.7697753906,652.9499511719,652.373046875,652.9978027344,655.1868896484,659.0120849609,661.7393798828,664.3258056641],"9":[130.9716644287,131.0619812012,130.6699523926,130.3616027832,130.1273803711,129.8024902344,129.364440918,128.3520050049,147.4006958008,148.5791015625,149.7112121582,150.7734375,151.5508270264,152.0835723877,152.4239196777,152.6117553711]},"text":{"0":"Kinge","1":"Bir","2":"Ea","3":"Ayil","4":"Roge","5":"5","6":"Acciama","7":"HINNO","8":"Ercayalbon","9":"57"},"score":{"0":0.9629151821,"1":0.9621030092,"2":0.7592771053,"3":0.9757478833,"4":0.9453911781,"5":0.6497364044,"6":0.951538384,"7":0.898968637,"8":0.9149990678,"9":0.5121548772}}