{"polygon_x":{"0":[647.1212768555,674.5763549805,702.5616455078,730.4262695312,757.7856445312,785.5885009766,813.2485351562,839.9097900391,838.3785400391,810.5838623047,783.5493164062,755.9374389648,728.7915649414,700.8630371094,673.130859375,645.2860107422],"1":[854.1401367188,867.8150634766,881.2996826172,894.6440429688,907.9808959961,921.1200561523,934.3592529297,947.6208496094,948.0380859375,933.938293457,921.0802001953,907.9027099609,894.7207641602,881.2423095703,868.3314208984,854.1756591797],"2":[439.9887695312,457.2975463867,474.6706848145,491.7690429688,508.9332580566,526.0397338867,542.5880126953,559.973815918,558.4496459961,540.4396972656,523.594909668,506.6447753906,490.1786804199,472.617980957,455.6801147461,437.8363342285],"3":[352.4496459961,364.0715026855,375.4088134766,386.2400817871,397.7063598633,408.7109069824,419.1749572754,430.0065917969,429.0235595703,418.3429260254,406.8144226074,395.6721801758,384.9088745117,373.4048461914,362.4250488281,351.1443481445],"4":[1.5569119453,13.8242635727,25.0744667053,37.2829208374,49.3371124268,61.4465866089,73.1560821533,83.7439346313,83.3659439087,71.596572876,59.8494491577,48.3928489685,36.6340408325,24.5362091064,13.0971918106,0.5700532198],"5":[565.938293457,576.8419799805,587.006652832,597.6102905273,608.6290893555,619.9245605469,630.7930908203,641.682800293,639.6369018555,629.3506469727,618.3258666992,607.3342285156,596.8288574219,585.7424926758,575.3503417969,564.9113769531],"6":[237.1527404785,261.6840820312,284.6997070312,306.9163513184,329.6748046875,353.1903686523,376.4275512695,399.507598877,402.4931030273,378.889831543,354.2744140625,330.5817260742,307.5612792969,284.2546386719,261.1464538574,237.7344970703],"7":[861.833984375,883.0875244141,903.6856079102,924.1228637695,943.7160644531,963.3846435547,983.0718994141,999.9349975586,999.9636230469,983.296875,963.6003417969,943.4219360352,923.2256469727,902.9754638672,883.350769043,861.8500366211],"8":[93.5956726074,128.3086700439,163.7926940918,199.122253418,235.4218444824,270.7345275879,305.7298278809,340.2235107422,339.7191162109,305.5325012207,269.5678710938,233.4582824707,197.7260131836,161.9161682129,126.2203369141,91.3483581543],"9":[545.4950561523,603.8847045898,660.9727783203,717.5751342773,776.3845214844,833.0860595703,888.8452758789,941.9467163086,949.1617431641,886.2616577148,830.0120849609,771.4752197266,716.5176391602,660.4312133789,602.794128418,549.8549804688],"10":[0.0100002754,59.7087402344,127.2094039917,201.681427002,266.8623046875,336.296875,402.2602539062,474.9143676758,477.4157409668,412.5649414062,340.7908935547,270.2718811035,205.1958312988,137.9135131836,71.6772918701,0.9005917311],"11":[420.4650878906,442.1219482422,460.8928833008,480.3265686035,499.7100219727,519.5946655273,538.2038574219,558.0385742188,555.1019287109,538.0103149414,518.0621948242,498.4615783691,479.5272216797,460.6340942383,441.9672851562,422.2546691895],"12":[586.1188964844,643.7779541016,698.6541137695,754.176574707,811.4788818359,868.4423217773,923.1536865234,978.1823120117,981.7806396484,924.0053710938,868.4117431641,808.9478149414,753.6348876953,697.5289306641,639.6564331055,583.8368530273]},"polygon_y":{"0":[686.6804199219,686.3872680664,685.8358764648,684.9976196289,684.7185058594,684.1416015625,683.3812255859,684.3948364258,736.3611450195,736.6549682617,735.9417724609,735.563293457,735.6767578125,735.4629516602,735.2691650391,735.2961425781],"1":[698.8703613281,696.6429443359,694.6527709961,693.4869384766,692.9553833008,692.1780395508,689.7448120117,688.5914306641,736.2042236328,736.6513061523,736.5268554688,736.7670288086,737.3715820312,737.6897583008,738.2659301758,738.3376464844],"2":[685.7325439453,685.5380859375,686.2213745117,686.6246337891,687.5485839844,687.8486328125,689.1072998047,690.4598999023,736.8547973633,736.5506591797,735.9739990234,735.7263183594,735.3936767578,735.134765625,734.9084472656,734.2297973633],"3":[687.5001220703,687.819519043,688.3787841797,689.2559204102,689.9321289062,690.4546508789,691.4470214844,692.2467651367,735.4116821289,735.1560058594,735.3149414062,735.3359375,735.2169799805,735.1369628906,735.2603759766,734.7354125977],"4":[699.0715942383,694.9919433594,694.6898803711,694.6948852539,694.3753662109,693.9813842773,691.7388916016,692.1063842773,735.5518188477,736.2474365234,736.0413818359,736.0020751953,736.1766357422,735.8852539062,736.1744384766,736.8200683594],"5":[699.176574707,698.3605957031,698.2523193359,698.2272338867,698.2586669922,698.2932128906,697.8638305664,698.3063964844,735.1370849609,735.4161987305,734.7873535156,734.5330810547,734.8959350586,735.4984130859,736.0006103516,737.1068725586],"6":[542.7235717773,540.6198730469,540.7076416016,539.9080810547,539.5921020508,539.9450073242,539.6307983398,539.9924316406,606.9647216797,607.4381103516,607.1877441406,607.0035400391,607.9624023438,608.5778198242,609.6639404297,610.3803100586],"7":[773.0807495117,773.2470703125,773.4002075195,773.337097168,773.3773803711,773.3363037109,773.0596923828,772.9112548828,806.4367675781,806.5505981445,806.3558959961,806.2679443359,806.9037475586,806.5646972656,807.0108032227,807.2241821289],"8":[688.3112792969,689.1545410156,689.6011962891,690.0202636719,690.4346313477,690.3402709961,689.0505371094,690.0119628906,742.8380126953,741.0810546875,739.2835083008,738.9401245117,737.7220458984,737.1279907227,737.6604003906,738.1588134766],"9":[253.5987854004,253.5770874023,255.3746948242,254.2086791992,253.8888702393,255.5132293701,257.3612976074,264.7822570801,429.5311889648,429.9751281738,428.4176940918,424.5715332031,424.1815185547,425.4144287109,424.6372680664,424.7054443359],"10":[244.784576416,261.9679260254,265.4417724609,262.1331481934,255.7234191895,250.0135803223,239.6062011719,237.0855865479,422.6778564453,424.0145874023,428.0811767578,429.6938476562,430.9724731445,432.352722168,431.6585083008,432.4835205078],"11":[518.7199707031,517.6942138672,516.9764404297,516.844543457,516.9707641602,516.6675415039,517.2102050781,518.6987915039,609.7709960938,606.8464355469,607.2383422852,606.7137451172,607.2700195312,606.778137207,606.6478881836,606.0639648438],"12":[518.4076538086,515.4727783203,516.2632446289,515.3739624023,515.2513427734,515.1750488281,513.7110595703,514.0209960938,612.2196044922,613.1273193359,612.4037475586,611.6378173828,610.9777832031,609.7127075195,609.2336425781,610.2131347656]},"text":{"0":"SIEBER","1":"und","2":"Plane","3":"der","4":"mit","5":"von","6":"von","7":"GEZEICH","8":"Benutzung","9":"Wot","10":"UAt","11":"DR","12":"ERNST"},"score":{"0":0.9879541397,"1":0.9895316362,"2":0.987339735,"3":0.9874051213,"4":0.9859862328,"5":0.9489809275,"6":0.8853695989,"7":0.9888821244,"8":0.9860700369,"9":0.9753357172,"10":0.5971955061,"11":0.9697178006,"12":0.9873605371}}