{"polygon_x":{"0":[645.1860961914,651.3281860352,656.940612793,663.0963745117,669.1405029297,675.1022949219,680.5615844727,686.0510864258,685.1063232422,680.2236328125,674.2288208008,668.0704345703,662.5893554688,656.9553222656,651.5335083008,644.793762207],"1":[15.5406131744,20.4667491913,26.2985591888,33.0267677307,37.9696540833,43.637676239,49.6979522705,55.4361953735,30.1474933624,25.5053710938,21.6278858185,16.6074562073,11.7686767578,6.9386482239,3.5265541077,0.0217865575],"2":[78.6683807373,84.4757385254,90.497505188,94.7230987549,100.1404876709,104.6023635864,109.3665390015,114.6204681396,91.6618423462,85.5019226074,79.8911209106,74.1390533447,69.7665557861,64.9376754761,59.2846984863,53.8548316956],"3":[916.4702148438,923.0817260742,928.9014892578,934.3325805664,939.6604003906,945.5648803711,951.4332275391,958.6870117188,964.8817138672,957.8215332031,952.9629516602,946.6358032227,941.1947021484,935.5881347656,929.8289794922,922.7753295898],"4":[777.5786743164,784.1102294922,790.5607910156,796.9121704102,803.0083007812,809.7349853516,815.3363647461,821.3221435547,819.5557250977,812.9986572266,807.9373168945,800.9921264648,794.9361572266,788.6171875,782.7239379883,775.7161865234]},"polygon_y":{"0":[229.4914550781,229.7086791992,230.332611084,230.6404724121,230.7723999023,230.5177154541,230.7006988525,230.7120361328,278.647277832,278.9453430176,278.815246582,278.3920593262,278.2360229492,278.0355529785,278.118560791,278.2253723145],"1":[884.4276123047,890.4895019531,897.1529541016,904.3010253906,911.4509277344,918.4595336914,926.3314208984,934.1887207031,956.0687255859,948.3094482422,941.5457763672,934.6367797852,928.4424438477,921.4129638672,914.2180786133,904.2908325195],"2":[942.757019043,949.192199707,956.5047607422,961.3770751953,968.9768066406,975.0671386719,981.4276733398,987.6755371094,999.9899902344,998.1064453125,992.5527954102,986.1052856445,982.6592407227,976.2474365234,970.2209472656,963.1578369141],"3":[231.4318084717,230.9032440186,230.3067169189,230.3747711182,229.8902282715,229.0181732178,228.1884460449,227.0321655273,277.3845214844,277.6105957031,278.2301330566,278.4576416016,278.7767333984,279.25390625,280.0580749512,280.9325866699],"4":[226.1250915527,226.5675201416,227.3332061768,227.9557800293,228.1500396729,227.9089202881,228.0812683105,227.2422180176,281.0213928223,281.2748413086,281.4929199219,281.3765869141,281.2858886719,280.9663085938,280.4777832031,281.0449829102]},"text":{"0":"H","1":"Vabt","2":"Sam","3":"G","4":"U"},"score":{"0":0.9766409993,"1":0.8860064149,"2":0.9841769934,"3":0.9569730759,"4":0.9574344754}}