{"polygon_x":{"0":[788.5492553711,786.9273681641,788.1260986328,789.4689331055,791.6415405273,793.0517578125,793.9094238281,794.8192749023,721.3850097656,720.1181030273,719.6672973633,719.0798339844,718.2284545898,718.1820068359,718.53515625,717.7969970703],"1":[137.2779693604,142.7366485596,147.942779541,153.4650878906,158.8458099365,164.5850219727,169.3427734375,174.9369812012,174.0458526611,169.1941223145,163.5171203613,157.9304351807,152.9297180176,147.6110992432,142.2402801514,136.4407348633],"2":[664.2990722656,665.4753417969,668.3869628906,669.9411010742,672.1096801758,674.6535644531,676.3389892578,677.5592651367,604.0932617188,603.9453735352,602.1719970703,600.2364501953,598.8493041992,596.6522827148,596.0040893555,594.3514404297],"3":[267.858001709,274.7362060547,282.1494140625,287.5928955078,294.0711364746,300.9504394531,307.4274902344,314.6039733887,276.3329162598,270.6009216309,264.2238769531,257.695892334,251.4347076416,244.7940979004,238.7611236572,232.1960144043],"4":[6.2061018944,12.3205804825,17.4085464478,22.8582496643,28.349609375,33.2519760132,38.8860588074,43.244354248,44.0644645691,38.4241943359,32.366443634,27.0422019958,21.7027549744,16.2493782043,10.7120809555,5.9167118073],"5":[0.826919198,10.8038702011,19.1819038391,27.4412078857,34.5215454102,43.0658416748,50.9832687378,58.2134475708,58.1405410767,49.1558914185,40.9013442993,33.2306747437,25.0193710327,17.0409412384,8.9190340042,0.1359318346],"6":[1.1829371452,6.3354921341,10.4407262802,14.804110527,19.2851333618,24.8103046417,30.4797134399,38.6531944275,35.9486618042,27.9423122406,22.9652881622,17.67710495,12.6584634781,8.5979785919,4.4509396553,0.1595252603],"7":[3.5566301346,19.6097145081,34.5205841064,50.067527771,64.9012451172,79.4925613403,94.3315963745,107.8607177734,108.2328948975,95.1664352417,79.939125061,65.236579895,50.1039657593,35.2358322144,20.0276985168,3.319047451]},"polygon_y":{"0":[915.7080078125,922.4697265625,930.1038818359,938.0194702148,947.4228515625,957.3924560547,964.948425293,973.4408569336,978.3616943359,969.6233520508,961.2387084961,952.0877685547,942.8875732422,936.3011474609,927.6579589844,918.420715332],"1":[228.2278137207,228.5349731445,229.0801239014,229.2427825928,228.8755187988,228.5363006592,228.6375274658,228.5098571777,277.5748291016,277.8265686035,277.2971191406,276.9736022949,276.8350219727,276.7479248047,276.726348877,276.9713745117],"2":[720.2053222656,723.5640869141,732.4038696289,738.2399902344,744.2728271484,752.8295898438,758.9156494141,765.4086303711,771.2252197266,762.6297607422,756.1823730469,749.6477050781,745.0994262695,738.6370239258,731.9886474609,726.7662353516],"3":[567.1856079102,570.7325439453,574.6380004883,577.7900390625,581.9459228516,585.3542480469,588.5053710938,593.340637207,654.2340087891,649.5531616211,645.4651489258,642.1014404297,638.0272827148,634.4948730469,630.8212890625,626.4965209961],"4":[973.6647949219,973.99609375,974.2482910156,974.1565551758,973.864440918,973.8829956055,974.2618408203,973.9896240234,999.846496582,999.7854614258,999.8129882812,999.7987060547,999.8326416016,999.8229370117,999.8260498047,999.8089599609],"5":[532.2861328125,532.6527099609,533.1929931641,533.4284667969,532.5674438477,531.5645751953,530.8646240234,531.1860961914,608.5128173828,609.0538330078,609.4174194336,610.5319824219,610.815246582,611.323059082,612.6242675781,613.4385375977],"6":[227.6279449463,227.3677215576,227.9183654785,228.6956481934,228.9384307861,229.0991821289,229.1923675537,229.4877929688,279.1649475098,279.413848877,278.3000793457,277.6871948242,277.2625732422,277.1748962402,277.1428833008,277.5461425781],"7":[778.4719848633,778.9835205078,778.5662841797,777.9975585938,778.096862793,777.9641113281,777.2828369141,778.6920776367,806.87890625,806.4014282227,806.8960571289,806.9951171875,807.3169555664,807.3552246094,807.1569824219,807.0626831055]},"text":{"0":"O","1":"S","2":"J","3":"L","4":"18","5":"1","6":"U","7":"ecchen"},"score":{"0":0.9711149931,"1":0.9773421884,"2":0.9363049865,"3":0.9881182313,"4":0.8817552924,"5":0.954551816,"6":0.8538197875,"7":0.5954421163}}