{"polygon_x":{"0":[595.2240600586,600.1683349609,603.0693969727,606.5115356445,610.7780761719,614.7875976562,617.7784423828,622.0897216797,537.0093383789,534.665222168,532.3073730469,529.9123535156,527.1334228516,524.7290649414,522.918762207,519.9331054688],"1":[491.573425293,493.6619873047,494.9731140137,496.7936706543,498.8120727539,501.0191650391,502.5552978516,503.4794311523,442.1781616211,442.3105163574,441.4465026855,439.6817016602,437.7719726562,436.0559692383,434.3873901367,432.8439941406]},"polygon_y":{"0":[830.0878295898,839.7843017578,849.7318115234,857.599609375,866.7360839844,878.0346069336,888.030090332,896.3131103516,914.3338012695,901.038269043,891.5086669922,881.2241210938,872.3263549805,863.4899291992,853.721862793,846.477355957],"1":[586.3057861328,593.9657592773,600.6096801758,607.6640014648,613.9706420898,620.8803100586,626.7332763672,632.66796875,637.5614624023,633.8917236328,628.4768066406,621.8903808594,616.4873046875,610.1095581055,602.6011352539,597.5728759766]},"text":{"0":"L","1":"I"},"score":{"0":0.968955338,"1":0.885048449}}