{"polygon_x":{"0":[806.6329956055,805.3793334961,804.9743041992,805.2473144531,804.7722167969,804.5017089844,803.9429321289,802.6707763672,747.8444824219,747.0855712891,747.0614624023,746.4838867188,746.052734375,745.9563598633,745.8088378906,744.9195556641],"1":[745.8865966797,746.2622070312,746.1472167969,746.7807006836,747.2313232422,747.0264892578,746.236328125,742.1304321289,816.0223999023,820.9862670898,824.0510253906,824.3231201172,824.2395629883,823.5712280273,823.32421875,822.170715332],"2":[712.149597168,710.5874633789,709.7588500977,709.3219604492,709.8934936523,710.4147949219,711.4901123047,711.58203125,660.071472168,660.5538330078,658.7078857422,658.4337768555,657.9580688477,657.4454345703,656.8028564453,656.1457519531],"3":[741.3524780273,736.7956542969,737.7257080078,737.4887084961,736.5084228516,735.2249755859,736.149597168,734.8906860352,666.1400756836,669.2432250977,670.4752197266,673.2166137695,674.9702148438,676.1663818359,676.0373535156,678.2021484375],"4":[741.0633544922,736.7456054688,737.510925293,737.567199707,736.6614990234,735.3931884766,736.2020874023,735.0598144531,666.4212036133,669.5126953125,670.7537231445,673.3887329102,675.4653930664,676.6973266602,676.2844238281,678.5006103516],"5":[673.3870849609,673.5938720703,674.912109375,676.692199707,678.5593261719,679.1675415039,679.8034667969,680.8884277344,595.0256958008,597.1497192383,595.8458251953,594.2971801758,591.5355224609,591.9888916016,591.7995605469,592.5601806641],"6":[791.2243041992,789.2604980469,789.2086181641,789.421875,789.6169433594,790.0274047852,790.897277832,791.5985717773,712.6558837891,713.5106201172,714.7517089844,716.3179931641,718.3461914062,720.2635498047,721.4220581055,722.4449462891],"7":[764.9548950195,763.5300292969,762.2878417969,761.5882568359,760.9463500977,760.7297363281,760.6643676758,759.934387207,711.2057495117,711.5306396484,711.0436401367,710.8922729492,710.1738891602,709.9822998047,709.6368408203,709.1900634766]},"polygon_y":{"0":[686.3005981445,689.1353759766,694.8236694336,699.5409545898,704.9786376953,710.9392700195,718.2438964844,725.2252807617,717.9302978516,713.6834106445,708.8613891602,703.6019287109,699.1791381836,693.3620605469,687.9202270508,684.3950195312],"1":[999.4161987305,992.8488769531,987.3168945312,980.3343505859,973.0849609375,965.158996582,957.0498657227,950.8818359375,938.2077026367,949.8064575195,959.0301513672,968.7033081055,975.7321166992,983.4000244141,991.2849121094,999.6617431641],"2":[161.1154785156,162.8720245361,168.7707519531,175.3202209473,182.8717651367,189.4643859863,193.6314086914,198.8036804199,187.1884918213,192.8977661133,187.6610717773,182.2729187012,175.0741729736,170.054397583,164.6238555908,161.1779785156],"3":[291.7036743164,289.9128112793,294.8863830566,302.0299072266,309.4922790527,315.3668518066,323.340637207,331.3934326172,323.7646179199,312.674987793,309.9125976562,306.7772216797,301.0293884277,294.8281860352,293.1077270508,288.2454223633],"4":[290.456817627,288.9575500488,293.8260498047,301.2238464355,308.5956115723,314.524597168,322.583984375,330.3317260742,323.2220153809,311.2725524902,308.6330566406,306.6095581055,299.6002197266,293.6059265137,292.458984375,288.1067199707],"5":[30.2558879852,36.2202377319,45.1276855469,51.8326148987,59.0186538696,68.2983093262,72.6118850708,76.365020752,77.1921691895,79.3653259277,75.6469039917,69.5856018066,61.5796279907,56.569770813,48.8213043213,38.1207618713],"6":[556.1287841797,557.0833129883,562.7727050781,571.4139404297,580.8676757812,586.8383178711,594.7947998047,601.8195800781,601.161315918,592.3878173828,584.8492431641,579.2442626953,568.8927001953,560.9412231445,552.603515625,545.8224487305],"7":[422.9186706543,426.3252258301,431.0334777832,436.208984375,442.1051025391,445.3092956543,449.9966125488,454.571105957,442.0092163086,445.6690979004,440.4493713379,436.6488342285,434.3526916504,430.7342529297,426.591003418,424.8577880859]},"text":{"0":"O","1":"D","2":"D","3":"O","4":"O","5":"I","6":"I","7":"J"},"score":{"0":0.7931898236,"1":0.4524350762,"2":0.6101441383,"3":0.6203756928,"4":0.6065055132,"5":0.8841195703,"6":0.8666827679,"7":0.5226454735}}