{"polygon_x":{"0":[0.0536905378,22.7442474365,47.635269165,71.9081802368,96.4423980713,120.7381134033,145.1968078613,170.923538208,170.6206665039,145.7426300049,120.9219436646,95.9742355347,70.9981155396,46.60131073,22.3430938721,0.0625052378],"1":[215.5050354004,234.9160003662,253.3310241699,272.1214904785,290.5405273438,309.1186523438,327.9862060547,347.0826721191,345.8915710449,326.9651794434,307.9107055664,289.0974731445,270.3524780273,251.4406738281,232.5426025391,213.30859375],"2":[40.8071365356,53.343963623,65.7976226807,78.0712280273,90.0649261475,102.569152832,114.9775085449,128.3986358643,126.8948364258,114.0669250488,101.9539260864,89.3202285767,77.0565338135,64.6171646118,52.2607765198,39.185459137],"3":[169.7763671875,183.4347381592,196.680267334,210.0557250977,223.5069122314,237.1618499756,250.3767547607,264.0151672363,263.2313232422,249.9313659668,236.440826416,223.0804443359,209.8912200928,196.2425537109,182.6827697754,168.6158447266],"4":[576.1696777344,582.2873535156,589.0380859375,595.7910766602,602.2326049805,609.2925415039,615.7100830078,622.3802490234,620.5708007812,613.6051635742,606.6715087891,600.2151489258,594.3363037109,587.8764648438,581.1262817383,574.3680419922],"5":[405.693359375,417.1141967773,428.462890625,439.4996337891,451.2411193848,462.3749389648,473.8616638184,485.3864746094,485.0369873047,473.6716918945,461.8793029785,450.424987793,438.9669799805,427.5554199219,416.1629638672,404.2349853516],"6":[621.1070556641,645.6137084961,670.3742675781,695.5975341797,720.658203125,745.65234375,769.8965454102,794.910949707,795.7509765625,770.8672485352,746.6669921875,721.0692138672,696.1174926758,671.1569824219,645.9642944336,621.40625],"7":[208.4709472656,223.8529968262,238.884979248,253.7681427002,268.4942321777,283.3688964844,298.4324645996,312.2673339844,312.0023193359,297.615020752,282.4093933105,266.9421081543,252.3787841797,237.478515625,222.621887207,207.1303710938],"8":[638.1408081055,651.4635009766,664.4920654297,678.2250366211,691.7064819336,705.6820068359,719.3128662109,731.7672729492,732.3597412109,719.0209960938,706.1219482422,692.4477539062,678.9568481445,665.6442871094,652.4307250977,638.2486572266],"9":[738.7645874023,755.3157958984,771.5798339844,787.9277954102,804.2407226562,820.8051757812,837.1843261719,853.7764892578,852.8005371094,837.1840820312,820.7243652344,804.4130859375,787.9165649414,771.6403808594,755.43359375,738.4663085938],"10":[621.4193725586,646.8981323242,671.7233886719,696.4156494141,720.8927001953,746.6262817383,771.1990356445,795.7120361328,794.3048706055,769.6813964844,745.0805664062,720.0245361328,694.8971557617,669.8727416992,644.9501953125,620.0196533203],"11":[181.7130737305,185.7303619385,189.83984375,193.9153900146,197.3129882812,201.0764312744,204.666305542,207.5913391113,206.150970459,201.7551422119,197.7247619629,194.1489868164,190.6717834473,187.0500793457,182.9511413574,179.0369567871],"12":[488.1851196289,499.5680236816,511.6105651855,523.1379394531,534.8093261719,546.6890869141,558.4096069336,570.2086791992,569.0758056641,557.2498779297,545.2786865234,533.7379150391,522.272644043,510.7765197754,499.1727294922,487.4136047363],"13":[673.985534668,676.6361083984,678.1264648438,678.9183349609,682.6253662109,686.1431884766,687.9671630859,691.1375732422,773.2207641602,770.3225097656,766.6955566406,763.3936767578,761.1654663086,760.0216064453,758.0770874023,753.1439208984],"14":[771.514831543,781.0106201172,790.6593017578,799.9074707031,809.4463500977,819.0123901367,828.0315551758,838.0828857422,835.8316040039,826.1611328125,816.7365722656,807.2685546875,798.2522583008,788.826171875,779.1470336914,769.3616333008],"15":[715.7213134766,712.5439453125,711.9482421875,709.669921875,710.5081176758,710.9949951172,710.4841308594,711.3616333008,801.2462768555,797.6712036133,795.0344848633,793.1224975586,791.3284912109,791.4769287109,792.5865478516,792.509765625],"16":[705.7568969727,717.5671386719,729.8039550781,742.3486938477,754.6640014648,766.8567504883,779.2556762695,791.4467773438,791.6608276367,779.5130615234,767.5543212891,755.310546875,742.91796875,730.2560424805,718.2341918945,705.3922119141],"17":[87.756362915,93.0821609497,97.8246307373,102.7840118408,107.5617370605,112.4861297607,116.9613189697,122.4275131226,123.1504669189,118.4377441406,112.9642486572,107.3135528564,102.6475143433,97.6747131348,92.8159332275,87.2566299438],"18":[0.1796014011,8.2109851837,15.8723316193,24.4239654541,32.279132843,40.6526985168,49.5306243896,59.4807472229,58.9394607544,49.9759674072,40.9163475037,33.0770950317,24.6684837341,16.5347652435,8.2694740295,0.1444893628],"19":[131.9508666992,136.1785430908,140.4068908691,144.7131347656,148.6602630615,152.9871368408,156.8272705078,160.3504333496,159.2117919922,155.9286651611,151.8900604248,147.7538299561,143.6482086182,139.6867980957,135.4191894531,130.9309539795],"20":[0.209887296,16.3029212952,32.5795288086,50.011882782,66.1617431641,82.9791641235,99.1381225586,116.4527893066,115.112411499,98.2610626221,82.061920166,65.5246047974,48.9402008057,32.1729240417,16.1159877777,0.0593287051],"21":[54.8435211182,59.9868965149,64.6580886841,69.4912414551,74.2405090332,78.9774627686,83.3317108154,88.7798233032,90.6878356934,85.8905334473,81.0188674927,75.8098602295,70.9756851196,66.086265564,61.3766479492,56.1183624268],"22":[800.7530517578,810.5931396484,820.6369628906,831.3096923828,841.6082763672,851.5149536133,861.7286376953,872.1435546875,871.8258056641,862.1062011719,851.9686889648,841.7449951172,831.6159057617,821.4727172852,811.57421875,800.9563598633],"23":[272.5777893066,277.401550293,281.5227050781,286.4100646973,291.0401916504,296.2334899902,300.5510559082,305.0067443848,308.5374145508,303.7561950684,297.9072265625,293.0202026367,288.2530517578,283.8812866211,279.0146179199,273.1293029785],"24":[71.0904998779,92.362663269,112.2556762695,131.8937530518,151.2958374023,171.0302581787,191.2917175293,211.5334472656,208.9358673096,189.2257995605,169.2946624756,149.7436676025,130.6324615479,110.8114242554,90.6256103516,69.0864105225],"25":[627.2915649414,630.2278442383,632.6613769531,633.5142211914,637.3079223633,639.6399536133,643.5869140625,647.3444213867,725.510559082,722.4828491211,718.0798339844,715.3558959961,712.9562988281,712.7380981445,711.2257080078,706.6951904297]},"polygon_y":{"0":[759.6835327148,759.0859375,759.241027832,759.2398071289,758.8304443359,758.3583984375,758.0872192383,757.6693115234,785.9921875,785.9884643555,785.8245239258,786.1027832031,786.3836669922,786.1939086914,786.1813354492,786.2861328125],"1":[862.1517333984,862.9091796875,863.0548095703,863.4392700195,863.9200439453,863.5796508789,863.2525024414,863.7091674805,894.3448486328,894.3032226562,895.3731689453,894.7677612305,894.0478515625,893.596496582,893.5567626953,892.7095947266],"2":[903.2868041992,903.2286376953,903.1275024414,903.1242675781,903.0833740234,903.0601806641,903.1057739258,903.6618652344,930.6872558594,930.6168212891,930.1650390625,929.8508300781,929.6239013672,929.5288085938,929.4053955078,929.2966308594],"3":[902.7219238281,902.1826171875,902.0355834961,902.2504272461,902.1837158203,901.8847045898,901.9906616211,902.314453125,931.2048339844,931.5854492188,931.8590087891,931.6055908203,931.6442260742,931.8053588867,931.8602905273,931.9189453125],"4":[78.8923721313,79.6387557983,80.4267501831,80.5332870483,80.9871292114,81.383026123,82.1733093262,82.5782699585,110.6948699951,111.0342788696,110.8470916748,110.5819625854,110.4041671753,110.25340271,110.1290512085,109.6173400879],"5":[79.2596130371,80.243057251,80.8255615234,80.8245391846,80.7722930908,80.6829452515,81.1815567017,80.698059082,109.4282531738,109.7211151123,109.4980316162,109.4275741577,109.5777435303,109.6257324219,109.7055969238,109.3207550049],"6":[253.0267333984,253.105255127,252.8236083984,252.7274780273,252.5741729736,252.0620727539,250.680267334,250.8840179443,290.3092651367,290.6972045898,290.6268920898,290.8240356445,291.2249145508,291.0252685547,290.7965698242,290.7790527344],