{"polygon_x":{"0":[56.1584663391,57.5271759033,57.7184486389,58.732963562,58.7126579285,59.1109771729,59.2180671692,58.9790000916,100.7102508545,100.2569885254,99.4781036377,99.0816955566,98.846321106,98.6237258911,99.0155181885,101.3487319946],"1":[57.8824539185,58.841091156,59.1830444336,59.8077850342,59.6580123901,59.5728340149,59.4522666931,58.8086166382,100.7476043701,101.193359375,101.3810653687,101.1035919189,100.1693115234,100.6606445312,100.8283843994,102.9707946777]},"polygon_y":{"0":[222.8711090088,209.3567504883,194.2676696777,178.3607635498,162.6937561035,148.1542358398,133.235748291,118.1031036377,117.9189224243,134.500213623,150.1209869385,165.1089324951,179.369140625,193.9545593262,210.4957733154,223.376739502],"1":[380.9880371094,369.428527832,355.1098937988,339.881439209,325.4459838867,311.2557678223,297.162109375,283.3420410156,280.8468017578,296.4378051758,312.9801330566,325.1542358398,339.0118408203,353.4682617188,367.9034729004,379.0069580078]},"text":{"0":"OOC","1":"CC"},"score":{"0":0.5208890438,"1":0.6758200526}}