{"polygon_x":{"0":[67.4839019775,66.2569732666,65.7978363037,66.1329574585,65.9365081787,65.4167861938,64.615020752,63.2648391724,106.5002365112,106.9284820557,107.5950622559,108.3766021729,108.8212432861,109.5502548218,111.1331558228,113.9326553345],"1":[65.6263656616,67.411529541,67.8828430176,68.1288986206,67.7067337036,67.4989471436,66.0471801758,63.5667076111,108.5181427002,108.9797897339,109.2697143555,109.0510406494,108.8197631836,109.643447876,110.733291626,115.2599716187],"2":[66.9287796021,66.8348617554,67.0291824341,66.6582946777,65.4261550903,64.9425735474,63.6260223389,62.8223991394,110.6125030518,109.8394165039,110.3904037476,111.9466018677,111.8399505615,112.4929885864,112.8559036255,116.0134277344]},"polygon_y":{"0":[259.8189697266,248.149597168,232.0528564453,216.5676116943,201.8654022217,187.9908447266,173.6447143555,159.1776428223,155.4698028564,172.334777832,187.3358459473,201.4309844971,214.4604644775,228.1574859619,243.6441345215,255.8703918457],"1":[584.5616455078,571.8804321289,555.7808837891,538.7835693359,522.6279296875,507.186126709,491.0522460938,476.9010925293,471.2429199219,487.9927978516,504.6786499023,520.4685058594,536.2171630859,552.5302124023,567.9017944336,583.0096435547],"2":[725.2922363281,714.9967041016,700.1875,684.7992553711,670.2379150391,656.4866943359,643.024230957,626.8804321289,623.8494262695,638.8247070312,653.3092651367,668.7548828125,682.6642456055,696.4938964844,710.1901855469,721.2592163086]},"text":{"0":"CCC","1":"COC","2":"CO"},"score":{"0":0.633451581,"1":0.5405033231,"2":0.5571894646}}