{"polygon_x":{"0":[872.9943847656,886.9368896484,900.5258178711,913.0571899414,925.6189575195,938.3526611328,953.0646362305,966.6701660156,995.1293334961,979.4370117188,964.7918701172,950.8927001953,938.587890625,924.9156494141,911.7548217773,898.5102539062],"1":[130.3343963623,146.0498657227,162.2250061035,178.5041656494,194.6704864502,210.2595367432,226.0297393799,242.0322875977,241.6937408447,225.7152557373,209.8618469238,194.2634277344,178.3621063232,162.216217041,146.7781524658,130.014465332],"2":[354.0383911133,368.8758544922,383.9152832031,398.7174072266,413.8547973633,428.6231689453,443.6553344727,458.9562683105,459.0021362305,444.3299560547,428.9940795898,414.1130065918,399.0670166016,383.8110961914,368.4310302734,353.5300292969],"3":[876.6304931641,892.5986328125,908.4661254883,924.1530761719,939.3344726562,954.2576904297,970.0997924805,986.1834106445,986.1327514648,970.5390625,954.9086914062,939.270324707,924.0069580078,908.4443359375,893.0404052734,876.4385375977],"4":[55.1204299927,69.0366973877,82.9800109863,96.7559967041,110.3132705688,123.9083709717,137.5598297119,151.5009765625,151.9503479004,137.9973754883,123.9400558472,110.2032470703,96.6920089722,82.7986984253,68.9471282959,54.7225341797],"5":[775.8365478516,791.8627319336,807.9633178711,824.4513549805,839.8302001953,855.1504516602,871.1818847656,886.6519165039,887.1786499023,871.3193359375,855.4852294922,839.9182739258,824.4254150391,808.3254394531,792.5177001953,775.944152832],"6":[97.9004974365,118.4620666504,138.6291656494,159.1796569824,179.9844055176,200.2432250977,220.373916626,240.1018981934,240.008392334,219.3835296631,199.434387207,179.1455078125,158.7116241455,138.1190643311,117.3653335571,96.0363464355],"7":[247.4700775146,264.4057312012,281.8216247559,298.9781188965,315.9978942871,333.0832519531,350.5157775879,367.4157714844,367.1593933105,350.2050476074,333.1687927246,315.9979858398,298.9318237305,281.5305480957,264.6793823242,247.7613525391],"8":[506.6202087402,523.1701049805,539.8946533203,557.0717773438,573.9328613281,590.6619262695,607.5272216797,624.0961914062,623.7808837891,606.7078857422,590.3680419922,574.0145263672,557.1361083984,539.7595825195,523.1195678711,506.7116088867],"9":[41.4296684265,54.6058502197,67.8620605469,81.1838531494,93.9870758057,107.172706604,120.3621292114,133.9848022461,134.6781616211,120.6528396606,107.4502716064,94.5257644653,81.6431274414,68.4656219482,55.4851074219,42.3015022278],"10":[261.0980529785,275.5648193359,289.6883850098,303.8934020996,317.927154541,331.9734191895,346.1236877441,360.567565918,360.0152282715,345.2411193848,330.7299499512,316.7917480469,302.9237670898,288.7035522461,274.6830444336,259.9306640625],"11":[200.1862182617,215.6211853027,231.1324462891,246.6742248535,262.0392150879,277.9301452637,293.5512084961,310.3811950684,310.5213623047,294.1486206055,278.4036560059,263.0050354004,247.594833374,231.71434021,215.9884033203,200.2704620361],"12":[265.7588500977,285.6681518555,305.2691955566,324.7323303223,344.9919128418,364.5020141602,385.0679321289,404.8691101074,406.2987060547,385.9530029297,365.4492492676,345.2335205078,325.2557373047,305.4272460938,285.6033935547,265.2856445312],"13":[900.6293945312,912.4066162109,924.404296875,936.497253418,948.4289550781,959.9794921875,971.5687255859,983.7881469727,983.4119262695,972.4537353516,960.0668334961,947.9324951172,935.8919677734,924.0029296875,911.8537597656,899.563293457],"14":[215.1910400391,221.1227111816,227.0446166992,232.6420288086,238.4577636719,244.4008026123,250.302154541,256.7643127441,255.5412139893,249.1253356934,243.2097473145,237.4548492432,232.0147857666,226.4604492188,220.533996582,214.7092437744],"15":[820.5700073242,827.8939208984,835.5139770508,842.8332519531,849.7806396484,857.1951904297,864.299621582,871.4627685547,871.5386352539,864.6352539062,857.0958251953,850.0667724609,843.1070556641,835.8303222656,827.9965209961,820.690612793],"16":[793.7328491211,802.1732177734,810.2318115234,818.4414672852,826.9370117188,834.7266235352,842.4267578125,849.8812255859,836.9343261719,830.1661376953,822.5505371094,813.8245849609,805.3612060547,798.0377807617,790.1016235352,782.4164428711],"17":[857.0834960938,863.7649536133,870.7652587891,878.0290527344,884.8943481445,892.0038452148,898.9281005859,905.6377563477,933.5822143555,926.97265625,920.0740966797,912.0021972656,904.6573486328,897.9434204102,890.6188964844,882.0791625977],"18":[752.1099853516,760.8753051758,769.3002319336,777.7829589844,786.4108276367,795.40234375,804.2015380859,812.8435668945,813.4642944336,804.7905273438,795.7818603516,787.1149291992,778.6079101562,769.6943359375,760.901184082,751.9235229492],"19":[421.0708618164,434.0860290527,447.7073364258,461.3901367188,475.5277099609,489.2622070312,503.2578125,516.7794799805,516.9667358398,503.3666992188,489.4672851562,475.7241516113,461.9654846191,448.1684875488,434.248626709,420.817199707],"20":[2.3168945312,9.5632152557,15.8115177155,21.9879741669,28.4538612366,34.4055175781,40.2109832764,46.5080986023,46.0184059143,39.4752502441,33.3509483337,27.1338367462,21.1560134888,14.5923652649,8.3725471497,1.1658320427],"21":[17.0602626801,22.5604667664,28.4998531342,34.5855484009,40.7076683044,46.4457855225,52.8430175781,58.7943267822,58.7742843628,53.1625556946,46.3752593994,40.3046379089,34.4025726318,28.3247947693,22.7617301941,16.1120567322],"22":[74.9359893799,94.6844177246,114.2668304443,133.1843261719,153.0460205078,172.7953948975,191.8903961182,210.804901123,209.5737304688,189.8394622803,170.4791107178,151.5094299316,132.4182739258,112.493888855,93.1847991943,73.6709823608],"23":[375.4368286133,391.4249267578,407.2272033691,423.3648376465,439.3887329102,455.0216674805,470.7262573242,487.5727539062,487.0155029297,471.4719238281,455.3104858398,439.0810852051,423.2231445312,406.9915771484,391.0788574219,375.0986022949],"24":[210.7037353516,236.336227417,262.5025024414,289.4348144531,315.4478759766,341.1683349609,368.1286010742,395.4522399902,407.5445251465,379.7088928223,355.5972900391,330.066192627,304.6112060547,278.653503418,252.0695343018,226.3141784668],"25":[420.8609008789,425.2880554199,429.4999694824,433.8036499023,437.5244750977,441.8603820801,446.7320251465,451.5387573242,451.7420654297,447.7401123047,442.5464477539,438.4647827148,434.5814819336,430.4175109863,425.6463623047,420.9161987305],"26":[14.391084671,20.6194705963,26.3217563629,32.8081359863,38.1939353943,43.5569419861,49.531288147,55.9200973511,54.0025520325,48.2885284424,41.5804824829,35.6957588196,30.1810855865,23.7773246765,18.1098136902,10.9958372116],"27":[65.853012085,73.2023010254,80.6897125244,87.71900177,94.7060852051,101.9862060547,109.2227020264,116.8717193604,116.5953140259,109.4393539429,102.0515136719,94.9101638794,87.6865768433,80.6382675171,73.560760498,66.302406311],"28":[6.3230895996,32.2877502441,58.4590339661,83.77684021,109.0223693848,133.6273345947,157.3773803711,181.321182251,186.5311279297,162.5997924805,137.8106994629,113.1372070312,88.2018127441,63.488483429,37.2945251465,14.329410553],"29":[721.125,731.2351074219,740.4609375,750.2265625,760.0796508789,769.9439697266,778.9636230469,788.4960327148,776.4069213867,767.2508544922,758.1737670898,748.0584106445,738.5256958008,729.4356689453,720.3015136719,710.407043457],"30":[663.7786254883,674.8563232422,685.0354614258,696.3427124023,707.0574951172,717.9147949219,727.8271484375,738.2904663086,740.2242431641,728.7147216797,717.8970947266,707.1343994141,696.6188964844,685.6762084961,675.1159667969,665.4565429688],"31":[85.4410552979,131.6074829102,176.5811462402,221.8590087891,267.3554077148,312.5464172363,358.3112182617,403.8833618164,403.909576416,356.6905212402,311.7571411133,266.1147460938,220.6610717773,175.5015258789,130.8109893799,84.7151947021],"32":[106.4156646729,117.9988937378,129.4071807861,141.0384368896,152.8583679199,164.4183502197,176.0315856934,187.7761230469,187.5722503662,175.6329193115,164.2368927002,152.5422058105,141.3195648193,129.9705810547,118.5002822876,106.3347015381],