{"polygon_x":{"0":[750.138671875,764.2666015625,778.9104003906,793.8656005859,808.4459228516,823.0231323242,837.2150268555,851.0608520508,852.7596435547,837.3527832031,823.0060424805,808.8559570312,794.2644042969,779.5573730469,765.0817260742,749.6441650391],"1":[678.983215332,694.3504638672,709.8421630859,725.1305541992,740.3630981445,755.4383544922,770.2613525391,785.7310791016,786.940246582,770.7243652344,755.993347168,740.5553588867,725.3822021484,710.2161254883,694.8491210938,679.1674804688],"2":[668.460144043,676.7353515625,685.3850708008,694.2359008789,702.8806152344,711.54296875,720.4778442383,730.2365112305,729.4138183594,720.7599487305,711.7017211914,703.0129394531,694.391418457,685.7208862305,677.59375,668.8784179688],"3":[613.5035400391,622.3595581055,631.2717895508,640.3941650391,649.3203125,658.2300415039,667.0748901367,675.5277099609,676.0759887695,667.2326660156,658.7732543945,650.0939331055,641.3098754883,632.3669433594,623.6170043945,614.5321655273],"4":[512.1563110352,522.5559082031,532.9280395508,543.2506103516,554.1442260742,564.7362060547,575.2770385742,585.598449707,586.4549560547,575.928894043,565.5811157227,554.9823608398,544.4098510742,533.919921875,523.6050415039,512.6115722656],"5":[768.4595336914,784.1680297852,799.8397216797,815.9459228516,831.5182495117,847.3480834961,862.8951416016,878.2935791016,878.5594482422,862.939453125,847.3314819336,831.6170654297,816.0568237305,799.9417114258,784.2686767578,768.3432006836],"6":[246.5907897949,250.4229888916,255.5569152832,259.4575500488,263.4812316895,268.1797790527,272.7737121582,277.7457885742,281.6229553223,277.1840209961,272.547668457,268.3136291504,264.0606994629,259.6973266602,254.7451629639,250.0848388672],"7":[593.6326293945,604.3768920898,615.3486938477,626.6494140625,637.7825317383,648.8721923828,659.9583740234,670.392578125,671.5282592773,660.5895996094,649.9823608398,638.8016967773,627.6911621094,616.5290527344,605.7065429688,594.7671508789],"8":[97.2220001221,102.0304794312,107.1947479248,112.2979888916,117.0791549683,122.3469619751,126.7617797852,132.1454162598,131.0024719238,126.2156066895,121.1221694946,116.2910079956,111.7234039307,106.7406311035,101.5841751099,96.3994903564],"9":[468.467956543,476.4830322266,484.9712524414,493.4809875488,502.0260314941,510.9563598633,519.3336181641,528.4050292969,525.2521362305,515.2933349609,506.8377685547,498.8291015625,490.4877319336,482.4575195312,473.9568786621,465.6952514648],"10":[859.0477294922,866.1282958984,873.3386230469,880.3186035156,886.9094848633,893.825378418,900.6176757812,907.6502075195,907.9361572266,900.7727661133,893.9093017578,887.2752685547,880.9041748047,874.2183837891,867.360534668,860.0610961914],"11":[333.3327026367,350.5343933105,368.2835693359,386.1541137695,404.0624389648,421.8942565918,439.3296508789,456.6138305664,455.2306518555,437.8174438477,420.1263122559,402.7077941895,385.2231140137,367.611114502,350.3640136719,333.0272216797],"12":[613.8845214844,621.5300292969,629.3967895508,637.8231201172,646.0395507812,654.1500244141,662.0838623047,669.919128418,670.3626098633,662.5129394531,654.9251708984,647.1754150391,638.8555297852,630.6192626953,622.7756347656,614.3178100586],"13":[790.3101196289,798.513671875,807.1015625,815.4830932617,823.4641113281,831.8494262695,839.6871337891,848.4077148438,848.7836303711,840.1491699219,832.0815429688,824.1602783203,815.8967285156,807.6629638672,799.6619873047,791.0977172852],"14":[608.6081542969,619.0277709961,628.7188720703,638.5057983398,649.0927124023,659.4008789062,668.6433105469,679.0300292969,670.5364379883,659.7342529297,649.5157470703,639.7317504883,629.1474609375,619.200378418,608.9360961914,598.5562744141],"15":[610.8323364258,619.680847168,628.5546875,637.6039428711,646.8832397461,655.7791748047,664.6324462891,673.4595336914,674.2627563477,665.3276977539,656.6300048828,647.6853027344,638.5216064453,629.4912109375,620.653503418,611.3988037109],"16":[615.8265380859,623.8128051758,632.1812744141,640.6507568359,649.2630615234,657.6917724609,666.2371826172,674.4009399414,674.9645385742,666.6086425781,658.3782348633,650.0002441406,641.5869750977,633.1572875977,624.9454345703,616.64453125],"17":[592.9035644531,603.8502197266,614.5986328125,624.7520751953,635.3641357422,645.7094726562,656.5215454102,666.2396850586,667.3381347656,657.0422363281,646.3837280273,635.5610961914,625.0893554688,614.8430175781,604.2208251953,593.2437133789],"18":[595.4609985352,606.8967285156,618.7197265625,630.6743164062,643.0542602539,654.9065551758,666.9138183594,678.3392333984,678.9124755859,667.185546875,655.7219848633,643.9210205078,631.7714233398,619.5537109375,607.7212524414,595.7526245117],"19":[546.3861694336,554.7503051758,561.8688964844,570.0250244141,578.1087646484,585.9701538086,593.7789306641,601.3775634766,591.1612548828,582.4675292969,574.6895141602,566.7623901367,558.6508789062,550.681640625,542.1086425781,534.4259033203],"20":[247.2886352539,257.0207824707,267.1157226562,277.3665161133,287.9477539062,298.1297607422,308.4144897461,318.6847839355,317.0241088867,307.3070678711,296.7007141113,286.690612793,276.4801025391,266.2098999023,256.2617797852,246.600982666],"21":[697.0429077148,731.1640625,764.9305419922,798.8967285156,832.0729980469,865.1857910156,898.3249511719,932.5329589844,932.2734375,898.7796020508,865.2595214844,831.5532836914,798.3399658203,764.8041381836,731.3098144531,697.7407226562],"22":[921.7822265625,929.6146240234,937.7124633789,945.8111572266,953.5645751953,961.7215576172,968.5257568359,976.3818359375,977.3446655273,970.5541381836,962.6666870117,954.7299804688,946.854309082,938.5516357422,930.7030639648,922.8203735352],"23":[854.7382202148,863.6762084961,872.7231445312,882.3785400391,891.5037841797,900.7025146484,909.3475952148,918.1378173828,919.2351074219,909.3319091797,900.5490722656,892.028137207,883.1420898438,874.4164428711,865.0369262695,856.6220092773],"24":[352.464050293,353.8345947266,354.9848937988,355.2038879395,354.6395263672,355.0845031738,354.9886474609,353.7510986328,386.8890686035,387.6162414551,390.0838623047,391.5874938965,390.2796936035,389.3485717773,388.1809082031,387.1825561523],"25":[407.2893066406,408.1493835449,408.4682617188,408.6982421875,408.8720092773,410.0163269043,412.2105407715,411.1275939941,443.0028991699,446.0119018555,445.6701965332,445.9762573242,443.6240234375,441.8660888672,440.9625549316,440.8554382324],"26":[387.6803894043,386.9143066406,387.3292541504,387.1422729492,387.9962158203,387.472076416,388.2984008789,389.3735351562,412.8880310059,412.2700805664,411.8817749023,412.3743286133,413.128112793,412.8114624023,411.6260375977,410.6249694824]},"polygon_y":{"0":[688.2241821289,688.53125,689.0813598633,688.5238647461,688.3239135742,688.1242675781,687.5854492188,687.2974243164,716.296081543,715.9652099609,717.4479980469,717.3533935547,717.8009033203,718.3664550781,717.4231567383,716.5170898438],"1":[647.8893432617,648.1999511719,648.8650512695,648.9712524414,649.2854003906,649.3948364258,649.3018798828,649.0502319336,676.6365966797,676.3593139648,676.7890625,676.5670166016,676.5209960938,676.5637817383,676.6974487305,676.5667114258],"2":[525.2564697266,525.2574462891,525.270690918,525.4232177734,525.7502441406,526.0596923828,526.0810546875,526.6193237305,554.3297729492,554.3238525391,554.2528686523,554.1113891602,554.3634643555,554.6716918945,554.1331176758,553.7362670898],"3":[834.8018798828,834.6182250977,834.5491943359,834.4799194336,834.4534912109,834.3997802734,834.2458496094,834.2910766602,861.7562866211,862.2908935547,862.4522705078,862.5678710938,862.6157226562,862.6559448242,863.1080322266,862.8466186523],"4":[530.3988647461,529.873840332,529.7051391602,529.4149169922,529.2364501953,528.8049926758,528.5339355469,528.7023925781,556.8505249023,556.1784057617,556.071105957,556.396484375,556.7349243164,557.2091064453,557.6057128906,557.8559570312],