{"polygon_x":{"0":[913.747253418,927.3135375977,940.2570800781,952.6663818359,964.9083251953,977.4520263672,990.1712646484,999.9674072266,999.9481201172,989.337097168,977.0718994141,964.3634643555,951.7894897461,938.8125,925.8116455078,911.9675292969]},"polygon_y":{"0":[322.9687805176,322.6251220703,324.0142211914,325.9998168945,327.3226318359,328.8037109375,330.5606689453,330.9369506836,374.6743164062,374.9733886719,374.1084289551,374.0493164062,373.4653930664,373.854675293,373.868347168,372.8042907715]},"text":{"0":"Ver"},"score":{"0":0.9785298705}}