{"polygon_x":{"0":[2340.3005371094,2356.7888183594,2373.3811035156,2389.3935546875,2405.0708007812,2421.3647460938,2438.2019042969,2453.8515625,2453.0405273438,2438.1037597656,2421.0771484375,2404.7624511719,2389.1193847656,2371.2895507812,2354.3918457031,2338.0583496094],"1":[1770.2423095703,1798.1340332031,1826.4162597656,1853.4561767578,1880.3121337891,1909.3992919922,1937.0855712891,1965.7164306641,1963.8247070312,1938.1398925781,1907.4007568359,1879.1066894531,1851.7379150391,1823.6345214844,1796.6110839844,1768.5697021484],"2":[876.2823486328,900.823425293,923.720703125,946.2041625977,968.1077880859,991.7020874023,1015.6923217773,1038.3979492188,1039.3616943359,1017.3302001953,992.7308959961,968.6983032227,945.8599243164,920.6166992188,897.1622924805,875.0872802734],"3":[1128.8511962891,1147.9245605469,1168.3654785156,1189.7071533203,1209.5144042969,1231.3957519531,1252.1799316406,1275.0065917969,1271.1296386719,1250.3392333984,1228.9709472656,1208.603515625,1187.8752441406,1166.8538818359,1144.7420654297,1125.248046875],"4":[111.7016525269,124.5793914795,138.5847473145,152.0438079834,164.7735595703,176.8214874268,189.4070739746,203.7431793213,204.4613494873,192.1428375244,177.7176818848,165.2271728516,152.8779144287,140.0709228516,126.7668380737,114.4359893799],"5":[2346.9047851562,2364.5903320312,2380.6540527344,2398.0021972656,2412.6298828125,2430.013671875,2446.1049804688,2462.6032714844,2463.4992675781,2448.6184082031,2432.0427246094,2414.3620605469,2397.6528320312,2379.87109375,2361.9177246094,2345.6960449219],"6":[2541.12109375,2564.8256835938,2588.8503417969,2612.5134277344,2635.5539550781,2657.4389648438,2680.1176757812,2703.0048828125,2702.2414550781,2681.1887207031,2658.751953125,2635.0642089844,2612.5451660156,2588.9704589844,2564.5056152344,2540.0456542969],"7":[1977.6859130859,1997.6077880859,2016.380859375,2035.5961914062,2054.4362792969,2074.9291992188,2095.1994628906,2115.8024902344,2113.7165527344,2094.4709472656,2072.6000976562,2053.0043945312,2033.5523681641,2012.8989257812,1992.9576416016,1973.0880126953],"8":[793.4859008789,806.9263305664,819.6563110352,832.7573852539,844.6532592773,858.1282958984,870.7397460938,882.3208618164,880.8506469727,868.9779663086,855.2682495117,842.8198852539,830.2499389648,816.6761474609,803.2985229492,791.5286865234],"9":[2600.4077148438,2620.9091796875,2641.3059082031,2662.0571289062,2682.609375,2703.7609863281,2725.7766113281,2746.7409667969,2745.7778320312,2725.1684570312,2703.0234375,2682.2214355469,2661.1499023438,2638.7629394531,2615.7155761719,2595.7333984375],"10":[2069.8264160156,2083.4838867188,2096.0568847656,2108.8059082031,2123.0258789062,2138.2133789062,2151.0329589844,2164.8483886719,2154.9216308594,2140.5004882812,2127.7841796875,2113.9428710938,2103.9655761719,2090.5144042969,2078.2827148438,2065.3110351562],"11":[1458.1973876953,1488.5760498047,1515.5133056641,1546.3134765625,1576.1490478516,1606.2137451172,1635.2474365234,1664.9158935547,1660.5955810547,1631.8685302734,1603.0415039062,1574.8739013672,1546.0631103516,1515.5405273438,1486.7642822266,1456.6052246094],"12":[2351.9755859375,2377.5080566406,2402.5124511719,2428.1027832031,2454.203125,2479.5654296875,2504.5690917969,2531.7690429688,2527.8024902344,2503.1838378906,2478.7043457031,2451.2407226562,2425.7370605469,2398.1923828125,2370.7770996094,2344.8588867188],"13":[2281.634765625,2292.8256835938,2299.7263183594,2308.4819335938,2316.1999511719,2325.0712890625,2334.4438476562,2345.484375,2312.1350097656,2304.8544921875,2296.1677246094,2286.7937011719,2277.0224609375,2269.6879882812,2262.3483886719,2254.3635253906],"14":[2157.3564453125,2177.5622558594,2199.1115722656,2223.771484375,2244.7429199219,2268.1472167969,2290.4970703125,2312.107421875,2311.0439453125,2290.1938476562,2265.8232421875,2242.578125,2221.6931152344,2198.0625,2174.7250976562,2151.8442382812],"15":[2498.3127441406,2517.4907226562,2534.3942871094,2551.8012695312,2569.4020996094,2589.9836425781,2609.7319335938,2629.9946289062,2626.55078125,2607.3928222656,2587.1423339844,2568.0122070312,2549.30859375,2530.423828125,2512.9638671875,2492.3676757812],"16":[1376.2335205078,1368.7680664062,1366.8542480469,1367.4874267578,1368.7939453125,1369.7197265625,1370.94921875,1371.4404296875,1311.4895019531,1310.6524658203,1308.1031494141,1306.8596191406,1305.2841796875,1303.8170166016,1304.0283203125,1301.9276123047],"17":[2494.5026855469,2507.0090332031,2519.2629394531,2536.30859375,2548.9599609375,2564.2976074219,2579.7097167969,2593.0573730469,2591.0241699219,2578.5012207031,2562.2736816406,2547.3586425781,2533.4812011719,2520.5815429688,2508.8386230469,2495.0910644531],"18":[2421.953125,2442.1743164062,2462.3986816406,2483.3762207031,2501.6169433594,2522.6413574219,2545.1218261719,2565.564453125,2563.95703125,2544.9799804688,2523.4111328125,2502.7536621094,2482.306640625,2461.4536132812,2440.4663085938,2421.4438476562],"19":[1458.6545410156,1464.8936767578,1470.7810058594,1478.2578125,1485.2692871094,1494.2814941406,1501.87890625,1507.6560058594,1509.4409179688,1503.4122314453,1497.6257324219,1488.4954833984,1481.3309326172,1472.5478515625,1465.0639648438,1461.5670166016],"20":[890.6605224609,914.5708618164,938.1018066406,963.1683959961,986.2314453125,1011.2410888672,1036.3140869141,1060.3382568359,1059.3049316406,1034.9416503906,1010.8518676758,986.2901611328,963.5606689453,938.4762573242,914.3499145508,890.5311889648],"21":[1765.2349853516,1794.1330566406,1823.3908691406,1851.4733886719,1879.7296142578,1908.4937744141,1938.9235839844,1967.0424804688,1961.0002441406,1931.4630126953,1904.4006347656,1877.4367675781,1848.8131103516,1820.7534179688,1791.8621826172,1763.716796875]},"polygon_y":{"0":[718.4810791016,719.6649169922,720.3341674805,720.4009399414,720.6553955078,720.3991088867,721.2897338867,720.9794921875,768.1802368164,767.0466918945,767.0344848633,766.6904296875,766.1993408203,766.3961791992,766.8342285156,766.3446044922],"1":[1541.5346679688,1542.5185546875,1543.9874267578,1544.4854736328,1545.8100585938,1546.1743164062,1546.3859863281,1545.2150878906,1589.2658691406,1589.4552001953,1590.4697265625,1589.8759765625,1590.2620849609,1590.4830322266,1590.3760986328,1591.1452636719],"2":[1570.99609375,1571.8703613281,1572.3431396484,1572.7252197266,1573.2735595703,1572.5106201172,1573.4885253906,1573.5603027344,1615.1663818359,1614.9910888672,1616.3756103516,1615.8217773438,1616.072265625,1616.6923828125,1616.6956787109,1617.1879882812],"3":[2796.8308105469,2796.6298828125,2795.2966308594,2795.173828125,2794.9287109375,2795.3471679688,2794.7092285156,2794.1911621094,2846.5522460938,2846.3576660156,2846.6889648438,2846.630859375,2845.76171875,2844.9089355469,2845.181640625,2845.052734375],"4":[1315.9737548828,1316.6187744141,1316.8349609375,1315.6549072266,1315.5942382812,1315.2436523438,1315.0577392578,1314.0008544922,1354.9901123047,1355.7722167969,1356.1048583984,1356.4576416016,1356.6811523438,1357.1335449219,1357.3137207031,1358.0446777344],"5":[839.3491210938,839.7810058594,839.7404174805,840.2156982422,839.7308959961,838.7194213867,839.5191040039,838.5443725586,884.1088867188,884.1642456055,883.6976928711,883.9445800781,884.1634521484,884.2829589844,885.0616455078,885.0529785156],"6":[2308.806640625,2308.9340820312,2310.0954589844,2310.5444335938,2311.3325195312,2311.306640625,2311.8588867188,2312.1174316406,2356.3666992188,2354.7399902344,2354.4836425781,2354.3095703125,2354.3835449219,2354.7199707031,2354.8154296875,2355.2233886719],"7":[1610.8153076172,1612.3295898438,1612.8704833984,1613.4172363281,1614.3831787109,1614.2001953125,1615.3347167969,1614.109375,1667.220703125,1666.3299560547,1664.0179443359,1662.9287109375,1662.2794189453,1662.142578125,1661.9479980469,1662.8546142578],"8":[1976.7690429688,1977.0314941406,1978.0574951172,1978.1566162109,1979.9324951172,1979.6697998047,1980.3156738281,1980.2066650391,2027.5063476562,2026.0428466797,2025.775390625,2024.482421875,2023.6998291016,2023.1861572266,2022.3819580078,2021.9255371094],