{"polygon_x":{"0":[2252.5493164062,2349.9331054688,2448.5625,2548.5444335938,2647.2800292969,2745.39453125,2843.2158203125,2947.9240722656,2951.3981933594,2851.158203125,2752.7802734375,2652.2702636719,2551.5954589844,2451.0285644531,2352.1799316406,2252.8935546875],"1":[1795.3543701172,1871.8453369141,1947.0297851562,2021.5875244141,2093.5764160156,2167.7536621094,2242.1987304688,2317.25390625,2319.7849121094,2244.970703125,2171.1423339844,2096.5798339844,2022.2685546875,1947.8759765625,1871.9780273438,1795.5493164062],"2":[2074.4621582031,2121.9174804688,2172.9968261719,2225.4450683594,2276.2983398438,2326.4140625,2376.0930175781,2422.6325683594,2427.0895996094,2377.4106445312,2326.6066894531,2275.8093261719,2224.9018554688,2173.1499023438,2121.8537597656,2071.8364257812],"3":[1791.1622314453,1826.1755371094,1861.5919189453,1897.1920166016,1930.90234375,1965.3941650391,2000.6343994141,2036.9594726562,2036.6956787109,2000.3880615234,1964.8698730469,1930.5069580078,1896.7152099609,1862.5131835938,1827.9431152344,1792.0455322266],"4":[2456.1083984375,2473.2512207031,2490.5588378906,2508.1335449219,2524.09765625,2541.6196289062,2559.853515625,2575.5454101562,2576.443359375,2560.3566894531,2542.6447753906,2525.0495605469,2507.9313964844,2491.6071777344,2474.3532714844,2454.6862792969],"5":[1331.6977539062,1423.1912841797,1520.5554199219,1619.3270263672,1716.8646240234,1814.3616943359,1910.9359130859,2000.5375976562,2004.2395019531,1907.5823974609,1814.1540527344,1717.1694335938,1619.2919921875,1521.9321289062,1424.2235107422,1332.2199707031],"6":[1505.9671630859,1543.3408203125,1582.3947753906,1621.5634765625,1658.8032226562,1699.1589355469,1739.1374511719,1778.396484375,1778.5737304688,1739.2219238281,1699.7706298828,1660.7614746094,1622.1594238281,1582.1910400391,1542.3529052734,1503.3298339844],"7":[1584.1248779297,1619.0152587891,1655.0767822266,1690.6394042969,1725.0910644531,1760.0723876953,1796.4321289062,1834.7875976562,1834.2099609375,1795.4035644531,1760.2980957031,1724.7730712891,1689.6342773438,1653.5954589844,1616.8245849609,1581.8718261719],"8":[2421.9560546875,2458.8393554688,2496.7294921875,2534.1333007812,2570.5500488281,2607.0966796875,2644.5720214844,2681.8029785156,2682.4919433594,2645.4025878906,2608.4233398438,2571.521484375,2534.8891601562,2497.7927246094,2460.142578125,2422.1906738281],"9":[2282.478515625,2342.9284667969,2401.6394042969,2458.7473144531,2513.0451660156,2568.9177246094,2626.3400878906,2684.6838378906,2684.1811523438,2626.3344726562,2570.6779785156,2515.0446777344,2459.2221679688,2401.4877929688,2344.4868164062,2288.0598144531],"10":[2119.1125488281,2157.1911621094,2197.955078125,2238.7338867188,2278.9956054688,2318.87890625,2358.3078613281,2397.4326171875,2400.3112792969,2360.4228515625,2319.978515625,2279.2700195312,2238.4992675781,2196.779296875,2156.7922363281,2115.615234375],"11":[2174.7065429688,2203.666015625,2231.162109375,2260.2663574219,2286.892578125,2315.6789550781,2344.0087890625,2371.1828613281,2376.4426269531,2347.2302246094,2317.91015625,2289.0810546875,2261.4321289062,2233.3569335938,2204.5007324219,2175.5139160156],"12":[2434.0747070312,2470.1677246094,2505.6174316406,2541.5285644531,2575.2563476562,2611.0393066406,2647.2189941406,2681.8203125,2682.5283203125,2645.5881347656,2611.8696289062,2577.2263183594,2543.4191894531,2509.3142089844,2472.53125,2435.564453125],"13":[986.8587036133,1016.1473388672,1045.5522460938,1074.4016113281,1102.8065185547,1131.8360595703,1160.1468505859,1192.1608886719,1190.1899414062,1159.4948730469,1130.7100830078,1101.2227783203,1072.3897705078,1042.6577148438,1013.2956542969,984.190246582],"14":[1503.1075439453,1534.4390869141,1566.4265136719,1599.330078125,1631.0433349609,1663.8020019531,1696.9672851562,1729.5084228516,1730.8231201172,1697.6728515625,1665.7198486328,1631.7468261719,1598.4143066406,1565.4862060547,1532.8522949219,1499.1944580078],"15":[2040.4606933594,2058.3015136719,2074.1408691406,2092.3303222656,2108.837890625,2128.1376953125,2146.8200683594,2163.9885253906,2167.0249023438,2151.3657226562,2131.6755371094,2114.9816894531,2096.7741699219,2078.958984375,2061.2482910156,2042.7718505859],"16":[1845.5270996094,1859.4749755859,1872.0034179688,1884.8409423828,1897.6403808594,1911.8981933594,1922.6004638672,1936.0837402344,1937.0166015625,1927.1270751953,1912.5874023438,1898.8698730469,1884.9024658203,1871.9040527344,1858.1279296875,1845.3659667969],"17":[3579.56640625,3603.7685546875,3628.44921875,3650.4226074219,3671.5617675781,3693.0458984375,3715.2551269531,3741.3928222656,3742.91796875,3717.6398925781,3695.3161621094,3673.9792480469,3652.7756347656,3629.0695800781,3606.0847167969,3581.6242675781],"18":[1565.8076171875,1596.9770507812,1628.9234619141,1660.947265625,1691.8668212891,1722.9698486328,1754.5693359375,1787.1800537109,1789.8068847656,1756.9293212891,1724.4908447266,1692.7872314453,1660.7398681641,1628.0776367188,1595.7318115234,1564.3880615234],"19":[1202.7269287109,1221.9907226562,1240.7329101562,1259.9797363281,1278.1939697266,1297.4774169922,1316.4846191406,1335.5775146484,1327.8032226562,1307.9666748047,1289.7095947266,1272.2126464844,1255.4890136719,1237.2102050781,1218.548828125,1200.5316162109],"20":[2080.5053710938,2093.8928222656,2109.8703613281,2127.1623535156,2140.6374511719,2155.1940917969,2171.5324707031,2188.7368164062,2193.0876464844,2179.3146972656,2162.0754394531,2146.1450195312,2130.5178222656,2114.2136230469,2098.1306152344,2083.4321289062],"21":[2378.166015625,2390.2172851562,2400.4750976562,2410.5456542969,2420.0502929688,2432.3056640625,2442.5559082031,2449.8623046875,2453.9106445312,2445.193359375,2432.021484375,2421.9008789062,2411.5461425781,2400.5322265625,2390.2668457031,2378.5122070312],"22":[2142.6020507812,2160.5461425781,2179.2814941406,2199.1142578125,2215.4436035156,2234.4477539062,2253.2268066406,2273.8637695312,2274.9460449219,2257.2302246094,2236.8315429688,2218.5751953125,2199.4453125,2179.9604492188,2160.8935546875,2140.248046875],"23":[1501.2119140625,1511.4298095703,1520.9091796875,1533.6754150391,1543.7017822266,1557.1640625,1567.0654296875,1576.4952392578,1574.9783935547,1563.1546630859,1554.8764648438,1543.3728027344,1531.4359130859,1519.5291748047,1508.0032958984,1497.5212402344],"24":[809.76171875,827.6252441406,848.4916992188,868.7481689453,890.6419677734,911.3789672852,931.5362548828,957.4796142578,965.6786499023,925.793762207,907.5263061523,886.2836914062,866.4885253906,846.5551757812,826.388671875,807.8052978516],"25":[930.4995727539,942.0491943359,947.3820800781,955.2778930664,962.458190918,969.9431152344,975.1878662109,985.4360351562,981.5709838867,981.0311279297,971.6678466797,963.5928344727,954.5332641602,946.7238769531,938.4893188477,931.6351928711],"26":[1151.0467529297,1456.8874511719,1760.8395996094,2072.7739257812,2351.7243652344,2572.6066894531,2861.4499511719,3147.4038085938,3138.2741699219,2918.8310546875,2575.484375,2338.4226074219,2062.5478515625,1739.5526123047,1449.6762695312,1151.3322753906]},"polygon_y":{"0":[941.7289428711,941.5020751953,941.0770874023,940.9956665039,940.1250610352,939.7802734375,937.0048217773,937.705871582,1072.1918945312,1073.9245605469,1073.9780273438,1074.6673583984,1074.8541259766,1073.8372802734,1073.421875,1073.5520019531],"1":[1344.0637207031,1343.9520263672,1344.0268554688,1343.3840332031,1342.8280029297,1342.6645507812,1341.4033203125,1340.4666748047,1406.1704101562,1406.3784179688,1407.0546875,1407.2796630859,1407.8172607422,1407.7523193359,1407.5611572266,1408.9460449219],"2":[1644.7358398438,1644.5184326172,1644.5227050781,1643.3757324219,1643.9399414062,1645.166015625,1644.3240966797,1643.1856689453,1720.3975830078,1719.0128173828,1717.5793457031,1717.8265380859,1716.4884033203,1715.9925537109,1716.6007080078,1717.6655273438],