{"polygon_x":{"0":[559.8820800781,582.332824707,604.0651855469,626.7162475586,648.9381103516,671.1994628906,692.9546508789,715.7739257812,716.8800048828,694.6853027344,672.9332275391,650.4514160156,627.989440918,605.9935913086,583.9374389648,561.4492797852],"1":[575.1187744141,590.5252075195,607.0654296875,622.7742919922,639.5430908203,656.2983398438,672.5743408203,688.6077880859,675.748840332,659.5800170898,643.024597168,626.3408813477,610.3732910156,594.1143798828,578.4205322266,562.0059814453],"2":[470.6401062012,478.4952392578,486.3146972656,494.3124084473,502.3552246094,510.6865844727,518.2962646484,527.6116333008,497.83984375,490.9016418457,483.143157959,475.479675293,467.3480529785,459.4164733887,451.2116699219,442.7899475098],"3":[745.3424072266,763.6154785156,781.6875,799.9226074219,817.7924804688,835.6186523438,853.9236450195,872.2917480469,872.9196777344,854.5422363281,836.4959716797,818.2579345703,800.2670898438,781.9359741211,763.8733520508,745.4851074219],"4":[448.7735595703,482.1311950684,515.9827270508,550.900390625,585.2307739258,619.7408447266,654.2913208008,690.2407836914,690.4674682617,656.9174804688,622.7699584961,587.8939819336,553.9819946289,519.1478881836,483.987487793,450.9985656738],"5":[470.4313659668,482.876953125,495.8032226562,508.6198425293,522.5336914062,535.7766723633,548.5711669922,561.1655883789,550.6375732422,537.8029174805,524.987121582,512.1707763672,499.0678405762,486.6884155273,473.304473877,460.5807495117],"6":[351.729095459,364.7878417969,378.0680847168,391.3210449219,405.3984375,418.8755493164,432.164276123,445.9568786621,433.088104248,419.9234313965,406.6889953613,393.0339355469,379.250793457,365.7571411133,351.7915649414,338.9194335938],"7":[585.5267944336,603.7619018555,621.1092529297,639.1248779297,655.9758911133,671.9888916016,686.8229980469,703.4423217773,671.7912597656,654.4381713867,639.6458129883,624.314453125,608.1800537109,591.236328125,573.9230957031,556.9591064453],"8":[127.335357666,138.9956054688,150.5975494385,162.5454406738,174.193649292,185.5518951416,197.0229492188,208.885635376,195.5588378906,183.8591766357,172.6494445801,160.9719085693,149.4184875488,138.0400390625,126.0100250244,114.6342926025],"9":[377.2420654297,387.6649169922,397.5272216797,407.4281311035,418.4432373047,428.987121582,439.2254943848,450.0303955078,445.5081787109,434.4485168457,424.4810180664,414.1689758301,404.6065673828,394.3074035645,383.8238830566,373.6120910645],"10":[278.9592895508,287.2992553711,295.794342041,304.8153991699,313.8341064453,322.8137207031,331.5408935547,340.789642334,329.4132995605,320.1312255859,311.0510559082,302.465637207,293.1524963379,284.4668273926,275.1691894531,266.3363952637],"11":[917.3963623047,930.9093017578,943.8689575195,954.7844238281,966.5286865234,978.0997314453,990.5367431641,999.9663696289,999.8372802734,988.3282470703,975.9073486328,963.4530029297,952.0077514648,939.8846435547,927.869140625,915.4620361328],"12":[539.4566650391,544.2039794922,547.3259887695,551.340637207,554.856628418,558.8433837891,563.0758056641,567.9302368164,542.4921264648,538.9958496094,534.4636230469,530.5692749023,526.4436035156,522.3858032227,517.6578369141,513.1394042969],"13":[900.0841674805,906.6488647461,912.7802124023,919.1899414062,925.1707763672,931.5568847656,937.8646240234,944.298828125,946.0642089844,939.3355712891,932.6658935547,926.5609130859,920.3598632812,914.154296875,907.8536987305,901.1848144531],"14":[963.2732543945,969.2977905273,975.2092285156,980.3927612305,985.5290527344,990.7104492188,995.6353149414,999.9622802734,999.8919677734,995.0218505859,989.8725585938,984.9288330078,979.6650390625,974.8261108398,969.3209838867,963.2265625],"15":[505.876953125,513.5439453125,521.7901000977,529.9649658203,538.4804077148,546.6219482422,555.3126220703,563.8903198242,551.33203125,542.9356079102,534.6457519531,526.8075561523,518.508972168,511.0627441406,502.5506591797,494.2147827148],"16":[951.1430664062,957.6473999023,962.8347167969,969.0539550781,975.1079711914,981.2509155273,987.0697021484,991.0063476562,999.942565918,994.3492431641,989.6141967773,983.806640625,978.2653198242,972.6441650391,966.4205932617,958.0493164062],"17":[95.9506072998,116.1756134033,134.5665740967,152.5429077148,171.1432189941,189.85105896,209.7533416748,228.4774475098,230.8290100098,215.3531799316,194.6846008301,176.1401062012,157.1803894043,139.0719909668,121.1595840454,101.3083496094],"18":[796.21484375,800.6778564453,808.2409057617,818.8425292969,837.6948242188,850.7758789062,874.8458862305,891.794128418,902.1340942383,885.3607177734,869.9624633789,850.9756469727,839.1342163086,830.1818237305,827.2971191406,827.4738769531],"19":[707.4621582031,731.8838500977,754.8919677734,776.6950073242,799.9719848633,824.4680786133,848.6858520508,869.0227050781,890.5205078125,870.8771972656,845.5755615234,820.1024780273,796.4239501953,775.3660888672,753.7614746094,733.8021850586],"20":[455.1075744629,460.1117553711,465.7329101562,471.2658691406,476.9567871094,482.4209899902,487.7847290039,494.1321105957,480.5650024414,475.4624023438,469.9844665527,464.8042602539,459.2274780273,453.7230834961,448.0314941406,442.4761657715],"21":[251.1483459473,258.8756103516,265.4787902832,272.4206848145,278.9809875488,285.9289245605,292.43359375,298.9688720703,300.8688964844,295.0463562012,287.4739990234,280.1955871582,273.517791748,267.604309082,260.7866516113,253.5852813721],"22":[225.0267028809,230.6285400391,236.3510131836,241.8506164551,247.6845550537,253.2842407227,259.048034668,266.3565368652,252.9835205078,246.7796630859,240.6702575684,235.8100891113,229.8490600586,224.2757568359,218.4237976074,212.5843963623],"23":[843.4868774414,858.8952636719,872.7349853516,886.3809814453,899.1683959961,913.460144043,928.459777832,943.7746582031,965.442565918,950.3760986328,934.7913208008,920.807434082,907.0235595703,892.3065795898,879.2977905273,869.3099975586]},"polygon_y":{"0":[58.560634613,58.0594940186,57.1051635742,56.2753219604,55.0447387695,53.7254638672,52.6692810059,51.7571220398,79.5991439819,79.8736419678,81.1876068115,82.4049072266,83.4265289307,83.9752120972,84.8386764526,85.4553070068],"1":[854.0737915039,861.3451538086,869.1917724609,876.9428710938,884.5670166016,892.4292602539,900.0550537109,907.3205566406,932.8006591797,925.5563354492,917.9934692383,909.9992675781,902.2653198242,895.0817871094,887.3117675781,880.2655029297],"2":[361.9037475586,375.8489379883,391.0327148438,405.5281066895,420.8387756348,435.0730895996,449.9931640625,464.5966186523,480.1842956543,465.0912780762,451.0279846191,437.2253723145,422.663269043,407.9266967773,392.9082946777,378.1006469727],"3":[51.7981376648,51.5677719116,51.1524124146,50.768196106,50.4138374329,49.8012390137,49.3619880676,49.2198562622,76.4527893066,76.6841583252,76.6678085327,77.1094665527,77.4378509521,77.8325195312,78.379776001,78.0871963501],"4":[982.7806396484,979.4025268555,976.1555175781,972.7525634766,970.0231933594,967.4534912109,965.6727294922,964.0280151367,994.5642089844,996.1221923828,997.8820800781,998.7655639648,999.1295776367,999.5880737305,999.814453125,999.9561157227],"5":[69.9296798706,74.0804672241,79.0886535645,84.4004135132,90.3988494873,96.717414856,102.3280181885,108.9706420898,136.9169311523,131.1500854492,125.3867340088,119.6507949829,114.0069122314,108.0317306519,102.2536392212,97.0477142334],"6":[749.1713867188,755.3634033203,761.4608154297,768.4020996094,775.1488037109,781.5877685547,788.3171386719,795.2490234375,820.8374023438,814.0718994141,807.3994140625,800.6244506836,793.8438720703,787.0324707031,780.1520385742,773.278503418],"7":[565.8069458008,595.5399169922,625.5215454102,655.2305908203,687.4126586914,717.8395996094,745.8059692383,776.9271850586,792.6390380859,763.3210449219,733.3015136719,702.8303222656,674.7358398438,645.0250854492,613.6165161133,582.4826660156],