{"polygon_x":{"0":[778.5348510742,795.3217163086,811.6925048828,828.2575683594,844.5598144531,861.5770263672,877.9630126953,895.2114868164,912.4312744141,895.6335449219,878.342590332,861.5371704102,845.1605224609,828.1096801758,812.2116088867,796.1496582031],"1":[817.5771484375,830.807800293,843.9415893555,857.3228759766,870.6643676758,884.5490722656,897.8225097656,911.3290405273,928.2557373047,913.3208618164,898.8586425781,884.8283691406,871.1416015625,857.2502441406,843.5747680664,831.7868652344],"2":[846.1848144531,864.6214599609,882.5184326172,899.8432617188,916.9685058594,935.7669067383,953.7893676758,971.3424072266,989.4279785156,972.3420410156,954.2697753906,936.1943359375,918.7426147461,898.8433837891,878.822265625,858.0679931641],"3":[130.9755554199,166.6095123291,201.8977203369,236.3681640625,270.4683837891,305.3937072754,340.4279174805,375.184173584,408.40234375,374.0916748047,337.8529052734,300.5237426758,264.1382751465,228.2088928223,192.1945495605,155.8120117188],"4":[511.0286254883,519.5013427734,528.1931762695,536.7081298828,545.3466186523,554.1661987305,562.9153442383,571.884765625,586.2787475586,577.507019043,568.3381958008,559.0900268555,551.0396728516,541.8043823242,533.5251464844,524.6043701172],"5":[856.3727416992,873.8823852539,890.7198486328,905.3701171875,921.2459716797,937.9205322266,954.3449707031,973.3765258789,986.482421875,969.2517089844,952.3145751953,935.4666137695,919.2440185547,902.5357055664,886.305847168,869.2143554688],"6":[503.8335876465,514.0606079102,524.2703857422,534.4904785156,544.9212036133,554.7736206055,565.9421386719,576.4506835938,589.9377441406,579.7619018555,568.868347168,558.2675170898,548.0150756836,537.5825805664,527.4426879883,517.3907470703],"7":[299.9594421387,319.845916748,339.2381591797,358.4852294922,377.6259765625,396.6950073242,416.0112915039,437.3979187012,445.8082580566,425.8102111816,406.6913146973,387.9060668945,368.3213806152,349.1239013672,330.3085327148,310.6447753906],"8":[596.7142333984,601.5662841797,607.291809082,612.6607055664,617.9083862305,623.1121826172,628.8338623047,634.7473754883,647.6207885742,642.8422851562,636.5895996094,630.794921875,625.3238525391,619.8256835938,615.0531616211,609.8860473633],"9":[685.6127319336,695.3079223633,706.0850830078,715.8596801758,726.8240356445,737.2913208008,747.9187011719,758.7085571289,763.1654052734,752.8753662109,743.3568725586,732.8233642578,722.2289428711,711.7599487305,701.5888061523,691.2108154297],"10":[589.1721801758,593.8471069336,599.1934814453,604.3137207031,609.6606445312,614.9521484375,620.3919067383,625.6818847656,639.603515625,635.2543334961,629.2525024414,623.7863769531,618.4755859375,613.1591186523,608.3734130859,602.7534179688],"11":[652.765625,663.9212036133,676.4938964844,688.6228027344,700.9799804688,713.2885131836,725.4138183594,738.2372436523,750.198425293,736.9672241211,724.6823120117,711.5959472656,699.7702636719,687.2775878906,675.4991455078,663.0634155273],"12":[641.4053955078,663.4484863281,686.8413085938,710.4092407227,733.7785644531,757.379699707,779.2621459961,801.2041625977,812.9929199219,789.8359375,767.155090332,744.1732177734,720.768371582,696.8988647461,673.9805908203,652.1569824219],"13":[867.3963623047,871.3015136719,873.9077758789,876.6314697266,879.612121582,882.0935668945,884.8450317383,888.727355957,918.624206543,915.0405273438,912.1964111328,909.0863647461,907.4258422852,904.6557006836,902.1639404297,900.8576049805],"14":[898.6932373047,900.943359375,903.5235595703,906.1943359375,908.7495117188,911.4087524414,913.5975341797,917.2283935547,945.5811767578,943.7027587891,942.0724487305,939.6979370117,937.3704833984,935.0845947266,932.6118164062,930.1271972656],"15":[72.7464370728,99.1996383667,123.5905075073,148.9770965576,174.4079284668,199.0781860352,223.7734375,248.2451477051,263.3506469727,238.1045837402,214.0424194336,189.0527648926,163.6475219727,137.9723205566,113.5491790771,87.5840911865],"16":[923.9484863281,925.3879394531,926.8884887695,928.5321044922,929.7485351562,931.0451660156,931.4260253906,934.3400878906,969.9392089844,968.6328125,967.1340942383,965.2686767578,963.8817138672,961.9788818359,960.4025268555,958.5196533203],"17":[802.4627685547,814.0090332031,825.0202026367,835.9100341797,846.8743896484,857.5930786133,868.23828125,879.9862060547,879.0170898438,867.7814941406,857.2130126953,845.5950927734,834.7928466797,823.4510498047,812.4880981445,801.0231933594],"18":[942.9641723633,951.3217773438,959.7116088867,967.0452270508,974.639831543,980.7665405273,987.6356201172,994.8399658203,999.984375,995.7349853516,989.4927978516,983.9721069336,978.4149169922,972.5095214844,965.943359375,959.3890380859],"19":[928.3560180664,933.3733520508,939.3837890625,944.9712524414,949.748046875,955.0341186523,960.3742675781,966.0590820312,980.64453125,975.5258789062,968.8128051758,963.1564941406,957.8210449219,952.8471679688,947.9849243164,942.6361083984],"20":[963.7134399414,963.2784423828,963.1176147461,962.8807983398,963.3095703125,963.8031005859,964.4877929688,966.7632446289,943.8205566406,943.4256591797,942.7977294922,942.4282836914,942.0075073242,942.0112304688,942.1164550781,942.0138549805],"21":[850.9200439453,860.182800293,869.6409912109,878.7786254883,887.9104003906,897.4772949219,906.5700683594,916.3293457031,929.4936523438,919.7347412109,910.3046264648,900.5406494141,891.416015625,881.2698364258,872.5980224609,861.4500732422],"22":[913.0565185547,913.5625610352,913.8012084961,913.4982910156,914.8027954102,916.1737060547,916.5294189453,916.1624755859,949.5118408203,948.8792724609,950.4616699219,951.0882568359,952.3353271484,951.8487548828,949.4736328125,948.9364624023],"23":[723.1267700195,734.2608032227,744.0478515625,754.5263061523,764.9947509766,773.8196411133,782.1031494141,791.8345947266,770.3836669922,762.9173583984,752.8238525391,746.3134765625,735.5361938477,724.854675293,714.5501098633,704.4786987305],"24":[925.1022338867,927.4844360352,931.3939208984,935.520324707,938.2163085938,940.8962402344,944.8107299805,944.5063476562,974.2583007812,972.4403076172,971.0717163086,968.4973754883,966.046875,963.1641235352,959.342956543,958.3856811523],"25":[944.7415771484,949.0959472656,948.748840332,948.5106811523,947.8120117188,948.3265380859,946.200012207,943.9770507812,969.1478271484,970.6527099609,971.4059448242,972.7019042969,973.1607055664,973.899230957,975.4508056641,976.1906738281],"26":[887.1381225586,893.4563598633,900.2822875977,906.6010131836,913.2481689453,919.4320678711,925.4808959961,932.5054321289,950.1224365234,944.2294921875,936.4916992188,930.1815795898,923.8328857422,917.4521484375,910.6572265625,904.6819458008],"27":[927.6726074219,934.9942626953,943.6619873047,953.0161132812,960.8013916016,969.1268920898,978.0282592773,985.9130859375,999.5877075195,989.3334350586,980.8055419922,973.4404296875,965.6711425781,957.8531494141,950.118347168,942.1638183594],"28":[423.94140625,453.2741088867,479.8900756836,507.0612182617,532.9031982422,559.7443847656,585.0047607422,609.9086303711,653.0530395508,629.9450073242,600.7623901367,572.2145996094,545.617980957,518.6247558594,489.7284545898,462.4345092773],"29":[959.1545410156,965.0869750977,971.3085327148,976.2416992188,980.533203125,985.3686523438,990.4144897461,995.7581787109,999.9700927734,996.0601196289,991.7850341797,987.2504272461,983.3267211914,979.1080322266,974.1201782227,968.1015014648],"30":[893.9586791992,892.2982177734,890.9428710938,889.9950561523,890.0433959961,890.0408325195,889.7860107422,889.4254150391,927.3562011719,928.3169555664,929.3156738281,930.0415649414,929.8529663086,929.8634033203,932.1817016602,935.1234130859],"31":[765.7415771484,770.0574951172,774.2752685547,779.1185302734,783.1328735352,787.5577392578,791.5009155273,796.0828857422,799.1055297852,794.8424682617,789.7747192383,785.0634155273,780.846862793,777.5430908203,773.3251342773,769.0961914062],