{"polygon_x":{"0":[37.2387962341,58.6706161499,80.1600189209,101.819442749,123.1490783691,145.470993042,167.3356781006,188.9870910645,188.4938659668,166.7033996582,145.2047424316,123.4159545898,102.0833969116,80.5415649414,58.7898826599,37.3742179871],"1":[47.6702575684,68.7332611084,89.4996948242,110.8310775757,131.6567687988,152.8416290283,173.188659668,194.2570648193,194.2803192139,173.5630645752,153.2739868164,132.0690612793,111.3024597168,90.2266693115,69.2418212891,47.8074035645],"2":[55.4213104248,72.9342498779,90.5178909302,108.7964782715,126.250213623,144.7726135254,162.1477661133,180.0045623779,180.251159668,162.1536254883,144.2911834717,126.7801055908,109.138961792,91.4731140137,74.0652236938,55.6316452026],"3":[64.7866973877,83.1717071533,101.1457901001,119.212310791,136.999420166,155.4253387451,173.5414886475,192.3442840576,191.8985595703,174.0280914307,155.6971893311,137.38722229,119.4147949219,100.9246673584,82.9386444092,63.9305686951],"4":[0.0431681052,19.1769371033,39.5426902771,59.4797363281,79.7991638184,100.6199188232,121.23487854,141.3817138672,141.3620147705,120.8954696655,100.2054443359,80.0973129272,59.5365142822,39.6831436157,19.6065769196,0.1523111761],"5":[92.9568481445,111.4691314697,129.8522338867,148.6602935791,167.3596954346,185.8520355225,203.690612793,222.8228149414,223.5469207764,204.6657562256,186.3272094727,167.6593170166,149.4810028076,130.5989379883,112.1520080566,93.0519714355],"6":[83.7826538086,102.9640884399,122.3170547485,141.7965087891,161.1883239746,180.506439209,199.2906494141,218.8509521484,218.9211425781,199.4246826172,180.1870117188,160.8276367188,141.6158447266,122.3664474487,102.9186096191,83.6311950684],"7":[71.4070358276,89.598777771,108.1254730225,126.3781738281,144.80418396,163.6650085449,181.9859466553,200.4633178711,199.9586334229,180.9023895264,163.0426635742,144.7218322754,126.732421875,108.5625152588,90.4189376831,71.4582672119],"8":[197.3332519531,214.1283416748,231.2898254395,248.3188171387,265.1948547363,282.4209899902,299.3073120117,317.1315612793,316.8709716797,299.3109436035,282.4505310059,265.4307556152,248.5941772461,231.5678253174,214.5409545898,196.9965209961],"9":[224.9938659668,240.2406311035,255.0405273438,270.3553466797,285.0965270996,299.9393005371,315.0016479492,330.9365234375,330.9101867676,315.1448669434,300.313293457,285.3046875,270.3343505859,255.0453491211,240.0686035156,224.7827911377],"10":[97.2520828247,115.8382720947,134.2046508789,152.8775177002,171.6528320312,190.4136962891,208.4638824463,227.2715454102,227.4928131104,208.2096862793,190.1893463135,171.455291748,153.38331604,134.8465270996,116.7509002686,96.845161438],"11":[203.84765625,218.2337799072,232.3790283203,246.7626647949,261.1753234863,275.5221252441,289.596496582,304.580657959,304.8723754883,290.3680114746,276.3128356934,261.7225036621,247.4194488525,233.0821075439,218.7114257812,203.7756347656],"12":[150.0966796875,164.1487426758,178.1963806152,192.8629302979,207.4187927246,221.4974060059,236.3154907227,250.8089447021,251.4151306152,236.4639434814,222.5439605713,207.9003143311,194.0208435059,179.6138763428,165.802520752,151.2369689941],"13":[215.4175567627,232.1042022705,248.9624938965,265.7197875977,282.1520080566,298.8365478516,315.5266113281,332.6601867676,332.7440185547,315.6121520996,298.9038391113,281.9903564453,265.5448913574,248.7354736328,232.0251617432,214.9013366699],"14":[0.2434966862,9.5284948349,18.6989345551,27.7374763489,36.6879959106,46.0213928223,55.202331543,63.8933868408,64.3193511963,55.0589141846,46.1552658081,37.599193573,28.3363761902,19.4720687866,10.4240379333,0.5328627825],"15":[3.8777441978,14.7398138046,26.3191757202,38.0171928406,49.2370452881,60.4983329773,71.9214477539,82.6243133545,82.6784667969,71.9085388184,60.7213439941,49.6433601379,38.3973999023,27.0352077484,15.2894506454,4.0267348289],"16":[0.0182507634,13.0110445023,27.185333252,41.3441696167,55.2219581604,69.8193664551,85.6563873291,100.786781311,101.0868377686,85.4362564087,70.4604263306,55.8673820496,41.0978126526,27.284702301,13.0948562622,0.0589813255],"17":[232.6660003662,247.3802185059,262.3507385254,277.3248596191,292.0500488281,306.1327514648,320.6898803711,337.1159057617,337.6354980469,322.8090209961,307.9190673828,293.163482666,278.2339172363,263.2004394531,248.1030426025,232.7993774414],"18":[0.0252630487,10.3623762131,21.2045898438,32.3495864868,43.2537765503,54.3755378723,66.181098938,78.0520019531,77.4852676392,66.0988845825,54.7534637451,43.6046028137,32.1917457581,21.6653652191,10.3779907227,0.0593034737],"19":[0.0962104276,7.5979561806,15.0742425919,22.8632564545,30.4198741913,38.4999046326,47.9480667114,57.7521438599,56.7222518921,47.4837913513,38.489440918,30.5842037201,22.9512062073,15.2123918533,7.6163649559,0.166069001],"20":[211.4851531982,228.7801818848,247.0451507568,265.1064147949,283.076965332,300.966217041,318.9602050781,336.9817504883,336.6134643555,318.9394226074,300.9055480957,282.903503418,265.1252441406,247.4917449951,229.5680999756,210.4100341797],"21":[47.1679344177,59.6123657227,73.0531616211,86.7954101562,100.2180023193,113.1603088379,126.3497772217,140.4897613525,140.8941345215,127.0430603027,113.7216110229,99.987197876,86.6948318481,73.5781097412,60.2117958069,47.4597892761],"22":[0.096592471,6.9245409966,13.8769006729,20.8030872345,27.6979541779,34.9342803955,42.5329399109,50.2413520813,50.0328636169,42.846534729,35.0875320435,27.8838996887,21.0824699402,14.2289180756,7.1717019081,0.235308975],"23":[0.0102025587,10.5469894409,22.1850814819,33.4352912903,45.0595855713,57.0853843689,69.8309402466,82.0712966919,81.8879852295,69.5432434082,56.8632888794,45.2635803223,33.1440162659,21.781047821,10.2813901901,0.0149970772],"24":[223.2613983154,233.4683532715,243.312713623,253.4647979736,263.8146362305,274.0440979004,284.2883911133,294.4381408691,293.7287597656,283.8274536133,273.9196166992,263.7151794434,253.8913726807,243.9547424316,234.0541687012,223.3569030762],"25":[93.5172576904,110.0824127197,127.0964660645,144.6262817383,161.7473602295,178.8101501465,195.6640319824,212.0442047119,211.8313751221,195.2167358398,178.6169586182,161.6367950439,144.6603393555,127.3845291138,110.6311798096,93.5677642822],"26":[148.5037384033,156.78074646,164.7842102051,173.5635375977,181.8701477051,190.5049133301,198.7903747559,207.8032531738,207.2545776367,198.6607513428,190.0811157227,181.8017883301,173.7104034424,165.4977264404,157.4933776855,148.4710845947],"27":[22.8995475769,44.7528877258,71.0838394165,96.0520553589,121.1259307861,145.3271331787,169.725479126,194.0356445312,192.9483947754,169.2623901367,144.7056732178,121.1765136719,97.1077041626,72.1053543091,44.3739318848,22.3173561096],"28":[0.1266565621,4.5485267639,8.4713573456,12.9227838516,16.6839065552,20.8676700592,25.6609745026,30.9566040039,30.3996391296,26.2836055756,21.4310188293,16.7449150085,12.7635192871,8.8697109222,4.7939043045,0.1906245947],"29":[10.3088302612,13.2111167908,17.4044265747,22.3506565094,26.7798614502,31.5907897949,35.9089927673,39.9789428711,39.3553962708,35.0162010193,30.9485282898,26.0783920288,21.149433136,16.5454387665,12.239689827,9.5087375641],"30":[0.2798609436,6.439871788,12.1070680618,18.090007782,24.3328323364,30.930021286,38.7153396606,46.2646064758,46.2425384521,37.3973999023,30.4707298279,24.2941951752,18.2416248322,12.5583600998,6.4971647263,0.2819918394],"31":[0.5170451999,5.7634015083,10.64412117,15.7549285889,20.572851181,26.2395858765,33.0388145447,41.0867843628,40.2544937134,33.2355575562,26.0459823608,20.5344486237,15.1455011368,10.3355064392,5.1591534615,0.1556621641],"32":[0.1869512945,12.67628479,25.9082317352,38.9305152893,51.8410301208,65.2933120728,78.6955184937,91.503326416,91.3104553223,78.3458175659,65.6518478394,52.4518737793,38.9070510864,26.101436615,12.9540967941,0.310423404],