{"polygon_x":{"0":[567.8911132812,613.2633056641,656.4976806641,701.0259399414,745.8605957031,791.3461303711,836.2854614258,882.3109130859,892.3463134766,846.8081054688,801.3982543945,756.2826538086,711.5514526367,667.0257568359,622.2530517578,577.2838745117],"1":[213.3538208008,224.8863067627,237.0081481934,248.9007263184,261.0956726074,273.2376708984,284.9833679199,296.4248352051,296.597869873,284.7605895996,271.8192749023,259.8084106445,247.6892852783,235.9745635986,223.5709991455,211.7712097168],"2":[991.1385498047,993.6873779297,995.7579956055,996.9454345703,997.6868286133,997.3760986328,996.9364013672,998.3054199219,961.7626953125,963.7788085938,964.8471679688,966.500793457,966.4654541016,965.3198852539,963.1539916992,959.0869750977],"3":[21.4157066345,39.7728538513,58.4906082153,76.8519210815,94.6600646973,112.0126342773,130.4074401855,149.3847961426,140.4500732422,122.5355987549,104.9426116943,87.4316482544,69.3671264648,50.6549530029,31.1887550354,12.6094074249],"4":[353.9365234375,377.593963623,401.4637451172,425.7275085449,450.1956787109,474.2888183594,498.8656005859,523.0236816406,525.5115356445,501.3612365723,476.6043701172,451.5525817871,426.6578369141,402.5366210938,376.9912414551,352.4639892578]},"polygon_y":{"0":[153.5422058105,147.8674926758,142.1029052734,135.5484008789,128.548034668,122.9122238159,115.7557754517,107.6790618896,150.3378601074,158.1997680664,165.6602783203,172.9246520996,178.91847229,185.3820953369,191.1069641113,196.8978118896],"1":[150.8150939941,152.1141204834,153.047088623,153.6701660156,154.4273681641,154.3165435791,154.5282287598,154.3453216553,194.2225036621,194.6222686768,194.2342529297,194.0088653564,193.2379150391,192.7042388916,192.3744049072,192.3782501221],"2":[0.117028214,29.1360626221,59.4392700195,91.8081588745,121.8502502441,156.5909576416,188.7621154785,221.3561859131,219.4577941895,187.7110595703,157.1497497559,125.8190917969,93.3734970093,62.4040641785,31.4804534912,0.2852425575],"3":[115.1447753906,119.6961135864,124.9129486084,129.248840332,133.1974182129,137.6064453125,141.1350860596,143.1216583252,181.4774475098,178.90184021,175.6875305176,171.3772277832,167.6031188965,163.9648742676,159.5280151367,154.9283599854],"4":[158.0700378418,157.8313446045,157.8771820068,157.7270202637,157.7717285156,157.0950469971,157.2200317383,157.4552307129,199.9429473877,200.152557373,201.0118255615,200.9519348145,201.427520752,201.6886291504,201.8815002441,201.7747650146]},"text":{"0":"COVNCIL","1":"OF","2":"THLEHEM","3":"ILL","4":"EVIL"},"score":{"0":0.85152632,"1":0.9507029057,"2":0.9796990156,"3":0.9779231548,"4":0.95240587}}