{"polygon_x":{"0":[101.9389266968,128.0339355469,153.8330688477,179.4508209229,205.2278289795,231.1891021729,256.5227050781,282.1157226562,281.8493347168,256.9659423828,231.8013305664,205.350769043,179.8622283936,154.1661682129,128.6225280762,102.2956161499],"1":[306.3867797852,329.989074707,352.9237060547,376.2474060059,399.0229492188,421.7998046875,445.5979919434,468.5632324219,468.1592102051,446.2634887695,423.0028686523,399.391418457,376.373046875,353.4243164062,329.9871520996,305.4635620117],"2":[99.3781661987,119.9482269287,140.4737548828,161.431137085,182.2812042236,203.4906921387,224.1843414307,244.1114959717,245.1617736816,224.4505462646,203.8231048584,182.7002563477,162.1055908203,141.279006958,120.7707672119,98.7378997803],"3":[292.7157592773,315.1882324219,337.3485107422,359.8964233398,382.1202087402,404.671081543,427.4585571289,449.4100952148,449.0100097656,428.5296936035,405.4712219238,382.7273254395,360.1642456055,338.0608825684,315.3985900879,292.1557922363],"4":[251.4398345947,273.6389465332,295.9186096191,318.8426818848,341.2014160156,363.9525756836,387.3204956055,411.1658935547,411.9972229004,387.539642334,365.1725769043,342.1070556641,319.6493835449,297.5646362305,274.9313354492,251.6449890137],"5":[104.3124389648,123.9271621704,143.024520874,162.6316833496,181.3239135742,200.3532409668,219.6939697266,239.0303649902,239.6195831299,220.4786071777,201.542678833,182.1256713867,162.9243774414,143.738861084,124.8000488281,104.4955368042],"6":[547.9393920898,573.9262084961,600.9102783203,627.1703491211,653.9450073242,679.8862304688,705.5793457031,731.5982666016,731.6506958008,706.8999633789,681.2426147461,653.9498291016,627.9818115234,601.5926513672,574.3005981445,549.1714477539],"7":[255.6522216797,262.1735534668,268.1002502441,274.389831543,280.7057495117,287.1594848633,293.2124023438,299.1410217285,299.6081237793,293.5600280762,286.932434082,280.7741699219,274.589050293,268.8375549316,262.5842590332,256.0362243652],"8":[316.6560668945,325.8627624512,334.262512207,343.714630127,352.6828613281,361.6125183105,370.8734130859,379.896484375,380.2523803711,371.7860717773,362.2724609375,353.2805786133,344.2837219238,335.3460693359,326.6677856445,316.8802185059],"9":[101.4849777222,125.7397842407,149.9808654785,173.9000244141,197.9039306641,222.0620880127,246.0913696289,269.5350646973,270.7919616699,247.1903991699,223.0143585205,198.3886108398,174.3164367676,150.4726257324,126.6793365479,102.0506668091],"10":[505.3759460449,511.5421142578,516.6742553711,522.1967163086,527.8858642578,533.7676391602,539.2548217773,544.0912475586,544.6113891602,539.291015625,533.2951049805,528.0528564453,522.6807250977,517.5649414062,511.8400878906,505.9375],"11":[274.5045471191,279.8332824707,284.9293823242,289.9781188965,294.7992858887,300.071472168,304.9961547852,309.3594360352,309.7095947266,304.8721008301,299.4517211914,294.6597900391,289.828338623,284.9733886719,280.1064758301,275.0741882324],"12":[914.5454101562,904.5679321289,888.615234375,879.821105957,871.1116943359,861.448425293,851.9559326172,848.2476806641,803.9584350586,815.1647949219,825.5662841797,838.7078857422,850.453125,859.5135498047,872.5510253906,881.8701782227],"13":[386.8227844238,402.8716430664,418.6755371094,434.9300842285,451.3573608398,467.3725585938,483.3682250977,499.7632446289,499.722869873,484.3460693359,467.9345703125,451.3411254883,435.3947143555,419.1725158691,403.2206726074,386.2829284668],"14":[961.7198486328,963.1823730469,964.6301269531,965.891784668,967.8315429688,969.0340576172,972.1402587891,975.4736328125,999.9899902344,999.6182861328,999.3725585938,998.7981567383,998.4710693359,997.0325317383,996.1004638672,996.4859619141]},"polygon_y":{"0":[151.7791137695,151.2930450439,150.9583129883,150.6496582031,150.5227508545,149.9403533936,149.5746002197,149.4777526855,181.1737213135,180.7029571533,180.6157531738,180.8883514404,181.1927490234,181.1057128906,181.6867675781,181.7168884277],"1":[103.6674499512,103.5703353882,103.2097549438,102.766708374,102.5874938965,102.1309356689,101.8914031982,102.0703277588,134.191192627,133.7853393555,133.3357696533,133.2219085693,133.412689209,133.4563293457,133.593536377,134.0601959229],"2":[105.1546020508,104.8893737793,104.8971481323,104.522819519,104.1090087891,103.4913330078,103.3080444336,103.6131744385,135.0785827637,134.6278991699,134.5612182617,134.7782745361,134.7774658203,134.7597351074,135.149810791,135.5553588867],"3":[150.5696258545,150.2828063965,150.1801605225,149.9038848877,149.540435791,149.2266845703,148.8046112061,148.5609741211,182.2437896729,180.7685546875,180.5726013184,180.4682617188,180.7618865967,180.1615905762,180.7414245605,181.013961792],"4":[59.6711006165,59.609085083,59.3369827271,58.9998779297,58.575668335,58.1206855774,57.4392852783,56.8465232849,88.2966690063,88.1706390381,88.0409393311,88.1412811279,88.3501052856,88.0523223877,88.7838058472,88.8066864014],"5":[60.8843536377,60.9183731079,60.6440010071,60.5899963379,60.3069496155,59.9048461914,59.4164962769,59.143787384,89.5965576172,89.3826751709,89.3478469849,89.484375,89.7319793701,89.8088684082,89.8192443848,90.0075454712],"6":[10.4532060623,10.9694490433,10.6947469711,10.4606924057,9.6593637466,9.2950935364,8.8859119415,8.3455677032,39.1435928345,38.5749588013,39.2958335876,39.21484375,39.2213401794,39.2325630188,39.3187637329,39.523399353],"7":[103.9807739258,104.1791229248,104.097442627,104.1398239136,104.0355987549,103.7286529541,103.9237823486,103.6114196777,133.489440918,133.1571655273,132.9650268555,133.129196167,133.2384033203,133.378692627,133.4290466309,133.5279693604],"8":[11.1322975159,10.9917564392,11.1149406433,11.275177002,10.8143005371,10.4285087585,10.0436029434,9.6910533905,39.6704902649,39.27293396,38.9749984741,39.0101280212,38.9818611145,39.1105690002,39.0654678345,39.3973464966],"9":[12.6067075729,12.2430047989,12.1202278137,12.0960035324,11.3710269928,11.0561637878,10.4120025635,10.5099029541,40.5689926147,40.0825691223,40.2436790466,40.5109024048,41.0200042725,41.09557724,41.6350402832,42.0555801392],"10":[11.2571697235,11.1185417175,11.0772724152,11.2603330612,11.0856237411,11.0145149231,10.6482315063,9.926530838,37.8331985474,37.5593109131,37.4372062683,37.4901008606,37.7705688477,37.8211898804,37.7540245056,37.8390274048],"11":[10.6924667358,10.8020248413,11.0649528503,11.1864566803,11.1903553009,11.2307319641,11.0710582733,10.7144603729,39.6910514832,39.511302948,39.7277793884,39.6522407532,39.7923698425,39.6639633179,39.7603912354,39.7832336426],"12":[1.6597211361,33.3267822266,67.6217956543,93.5885314941,122.106628418,155.9194793701,187.3203430176,221.388458252,223.0388641357,185.6396789551,154.5600738525,119.2808990479,83.3449554443,56.6036567688,26.0210838318,0.0294916034],"13":[8.9965858459,8.9031276703,9.1847763062,9.0587863922,9.0424404144,8.9576253891,8.5737228394,7.8662052155,39.553314209,39.1681671143,39.1165161133,39.13123703,39.2733230591,39.3255996704,39.5749740601,39.7041931152],"14":[132.3235168457,126.3187255859,120.984413147,117.2448120117,111.2586364746,105.8959960938,100.4509048462,95.3536300659,104.8428497314,112.6994781494,120.0613708496,125.1192321777,130.2778015137,136.910369873,141.3110046387,144.0715484619]},"text":{"0":"ENTRANCE","1":"SOLOMON","2":"THRONE","3":"GATEWAY","4":"GATEWAY","5":"GOLDEN","6":"JEHOSAPHAT","7":"OF","8":"THE","9":"ASSEMBLED","10":"OF","11":"IN","12":"THIEHEM","13":"VALLEY","14":"T"},"score":{"0":0.986487329,"1":0.9894770384,"2":0.9860491157,"3":0.9883898497,"4":0.9858453274,"5":0.9871576428,"6":0.9772247672,"7":0.9771792293,"8":0.9740439653,"9":0.9881255627,"10":0.9718031883,"11":0.9638908505,"12":0.9794812202,"13":0.9836802483,"14":0.5772675872}}