{"polygon_x":{"0":[1097.5483398438,1128.6005859375,1157.9406738281,1187.9857177734,1217.5229492188,1248.5246582031,1279.1580810547,1309.5895996094,1307.6627197266,1275.3314208984,1245.6170654297,1216.2266845703,1186.3481445312,1157.0736083984,1127.1328125,1096.4653320312],"1":[1058.7731933594,1082.6195068359,1105.6343994141,1129.5079345703,1152.0810546875,1176.1403808594,1200.0498046875,1223.8023681641,1223.94140625,1199.7377929688,1176.50390625,1152.9582519531,1129.4655761719,1105.7580566406,1082.9725341797,1058.591796875],"2":[837.3474121094,865.2478637695,891.6981201172,919.2845458984,945.0903320312,972.5879516602,999.032409668,1026.8166503906,1026.9655761719,998.9236450195,972.3747558594,946.3667602539,919.4862060547,892.5266113281,865.5626220703,838.538269043],"3":[1348.5487060547,1386.6983642578,1424.0174560547,1466.9202880859,1504.3879394531,1542.4630126953,1580.3936767578,1624.2814941406,1601.4787597656,1568.619140625,1531.5415039062,1493.3203125,1455.3420410156,1415.1096191406,1375.7670898438,1338.0157470703],"4":[636.9736328125,667.2728271484,696.6475830078,727.4489135742,757.0093383789,788.2010498047,817.6658325195,848.3754882812,845.7676391602,815.4995117188,785.9279785156,756.0989990234,726.4462280273,696.291015625,666.1493530273,635.8494262695],"5":[643.5062866211,665.0307617188,686.3696899414,709.1196289062,730.1781616211,752.6104736328,774.2366943359,798.5085449219,796.1224365234,773.5185546875,751.7142944336,729.6479492188,708.2562866211,685.3052978516,663.1239624023,641.5618896484],"6":[1000.577331543,1023.3348388672,1044.9991455078,1066.6746826172,1087.9013671875,1110.2229003906,1132.0057373047,1153.9237060547,1154.4197998047,1132.7779541016,1111.0374755859,1088.9475097656,1066.9752197266,1044.7153320312,1023.4719238281,1000.7037963867],"7":[892.018371582,905.5373535156,917.7485961914,930.1204833984,942.1263427734,955.6078491211,968.8139038086,981.6451416016,981.4520263672,969.1452636719,955.7609863281,943.2018432617,930.5612792969,918.5350341797,906.3421020508,892.7199707031],"8":[804.2192382812,814.5668334961,823.4201660156,833.7352294922,842.106262207,853.6605834961,864.0466308594,875.0526123047,873.3673706055,862.9207763672,852.5933227539,842.8123779297,832.8223876953,823.047668457,813.3276977539,801.8961181641],"9":[883.0356445312,902.3463134766,920.1739501953,938.7875366211,956.4428100586,976.0711669922,994.6395263672,1013.2847900391,1011.3851928711,993.6332397461,975.2321166992,957.0935668945,938.6045532227,919.5565795898,901.862487793,882.4364624023],"10":[1495.4030761719,1512.2479248047,1528.5513916016,1545.2982177734,1561.8337402344,1578.7143554688,1595.9665527344,1612.0081787109,1611.7998046875,1594.9108886719,1578.0900878906,1560.9168701172,1544.5784912109,1527.3216552734,1511.6342773438,1492.9739990234],"11":[667.3999023438,675.3937988281,684.1377563477,693.0198974609,701.7882080078,710.8594360352,719.5838012695,728.2922973633,716.7341308594,707.9658813477,699.3936157227,692.2595825195,683.6599121094,675.5975952148,666.2368774414,656.9408569336],"12":[1526.7989501953,1539.8100585938,1552.4691162109,1565.2755126953,1578.8549804688,1591.9982910156,1605.4595947266,1618.4890136719,1617.8961181641,1605.1218261719,1592.125,1578.2408447266,1565.0426025391,1551.8551025391,1538.3220214844,1524.9715576172],"13":[1401.6116943359,1413.4252929688,1425.4176025391,1438.4578857422,1451.0400390625,1462.4779052734,1473.3326416016,1486.4460449219,1474.3737792969,1463.5047607422,1450.7924804688,1438.6688232422,1426.6812744141,1416.0251464844,1403.7127685547,1392.7496337891],"14":[596.6131591797,605.3940429688,613.9432373047,623.4162597656,631.5647583008,641.4498291016,650.293762207,660.3168334961,661.3625488281,650.9752807617,641.3239746094,632.874206543,622.6760253906,613.5860595703,603.7302856445,594.021484375],"15":[1541.7292480469,1548.2805175781,1555.5091552734,1562.6916503906,1569.5440673828,1576.8955078125,1583.4755859375,1590.6212158203,1589.8651123047,1582.2712402344,1576.0246582031,1569.4106445312,1562.7873535156,1555.7326660156,1549.1173095703,1540.529296875],"16":[521.6725463867,531.5260620117,541.6339111328,551.3458862305,561.4271850586,572.3162231445,583.6274414062,593.7317504883,592.6629638672,582.9826660156,572.0662231445,561.1693115234,550.509765625,539.9863891602,529.3679199219,518.5494384766],"17":[497.0726623535,507.0880737305,517.3079833984,527.9631958008,538.6216430664,549.4559936523,560.102722168,571.7025146484,567.8358154297,558.020324707,547.0911865234,537.0736083984,526.5310668945,516.3013305664,505.5133972168,494.8818359375],"18":[375.604888916,376.7588500977,377.0216064453,377.0424194336,376.4731140137,376.3541259766,375.6728820801,374.0867614746,418.3600769043,417.4427185059,417.8638305664,418.2918395996,418.0362548828,418.5980834961,419.6910095215,422.526550293],"19":[507.3586425781,524.8815307617,542.8900756836,560.6279296875,578.1014404297,596.3276977539,614.3598022461,632.1168823242,630.2708129883,612.5440673828,594.0625610352,576.729675293,559.4259033203,541.2376098633,523.3442993164,505.3957824707],"20":[670.8190307617,685.8775634766,700.984375,715.7962646484,729.8995361328,745.528503418,760.5863037109,775.104675293,774.0253295898,759.7875366211,744.2860717773,729.5960693359,714.6455688477,699.6453857422,683.7135620117,667.9673461914],"21":[374.8844909668,376.714050293,376.5599365234,376.4707336426,375.474609375,375.0190124512,374.6581726074,372.7383422852,416.366394043,416.0105285645,416.8477478027,417.3008422852,417.4316711426,418.0294189453,419.5854797363,421.1665039062],"22":[1461.1501464844,1486.5349121094,1510.4626464844,1534.7763671875,1559.1906738281,1583.201171875,1608.6676025391,1631.1910400391,1631.2297363281,1607.4500732422,1581.646484375,1557.6195068359,1533.4333496094,1508.7141113281,1483.8470458984,1458.7122802734],"23":[375.7149353027,376.8235473633,376.6543273926,376.680267334,375.7288818359,375.6421508789,375.1472167969,373.9723510742,418.7415466309,417.8870849609,418.0435791016,418.1189575195,418.3733215332,418.9682617188,420.141204834,422.6290893555],"24":[376.5374755859,376.0461120605,376.5848388672,377.1235046387,376.0483703613,376.0500183105,375.6071777344,374.0472717285,413.0657348633,413.8182373047,414.3173217773,414.5841674805,414.7156677246,414.6747741699,415.3680419922,416.0765686035],"25":[744.6927490234,758.3281860352,771.823059082,785.1598510742,797.8766479492,810.832824707,823.7348022461,838.1107177734,819.9401245117,807.177734375,794.0241088867,780.829284668,767.0551757812,753.610168457,740.7340698242,726.8714599609],"26":[1562.8022460938,1572.8131103516,1584.2727050781,1594.443359375,1604.4616699219,1613.3153076172,1622.7088623047,1631.1829833984,1631.1746826172,1621.4451904297,1612.1940917969,1603.20703125,1594.2611083984,1583.6785888672,1571.2478027344,1560.9659423828],"27":[373.5032043457,376.1486816406,376.2610778809,376.8750610352,375.5820922852,375.0464172363,374.5068969727,373.3503417969,414.9358825684,415.2385253906,416.1762390137,416.2831420898,416.3733215332,416.6280212402,417.5085449219,418.8791503906],"28":[376.2052307129,378.5311279297,378.9132080078,379.5360107422,379.097869873,378.5717468262,377.9199523926,375.9427185059,420.106262207,419.7812194824,420.5040893555,421.123260498,421.1767272949,421.8051757812,423.1491699219,425.3912353516],"29":[386.2205200195,387.4158630371,385.6009521484,386.9464416504,386.3078613281,385.8443603516,384.2916259766,381.0858459473,423.2135314941,423.410369873,423.7713012695,424.5158691406,424.7705993652,424.6144714355,425.2123413086,425.4529724121],"30":[1587.0705566406,1595.6610107422,1602.2060546875,1607.8986816406,1613.5297851562,1618.8762207031,1624.3590087891,1630.73828125,1631.1892089844,1624.5139160156,1618.7717285156,1613.2864990234,1607.6036376953,1601.4965820312,1593.1773681641,1585.2470703125],