{"polygon_x":{"0":[722.6908569336,753.071472168,781.8874511719,813.3511962891,844.4251098633,875.4943847656,906.2996826172,936.6130981445,936.7748413086,906.9909667969,877.174621582,846.0354614258,814.8082885742,784.5109863281,754.2541503906,723.4041137695],"1":[347.7157592773,395.16015625,441.647277832,489.1631469727,536.4780273438,583.5726318359,630.1696777344,681.2351074219,682.483215332,634.2516479492,586.0162963867,538.0928344727,490.4619140625,443.8003845215,396.9279174805,347.9249267578],"2":[0.0093831783,40.5147857666,85.4817123413,129.9905700684,173.9180297852,219.3824920654,264.9400939941,312.5783996582,311.4448852539,265.4135742188,220.4635925293,173.6047821045,128.3832092285,84.2665710449,38.6604003906,0.0149990069]},"polygon_y":{"0":[586.0148925781,584.948059082,584.6154174805,583.9936523438,584.0622558594,584.3939819336,583.6759033203,584.4058837891,651.390625,651.2578735352,651.329284668,652.0212402344,652.3795776367,652.362121582,652.4406738281,651.973815918],"1":[585.9066772461,584.4182128906,583.0532226562,582.6842651367,583.3315429688,582.2306518555,582.5481567383,583.7484130859,651.7224731445,652.3107910156,651.8944091797,652.8913574219,652.3548583984,653.1434936523,653.5463867188,654.2934570312],"2":[587.1436157227,586.458190918,585.7144775391,585.3973388672,585.8241577148,585.1901245117,584.4627685547,586.2141113281,652.8588256836,653.0623779297,653.0263671875,652.6162109375,653.069519043,652.8023681641,653.3668823242,652.7708740234]},"text":{"0":"ANCI","1":"SMITH'S","2":"VILLIAM"},"score":{"0":0.9868397713,"1":0.9829291105,"2":0.9839639068}}