{"polygon_x":{"0":[806.3543701172,820.4573974609,834.2840576172,847.7796020508,861.11328125,874.4755859375,888.6239624023,903.3771972656,904.3848876953,889.6467285156,875.9159545898,861.9227905273,848.3618164062,834.9685668945,820.9468994141,806.555847168],"1":[679.6761474609,706.3811035156,734.2071533203,762.6248779297,790.8798828125,819.3280029297,847.9028930664,876.405456543,879.0700073242,850.7583618164,821.9585571289,793.1591796875,764.1962890625,735.0256347656,706.4216308594,678.4705810547],"2":[0.0286013894,5.5592617989,11.49584198,17.2734832764,23.0673217773,29.4742584229,36.2113609314,43.2100067139,44.808013916,38.3839607239,31.8675441742,25.7813339233,19.7389774323,13.41842556,7.1242113113,0.3642161787],"3":[892.9400024414,892.5303344727,892.1055297852,890.8858642578,891.2118530273,891.1990356445,891.1088256836,889.8943481445,936.5927734375,935.431640625,934.8403930664,934.6291503906,934.2087402344,934.546875,934.8278808594,935.2161254883],"4":[890.6442871094,896.6009521484,902.2583007812,908.1149291992,914.5477294922,920.5915527344,927.1149902344,931.5657348633,936.7080078125,929.9833984375,923.9149780273,917.4924316406,911.3601074219,906.0830688477,900.2208862305,894.0032348633],"5":[28.3245677948,48.7707481384,69.2233734131,89.2249526978,109.6572341919,129.4516296387,149.933380127,169.9561462402,170.7919464111,149.7146606445,129.6568450928,109.3517684937,89.3237457275,69.1923828125,48.8758049011,27.9907264709],"6":[671.7417602539,691.6904296875,710.2030639648,728.8688354492,747.0916748047,764.7182006836,783.4334716797,802.4592895508,802.5384521484,783.9797363281,765.2327880859,746.5444946289,728.4248657227,710.0939941406,691.6840820312,672.3649902344]},"polygon_y":{"0":[638.6276855469,638.9680175781,639.8674316406,639.4811401367,639.3551025391,639.5272827148,639.7047729492,638.7885131836,678.2637329102,679.0377807617,679.1676635742,678.8508911133,678.8809204102,678.9379272461,678.9965209961,678.4469604492],"1":[527.4091796875,526.2692871094,526.2546386719,526.2183837891,527.0348510742,526.8115234375,526.6561279297,527.2645263672,569.7318115234,570.1566162109,569.7470703125,569.4577636719,569.6079101562,570.3078613281,569.7412109375,569.8384399414],"2":[22.1608161926,21.7372913361,20.5172462463,20.4063129425,19.5625915527,18.6566257477,18.093542099,17.1511421204,42.8187484741,42.4773406982,43.521572113,44.05235672,44.3969459534,44.9648780823,46.733253479,48.0346107483],"3":[61.9216156006,54.3878746033,48.0485038757,40.8355064392,35.3936843872,30.2057819366,25.0624542236,20.2350025177,21.2413749695,27.5915431976,32.3201141357,38.1378440857,43.5340919495,48.8499031067,54.7763061523,61.7471923828],"4":[518.2305908203,518.0583496094,517.9072265625,517.892578125,516.9954223633,516.4170532227,516.1851806641,515.1508178711,567.3316650391,567.7470092773,567.3189697266,567.2443237305,567.7115478516,568.6725463867,569.2966308594,569.8131103516],"5":[656.724609375,657.2158203125,656.8765869141,656.8394165039,657.7081298828,658.4299926758,657.9810180664,658.3045654297,704.9454956055,705.6155395508,704.7388305664,704.4122314453,703.6270751953,704.3430786133,704.6505126953,705.5335693359],"6":[637.502746582,636.9669799805,636.8350830078,636.8046875,637.4830932617,638.1089477539,639.3872070312,640.3236083984,678.6544189453,678.8584594727,678.907043457,678.9751586914,678.2930297852,678.647644043,678.5598754883,678.3325805664]},"text":{"0":"Tomb","1":"meniat","2":"42C","3":"A","4":"C","5":"POOL","6":"Shelk's"},"score":{"0":0.989033699,"1":0.9595552683,"2":0.8608317971,"3":0.7742110491,"4":0.8046063185,"5":0.9885784388,"6":0.9839604497}}