{"polygon_x":{"0":[32.604511261,42.6290435791,52.2430458069,61.6282730103,71.4579467773,81.4524536133,91.1998138428,101.0856552124,101.413192749,91.3735046387,80.9885864258,70.7486877441,60.977180481,51.2023696899,41.5069046021,31.7026329041],"1":[0.2917604446,8.2533121109,16.5178833008,24.8137550354,33.4406814575,42.5873222351,51.4876708984,58.6993675232,56.9130783081,48.6251373291,40.0612678528,32.570022583,24.4045791626,16.5369529724,8.3813457489,0.2948646247],"2":[1.5327669382,4.9801149368,8.5371837616,12.2462673187,15.8404378891,19.8468742371,24.5001468658,29.9294662476,30.6343269348,25.1378765106,20.0851669312,15.9172258377,12.1015968323,8.6308631897,4.7725453377,0.7056934237]},"polygon_y":{"0":[237.5578155518,237.6642608643,237.42527771,237.3813781738,237.1993255615,237.2554626465,237.3362426758,237.4665527344,268.8698425293,269.1235961914,269.4307556152,268.9698486328,268.8062133789,268.8081054688,269.2924194336,268.9774475098],"1":[170.9060974121,169.8594055176,169.4047393799,169.133895874,168.9093017578,168.9223022461,169.3325958252,168.1912536621,206.5869903564,206.5832061768,205.7437896729,205.966583252,206.1442871094,206.8234405518,207.2755889893,207.6138458252],"2":[237.5390319824,237.855682373,239.3813934326,240.0837402344,239.7719573975,239.907699585,241.2113647461,241.8458709717,267.0994873047,268.1918640137,268.3774414062,268.1711730957,268.0041503906,267.8517456055,267.4611816406,267.7769165039]},"text":{"0":"Rock","1":"H.","2":"th"},"score":{"0":0.9852125645,"1":0.9336545467,"2":0.5557245016}}