{"polygon_x":{"0":[642.1801757812,657.7378540039,673.0070800781,687.7905883789,702.9060668945,717.7901611328,733.5455322266,748.4710693359,747.9611206055,732.546875,717.1944580078,701.7939453125,686.7547607422,671.0433959961,656.0565185547,640.8798217773],"1":[283.4132080078,305.1692199707,326.0809936523,346.7141418457,368.1807556152,389.1532287598,410.6738586426,432.5124816895,431.5946960449,408.8629760742,387.0813903809,366.2920837402,345.2479553223,324.0018615723,302.5411682129,281.2423400879],"2":[104.906288147,124.212059021,143.0827636719,161.8219299316,180.6050872803,199.1137237549,218.0579071045,236.7988128662,236.6563873291,216.7248687744,197.4502716064,178.9687194824,160.1684875488,140.9622802734,122.7373809814,102.947013855],"3":[1.0090556145,13.2114667892,24.778345108,37.2361297607,49.2970619202,61.532699585,73.7340316772,84.7811584473,83.8935089111,71.5530853271,59.7176704407,47.6789321899,35.7697296143,23.5251655579,11.8595237732,0.1931622326],"4":[723.5435180664,744.52734375,765.9436035156,786.4622802734,806.9314575195,827.6081542969,848.4834594727,870.610168457,869.4299316406,848.5901489258,827.7102661133,806.4208374023,785.5521850586,764.2622680664,743.3039550781,721.9938354492],"5":[606.8969116211,610.2668457031,613.4201049805,616.9786376953,620.0298461914,623.6032714844,627.4425048828,630.5985717773,634.4865722656,631.714050293,629.4036254883,626.0740356445,622.5615844727,618.9339599609,615.7841186523,611.3382568359],"6":[640.0773925781,651.5802001953,662.5670776367,673.6165771484,684.891784668,696.4845581055,707.4534301758,718.6215209961,718.0020141602,707.4262695312,696.5545043945,684.7366943359,673.4750366211,661.4523925781,650.7244873047,638.6116943359]},"polygon_y":{"0":[559.9856567383,560.9368286133,561.9822998047,562.2481689453,562.7770996094,563.4277954102,564.1091918945,564.4452514648,604.2995605469,604.7218017578,604.4223022461,604.2260131836,603.8575439453,603.5185546875,603.3001708984,602.8001098633],"1":[342.212097168,342.0539550781,341.5896606445,341.8667297363,343.3938598633,344.2438049316,343.5498962402,345.2789611816,387.7456359863,387.8526611328,386.9306030273,386.7929077148,386.2186279297,385.5375671387,385.0029907227,384.5417785645],"2":[182.6291046143,183.962600708,184.8166656494,185.1050262451,185.6015930176,185.9658203125,185.8667297363,186.1300506592,224.140838623,225.2053833008,225.196182251,225.085144043,224.4507751465,223.9720611572,223.6382598877,223.8566741943],"3":[121.5432510376,120.9995040894,120.7314834595,120.7222213745,120.915512085,121.8132553101,122.089630127,123.0782318115,152.6712646484,152.8186187744,152.9160766602,152.2070465088,151.9666442871,151.9579620361,151.6195373535,151.0422363281],"4":[191.7577056885,191.8840484619,192.2702178955,193.1340332031,193.3460083008,193.6753387451,195.7320861816,195.5938415527,237.568939209,237.2752075195,237.812210083,237.4906005859,237.2698516846,236.5814056396,235.7094116211,235.2738342285],"5":[572.6619262695,572.4542236328,572.1502075195,571.6994628906,571.082824707,570.5763549805,569.895690918,569.6174926758,601.3943481445,601.5649414062,601.5752563477,602.0568237305,602.5635375977,603.0311279297,603.8084716797,604.8411865234],"6":[192.6523590088,192.0540924072,190.975692749,191.3611602783,191.385635376,191.1127471924,191.6544342041,191.5618896484,234.1267089844,234.6137542725,234.1425933838,233.6647796631,233.4068603516,233.5598602295,233.9451446533,234.4657287598]},"text":{"0":"Cave","1":"Tombs","2":"Tomo","3":"rns","4":"Cistern","5":"C","6":"Old"},"score":{"0":0.9856384397,"1":0.9833909273,"2":0.9818284512,"3":0.9654894471,"4":0.9810674191,"5":0.5556234121,"6":0.9685114622}}