{"polygon_x":{"0":[454.4678344727,473.0801696777,491.8604431152,510.0835876465,528.0086669922,545.5933227539,563.8704833984,584.1236572266,585.2486572266,565.6751708984,546.7957763672,528.4038696289,509.6404724121,490.5294799805,471.8212890625,453.5484619141],"1":[445.4765319824,454.6002807617,462.795715332,470.5502319336,479.2986450195,487.6940002441,496.1581420898,504.3608703613,504.4285888672,495.6174621582,487.0220031738,478.4954528809,470.161315918,461.3167724609,452.9289855957,443.9790344238],"2":[376.0433349609,385.025970459,393.7772827148,402.5541992188,411.4275817871,420.2613220215,428.9740600586,438.399810791,438.4736633301,428.9945678711,419.860534668,410.9184265137,402.3077087402,393.1912841797,384.3464660645,375.157043457],"3":[514.0194702148,523.4321289062,531.953918457,539.8700561523,548.5256347656,557.5571289062,565.9588012695,575.2601928711,574.9375,566.2282714844,557.4860839844,548.8932495117,540.5079345703,531.9298095703,523.3402099609,514.4725952148],"4":[409.9469909668,415.6027832031,420.890411377,426.8056640625,432.2698364258,438.6134338379,444.443145752,450.562286377,450.371887207,444.8516235352,438.9255065918,432.7477722168,427.2189941406,421.5706787109,416.5571594238,410.3833312988],"5":[199.4358520508,204.7623596191,210.5068664551,216.2786102295,222.2098388672,227.9734649658,233.5162200928,239.4972686768,238.8976745605,232.3438873291,226.6521606445,221.2469329834,215.6362304688,210.1284637451,204.4500427246,198.9658660889],"6":[325.5730285645,337.219329834,348.6067199707,359.8984680176,371.6934509277,383.0692138672,395.2866821289,405.9992675781,406.5012207031,394.2957763672,383.347869873,371.6734008789,359.856842041,348.0625610352,336.6318359375,324.7982177734],"7":[637.4455566406,660.7167358398,684.2474975586,708.8520507812,732.7530517578,756.3497314453,780.7711181641,805.0271606445,805.4470825195,780.6927490234,756.7255859375,732.8143920898,708.9182128906,684.623046875,660.5776367188,635.9194335938],"8":[621.7444458008,632.4929199219,644.9575805664,656.6810302734,668.8794555664,681.6213378906,694.0634155273,706.4946289062,706.7584228516,694.3611450195,681.4119873047,668.9375,657.1458740234,645.5039672852,633.5980224609,621.8604736328],"9":[325.5165100098,337.3311157227,348.7124633789,360.0094299316,371.6882629395,382.854095459,395.1253662109,405.942779541,406.6271362305,394.4998168945,383.2708740234,371.6487426758,359.8829650879,348.2312011719,336.7586975098,324.7099609375]},"polygon_y":{"0":[107.4105987549,107.6554794312,107.9209823608,108.5612716675,108.6932067871,108.9500656128,109.1487731934,109.5486373901,140.4572601318,140.2365570068,140.7104949951,140.5870513916,140.8059692383,140.7568054199,140.5522003174,140.5667877197],"1":[143.5028533936,143.1231842041,143.2356567383,142.8892822266,142.8055267334,142.40625,142.5535736084,143.1004333496,177.5735015869,177.4287719727,177.0769805908,176.7705383301,177.0765228271,176.3979797363,176.5157775879,177.059173584],"2":[144.4063415527,144.9358673096,145.2289886475,145.6867828369,145.830657959,146.030456543,146.2572631836,147.204498291,177.4637756348,177.7191772461,177.6320953369,177.5332946777,177.4612731934,177.525894165,177.22215271,177.1171569824],"3":[140.8995819092,141.3712005615,141.5592651367,141.4298553467,141.1868133545,141.1921234131,141.2015991211,140.8929138184,179.3808746338,180.3220214844,180.0840606689,179.8987884521,179.9196929932,180.0296020508,179.9823150635,180.6356658936],"4":[112.0070953369,110.9677505493,110.4896392822,110.1275100708,110.1496582031,109.3743209839,108.4681091309,108.0905227661,140.1718902588,140.9117736816,141.1325073242,141.3731079102,141.3143310547,141.4892730713,141.6290435791,141.5218048096],"5":[121.6469955444,121.9864425659,122.4980621338,122.5060119629,122.5646362305,122.4308776855,122.8503112793,123.1470718384,157.6987609863,157.9640197754,157.8223724365,157.6443939209,157.8634033203,158.0032348633,157.6619262695,157.540802002],"6":[106.126953125,107.2601852417,108.1151046753,108.9370651245,109.559387207,109.8815917969,111.1756515503,111.5820770264,141.1776428223,141.6337890625,141.7699890137,141.7270355225,141.6207275391,141.5069885254,141.4483642578,141.2389831543],"7":[399.8592529297,399.2574462891,399.1558227539,398.5202026367,398.3048400879,398.8723754883,397.6329345703,397.6691894531,447.4372558594,448.0030822754,448.2430419922,448.3821105957,448.1653442383,448.7718200684,448.4003601074,448.9281921387],"8":[105.3632278442,104.9339904785,104.5688858032,104.9947662354,105.2758407593,104.7602081299,104.0829391479,104.1495666504,139.5531463623,139.6928405762,139.7459869385,140.0846252441,140.2554931641,139.946472168,139.6653137207,139.5582885742],"9":[106.0746917725,107.2166595459,108.0501937866,108.8672637939,109.4983444214,109.8562850952,111.1703491211,111.5603561401,141.2338562012,141.6234741211,141.8165283203,141.7611083984,141.6302185059,141.522354126,141.4864654541,141.2901000977]},"text":{"0":"Section","1":"Pl.","2":"See","3":"38","4":"of","5":"A","6":"Line","7":"Windm","8":"AB","9":"Line"},"score":{"0":0.9827279449,"1":0.9832757711,"2":0.9859208465,"3":0.9825758934,"4":0.9756322503,"5":0.9132897258,"6":0.9166499376,"7":0.9864867926,"8":0.6464902759,"9":0.9401988983}}