{"polygon_x":{"0":[650.5908813477,684.3001708984,720.4877319336,757.4859619141,794.3482666016,829.3411254883,865.8896484375,902.6574707031,904.5794677734,868.1092529297,832.9356079102,796.0692749023,759.6780395508,722.7125854492,685.469543457,650.3399658203],"1":[497.2567749023,547.2867431641,598.2235717773,648.6912231445,700.2786254883,751.2731323242,801.7838745117,853.16796875,853.9047241211,804.3519287109,752.8662109375,700.5788574219,648.5394287109,597.1185302734,544.8262939453,495.3164672852]},"polygon_y":{"0":[62.9449005127,62.5534858704,62.4711265564,62.422328949,62.2145690918,61.8535919189,61.2010574341,63.660358429,127.7006912231,128.0150756836,127.9939804077,127.0938186646,127.3915557861,127.0901260376,125.4747314453,126.5814361572],"1":[282.8426208496,282.3908996582,282.4320068359,283.3670349121,282.755065918,281.5862426758,281.8127746582,282.1567687988,348.1620178223,348.994354248,348.4762573242,348.4637756348,347.7516479492,348.035949707,346.803527832,346.5307617188]},"text":{"0":"KEFR","1":"VILLAGE"},"score":{"0":0.9852014184,"1":0.9498665929}}