{"polygon_x":{"0":[197.1100311279,209.0371398926,221.6298370361,233.803604126,246.1999206543,258.9807739258,271.6658630371,283.677520752,282.474822998,269.8841247559,257.4804992676,245.3775177002,233.3991394043,220.653717041,208.6675262451,196.7534637451],"1":[666.8729858398,690.6246337891,716.0100708008,740.2778320312,764.6176757812,788.0725097656,812.7905273438,838.0158081055,837.6741333008,812.926940918,788.9290771484,763.6301879883,739.2940063477,714.5610351562,689.3070068359,664.9625244141],"2":[483.1048278809,508.2493286133,532.3316040039,555.1573486328,579.5440673828,603.8021240234,627.1479492188,653.7877807617,653.4595336914,628.0211791992,603.8383178711,579.217956543,554.1428833008,530.1118774414,505.2080078125,479.2463989258],"3":[201.8031005859,207.1081390381,212.6210327148,217.3466339111,222.8981323242,228.0439910889,233.1197052002,239.28565979,234.4216766357,231.1434936523,224.6056060791,217.6740264893,212.1472167969,207.7066802979,201.1459503174,195.5979919434],"4":[414.4500732422,420.3533935547,427.2169494629,433.2082824707,439.4365844727,445.7037963867,452.0121154785,458.8814697266,435.0683898926,428.7389221191,420.9734802246,414.1674804688,407.1221618652,400.1885986328,393.3311462402,385.5645751953]},"polygon_y":{"0":[185.2033081055,185.8970489502,185.5046081543,185.1877746582,185.440826416,185.7360076904,185.853729248,185.7780914307,217.4028930664,217.5817108154,217.6917572021,217.6070098877,217.2866516113,217.4241790771,217.3366394043,217.3831787109],"1":[157.4112091064,157.652130127,158.4055633545,159.7452087402,159.6598510742,160.5119781494,161.49269104,162.1206054688,201.8982391357,202.0960693359,202.0606842041,202.0989379883,201.8488616943,201.5885772705,201.5769042969,200.4544372559],"2":[218.8961029053,219.8732757568,219.8912200928,219.8154907227,220.7843322754,220.9315338135,220.806350708,220.5562896729,258.544128418,259.3215026855,261.1949157715,261.4397277832,260.8205566406,261.0042114258,260.0554199219,260.2955627441],"3":[151.2098999023,152.8435211182,154.7050933838,156.4371185303,158.3777160645,160.5965423584,162.5464019775,165.3958587646,189.3583831787,189.3505706787,188.1201324463,187.4772338867,186.6080627441,185.744354248,185.4187316895,184.229888916],"4":[176.7446899414,181.9315795898,186.5089874268,191.1336517334,196.0409088135,202.2770843506,209.8549346924,221.4265441895,244.5477600098,239.8531951904,233.441619873,228.04296875,221.9925231934,216.7016448975,210.9179229736,206.7675170898]},"text":{"0":"2255","1":"Cisternu","2":"Jericho","3":"IT","4":"To"},"score":{"0":0.9255646467,"1":0.9517879486,"2":0.9378574491,"3":0.4543897808,"4":0.7049454451}}