{"polygon_x":{"0":[301.2581787109,320.3998718262,340.3746948242,360.538269043,380.3653869629,399.7633056641,420.2576293945,442.5679321289,444.4520263672,422.0323486328,402.3551635742,381.3084411621,361.1861877441,340.1372680664,320.6455993652,300.5932312012],"1":[63.6822891235,74.1408233643,84.5564498901,95.651222229,106.4144744873,117.5574111938,128.9636688232,139.8853912354,137.9749755859,127.0712738037,115.5710525513,104.8641586304,94.1952896118,84.1627807617,73.9633407593,62.4606513977],"2":[246.6592559814,256.2231445312,265.5147399902,274.8729858398,284.7391357422,294.151763916,303.1640319824,312.6415405273,311.7344665527,302.4791259766,292.7245178223,283.0286560059,273.8512573242,263.5732116699,254.106552124,245.3890991211],"3":[782.2005615234,784.5220947266,786.4842529297,789.1337280273,792.0880737305,795.0042114258,796.9025878906,798.9544067383,840.8044433594,838.9537353516,837.2379150391,833.9856567383,831.7762451172,828.6549682617,826.3736572266,824.4395141602],"4":[77.5276184082,98.4289016724,120.0045547485,141.147857666,162.6158752441,185.1396179199,205.5783996582,225.7539367676,227.2760467529,205.4195709229,184.8355102539,162.6297912598,141.142074585,120.2961654663,99.3618621826,78.6007766724],"5":[342.9969177246,363.4280395508,381.1680908203,400.7269287109,419.8684692383,439.3978271484,459.6670837402,479.5463256836,480.1927185059,460.9147644043,440.8385620117,421.1090698242,401.5672912598,381.7509460449,362.2369995117,342.5277099609],"6":[160.9376983643,185.8970031738,210.3391723633,236.2472686768,260.7373046875,284.952911377,308.8459777832,330.9540100098,330.7984008789,306.591583252,283.212097168,258.763885498,234.6240386963,209.8409729004,185.9928283691,159.2465209961],"7":[91.6072311401,115.3489379883,137.3152313232,159.7653961182,186.868850708,208.684967041,233.4204864502,259.6588134766,261.0057067871,233.6396331787,210.5824737549,185.7109985352,161.7006988525,137.9376831055,115.2782897949,90.2380065918],"8":[81.2887115479,116.1885986328,152.4598693848,188.8252105713,225.8222961426,260.9456481934,297.6846008301,333.7248535156,335.1032104492,297.6672058105,262.3276672363,226.2548675537,189.8726654053,153.2348632812,116.9847564697,81.0505905151],"9":[517.4252319336,519.1392822266,522.0727539062,524.0328369141,527.4791259766,527.8238525391,526.6387939453,523.7360839844,575.2440795898,574.1839599609,573.9411621094,573.7905883789,571.7700195312,571.0455322266,570.3635253906,567.9340209961],"10":[305.8779296875,327.1110534668,349.2983703613,371.3750305176,395.0380859375,418.2917175293,440.9370117188,462.7093811035,462.2687072754,439.4323120117,416.3778686523,392.739654541,370.3764953613,347.9183959961,325.3175964355,306.3958740234],"11":[289.8148193359,314.7333679199,339.1287536621,364.4740905762,389.2302246094,414.5688476562,439.5057373047,463.2384643555,461.5319519043,440.1989440918,414.9175415039,389.5172729492,365.6066894531,340.7400512695,316.3676452637,291.6330566406],"12":[700.8952026367,704.8350219727,709.4088745117,713.4127197266,717.4950561523,721.8972167969,725.3751220703,729.2400512695,730.1529541016,726.1089477539,723.4206542969,718.4508666992,714.6066894531,710.9000854492,707.2872924805,701.625]},"polygon_y":{"0":[296.0307617188,296.3705749512,295.7330322266,294.5621032715,295.1638793945,295.4228515625,295.9372558594,295.996887207,339.1194763184,339.100189209,339.0703430176,338.4744873047,338.9870910645,338.724395752,339.2825012207,338.9688415527],"1":[50.0556144714,50.5556182861,52.0779075623,53.7387275696,54.1947669983,55.6040153503,56.8917312622,58.4154548645,98.7683105469,99.0427627563,98.5428390503,97.6234512329,96.4016494751,95.4344940186,93.3437957764,92.9068069458],"2":[542.2286376953,542.2125244141,542.8033447266,543.0032348633,543.3703613281,543.7639160156,543.7657470703,543.8963623047,573.8169555664,573.6538085938,573.3560791016,572.7495727539,572.5552368164,571.8611450195,571.4708251953,571.1610107422],"3":[107.3452453613,101.1868362427,94.2583389282,88.9768371582,83.5823974609,78.5890579224,72.7243499756,65.514503479,78.4984359741,84.3224563599,90.0749740601,95.5316162109,101.361289978,107.7000045776,113.4646759033,120.164604187],"4":[296.8609008789,295.5241394043,295.2033996582,295.0336303711,294.4570617676,293.943939209,293.2880249023,293.0686035156,338.5643310547,339.059753418,338.7285461426,338.4315795898,339.2157287598,339.0498046875,339.7341003418,340.7797851562],"5":[345.7633972168,344.2428588867,344.454284668,344.6709289551,344.4868469238,345.3994750977,344.4370727539,343.9871826172,384.1512756348,384.2412414551,384.8659057617,384.2081604004,384.075958252,383.4459228516,384.4340515137,384.2787475586],"6":[0.0241534933,0.133928448,0.2238380462,0.2731217742,0.7128168344,0.5464805365,0.5749038458,0.2690284848,29.1001319885,28.4257602692,27.4080047607,27.0850105286,26.3627166748,25.5462207794,25.6860084534,25.4325046539],"7":[398.1102294922,397.3373718262,397.1581115723,397.6228027344,398.3452758789,397.7410888672,397.4649353027,397.559387207,445.2623596191,445.7394104004,446.3089294434,446.8291625977,447.3661499023,447.1977233887,446.5811157227,445.780456543],"8":[345.3637084961,345.3705749512,345.3390808105,345.1716918945,344.9713134766,344.8869018555,344.986328125,344.3522949219,385.0813903809,384.7782897949,385.0274963379,384.8528442383,385.1487121582,386.0708312988,386.5322265625,387.2669677734],"9":[656.7791137695,652.15234375,643.0205078125,636.4512329102,628.4340209961,621.6245727539,613.5875854492,607.4846801758,616.2766113281,623.1005249023,631.5641479492,637.7746582031,645.1935424805,651.1432495117,657.498046875,667.7912597656],"10":[397.4427490234,397.8565979004,399.0542907715,400.4870605469,401.4388427734,403.0346374512,403.7506713867,404.5288085938,443.7314758301,443.99609375,443.8969116211,443.4996643066,443.6810913086,443.8507995605,444.8040771484,445.2843322754],"11":[48.2165679932,48.5013160706,50.4343490601,52.735874176,56.0956954956,56.6722221375,56.4226799011,58.282913208,95.3906326294,96.3983764648,96.9292449951,96.9181137085,96.6044616699,96.7035140991,95.6717224121,95.4228897095],"12":[647.51171875,647.7099609375,648.1314697266,648.4356079102,648.1273803711,648.0474243164,647.8402709961,647.5315551758,679.9931640625,679.9078979492,679.8135986328,679.7832641602,679.6190185547,679.9808349609,680.2279052734,681.6156616211]},"text":{"0":"POCL","1":"B1r","2":"2092","3":"P","4":"KING","5":"POWL","6":"LUAD","7":"Birkete","8":"SILOMON'","9":"G","10":"Hamta","11":"Siwar","12":"3"},"score":{"0":0.962821126,"1":0.8151689172,"2":0.9536385536,"3":0.9200478196,"4":0.9653093815,"5":0.9462429881,"6":0.7727121711,"7":0.6257296205,"8":0.9821908474,"9":0.5093297958,"10":0.9734681845,"11":0.7470018268,"12":0.4605126381}}