{"polygon_x":{"0":[659.1411743164,680.7485961914,702.8469848633,725.670715332,748.3564453125,770.6705932617,793.4644165039,814.7731323242,814.1845703125,792.8915405273,770.0278930664,747.6696166992,725.1853027344,702.2557373047,679.6168823242,657.4160766602],"1":[353.3431396484,388.1315917969,422.9574279785,457.6606140137,492.9980163574,527.5325927734,562.228515625,596.7075805664,598.3394165039,562.9161376953,527.7998657227,492.7589111328,457.299041748,422.4102783203,387.2774963379,353.0296020508],"2":[830.1319580078,839.3793945312,849.1102294922,859.0337524414,868.2642211914,877.6858520508,887.4445800781,897.1295776367,897.2559204102,887.356262207,877.6047973633,867.919128418,858.4650268555,848.7239990234,839.2048339844,828.99609375],"3":[622.6903686523,642.4452514648,662.0928955078,681.7644042969,701.7651367188,721.8427124023,741.375,761.7338256836,762.8629760742,742.0048828125,722.2631835938,702.2025146484,682.1068115234,661.8341674805,641.9932250977,622.1331787109],"4":[0.2116573453,2.8232603073,5.0970821381,7.530351162,9.5757579803,11.8252468109,14.4571094513,18.1678161621,18.7434005737,15.0070848465,12.2688512802,9.6234025955,7.2061505318,5.0388212204,2.8439340591,0.3282274604],"5":[58.3812026978,113.7770690918,168.6495666504,224.7466430664,280.2786560059,336.9872131348,393.1127929688,449.8335876465,448.6857299805,389.9352416992,335.4675292969,279.296661377,223.5827789307,167.9449462891,113.4213867188,57.5783920288],"6":[822.5711669922,838.9043579102,854.7998046875,871.5225219727,887.5311889648,904.5061645508,920.2080078125,937.1226196289,936.3421630859,919.3991088867,903.5067749023,887.6732177734,871.1218261719,854.9709472656,838.5712280273,821.7982177734]},"polygon_y":{"0":[377.5288085938,377.9262695312,378.3332519531,379.1497497559,379.1433105469,379.8363037109,380.7572021484,381.5420227051,419.366607666,418.7019958496,418.5962219238,418.3753051758,418.1663513184,418.2156677246,418.7102966309,418.0852966309],"1":[271.9881591797,272.3876647949,271.7275085449,272.3406677246,271.866607666,271.9509277344,271.576385498,272.174407959,313.0838317871,313.178527832,312.611328125,312.4356384277,312.8941040039,312.1847229004,311.8048095703,312.7674560547],"2":[105.384513855,105.7120132446,105.8033294678,105.6286773682,105.4691238403,105.134727478,105.7319107056,105.792098999,134.9038696289,134.639831543,134.9164581299,135.2927856445,135.2434692383,135.4042358398,135.5411834717,134.8410186768],"3":[272.9732055664,272.9655456543,272.3605957031,271.6281738281,272.0167541504,271.6177062988,270.442779541,270.7228393555,313.681427002,313.3774414062,312.8648681641,313.0894470215,312.6976013184,312.7949829102,313.2061462402,313.1185913086],"4":[524.8162231445,525.0221557617,525.5238037109,525.7177124023,525.2446899414,525.0819702148,524.7893066406,525.1275024414,566.6351318359,567.0959472656,566.575378418,566.5024414062,566.8087768555,566.6311645508,566.4119873047,566.9151000977],"5":[524.705871582,522.866394043,522.4553833008,521.4746704102,521.4036865234,520.8714599609,520.8555297852,522.5806274414,570.5479125977,570.4854125977,569.8212890625,569.4877319336,568.8945922852,568.8134765625,569.151550293,568.7539672852],"6":[431.0415649414,431.0217590332,432.2931213379,432.9598693848,433.8271484375,434.6608581543,435.3439941406,436.083770752,474.3532409668,474.2427368164,474.2635803223,474.3875732422,474.473449707,474.2130126953,473.8379211426,473.2601623535]},"text":{"0":"Cistern","1":"QUNTAIN","2":"W18","3":"GATE","4":"I","5":"CEMETERY","6":"Gater"},"score":{"0":0.9711248875,"1":0.9593040943,"2":0.9680922031,"3":0.9633616209,"4":0.9667412043,"5":0.984369874,"6":0.609343648}}