{"polygon_x":{"0":[796.8458251953,813.3835449219,829.3375854492,844.8307495117,860.1551513672,875.4031982422,891.0411987305,907.0006103516,906.3988037109,890.4595947266,874.9373168945,859.1632080078,843.7037353516,828.2774658203,812.5313720703,796.1512451172],"1":[524.7024536133,537.0517578125,549.5599365234,561.5269775391,574.0158691406,586.8792114258,599.1722412109,611.9751586914,611.2822875977,598.8268432617,586.5534667969,573.7644042969,561.5994873047,548.6713256836,536.6209106445,524.1947021484],"2":[486.2473449707,491.1725463867,496.7066345215,502.4158630371,507.8722229004,514.3259887695,519.3194580078,524.889831543,526.2632446289,520.5729980469,514.6381835938,508.864440918,502.8141174316,497.4462585449,491.9338684082,485.7747802734],"3":[117.226348877,141.5439910889,164.1597900391,186.6392822266,210.001373291,230.6126708984,252.5676422119,273.5240783691,273.7741088867,256.5558776855,232.1500549316,209.4571533203,186.1978149414,162.8636474609,140.3967590332,117.4261245728]},"polygon_y":{"0":[384.3932189941,384.7669677734,386.0911865234,386.7252197266,387.1504516602,387.7652282715,388.7780456543,388.2629394531,429.5690002441,429.6050720215,429.6620483398,429.382019043,428.9225158691,428.6815490723,429.0217285156,428.9598083496],"1":[599.8602294922,600.0310668945,600.2290649414,600.0133056641,600.1408691406,600.3294677734,600.451171875,600.5642089844,631.5450439453,631.3980712891,631.2928466797,631.4545898438,631.1150512695,630.9918212891,631.2290649414,631.9223632812],"2":[632.0147094727,632.7771606445,632.7153930664,632.5614013672,632.4265136719,632.5761108398,632.4699707031,632.6770629883,654.5447998047,653.860168457,653.5158081055,653.438659668,653.2157592773,653.4149780273,653.5759887695,653.7400512695],"3":[192.0727996826,193.0875549316,193.0777587891,193.9193878174,195.040222168,195.4339294434,198.0003356934,197.9349517822,235.1866912842,235.1669921875,236.4089202881,236.7515411377,236.9756011963,236.8369293213,236.3960266113,235.4290008545]},"text":{"0":"Cave","1":"2438","2":"120","3":"Cistern"},"score":{"0":0.9752150774,"1":0.9072573781,"2":0.5438845754,"3":0.4970160425}}