{"polygon_x":{"0":[458.1457519531,465.3424987793,473.4691772461,481.3475952148,489.3171691895,497.6817321777,505.8598327637,512.4443969727,559.9043579102,553.4255981445,544.9240722656,536.5462646484,527.9208374023,519.8412475586,511.6215209961,503.0158691406],"1":[192.0357818604,213.6904296875,236.0623474121,259.5687255859,282.1432189941,304.1719055176,328.1012268066,349.3887023926,352.714630127,328.8114318848,305.4827270508,282.829864502,259.7538146973,236.4967498779,213.9896087646,191.2124786377],"2":[355.4683837891,358.6875915527,360.7521972656,363.6170654297,369.9419250488,375.7744750977,381.7660827637,385.0588989258,448.2139587402,443.5307617188,438.4643249512,433.9491882324,427.5328063965,421.6893615723,416.6625671387,411.8013305664],"3":[544.7310791016,552.3699951172,559.0084838867,566.5152587891,575.2018432617,582.6989746094,589.7731323242,595.2963867188,638.2263793945,631.9754638672,623.9606323242,616.0702514648,606.0766601562,598.6109008789,591.2381591797,583.2319946289],"4":[783.6796875,787.8009033203,791.7769165039,797.0556640625,801.8216552734,805.3515014648,808.8910522461,814.5126342773,858.0733642578,852.8129882812,847.7095947266,841.227722168,837.2819213867,831.9822998047,826.4004516602,821.8175048828],"5":[647.4096679688,660.7028808594,674.3053588867,688.6730957031,706.0834350586,723.5982055664,742.797668457,752.9200439453,807.3074951172,792.9243164062,779.6588134766,767.1873168945,752.0922851562,735.5831298828,722.15625,708.8974609375],"6":[530.4646606445,537.9533081055,541.3676757812,548.1348876953,559.3276977539,567.7626342773,577.0415039062,587.6635131836,666.7977294922,657.2681274414,649.563659668,639.2572021484,629.5036010742,618.8573608398,610.2722167969,606.7056884766],"7":[317.2334594727,320.3655700684,323.8499450684,329.2758483887,334.0315551758,337.5940246582,341.1643676758,347.9891967773,402.7083740234,398.4644470215,394.1339111328,389.1678771973,383.3757324219,378.1896972656,374.3349914551,372.0859069824],"8":[195.4722137451,211.8265075684,225.8430328369,245.4445648193,263.4346923828,278.823425293,300.4656066895,322.447845459,375.8871154785,356.8942260742,338.6670532227,321.3546142578,305.1719055176,287.4386291504,275.8670349121,260.8656005859]},"polygon_y":{"0":[202.8621520996,188.3927154541,174.6791229248,159.4766845703,144.0859832764,129.191986084,114.1159362793,99.6773147583,130.9630737305,145.7082214355,162.583984375,178.790512085,192.9150085449,204.548538208,220.2277526855,236.8293914795],"1":[427.5250244141,427.0594482422,427.9368896484,428.4509887695,428.5240783691,429.4614868164,430.890838623,428.9719543457,471.6093444824,470.877746582,471.482421875,471.5706481934,471.4074707031,471.3569946289,472.4425048828,472.5440979004],"2":[347.1447143555,336.9647827148,329.7870178223,318.3080749512,307.8392333984,296.042388916,286.841796875,274.5708618164,315.5763549805,324.4876098633,334.7658996582,343.9179992676,352.9647827148,362.7949829102,372.1938476562,385.9384765625],"3":[78.2191238403,67.5773696899,56.9663734436,46.4449424744,34.8387870789,24.3493919373,15.2264976501,2.8222956657,38.3848800659,49.2390708923,60.5298461914,72.1455993652,83.5504379272,92.0469512939,101.6906967163,112.1981582642],"4":[22.404209137,16.7259941101,11.7472848892,7.3664112091,3.9273021221,2.0182156563,0.4746862948,0.0071705319,26.9332485199,29.4119949341,32.9667167664,37.1670074463,40.9358139038,45.5071411133,50.1245765686,56.8939056396],"5":[155.6892547607,137.0160217285,119.1992263794,103.3850860596,84.0861816406,67.8442077637,52.2949066162,37.3117980957,81.218788147,103.5823516846,116.1345748901,135.8271942139,155.6212158203,173.3628540039,188.0273590088,209.2528839111],"6":[348.3169250488,329.1350097656,303.3916931152,285.2579345703,267.399230957,250.8638763428,232.5684051514,209.9507446289,257.3616333008,273.9977111816,289.1758117676,309.1671142578,329.7570800781,350.8475036621,365.4255065918,380.6370544434],"7":[404.6604003906,401.087097168,394.1242675781,384.7812194824,376.9127197266,369.1422729492,360.318939209,348.0531005859,393.4683532715,399.6733398438,407.5723266602,412.787109375,420.0163879395,427.8648986816,434.5458679199,442.0154418945],"8":[663.4353637695,628.6973266602,591.4154663086,549.4561767578,510.6243896484,472.9527282715,435.8437194824,417.8084106445,469.3406066895,494.4648742676,520.6659545898,560.5269775391,593.2591552734,630.6432495117,661.5584716797,702.8090209961]},"text":{"0":"MT","1":"Cistern","2":"E","3":"OF","4":"W","5":"Ha","6":"el","7":"C","8":"FEE"},"score":{"0":0.985013783,"1":0.9775009155,"2":0.9091944695,"3":0.9861404896,"4":0.7198402286,"5":0.8226533532,"6":0.491360575,"7":0.6340472698,"8":0.5218734145}}