{"polygon_x":{"0":[754.9817504883,766.483581543,777.9907836914,789.3673706055,800.8770141602,812.4586181641,823.8786621094,834.6671142578,834.7284545898,823.1029052734,811.9004516602,800.7924194336,789.8142089844,778.1096191406,767.1343994141,755.1813964844],"1":[685.6499633789,692.7673950195,700.0601806641,707.3891601562,714.6658935547,722.7006225586,729.9268798828,736.9330444336,737.5368041992,730.0619506836,723.3996582031,715.1470336914,708.1161499023,700.7661132812,693.8259277344,685.1932373047],"2":[515.4002685547,521.8963012695,528.3726196289,535.3414916992,542.3924560547,549.2482299805,555.9151000977,562.5051879883,563.8024291992,555.790222168,549.542175293,542.3014526367,535.2295532227,528.3862915039,522.3268432617,515.1694335938],"3":[11.4592409134,21.1627883911,29.434217453,39.1185112,48.4568977356,58.4767036438,67.3709106445,74.8357620239,76.7518539429,66.9746170044,58.2977142334,49.3376541138,39.576133728,31.0024356842,22.2929477692,13.4601745605],"4":[853.1900024414,867.6137084961,880.0491943359,891.772644043,903.7418212891,915.9916992188,927.602722168,937.9605712891,937.897277832,926.5642089844,915.0650634766,902.5936889648,890.4281005859,878.2322387695,865.3107299805,852.9307250977]},"polygon_y":{"0":[514.1325073242,513.8753051758,513.5241088867,513.022644043,512.8209838867,512.8255615234,512.6065063477,512.5920410156,542.6830444336,542.4138793945,542.6948242188,542.8480224609,542.8115844727,543.1141967773,543.4437255859,543.8295288086],"1":[166.8098449707,166.1765594482,166.6388549805,166.717010498,166.2026824951,165.5998840332,166.4768218994,165.9349060059,222.1606292725,222.4382171631,222.4439544678,222.217880249,222.4708404541,222.9888305664,223.1824035645,223.744720459],"2":[164.8873291016,164.0156555176,164.0326843262,164.1745605469,164.1211395264,164.1158752441,164.5356292725,165.1649627686,219.7210693359,220.7527313232,220.9944763184,220.7441711426,221.3415679932,221.1964111328,220.9606170654,221.4892425537],"3":[171.8363037109,171.412399292,171.839553833,171.5881652832,171.1707305908,170.4311523438,170.0720825195,168.9398803711,224.1218109131,224.0008239746,224.0095672607,223.7008972168,224.4412841797,225.7106933594,226.819732666,227.3714447021],"4":[181.7830352783,183.0765075684,184.2145385742,185.2895812988,185.7300567627,187.0855560303,189.068572998,189.6448822021,223.5688323975,223.8564605713,224.0551605225,223.7889862061,223.3957977295,223.2750244141,223.5523223877,223.7137298584]},"text":{"0":"2056","1":"T","2":"E","3":"O","4":"Fon"},"score":{"0":0.9814027548,"1":0.8995696306,"2":0.8290727139,"3":0.8127801418,"4":0.935477972}}