{"polygon_x":{"0":[375.1241455078,452.8640136719,534.4028320312,611.938293457,694.3439331055,774.119934082,853.7736206055,936.3146972656,936.6279296875,858.0458984375,779.4136962891,700.3231201172,617.5621337891,536.5197753906,454.7395324707,375.3789672852],"1":[0.0278905965,58.1209564209,121.2396316528,184.3472747803,248.6568756104,314.1098632812,379.8707275391,441.4035339355,439.5663146973,377.5346374512,313.3359985352,248.6698608398,183.9120483398,120.24559021,57.6216659546,0.0558404475],"2":[204.8659973145,220.4067993164,236.5151367188,249.6355743408,264.4205932617,278.6184082031,296.6205749512,310.9494018555,326.2731018066,310.8378601074,294.3809204102,278.0937805176,263.6587524414,249.3188018799,233.188949585,216.9039916992],"3":[14.1438627243,31.8243217468,51.1485328674,69.3922348022,85.1838226318,100.8138427734,116.473449707,131.1226959229,136.3616027832,119.6761398315,103.7423095703,86.0243530273,69.4012374878,53.8176460266,36.7636947632,17.3361377716]},"polygon_y":{"0":[229.6041107178,229.7203979492,229.8964691162,229.3656768799,230.4009857178,231.551574707,229.4739837646,231.0029602051,345.5682983398,348.397064209,347.5346069336,346.4429626465,348.2598571777,347.1502380371,347.6319885254,350.5859069824],"1":[632.0253295898,630.8095092773,629.9495849609,629.2655029297,629.1906738281,627.8235473633,626.8637695312,628.1770019531,688.1083984375,687.8024902344,686.990234375,686.4732666016,686.3169555664,686.2615966797,687.4216308594,687.2242431641],"2":[231.3948974609,232.9183349609,231.6846313477,230.5391235352,228.8666534424,227.9210968018,227.8948516846,226.8133544922,344.075012207,344.7623901367,345.6440429688,346.5393676758,348.5696716309,350.1711730957,351.2946472168,354.2433166504],"3":[231.2080230713,232.7481842041,233.1888275146,233.9596252441,233.5432281494,233.5063323975,231.0183563232,231.1196899414,345.4821472168,347.1614074707,346.696685791,346.2253112793,348.7723083496,347.7486572266,347.0361328125,349.5467529297]},"text":{"0":"MODER","1":"YLLANATION","2":"Q","3":"T"},"score":{"0":0.9822272658,"1":0.9751763344,"2":0.8904314041,"3":0.9284449816}}