{"polygon_x":{"0":[89.1661682129,96.3489837646,102.5352783203,107.778755188,113.4147109985,118.9914398193,122.2709197998,126.2199401855,92.5982131958,87.9299087524,83.436378479,78.4093093872,72.8202209473,67.4588699341,61.5708389282,53.8369674683],"1":[153.7869262695,164.7454376221,175.1545410156,188.5355987549,200.5028991699,212.8562927246,226.3932037354,242.7041931152,208.3915405273,195.8526306152,180.4052429199,168.1598205566,155.2035369873,143.1984863281,132.9751281738,121.4612731934],"2":[800.6821899414,806.1444702148,811.0186157227,818.796875,826.5102539062,832.8048095703,839.9453735352,848.5377807617,873.8160400391,867.3055419922,859.8659667969,852.8278198242,846.9327392578,841.3059082031,836.1392822266,826.9521484375]},"polygon_y":{"0":[255.263092041,278.4659423828,300.353729248,322.1018676758,345.3454589844,368.861907959,392.8254394531,416.2395629883,423.6715393066,400.6726989746,378.3111877441,354.9904785156,332.8634033203,310.4172668457,288.0024719238,266.5716552734],"1":[449.2925109863,470.333770752,487.396270752,506.037689209,525.1581420898,542.8021850586,559.78125,575.3394775391,602.3751831055,584.3500366211,563.59765625,543.9609985352,525.0982666016,506.4612121582,489.5504150391,470.072845459],"2":[678.0856933594,672.3150634766,668.892578125,663.8095703125,658.6942749023,653.4083251953,647.3463745117,644.8934326172,674.0999145508,681.2734375,688.3112182617,694.469909668,699.6543579102,704.3156738281,710.4143676758,717.0352172852]},"text":{"0":"Water","1":"Cond","2":"bs"},"score":{"0":0.9703051448,"1":0.9501651525,"2":0.4977110922}}