{"polygon_x":{"0":[305.0509033203,318.7617492676,332.9717712402,346.5369873047,360.3415222168,374.5777587891,388.3196105957,401.9328918457,401.6131896973,388.2149047852,374.5264282227,360.7630004883,347.2499694824,333.1029052734,319.5943908691,305.2380371094],"1":[558.2055664062,575.1125488281,591.9398803711,607.9508056641,624.6289672852,640.6450195312,657.8922729492,674.3286132812,673.2995605469,656.1559448242,639.6566162109,623.1789550781,606.5614624023,589.2610473633,573.2132568359,556.2738647461],"2":[143.319152832,143.8377990723,149.5155487061,153.7292327881,159.2208099365,166.3988494873,172.8209075928,180.0857086182,249.4043579102,242.8270111084,234.9582061768,230.8041992188,224.265335083,220.6536560059,216.0124969482,213.8974609375],"3":[223.5373687744,224.3549957275,224.5293731689,224.2093048096,225.0358734131,225.7368927002,225.8366241455,226.0864715576,278.2572937012,277.0946655273,277.5483398438,276.531463623,275.2868041992,275.967590332,274.6441040039,272.6356201172],"4":[83.5105667114,86.5440750122,91.7602005005,93.6524658203,96.8996047974,101.9016952515,99.9492034912,102.2086410522,177.1899414062,175.2717132568,175.8296508789,175.3513031006,173.9316711426,174.1723175049,173.7604370117,177.3309783936],"5":[76.315071106,81.607925415,87.9947052002,89.8703384399,91.0747756958,95.9182281494,97.6197738647,97.1799163818,181.9563140869,179.0678405762,174.5379638672,172.0474700928,168.7347259521,162.3304595947,156.5284881592,153.7477416992]},"polygon_y":{"0":[551.1110839844,550.6060180664,550.3596801758,549.8883056641,549.9215087891,549.5487670898,549.4075317383,549.1370239258,583.2255249023,583.3866577148,583.1340942383,583.7043457031,583.7225341797,583.7443847656,583.7970581055,584.2807006836],"1":[621.4430541992,622.1555175781,623.1060791016,623.1796264648,623.9506835938,624.3756103516,624.7103881836,624.8181762695,666.7894287109,667.0587158203,666.7756347656,666.7389526367,666.3599243164,666.583190918,666.8228149414,665.9541625977],"2":[139.5057373047,123.3231887817,100.3499679565,81.5230026245,62.1719512939,36.0665435791,15.2325258255,0.0071805604,5.3173642159,30.7828273773,52.0780448914,73.2565765381,101.1976547241,121.895904541,140.3683624268,158.9046630859],"3":[541.4540405273,537.5158081055,530.2841186523,522.4670410156,515.842956543,509.7749938965,504.5452880859,498.951965332,501.3182678223,507.6827697754,515.3536987305,521.5302734375,526.9254760742,532.7149658203,538.7155761719,544.659362793],"4":[315.8012390137,303.6760253906,286.8757324219,273.1579284668,261.6432495117,249.9571075439,242.4753112793,230.8978118896,239.1612243652,256.6466064453,266.5762329102,277.1522521973,286.5151062012,296.0074768066,306.9273681641,313.5391235352],"5":[392.6253662109,379.4462585449,350.9319763184,325.9546508789,301.1709289551,274.5588989258,254.8147888184,230.8155822754,240.4561004639,264.5208129883,288.7023925781,310.9591064453,335.6850585938,362.2038269043,386.3800964355,408.2317504883]},"text":{"0":"2409","1":"Cave","2":"OF","3":"C","4":"F","5":"OF"},"score":{"0":0.9747306705,"1":0.9669845104,"2":0.7519526482,"3":0.764200747,"4":0.7162439823,"5":0.4795396924}}