{"polygon_x":{"0":[764.6560058594,787.6260375977,811.0939941406,835.5319213867,860.1282958984,883.625793457,910.1332397461,935.5796508789,935.5328979492,909.9182128906,885.4013671875,860.5627441406,836.5211181641,812.2123413086,787.561706543,764.5734863281]},"polygon_y":{"0":[15.0989837646,16.3000793457,18.2286872864,18.39295578,20.0224533081,20.751329422,20.6554145813,21.1294498444,61.2560462952,61.114402771,61.9757995605,61.8425788879,61.9001731873,61.3785552979,61.7280426025,61.8856010437]},"text":{"0":"Gistern"},"score":{"0":0.9089391232}}