{"polygon_x":{"0":[582.6524658203,597.9667358398,615.2837524414,632.6916503906,649.7826538086,666.2589111328,684.0084228516,701.0591430664,700.7692260742,684.1223144531,667.3853759766,650.0857543945,632.9530639648,615.9248046875,599.0389404297,581.6339111328],"1":[299.4763183594,326.1347961426,354.3215026855,383.5823974609,412.0591430664,440.5459594727,468.823638916,496.2829589844,497.0013122559,470.3023376465,441.0662536621,412.4683532715,383.4342346191,355.9430541992,327.3395385742,298.751739502],"2":[508.3911437988,518.137512207,526.572265625,536.0302124023,544.4945068359,553.2034301758,562.9728393555,572.3788452148,571.1939086914,563.3659057617,553.9749145508,545.0362548828,536.2568969727,527.2562866211,518.2665405273,508.7199707031],"3":[549.2431030273,582.3709716797,620.1151123047,655.6801757812,693.7066650391,728.6643676758,764.9189453125,804.5581665039,805.9671020508,768.3067016602,731.7037353516,694.8507080078,657.9810791016,621.2629394531,583.0533447266,549.0946044922],"4":[202.0471496582,247.3553009033,296.8479919434,346.913269043,397.5555725098,446.4050598145,493.8568115234,547.6419067383,547.3405151367,498.6920471191,451.7188110352,400.6265563965,349.8007507324,299.0288391113,248.2628479004,200.2265472412],"5":[171.0792541504,187.8895263672,204.2626647949,220.2214660645,237.3709259033,253.8691711426,270.6834716797,287.0415039062,287.8578491211,272.1386413574,255.4806213379,237.867401123,221.5395507812,204.8397827148,188.8203735352,172.0319366455],"6":[246.0987243652,280.2758483887,316.416595459,352.587097168,389.0843505859,422.8586120605,459.3453979492,491.4913330078,494.8793029785,460.3871765137,425.0339355469,389.561920166,353.8762817383,317.1808776855,281.5219726562,245.7058410645],"7":[268.4375915527,286.7288208008,305.8160095215,324.9469909668,343.9763793945,362.9477233887,382.391998291,399.6928710938,401.4318847656,381.8589172363,362.6453552246,343.8537597656,324.6989135742,305.7427062988,286.2066040039,266.8385620117],"8":[413.8833007812,469.0683898926,523.9455566406,580.0072021484,637.0184326172,694.5426635742,751.7344360352,810.2793579102,809.1280517578,751.7490844727,695.3558959961,637.3508300781,581.7514648438,525.2821044922,468.2145690918,410.8641967773],"9":[563.5203857422,595.8022460938,630.5585327148,665.5799560547,700.8515625,734.7854003906,770.0026855469,805.3684082031,805.4149780273,769.7767944336,736.1062011719,701.140625,666.9956665039,632.0516357422,596.7767333984,562.3209228516],"10":[0.0180849675,20.8116531372,43.2878723145,65.1047515869,88.2020874023,111.6927108765,134.4427642822,156.3782196045,156.225769043,134.5776977539,111.634513855,88.498374939,65.6226272583,43.0308303833,20.9675064087,0.0573688261],"11":[0.0393568575,7.3254876137,16.0295600891,23.8102779388,32.3571357727,40.9105453491,50.2849617004,60.340801239,60.7805862427,51.3669395447,42.9963417053,33.6140785217,25.1720352173,16.9741744995,8.1487779617,0.0869496912]},"polygon_y":{"0":[0.4778695703,1.1508111954,1.5715742111,1.4835722446,1.4059324265,1.6129772663,1.442642808,0.858940661,53.8910331726,55.3181343079,55.5550117493,55.1744117737,55.2772827148,54.9470825195,54.6725959778,54.5757255554],"1":[0.5453891754,1.633379817,3.6765835285,4.856013298,6.0639238358,6.5785813332,6.450758934,6.2008652687,55.1630592346,55.4437942505,55.6296844482,55.1620903015,54.951210022,55.143661499,55.3354415894,54.2469406128],"2":[0.6551772356,1.0260206461,1.8512820005,2.4792833328,3.3994095325,4.3356256485,6.5635142326,7.3333425522,55.2350654602,56.7540817261,57.6203994751,57.1677932739,56.5279922485,56.515914917,56.3424797058,55.7131080627],"3":[121.6289215088,119.7826309204,118.786819458,119.4729766846,118.1117401123,117.6580963135,117.7507553101,118.9391555786,181.0363616943,182.0453796387,181.0607452393,180.7282409668,181.145111084,181.9196014404,181.5584106445,180.6414337158],"4":[214.5204467773,213.2284088135,213.2538757324,212.7431793213,213.1277160645,213.567565918,213.3313751221,214.350112915,278.3487854004,277.232421875,276.4548950195,276.5190429688,275.5055236816,275.1801757812,276.2012939453,276.1732177734],"5":[13.8774871826,12.4879465103,10.0786209106,7.8805589676,6.0934123993,4.2679586411,2.3721923828,1.8634644747,53.52684021,54.9236869812,55.4479408264,55.0881652832,55.2259407043,55.3500556946,55.2571792603,55.812713623],"6":[122.6268081665,122.5214920044,121.3494033813,120.4935455322,120.6641693115,120.9601669312,120.4363708496,121.5506362915,182.2281494141,183.5667266846,182.9197692871,182.9489746094,182.5989532471,182.4485778809,182.7865753174,184.5586090088],"7":[310.2151489258,309.1168518066,308.1963195801,307.7574462891,307.7644958496,307.7340393066,309.6905212402,309.9837036133,361.5547790527,362.1611328125,362.4449157715,362.1804504395,362.0462646484,362.3601379395,362.7842102051,362.8126831055],"8":[309.7692565918,307.9581298828,307.596496582,306.7810974121,307.3553466797,307.865447998,307.3561096191,309.6873779297,362.2307434082,362.846862793,362.7752685547,363.0291442871,363.0068969727,363.1733093262,362.8948974609,363.3439941406],"9":[218.8091125488,217.1709442139,217.9771270752,217.3677215576,217.0484313965,216.307723999,216.6786804199,217.9693603516,273.5748596191,274.341217041,273.3500061035,273.1772460938,273.9940185547,274.1706237793,274.4264526367,273.8268127441],"10":[12.475730896,9.5846414566,7.5694918633,5.8777070045,5.9957237244,6.1225790977,5.7465624809,9.9004545212,54.1755065918,54.9307098389,55.0712890625,54.9407958984,54.8244171143,54.2233047485,54.5067710876,55.7695121765],"11":[240.4730072021,239.4805908203,239.5454101562,238.8267974854,238.3189239502,238.3866882324,236.7635498047,236.9572296143,275.2861938477,275.820892334,276.004699707,276.196105957,276.0629882812,275.8908691406,276.0066833496,276.2864379883]},"text":{"0":"Red","1":"Names","2":"in","3":"OPHEL","4":"XYSTUS,","5":"and","6":"ZION,","7":"VHA","8":"DOLOROSA","9":"OPHLA","10":"mains","11":"CC."},"score":{"0":0.9923866987,"1":0.992341876,"2":0.9885000587,"3":0.9836714864,"4":0.9865185618,"5":0.9916203022,"6":0.9790133238,"7":0.974636972,"8":0.9883610606,"9":0.9905763865,"10":0.9862986207,"11":0.9828624129}}