{"polygon_x":{"0":[631.7532958984,661.293762207,692.0882568359,724.4125976562,756.7582397461,787.2420654297,819.8118896484,850.7817993164,852.7286987305,821.5396728516,789.7437133789,757.607421875,725.8358154297,694.3490600586,662.8310546875,630.873046875],"1":[646.4669189453,682.8086547852,717.4846191406,751.7315063477,787.2423706055,822.869140625,857.174987793,892.4956665039,891.5153808594,856.7112426758,821.7178344727,786.4981079102,751.0993041992,715.2960205078,680.2166137695,645.8685302734],"2":[562.7807006836,595.2893676758,627.8154907227,660.9081420898,694.290222168,726.0334472656,758.9140014648,792.2694091797,791.792175293,758.9562988281,725.8272705078,693.3666992188,660.7076416016,627.4730224609,594.6842041016,562.2607421875],"3":[856.4984130859,868.1899414062,879.8245239258,891.0578613281,902.8959350586,914.5786132812,927.1019287109,936.934753418,936.637512207,925.4006958008,913.8098754883,902.1687011719,889.7616577148,878.4139404297,866.3348388672,855.2780761719],"4":[568.490234375,607.8491210938,645.5021362305,684.989440918,723.8123168945,762.6606445312,801.7553100586,841.1511230469,839.7794189453,801.6263427734,762.8057861328,723.6352539062,684.6363525391,645.3599243164,606.650390625,566.9006347656],"5":[566.7479248047,578.5020751953,588.5363769531,598.461730957,608.3612060547,618.430480957,628.5296630859,638.6013793945,637.5288696289,627.9365844727,617.7283935547,607.353515625,597.2347412109,586.415222168,575.9900512695,564.0855712891]},"polygon_y":{"0":[0.9546101689,1.9004713297,2.6559431553,3.0405800343,3.4277489185,3.2452692986,2.8566682339,2.8687241077,54.532245636,55.9586601257,56.5391769409,57.137550354,57.40184021,56.6211967468,56.2382507324,56.2063331604],"1":[221.9504852295,223.2599945068,222.7147216797,223.2642211914,224.3392486572,224.5764007568,223.2835998535,225.5287322998,278.475769043,281.8560180664,281.7811279297,282.1281738281,282.3573303223,281.8652954102,281.1205749512,278.9521789551],"2":[130.8258209229,129.2870788574,130.044708252,129.3394165039,128.8807067871,128.7224273682,128.7978668213,129.6217346191,185.4819030762,186.4221496582,186.0823059082,185.858215332,186.166015625,185.4460296631,185.2026062012,184.7072906494],"3":[1.0166144371,1.2343511581,1.7037354708,2.2403481007,2.9715681076,4.7979083061,8.1067647934,10.7403411865,53.3852005005,53.2842597961,53.5135574341,53.1478424072,52.9167442322,52.956363678,52.5682106018,52.2454681396],"4":[312.8940124512,312.6669006348,313.1923828125,313.7036132812,313.0542907715,312.4493103027,311.8158569336,313.4303588867,368.7529296875,369.9453125,370.8085021973,371.1434326172,370.5177307129,369.7727966309,370.1345825195,369.3412780762],"5":[221.6848144531,221.7888793945,221.8894805908,222.7461853027,223.6134033203,223.806640625,225.0444641113,226.0363769531,276.5966186523,278.5112915039,279.2779541016,278.9781799316,278.2934875488,277.7211303711,277.458190918,276.9632568359]},"text":{"0":"Ancient","1":"Josephus","2":"Biblical","3":"Re","4":"Mediaval","5":"In"},"score":{"0":0.9850006104,"1":0.9890394211,"2":0.9884756804,"3":0.9808835983,"4":0.989593029,"5":0.988360405}}