{"polygon_x":{"0":[406.567199707,426.8675537109,448.1268615723,470.0625610352,491.3500976562,512.6981811523,535.1596679688,556.4497070312,556.2457275391,534.7058105469,513.9122924805,492.5228881836,470.9962158203,449.3061218262,427.7272644043,405.7602233887],"1":[691.0958251953,707.3838500977,724.8056640625,742.407409668,759.8733520508,777.2503662109,794.5311889648,812.3089599609,813.2227783203,795.8750610352,778.5264892578,760.9533081055,743.400390625,725.9448242188,708.5889892578,690.2841796875],"2":[351.814666748,371.1744384766,390.9679870605,411.3862915039,431.9359130859,451.9171142578,472.8737792969,493.216217041,493.1159362793,473.5756530762,452.7002258301,433.0830688477,412.6842346191,392.2669372559,371.9665527344,350.8452758789],"3":[560.8065795898,583.4114990234,607.1745605469,631.5341186523,655.5828857422,678.41796875,702.3038330078,726.8779907227,728.4700317383,704.4051513672,680.5258789062,656.56640625,632.6000976562,608.5553588867,584.5335083008,560.4799804688],"4":[100.1087112427,112.3818283081,124.7727355957,137.8048706055,150.4595031738,163.2080383301,175.8136291504,187.2412414551,188.3125457764,176.5289459229,163.8779449463,151.1619567871,138.5239715576,125.7809143066,113.3733291626,100.4454421997],"5":[194.936630249,216.802947998,238.5386962891,260.7496948242,283.1933898926,305.3729248047,327.6735229492,350.4938964844,350.9669799805,328.5039978027,306.0634765625,283.7315673828,261.7273254395,239.3512420654,216.7580871582,194.585647583],"6":[469.3485107422,489.7867736816,510.9661560059,532.1696777344,553.0670166016,573.8684692383,594.8519897461,616.439453125,616.7927246094,596.4491577148,575.6134033203,554.4080810547,533.1516113281,512.0112915039,491.0885620117,468.8995361328],"7":[736.8499755859,742.3430175781,746.9561157227,751.4375,755.784362793,760.9447631836,765.8956298828,770.8040771484,771.8304443359,766.7606201172,761.9561767578,756.796875,752.5357055664,747.9411621094,743.841003418,737.4540405273],"8":[582.7901611328,605.2213134766,629.2383422852,653.5422973633,677.7542114258,701.5392456055,724.8163452148,749.469909668,751.512878418,725.6737670898,703.163269043,678.6346435547,654.9736328125,631.0818481445,606.6899414062,582.828918457],"9":[466.4555969238,482.4722595215,499.3687133789,515.4879760742,532.5014038086,549.352355957,565.6184082031,580.7297973633,583.6462402344,566.5862426758,550.6943359375,533.7376708984,516.6423950195,499.8494262695,483.1912536621,466.3273620605],"10":[751.2029418945,759.4455566406,767.8762817383,776.2836303711,784.4196166992,792.8289794922,801.3115844727,810.6552734375,811.9201049805,803.5009765625,795.3402099609,786.8961181641,779.0017700195,770.7997436523,762.7357177734,753.8659667969],"11":[619.0396118164,627.5669555664,636.3112182617,644.735534668,653.2943725586,662.6850585938,671.4631958008,682.1572265625,682.1015014648,671.3485717773,662.9771118164,654.7885742188,646.3030395508,637.9686279297,629.5446777344,620.0816040039]},"polygon_y":{"0":[300.5413208008,301.0957336426,302.0269165039,300.8397827148,300.2130126953,299.8974914551,299.0229187012,298.602142334,349.974822998,350.627532959,350.8760070801,350.5202636719,350.7982177734,351.0557556152,350.5414428711,350.4232177734],"1":[221.9661254883,220.9638061523,220.8475189209,220.7000732422,220.6192321777,220.169418335,220.2261962891,221.2660369873,269.2502746582,269.6451416016,269.6820983887,269.9830627441,269.7725219727,270.1298217773,270.4886779785,271.0205688477],"2":[354.6469421387,354.0171813965,354.1346740723,353.8811645508,353.8840026855,353.851776123,353.6851196289,354.6969604492,398.7373657227,399.0754699707,399.2878112793,399.5235595703,399.6868286133,400.0805664062,400.0774230957,399.248626709],"3":[298.5364379883,297.6589660645,297.5391845703,297.246673584,297.0861206055,297.1747741699,296.8499450684,297.6296691895,348.0768127441,348.7395935059,348.7841186523,349.1156921387,349.5079956055,349.5004577637,349.7127075195,350.3325195312],"4":[357.2694091797,356.6280517578,356.5191345215,355.8233642578,355.657409668,355.575592041,355.2950439453,355.6227416992,400.8534851074,400.7532653809,401.5041503906,401.379699707,401.0476379395,402.1730041504,402.6342773438,402.5716247559],"5":[355.7341918945,355.475982666,355.6165466309,355.3887329102,355.5955200195,355.1885375977,354.1305847168,354.259185791,401.0701599121,402.4586791992,402.050567627,401.895324707,402.4000854492,402.4742736816,402.5434570312,402.6781921387],"6":[226.5796661377,226.9950561523,227.172958374,226.2264404297,225.5243225098,224.8564453125,224.5823364258,224.4168548584,274.1933288574,275.0315856934,275.717956543,275.8034973145,275.8977966309,276.7132568359,276.1181640625,275.6909790039],"7":[299.1582641602,299.0234680176,298.8207092285,298.3490600586,297.6804504395,297.5446777344,297.6243286133,297.4468383789,345.6795654297,346.1448669434,346.1542053223,346.1321411133,346.3042602539,346.6498718262,346.9959106445,347.0030822754],"8":[98.2620773315,98.4673843384,98.1005706787,97.8538131714,96.9172592163,96.3046264648,96.2279815674,95.5693664551,148.5108642578,151.5910644531,153.3298492432,153.5641479492,155.0118255615,153.7373962402,153.6299438477,150.7654724121],"9":[99.2544937134,98.8481903076,97.9929656982,97.8753585815,97.4682312012,97.2937774658,96.2433700562,97.8319702148,145.9520111084,146.8435058594,147.5337371826,147.138671875,146.7351989746,147.6430206299,148.4327392578,146.8214569092],"10":[96.2865142822,94.6697540283,92.8558654785,91.8088531494,90.248046875,88.4620437622,87.2964630127,85.4962310791,138.1473236084,139.452255249,140.9596557617,142.7155609131,144.1297149658,145.0809020996,145.4585113525,145.5476989746],"11":[221.4268493652,220.5548095703,219.6413879395,219.0415039062,217.6983337402,215.3419647217,214.9784240723,213.662902832,267.3745727539,268.9529418945,270.2116699219,271.0484313965,272.421081543,272.8492431641,272.8657531738,272.7483825684]},"text":{"0":"Greek","1":"1800","2":"Cubits","3":"Stadia","4":"600","5":"Jewish","6":"Greek","7":"3","8":"English","9":"1500","10":"Ft.","11":"Ft."},"score":{"0":0.9821495414,"1":0.9900436401,"2":0.9868786931,"3":0.9889426231,"4":0.973731339,"5":0.9863132238,"6":0.9869658947,"7":0.9794018269,"8":0.9457280636,"9":0.9568124413,"10":0.9745794535,"11":0.9856938124}}