{"polygon_x":{"0":[739.8010864258,760.4365234375,781.8983154297,803.4393920898,824.6506347656,844.8782958984,865.7756347656,889.140625,889.7104492188,867.4250488281,846.8737182617,825.7299804688,804.3710327148,783.1700439453,761.3179931641,741.0889282227],"1":[102.5285491943,116.4562454224,130.81590271,145.8157653809,160.552947998,175.1096801758,189.5162200928,203.6001586914,203.9940795898,189.6193389893,175.0388336182,160.5484313965,145.6593475342,130.8481750488,116.2050476074,102.0435943604],"2":[641.2993774414,653.5168457031,666.3865356445,679.5462646484,692.0865478516,704.6196899414,718.2638549805,731.1713256836,731.7832641602,718.6240844727,705.4050292969,692.8317260742,679.9736938477,666.6006469727,653.909362793,640.7186889648],"3":[496.9873046875,508.3596496582,520.4039916992,532.1723632812,544.4209594727,556.799987793,568.9149169922,579.8697509766,580.7399902344,568.8030395508,556.803894043,544.6651000977,532.5607910156,519.9891967773,507.9128112793,496.0456848145],"4":[731.2813110352,744.7745361328,757.5376586914,770.1098022461,782.0424804688,794.2365722656,806.5047607422,819.5521850586,819.8373413086,805.7767333984,793.5623779297,781.5315551758,769.0532836914,756.7952270508,744.3572998047,731.1436767578],"5":[883.1857299805,891.3174438477,899.6141357422,907.5640869141,915.0770874023,922.8946533203,930.6099243164,936.9810180664,936.9584960938,929.9716796875,922.1011352539,913.9223632812,906.1456298828,898.3706054688,890.6615600586,881.8812255859],"6":[654.41015625,659.8519897461,668.2096557617,675.2108764648,681.4624023438,688.4161376953,694.4807739258,700.9575195312,669.0349121094,662.6716308594,655.0188598633,648.4348144531,641.4085693359,634.0089111328,627.5394897461,619.735168457],"7":[853.7847900391,859.1225585938,865.4166259766,871.8159179688,878.1885986328,884.3222045898,890.4536743164,895.8612060547,893.6223754883,889.7516479492,883.6484375,877.2124633789,871.02734375,865.2674560547,859.6473388672,852.0751953125],"8":[884.6034545898,891.0885620117,897.1674194336,903.564453125,911.0208129883,917.4586791992,923.7152709961,930.3585205078,936.1065063477,927.0775146484,920.2291870117,912.3550415039,905.7395019531,898.9262695312,891.9307250977,883.4813842773],"9":[9.1650686264,13.1734437943,17.4369125366,21.8437480927,26.0376777649,30.3617420197,35.6332092285,39.0783538818,44.1119918823,39.565826416,35.6515426636,31.4418449402,27.4362735748,23.0327777863,18.7964935303,14.0239095688]},"polygon_y":{"0":[355.0083312988,356.6034240723,357.2878112793,356.2156982422,355.8323974609,356.9501037598,356.7934570312,354.9969787598,418.1871643066,420.7224121094,421.7513122559,420.7850952148,419.6434936523,419.8038635254,419.9419250488,420.2417907715],"1":[255.5754547119,255.856262207,256.8222351074,256.7071228027,256.9341125488,256.8450927734,257.0817260742,257.9446411133,296.9638977051,297.0229492188,297.2225952148,297.0251464844,296.6037902832,296.3573608398,296.8202514648,296.9439697266],"2":[359.4423522949,358.497253418,358.331451416,358.3507385254,358.3319702148,359.2092285156,360.4010620117,361.0986938477,412.1426086426,412.6163024902,412.5341186523,412.4753723145,411.861114502,411.8026733398,411.3008728027,411.6137695312],"3":[381.7543945312,381.383605957,381.174041748,380.4377746582,380.3666992188,380.2377319336,379.815612793,379.614654541,411.5144348145,411.465637207,411.6314697266,411.356842041,411.0959777832,411.2655944824,411.8491821289,411.744720459],"4":[276.4306335449,275.7607727051,276.0361938477,276.5606994629,276.7308044434,276.8544006348,277.8788452148,277.8489074707,330.3186950684,330.2747497559,330.5263061523,329.8075866699,328.9813842773,328.2127075195,328.0081787109,329.4492797852],"5":[472.4585876465,471.7680358887,472.3565673828,472.9032897949,472.7305908203,473.012298584,473.3667297363,474.0147399902,510.2181091309,510.5725402832,510.5009155273,509.8437194824,509.7708129883,509.7147216797,510.0958862305,510.8160095215],"6":[120.5816650391,123.4978637695,127.2847595215,131.1421356201,135.2687225342,139.9735565186,142.9001312256,149.2470092773,199.6053161621,194.196762085,190.371673584,186.0521850586,181.792388916,177.5888519287,174.1161956787,170.6048583984],"7":[278.359588623,278.1898803711,278.650604248,279.119720459,278.9858703613,279.6265869141,280.4198303223,280.6933288574,324.8961486816,324.9129638672,324.8928527832,324.5164489746,325.1466674805,325.1186828613,325.0564880371,325.1705322266],"8":[509.321685791,508.4122619629,508.2239074707,507.265625,506.410369873,505.5754394531,504.0274963379,503.8602294922,542.3569946289,543.7012939453,543.64453125,543.1455078125,543.6716308594,543.9118041992,544.5733032227,545.059753418],"9":[264.8961181641,264.943939209,265.1907958984,264.7799682617,263.993927002,263.5250244141,262.7468261719,263.2171936035,294.9471435547,295.3583679199,294.9088745117,294.6641845703,294.9266967773,295.3367004395,296.0199279785,297.1073608398]},"text":{"0":"Eyub","1":"lave","2":"Bir","3":"1979","4":"EN","5":"R.","6":"N","7":"R","8":"the","9":"2"},"score":{"0":0.9803778529,"1":0.9710674882,"2":0.9799990058,"3":0.9758754969,"4":0.9702896476,"5":0.9737999439,"6":0.9433315396,"7":0.9647049308,"8":0.8519718051,"9":0.6268076301}}