{"polygon_x":{"0":[698.6748046875,731.8122558594,764.2625732422,798.1220703125,833.0595703125,866.4478759766,898.5700073242,932.6681518555,933.9399414062,899.5784912109,866.7977294922,832.3258666992,798.7104492188,765.0848999023,732.2425537109,699.7633056641],"1":[4.1125249863,16.3142337799,26.9574241638,38.1392860413,49.2772064209,59.9614944458,70.7927017212,81.5798416138,82.1525344849,70.754737854,59.6681594849,48.7136764526,38.0296707153,26.8554286957,15.5650424957,4.3607463837],"2":[596.0840454102,615.249206543,635.0081787109,655.9010620117,675.0510253906,695.1290893555,713.9691162109,733.4049682617,735.891418457,716.5189819336,698.2668457031,678.2055664062,657.6145019531,636.2323608398,616.8947143555,598.8252563477],"3":[754.0748291016,779.1759033203,806.775390625,833.474609375,859.7045898438,885.0434570312,910.2432250977,937.5227050781,937.8662719727,913.7384033203,888.8930664062,863.4867553711,836.7626342773,809.5623779297,782.6737670898,757.4295043945],"4":[8.7599048615,31.3325424194,51.7854309082,70.5155944824,90.4354248047,109.989151001,130.0075836182,147.9646148682,148.9472351074,128.7124633789,109.7392654419,89.3611068726,69.8581924438,50.807598114,29.8755989075,7.4703369141]},"polygon_y":{"0":[13.697640419,13.6432342529,13.3044071198,13.1568918228,13.0743303299,12.5817136765,11.9248332977,13.4811248779,63.0678024292,62.103351593,62.1986312866,62.6741752625,62.9396400452,63.8401107788,64.5125808716,64.6222686768],"1":[463.4757080078,462.2789611816,461.1615600586,459.65625,460.130279541,460.0828552246,460.4576721191,460.6473999023,498.825012207,499.9592590332,499.8760070801,499.592590332,499.6250305176,499.3017883301,499.0359802246,499.2164916992],"2":[66.0864944458,68.5531921387,69.0650405884,68.458770752,68.5431060791,67.2393493652,65.2635726929,64.544921875,95.7393035889,96.5803604126,97.8730239868,99.1803894043,100.0477218628,99.7639312744,98.8759078979,97.2983932495],"3":[77.509765625,77.7932510376,78.4988937378,77.9742965698,77.6094589233,76.4009246826,74.1332855225,75.823600769,117.3327026367,117.7294769287,119.4542541504,120.9054641724,122.1683044434,123.9410934448,126.535697937,126.7117996216],"4":[254.8303375244,254.7210998535,254.2568969727,254.4776153564,255.4124908447,256.1053771973,256.0839538574,257.2815551758,288.2231750488,288.7082824707,288.5051269531,288.4335327148,288.8578796387,288.28515625,288.7498168945,289.2606811523]},"text":{"0":"Aeeldam","1":"mo","2":"Aarnca","3":"Weanted","4":"LOS"},"score":{"0":0.9823892713,"1":0.965901792,"2":0.7238665223,"3":0.8848757744,"4":0.7201370597}}