{"polygon_x":{"0":[583.6857299805,594.1119995117,604.6069946289,615.0713500977,624.839050293,634.7297363281,645.2587280273,654.8481445312,654.5123291016,644.8572387695,634.6989746094,624.6314086914,615.0205688477,604.6213378906,594.559753418,583.4823608398],"1":[743.053894043,761.1473999023,778.9006958008,796.7894287109,813.8587036133,830.505065918,848.1540527344,866.1896972656,866.0963745117,847.5000610352,830.0150756836,812.8212890625,795.8064575195,777.8958129883,760.4682006836,741.9752807617],"2":[903.6081542969,908.4755859375,913.5270385742,917.8709716797,922.6185302734,927.4525756836,932.2573852539,937.4826660156,937.9424438477,933.3193359375,928.594543457,923.7981567383,919.1557006836,914.5795898438,909.4895629883,903.7371826172],"3":[655.1473388672,663.9437255859,672.5289306641,681.143371582,690.0462646484,699.4257202148,707.7352294922,716.6498413086,717.6320800781,707.3447265625,699.0870361328,690.8992919922,682.2593383789,673.920715332,665.6407470703,656.9802246094],"4":[877.4007568359,886.1715698242,895.2176513672,903.6700439453,912.4414672852,920.6739501953,929.510559082,937.8306274414,937.8475952148,929.3446655273,921.0170288086,912.6616210938,904.4633789062,896.6944580078,888.1714477539,879.0369262695],"5":[900.5737304688,905.9598388672,910.5193481445,915.4348754883,920.7137451172,925.5123291016,930.6583862305,936.0200195312,936.5348510742,931.255065918,926.0495605469,920.9249267578,915.6497192383,910.9998168945,905.9016113281,900.5798950195],"6":[822.5469970703,831.1976318359,838.8679199219,846.4854736328,854.2053833008,861.6376953125,868.9384765625,876.1821289062,877.3332519531,870.1846313477,862.6325073242,854.4125976562,846.7598266602,839.1779174805,831.3120727539,823.2199707031],"7":[47.8459205627,57.3824157715,67.5018081665,76.9622497559,86.1767959595,94.8197479248,104.0946884155,113.6953887939,108.3422622681,97.9738540649,89.9901199341,78.9385528564,68.292930603,59.3980979919,51.3377685547,43.0128822327]},"polygon_y":{"0":[235.3996429443,235.5522918701,236.363067627,237.1865081787,237.8712615967,238.1518249512,239.337020874,240.5430450439,283.4311828613,284.0664978027,283.8924255371,283.885559082,283.2700805664,282.876739502,283.0553894043,282.8946838379],"1":[112.4024887085,112.4655685425,113.2501144409,114.22240448,114.9002227783,115.1330490112,116.4218444824,118.3977050781,176.6047058105,173.3914337158,170.6829986572,168.7603302002,167.3157196045,165.3784942627,162.5738677979,161.5850524902],"2":[311.8924560547,311.4540405273,311.9039916992,312.2599487305,312.1561584473,311.8650817871,311.1314086914,311.2355041504,353.4654541016,354.5440673828,354.498046875,354.417755127,354.3085632324,354.4691162109,354.5185852051,354.6550598145],"3":[235.4991607666,234.0823822021,233.0174560547,231.9244995117,230.927154541,228.840713501,227.586151123,226.3123931885,279.6963195801,279.8934326172,280.5040588379,281.1478271484,282.368560791,282.5745544434,282.6024169922,282.5430297852],"4":[112.2821426392,109.820854187,107.9799346924,106.8556518555,105.5384368896,103.807510376,103.1802902222,101.0888824463,155.1145629883,155.7239990234,156.2147674561,156.597869873,157.3946075439,158.1780700684,158.7118835449,158.9306793213],"5":[237.5526428223,236.8472747803,237.3840789795,237.4123535156,237.3952331543,237.3331451416,237.417175293,237.6042327881,281.3002929688,281.1646118164,280.9639892578,280.948638916,280.9367980957,281.0714111328,281.0693664551,280.9202270508],"6":[236.8761291504,235.7797546387,235.9549407959,236.0054321289,236.0054321289,236.3051147461,236.799987793,236.6386413574,281.6665039062,282.818939209,283.7386779785,284.0677490234,284.1549072266,283.8486938477,284.2108764648,284.6233520508],"7":[29.2346038818,32.3485412598,35.8274841309,39.0827407837,40.9947319031,43.0198669434,44.5502471924,46.913608551,106.7629013062,105.4844741821,104.1720962524,103.0213317871,102.4002532959,101.3258666992,99.5896530151,98.4345169067]},"text":{"0":"Gr.","1":"Eng","2":"O","3":"Ft.","4":"Ft.","5":"O","6":"50","7":"O"},"score":{"0":0.9887450337,"1":0.9898207188,"2":0.9812735319,"3":0.9820412397,"4":0.980941534,"5":0.986831069,"6":0.5110428333,"7":0.5358892679}}