{"polygon_x":{"0":[822.8696289062,842.5074462891,858.8939208984,874.0031738281,889.7268676758,906.4545288086,923.1637573242,936.9604492188,936.9314575195,922.3587036133,905.8419189453,888.6530151367,871.7802124023,855.2075805664,838.1333007812,822.0161743164],"1":[643.7034912109,678.9491577148,704.3563842773,730.1658325195,754.8592529297,778.2167358398,803.6096801758,828.7271118164,817.8360595703,791.3017578125,770.956237793,748.701171875,724.8699951172,704.6850585938,677.0465087891,640.9403076172],"2":[11.0879735947,40.1271209717,67.3976898193,94.1459960938,121.78881073,148.7280731201,175.297958374,194.4425048828,200.1560668945,174.0324249268,148.1687927246,120.2289276123,93.0158233643,66.0090637207,38.3158378601,10.475818634],"3":[198.5999450684,210.3914489746,219.3305358887,228.9889831543,238.2925567627,248.5840759277,257.8629150391,266.6208190918,265.2690124512,255.5409240723,245.3765411377,236.6784973145,227.480682373,218.2025299072,209.2407989502,199.0688171387],"4":[278.2166442871,336.128692627,382.2807617188,432.4617004395,481.4321899414,534.5241088867,578.4902954102,634.2730102539,632.4290771484,585.0327758789,531.298034668,481.0235595703,432.6763305664,380.4888000488,329.6196594238,277.2951049805]},"polygon_y":{"0":[5.0253367424,4.7588639259,6.6559925079,9.4408712387,11.4466428757,12.7262992859,14.7710027695,16.6275405884,57.9442329407,58.2226715088,58.731262207,58.6567840576,59.0764656067,58.9176902771,59.4861335754,58.9945526123],"1":[7.4335861206,10.1180381775,10.6916503906,11.1625289917,10.7859239578,8.6744966507,5.6194624901,2.5700263977,58.2963562012,60.4080238342,60.569984436,61.6153678894,61.5969619751,61.530872345,60.2780456543,59.4667015076],"2":[13.7375192642,13.991071701,13.9357223511,14.1258392334,14.90305233,15.2123022079,14.1115369797,14.8476381302,58.0510520935,58.0474090576,58.0348129272,58.0670127869,58.2872543335,57.7263450623,57.7268867493,57.6855926514],"3":[8.6620912552,9.4812488556,9.8616905212,11.259352684,12.8029575348,14.2440853119,15.299284935,17.4591941833,57.8363723755,57.2936859131,56.7239189148,56.2439613342,56.2123565674,56.0726242065,56.0710220337,55.5516967773],"4":[10.3126239777,13.9254016876,14.0269126892,14.2803125381,14.8569774628,13.0689382553,9.3058004379,9.3666858673,61.7050971985,63.2775535583,66.1030273438,66.3209228516,66.5922088623,64.4067382812,63.5753898621,60.3707046509]},"text":{"0":"Lon","1":"Estab.","2":"Stanford","3":"d's","4":"Grographical"},"score":{"0":0.9894999862,"1":0.755672574,"2":0.7143723965,"3":0.4739058912,"4":0.850019753}}