{"polygon_x":{"0":[0.3386482298,6.3778138161,11.6324224472,17.2063369751,22.6608543396,28.7749900818,36.2749328613,42.8191223145,39.8100776672,32.832901001,26.5347442627,20.9231472015,14.7437047958,9.5201663971,4.4027237892,0.0105391797],"1":[46.3290939331,77.0408172607,105.8419113159,135.2896728516,164.64793396,194.0484008789,223.2746124268,252.6009063721,251.7732849121,222.3402404785,193.060836792,163.1923522949,133.3696136475,103.4764785767,74.5053024292,45.2622680664],"2":[264.559753418,282.9571533203,300.3055114746,317.4061279297,335.0265808105,352.4065246582,368.626739502,386.9378967285,384.6448974609,367.2269287109,348.8411865234,331.6333007812,314.688873291,296.654083252,280.0088500977,262.2922058105]},"polygon_y":{"0":[18.7959785461,18.57072258,18.8233737946,19.3364486694,19.6345386505,19.3738574982,19.4230422974,20.3299770355,64.2560195923,64.2572784424,64.0746994019,63.8057899475,63.5975036621,63.7725791931,63.9563179016,64.3963928223],"1":[21.2887172699,21.1651744843,21.3408679962,21.4440994263,22.2323970795,22.7779827118,22.1921634674,23.4984531403,65.5128097534,65.4162368774,65.4915313721,65.6234436035,65.5837631226,65.5149765015,65.5441436768,65.5092468262],"2":[20.5791816711,21.8716068268,23.2369632721,23.7761554718,23.5940132141,24.2266082764,24.6063270569,24.4141540527,74.3814849854,73.3123779297,72.151725769,71.2942276001,70.9218444824,69.3218002319,66.7033462524,66.1520309448]},"text":{"0":"W.","1":"Saunders","2":"Grog"},"score":{"0":0.9908560514,"1":0.9807361364,"2":0.9662852287}}