{"polygon_x":{"0":[0.1359903067,17.7277965546,35.9838447571,54.4264755249,73.1237030029,91.2989883423,110.3701171875,126.4652328491,127.0240249634,109.4374465942,90.8045501709,72.01612854,53.8857383728,36.3230781555,18.0579853058,0.1034433767],"1":[0.1356190443,17.6782798767,35.9452514648,54.1551704407,73.029296875,91.2096405029,110.2356491089,126.4228897095,126.9068832397,109.5534744263,90.9773101807,72.1817703247,53.8772544861,36.2785720825,18.1155910492,0.1035594493]},"polygon_y":{"0":[6.1470222473,6.4270839691,9.0009870529,10.1865472794,11.0460681915,11.717877388,12.3089160919,13.0278635025,56.7468185425,56.5845031738,57.7440948486,58.0422668457,57.9413414001,58.2213859558,58.5503730774,58.1650390625],"1":[5.9527916908,6.2379713058,8.7244672775,10.1468229294,11.0350675583,11.5903558731,12.2027349472,12.8377637863,56.7636108398,56.5640411377,57.7283477783,58.0499992371,57.9379959106,58.190662384,58.5428733826,58.1771965027]},"text":{"0":"donu.","1":"donu."},"score":{"0":0.9795231819,"1":0.9583199024}}