{"polygon_x":{"0":[348.5314331055,360.7329101562,373.3199768066,386.2797851562,399.5704040527,413.3110656738,426.2847900391,438.3930053711,438.4265441895,426.1142578125,412.8857421875,400.0538024902,387.066192627,373.5413208008,360.9191589355,347.831817627],"1":[444.6259460449,470.395324707,498.4702453613,525.6798095703,551.5651855469,577.807434082,605.2288208008,633.579284668,633.8331298828,606.5001831055,579.5150146484,552.366394043,525.491027832,498.4218444824,471.0510253906,444.3987731934],"2":[831.125,847.0228271484,863.6389160156,879.155090332,893.6892089844,908.7567749023,924.3660888672,936.9809570312,936.9420776367,923.5371704102,908.633972168,893.4116821289,878.2618408203,862.6813964844,846.7118530273,830.8541870117]},"polygon_y":{"0":[335.6958007812,335.3692932129,334.7368469238,333.5195007324,332.3717956543,331.9639282227,331.5380859375,331.1153564453,377.872467041,378.0258178711,377.9726867676,378.2543640137,378.6759643555,378.9348449707,379.1110839844,379.3527832031],"1":[332.8678894043,335.134185791,334.9066162109,337.2066040039,338.3376159668,338.7156982422,339.6137695312,339.37890625,376.6659545898,376.8674316406,376.9958496094,377.1449890137,377.2256469727,377.5058898926,376.8870239258,376.853515625],"2":[259.9115600586,260.4076843262,260.3309936523,260.7698364258,261.6111450195,262.1708679199,262.3094787598,263.2037353516,303.6790161133,304.702911377,304.9783630371,305.3772277832,304.9148254395,304.9308166504,304.7415771484,304.968170166]},"text":{"0":"Old","1":"Cisterno","2":"Cister"},"score":{"0":0.9843877554,"1":0.7678898573,"2":0.9156787395}}