{"polygon_x":{"0":[33.232208252,46.4533691406,59.5626525879,72.7264022827,85.6678009033,99.0098495483,112.6731719971,126.0313339233,125.7327423096,111.8732452393,98.3000106812,84.9516983032,71.8853225708,58.7840461731,45.7587509155,32.2609214783],"1":[178.8510437012,196.3595428467,213.6672668457,230.6344451904,247.9312744141,265.2296447754,282.5266723633,299.8635864258,298.8785705566,279.9573669434,262.7245483398,245.3526611328,228.6577148438,211.3816833496,193.8044433594,176.3973236084],"2":[159.2419128418,174.9409942627,190.5277557373,206.2528381348,221.3161315918,236.7088775635,251.8115997314,267.5569458008,268.0238037109,251.616104126,236.4978790283,220.4924316406,204.9799041748,189.3576507568,173.6882324219,158.858001709],"3":[440.8990783691,452.6616821289,464.7189025879,476.3378601074,488.5831604004,501.2106018066,513.2196044922,525.9046020508,524.8783569336,512.955078125,500.2415161133,487.9949035645,476.051361084,463.6574707031,451.6385803223,439.8295898438],"4":[666.1181030273,678.5640869141,691.4498291016,704.3275756836,717.3212890625,730.0431518555,742.743347168,755.1743774414,754.7378540039,741.9682617188,729.3560791016,716.606628418,704.1630859375,690.7703857422,678.1251831055,665.1635131836],"5":[131.4473571777,156.50050354,181.3997497559,205.8438568115,230.5151824951,254.541809082,279.4241638184,305.6779174805,304.4289550781,279.8319091797,254.1619415283,229.3456726074,204.580581665,178.9060821533,153.8065490723,129.8539276123],"6":[763.0615234375,788.1361083984,811.8286132812,835.8391723633,860.4461669922,885.080078125,909.1057739258,936.21875,934.8279418945,908.8334960938,883.7156982422,859.501953125,835.5040283203,810.6475219727,786.6645507812,761.5266723633]},"polygon_y":{"0":[609.9081420898,608.8352050781,608.125,608.4779052734,608.5198974609,607.9043579102,607.8964233398,607.9984130859,653.8587036133,654.3558959961,654.0818481445,653.7479248047,654.3020019531,654.2306518555,654.1927490234,653.8756103516],"1":[172.6161499023,173.6446075439,174.5133514404,174.8502655029,175.3544769287,175.9900970459,176.9757995605,177.7113494873,223.3531799316,221.5913085938,219.9498138428,218.8356781006,217.8757476807,216.525177002,215.4649810791,214.9642333984],"2":[131.3286132812,131.8723297119,131.9420623779,131.8809967041,131.9735565186,131.2818908691,131.2383880615,132.1433410645,173.3903808594,175.6199645996,175.7250671387,176.1521911621,176.6088256836,175.9176025391,175.0213012695,173.1991729736],"3":[252.7028656006,252.3927001953,252.3530731201,252.3677368164,252.5623168945,252.6139831543,252.3169403076,252.6848754883,286.7978210449,287.4975280762,286.770690918,287.5206604004,287.5428161621,288.1738586426,288.1765136719,287.2679748535],"4":[411.741973877,410.9131164551,410.850982666,410.9041137695,410.9231872559,411.0696716309,410.867980957,411.2488098145,455.6324157715,456.0199890137,455.903503418,455.654083252,455.6447143555,455.9398193359,456.0922851562,455.7524719238],"5":[607.7202148438,608.229309082,609.5390014648,610.5729370117,611.6314697266,613.4906616211,615.1942749023,615.8028564453,658.5042724609,659.4083862305,659.6829223633,659.4331665039,658.4505615234,658.4216308594,657.0768432617,655.2691040039],"6":[412.6085510254,412.2568359375,413.5613098145,414.1796569824,414.6019287109,415.4764709473,416.7951965332,417.4975585938,456.6459960938,457.0674743652,457.5679016113,457.8008117676,457.1932983398,457.0821838379,457.2079467773,457.4364929199]},"text":{"0":"Old","1":"Heap","2":"Ash","3":"2658","4":"Old","5":"Cistern","6":"Cistern"},"score":{"0":0.9821616411,"1":0.9905569553,"2":0.9859007001,"3":0.9779517651,"4":0.9883909225,"5":0.9134793878,"6":0.7905813456}}