{"polygon_x":{"0":[47.7908630371,67.9628753662,88.1348495483,107.4526596069,127.7751083374,147.9400177002,167.4510345459,185.8306884766,187.0511169434,166.9773864746,147.4396362305,127.5283813477,107.7729949951,88.5646362305,67.9693908691,47.9635925293],"1":[310.3533630371,334.8864746094,358.6301574707,383.30078125,407.2040100098,430.1853027344,455.4788818359,480.7582702637,482.5043334961,458.1490783691,433.014465332,408.2232971191,384.4184265137,359.8742980957,335.8788146973,310.5836486816]},"polygon_y":{"0":[648.3444213867,649.3595581055,648.651184082,649.3572998047,649.553894043,649.5938720703,649.4855957031,648.9315795898,697.736328125,698.275390625,698.0667724609,697.6480712891,697.9804077148,698.448059082,698.2710571289,697.5767211914],"1":[647.7672119141,647.2052612305,646.1039428711,645.3880615234,645.5372924805,645.264831543,645.4465332031,645.2473754883,698.1320800781,698.9998168945,699.4796142578,699.6471557617,699.3734741211,699.1913452148,698.8536376953,700.112487793]},"text":{"0":"Kerm","1":"Sheikh"},"score":{"0":0.905806601,"1":0.9875249863}}