{"polygon_x":{"0":[262.1942443848,261.1421203613,259.7812194824,257.3671875,255.9052581787,254.1987762451,253.6690216064,252.4444274902,285.2684631348,288.2962341309,290.3741149902,292.2680358887,293.9630737305,296.2135009766,297.1162719727,297.6803894043],"1":[69.6907806396,94.787071228,120.7599105835,146.1812744141,171.6972808838,197.4762573242,222.0579376221,247.9153594971,247.9464263916,222.8544464111,196.7712249756,171.0349273682,144.8745727539,118.8196792603,92.9419174194,67.4978637695],"2":[5.3309793472,13.6792793274,21.779920578,30.180978775,38.548500061,47.4484977722,55.8243103027,62.9225387573,62.6851501465,54.1127548218,45.6263008118,37.1314926147,28.9982051849,20.3495941162,11.5880966187,2.0767390728],"3":[692.587097168,718.2554931641,742.8809204102,768.2130126953,792.5881958008,817.2802124023,841.9508666992,867.6775512695,867.3792114258,842.6232910156,817.5178833008,792.7026977539,768.1317749023,742.4622802734,717.4126586914,692.0322875977],"4":[263.600189209,264.1690063477,264.804901123,265.6037902832,266.3672485352,267.439666748,268.5983276367,268.2792053223,299.7054138184,300.1768493652,300.3010559082,300.4395446777,300.4839172363,300.5770874023,300.089630127,299.8206787109]},"polygon_y":{"0":[586.8507080078,564.5606689453,542.4295654297,519.7658691406,497.4075927734,474.6003112793,452.3442077637,431.160369873,426.6279602051,449.206817627,471.6306762695,496.226776123,519.2393798828,542.1286621094,564.3894042969,587.7598266602],"1":[577.2600708008,577.7575073242,578.9561767578,579.2425537109,580.5865478516,581.871887207,583.0839233398,583.9953613281,622.3555908203,622.492980957,623.1836547852,622.9312744141,623.0882568359,622.2730712891,622.4673461914,622.0760498047],"2":[578.8520507812,579.0651855469,578.2720336914,578.5536499023,578.7346801758,578.5716552734,578.9670410156,578.013671875,620.4750976562,620.6007080078,620.079284668,619.9116210938,619.8966064453,619.7095947266,619.223449707,619.1636352539],"3":[404.1262817383,404.3664550781,405.8845214844,405.7674255371,406.1952514648,406.9572143555,406.7514038086,406.4526977539,450.0509338379,449.7335205078,450.7598571777,450.5957336426,450.5936279297,450.2342224121,450.2843322754,449.6781921387],"4":[644.9832763672,638.7711181641,631.036315918,623.5357666016,614.7498779297,607.3845825195,599.9066162109,592.3165283203,592.9194335938,600.3854370117,608.6306152344,617.0144042969,624.8492431641,631.9624633789,640.1771850586,646.7764282227]},"text":{"0":"Nabulus","1":"Cistern","2":"Id","3":"Cistern","4":"To"},"score":{"0":0.9746060967,"1":0.9738703966,"2":0.9435332417,"3":0.9824997187,"4":0.9686940908}}