{"polygon_x":{"0":[21.0251159668,32.5129966736,44.8519439697,57.3145217896,69.6870727539,82.1954574585,94.3959197998,106.1953277588,107.0584411621,94.6512145996,82.36378479,69.9893493652,57.9180259705,45.2514533997,33.6364173889,20.8542289734],"1":[740.2756958008,765.1480102539,789.7286376953,814.8963012695,839.2211914062,864.0651855469,889.3785400391,915.5193481445,915.9989013672,891.2717895508,866.2238769531,841.2137451172,816.3543701172,791.0814208984,765.8616943359,740.1989135742],"2":[76.3354568481,96.4727554321,114.9273834229,132.9323730469,151.2944641113,169.8781738281,188.6238708496,207.9253997803,207.6322174072,187.9624786377,169.3357543945,150.1398468018,131.3815612793,112.7681274414,94.4474029541,75.1844100952],"3":[74.4295654297,77.3185043335,80.6318740845,83.2359542847,85.9192733765,89.0895843506,91.8787307739,95.4216537476,75.7593383789,72.1293487549,68.9349594116,65.7100372314,62.4995155334,59.0088424683,55.4069061279,52.184513092],"4":[700.6323242188,715.8558959961,730.0971069336,744.8711547852,759.0563964844,772.9545288086,787.1976928711,800.8662719727,800.1240844727,786.7757568359,772.8812866211,758.4174194336,744.8430786133,730.0324707031,715.4595336914,700.5129394531],"5":[826.1146850586,842.7246704102,859.267578125,875.4937133789,891.3547973633,906.9815063477,922.6553344727,937.6964111328,937.6060180664,922.2796020508,906.3931884766,890.8176269531,874.873840332,859.5295410156,844.2899780273,825.7777709961],"6":[58.7094612122,63.765625,68.5160827637,73.5448608398,78.8439788818,83.4767227173,89.0144271851,94.7731246948,64.5944137573,61.3120574951,56.3005943298,51.1963157654,45.1417770386,40.4939575195,34.9043045044,29.7313365936],"7":[118.1017303467,122.4172744751,127.4198074341,130.8626403809,135.4870910645,139.3874511719,143.899810791,149.727142334,123.55884552,117.5700759888,113.6859664917,109.0728378296,103.4293823242,98.5589447021,94.1640090942,89.1121673584],"8":[776.0544433594,782.0854492188,786.6533203125,791.0230102539,795.8153076172,801.2901000977,805.9346313477,811.9448242188,807.8364257812,803.5140991211,798.7626342773,793.2675170898,788.2646484375,783.6205444336,778.4254760742,773.065612793],"9":[226.8021697998,253.405456543,273.2012939453,294.608215332,315.7127990723,334.232635498,353.3011169434,373.1202087402,381.6718444824,357.2857666016,336.4832763672,315.0615539551,294.8145446777,273.2106933594,250.7724914551,228.6117095947]},"polygon_y":{"0":[612.5248413086,612.0044555664,611.8131713867,611.6090087891,611.1469116211,611.6264038086,611.0037841797,610.7192993164,640.6762084961,640.3892211914,641.1649780273,641.3920898438,641.4077758789,641.6103515625,642.7214355469,642.998840332],"1":[524.8909912109,524.3533935547,524.6201782227,524.3287963867,523.6676025391,524.1318969727,523.7867431641,524.2356567383,569.6461791992,570.0651855469,570.7784423828,571.2068481445,571.5706176758,571.2420043945,571.0556030273,571.3739624023],"2":[573.3732910156,574.2951049805,574.2005615234,573.4406738281,573.7063598633,573.4993896484,573.4258422852,573.1321411133,616.2706298828,616.6647338867,616.782043457,616.7551269531,616.528137207,616.3756713867,615.6519165039,615.7802124023],"3":[513.1505126953,515.0237426758,517.3431396484,518.9904174805,520.6275024414,522.7967529297,524.701171875,528.2509155273,554.7904663086,552.8482055664,550.5772705078,548.5004882812,546.1881103516,544.2827758789,543.0872192383,542.18359375],"4":[580.7155761719,581.7041625977,581.6669921875,581.0761108398,580.9160766602,580.4677734375,580.2568969727,580.1274414062,621.6185913086,621.944519043,621.6801757812,621.2397460938,621.6643066406,621.3817749023,621.2391967773,620.6687011719],"5":[577.5191650391,577.4405517578,577.368347168,576.8604125977,577.3322143555,577.2829589844,577.4697875977,577.9019775391,620.8659057617,621.298034668,621.4869384766,621.2084350586,621.91796875,621.778503418,621.4130859375,619.7369995117],"6":[422.891998291,426.3498535156,429.8512268066,433.6925354004,437.8428039551,441.9583129883,446.8220214844,453.0255737305,486.5042114258,481.7480773926,478.0252380371,474.1020202637,469.6000061035,465.6920471191,461.6409301758,457.7891540527],"7":[460.3725585938,464.2694396973,467.5584411621,469.9468078613,472.6259460449,475.5436401367,478.7088623047,483.676574707,524.2604980469,519.3291625977,516.1010131836,512.6869506836,509.3202819824,505.5404052734,502.5422058105,498.6283569336],"8":[197.3852081299,199.1366577148,199.6265716553,200.1101989746,200.6454315186,201.3362579346,201.8283996582,202.9954528809,245.3610687256,244.4550018311,243.8652954102,242.8959503174,242.231842041,242.0371856689,241.7700042725,241.7376251221],"9":[683.0936889648,682.7369995117,682.6943969727,682.9107055664,683.7446289062,683.9915771484,685.2279663086,687.5267333984,717.9569091797,717.9479370117,717.9293823242,717.8802490234,717.8842773438,717.8649291992,717.8486938477,717.8641357422]},"text":{"0":"2529","1":"Licketel","2":"Tomo","3":"S","4":"Poot","5":"Pele","6":"R","7":"Y","8":"2","9":"Babez"},"score":{"0":0.9799646139,"1":0.9841423631,"2":0.9869426489,"3":0.9066746235,"4":0.9584614635,"5":0.9699503779,"6":0.9558367729,"7":0.8999655843,"8":0.6111843586,"9":0.4691024423}}