{"polygon_x":{"0":[716.1015625,738.6154174805,760.51953125,783.0228881836,804.7407226562,826.7487182617,849.0624389648,871.1597290039,873.0407714844,851.0557861328,828.6166381836,806.6081542969,784.7387084961,762.4393920898,739.8342285156,717.0018310547],"1":[0.0617511347,12.7647342682,26.707277298,40.9485855103,54.741443634,69.2364044189,83.3335266113,96.8751831055,96.5159683228,82.3796539307,68.2671051025,54.0170173645,39.7376098633,26.3427619934,12.8051052094,0.0642171651],"2":[433.2139892578,459.2953796387,483.6669921875,506.7744750977,531.9057617188,556.2503662109,581.1762695312,604.2692871094,608.3280639648,581.5231933594,556.6524047852,531.3885498047,506.4463500977,482.2177429199,457.5784606934,432.0621948242],"3":[582.0623779297,608.5744628906,632.9139404297,656.1258544922,679.9536132812,704.3341674805,729.7314453125,754.8509521484,769.5980834961,740.8023681641,716.4478149414,691.3404541016,667.0591430664,643.6950073242,616.5179443359,593.0316772461],"4":[322.1174316406,353.2359619141,382.545501709,412.2856445312,442.5155029297,472.7119445801,503.178314209,534.9451904297,546.5111694336,513.9890136719,484.5738220215,454.8126525879,424.7663269043,394.0171813965,362.8480529785,333.2902832031],"5":[587.0690307617,618.0732421875,649.8842163086,681.4384765625,712.8374023438,744.2426757812,778.9674682617,811.6683349609,805.6759643555,772.7108764648,744.5729370117,712.5960083008,681.2647094727,649.6514282227,618.6212768555,588.1708984375],"6":[3.4533421993,19.9939727783,35.8286781311,51.5772781372,66.9018936157,82.1993179321,98.1119995117,114.1267776489,115.7658309937,100.0389251709,84.3959503174,68.5835571289,53.1759414673,37.4245796204,22.7024250031,4.7149443626]},"polygon_y":{"0":[471.8934936523,470.7029724121,469.6995239258,469.0461120605,468.3005371094,467.2974243164,465.7825012207,465.669708252,500.3053588867,500.8856811523,502.6227722168,504.2439575195,505.6278991699,506.7231445312,508.9598999023,510.0650634766],"1":[585.912902832,583.3654174805,583.3735961914,582.7306518555,581.8366088867,581.6389770508,582.4357299805,584.0256958008,618.9527587891,619.6912231445,620.6072387695,620.3405761719,620.6234130859,620.55859375,620.8828735352,620.9699707031],"2":[86.3737487793,86.5989074707,85.9049911499,85.8927230835,86.2084732056,85.9993133545,86.1183700562,87.3465499878,129.5730743408,130.3937988281,130.3135223389,131.0134124756,130.3333282471,130.561126709,129.6327972412,130.1276550293],"3":[407.6947937012,401.7103881836,395.3262939453,390.0376586914,384.5567321777,379.3867492676,372.9638671875,366.8884277344,405.4225769043,411.6434020996,416.4194030762,421.5945739746,427.4665222168,433.0646057129,439.2043151855,446.5631713867],"4":[475.8089904785,466.9826965332,459.1409606934,452.2143249512,444.9317321777,437.9393005371,430.1930236816,423.3627929688,462.1268615723,470.2130126953,477.5189208984,484.6753540039,492.6079101562,500.1470947266,507.9190368652,515.4372558594],"5":[401.7261047363,397.3756103516,392.3370666504,391.6643066406,393.3706665039,397.2672729492,399.641204834,399.3017883301,446.0346069336,443.4873046875,437.4292602539,432.6643676758,428.0674743652,432.9651489258,438.4934692383,443.3084411621],"6":[533.7677612305,533.3469848633,531.9399414062,530.7478027344,530.4360351562,528.7991943359,526.4840087891,524.934387207,569.6282958984,573.5275878906,575.9653320312,577.1127929688,578.3369140625,578.8966064453,578.9567871094,576.8535766602]},"text":{"0":"Cisterns","1":"rine","2":"TOMB","3":"WALL","4":"THIRD","5":"WALL","6":"Ijhh"},"score":{"0":0.9859461188,"1":0.9789507985,"2":0.9357343912,"3":0.9669082761,"4":0.9830160737,"5":0.9377362728,"6":0.8754273057}}