{"polygon_x":{"0":[357.7216186523,369.1116943359,380.995880127,392.2925109863,404.5034790039,416.5485839844,428.5621643066,439.9261474609,439.7276611328,427.9596557617,416.2945556641,404.4252929688,392.7155761719,380.8230285645,369.3126525879,357.3477478027],"1":[95.9497528076,107.1563949585,119.4856796265,131.7888336182,144.0188751221,156.351272583,168.0283050537,180.0263519287,180.0111846924,167.8946838379,156.0057678223,144.0989685059,132.022567749,119.8577880859,107.6288757324,95.6265182495]},"polygon_y":{"0":[591.8830566406,591.9071044922,591.7805175781,591.6638183594,591.6672973633,591.4104003906,591.522277832,591.3293457031,623.4663696289,623.2589111328,623.1553955078,623.1888427734,623.2525634766,623.4711303711,623.4827880859,623.5108032227],"1":[75.9295425415,76.6850662231,76.5677261353,76.4907531738,76.5781021118,75.7226257324,75.9051437378,76.7796707153,107.5985565186,107.9005584717,107.9814147949,108.2346343994,108.3657684326,108.5200424194,108.2529907227,108.2865982056]},"text":{"0":"2295","1":"2302"},"score":{"0":0.9768998623,"1":0.9735090733}}