{"polygon_x":{"0":[198.891784668,222.2378845215,245.2327880859,267.9582519531,290.6221008301,313.1961669922,335.7041625977,360.3650512695,361.5458984375,337.3885498047,312.4613952637,289.0490722656,266.4094543457,243.3658905029,220.0804290771,197.1083679199],"1":[579.3188476562,597.9963989258,615.3758544922,633.6051025391,651.2723388672,668.520690918,686.7385864258,705.5036621094,703.70703125,685.4261474609,667.8357543945,649.580871582,632.2255249023,614.0974121094,596.2963256836,577.8597412109]},"polygon_y":{"0":[131.4091186523,132.7667999268,133.1995849609,133.3543395996,132.7082061768,132.2882537842,131.2855224609,130.114074707,172.6201629639,173.0536346436,174.1708374023,174.1373596191,175.1230010986,175.3843688965,174.3274688721,172.9887542725],"1":[68.7482833862,70.0601119995,71.6176681519,71.7428436279,72.7758636475,74.5380859375,75.9589614868,76.868019104,111.5449829102,111.2939300537,110.882850647,110.4219055176,110.133934021,109.5449523926,109.4851379395,109.3896102905]},"text":{"0":"Trough","1":"Cove"},"score":{"0":0.9845282435,"1":0.9688953757}}