{"polygon_x":{"0":[740.5034179688,765.0670166016,787.6351318359,809.9696044922,833.1036987305,856.206237793,878.4735717773,903.4555664062,905.1101074219,881.5568847656,858.4917602539,835.0028076172,811.858581543,788.3557739258,765.4339599609,740.7978515625],"1":[665.3170166016,673.5975341797,680.9190673828,687.4168701172,693.8623046875,700.5067138672,706.3732910156,714.7796020508,680.6679077148,675.4459228516,669.9408569336,664.0464477539,657.6828613281,650.2894897461,643.3521118164,634.633972168],"2":[556.6657104492,581.5817260742,603.3453979492,626.1333007812,648.4545288086,669.8402709961,692.4460449219,712.4942626953,718.592956543,696.0400390625,672.4743041992,649.0831298828,627.1019287109,603.7403564453,582.7521972656,558.6577758789],"3":[413.8420715332,441.1734313965,468.2886657715,495.4370117188,522.7710571289,550.4633789062,577.9707641602,604.557434082,604.8245849609,576.5690307617,549.6058959961,521.6942138672,494.7563781738,467.3577270508,439.9195251465,412.8506164551]},"polygon_y":{"0":[664.0534667969,665.2149658203,666.6520996094,667.0982055664,665.985534668,665.3253173828,663.6655883789,661.9576416016,710.7938232422,712.7601928711,713.1881103516,713.3568725586,713.3889770508,713.6928710938,713.3928833008,712.2193603516],"1":[45.5945320129,63.6378059387,81.918838501,100.9081878662,118.0502090454,136.2252349854,154.2882537842,172.1454467773,185.1923828125,166.4521636963,148.6730804443,130.3317871094,112.7378463745,94.4032287598,76.9352416992,59.607509613],"2":[661.0110473633,663.2581176758,662.4624633789,661.7561035156,661.6057739258,662.6028442383,660.4440307617,661.8336791992,712.8789672852,714.6164550781,715.1600952148,715.2966918945,715.4709472656,715.2921142578,715.4139404297,714.3139648438],"3":[530.1532592773,529.7760009766,530.2229003906,530.7954711914,531.8617553711,533.0159301758,533.3791503906,534.669128418,572.390625,571.3736572266,571.5375976562,571.4783935547,571.1166381836,570.8184814453,571.0607910156,570.5231323242]},"text":{"0":"Ammld","1":"ROAD","2":"Babel","3":"Cisterns"},"score":{"0":0.9419558048,"1":0.9867296219,"2":0.8856033087,"3":0.9326420426}}