{"polygon_x":{"0":[587.0290527344,619.6791381836,653.1245727539,686.7418212891,719.9018554688,752.3171386719,784.5739135742,820.8130493164,826.130859375,790.6992797852,757.2130126953,724.8197631836,690.6323242188,657.2391357422,624.8153076172,592.194519043],"1":[212.3723144531,223.3733825684,234.000289917,245.2499694824,255.8587036133,266.8729858398,276.9223937988,288.7940673828,288.9197692871,277.452545166,266.4134521484,255.5623931885,245.3061065674,234.2779998779,223.1190338135,211.9109649658],"2":[370.892364502,386.1582641602,405.8475646973,424.7378540039,442.1866760254,460.4219970703,477.5608215332,496.9217834473,504.3565673828,483.5463256836,465.7826538086,449.2080078125,431.2203369141,413.0441589355,393.7879333496,385.6611938477],"3":[115.4268569946,134.5464630127,155.3282775879,175.2421112061,193.9105377197,213.8318634033,232.5012512207,252.0950317383,257.2808227539,239.1918182373,220.0755615234,200.4304504395,181.2937011719,162.1751708984,143.7805175781,124.3946151733],"4":[367.5028686523,387.0603637695,410.4378967285,431.887298584,455.0512390137,477.7555541992,502.2343444824,524.8840942383,521.3760986328,499.5374145508,475.6737060547,452.2843933105,430.2886657715,407.9073181152,384.7819824219,364.8456420898],"5":[313.899017334,313.4303588867,316.6112060547,318.9082641602,320.8545837402,321.8385620117,321.5935668945,321.6720581055,275.8493652344,274.2862548828,273.2590637207,272.9732666016,273.3641662598,274.2459106445,275.6554870605,274.8120422363],"6":[341.7152099609,365.2660522461,390.0061645508,415.0184326172,440.1042175293,465.8560180664,492.5184020996,521.279296875,531.7406005859,508.463684082,477.9554443359,451.2214355469,426.9432983398,400.5100708008,372.2822875977,348.2178039551],"7":[398.295135498,453.337097168,498.9992675781,558.059753418,607.4801025391,663.1196289062,714.1591796875,772.0885009766,776.0484008789,721.0513305664,670.8049316406,619.4746704102,571.611328125,519.1877441406,467.6835632324,418.9418945312]},"polygon_y":{"0":[592.1706542969,589.0241699219,585.959777832,582.6832885742,578.5439453125,574.4392700195,568.5598754883,564.9520263672,594.6788330078,600.3834228516,606.1889038086,610.3286132812,613.7152099609,616.559753418,620.2109985352,623.2767333984],"1":[601.4224853516,600.94921875,601.3788452148,601.6937866211,601.6618652344,602.2791748047,602.6416625977,602.5070800781,632.0186157227,630.1139526367,629.3631591797,629.6010131836,629.4844970703,629.1045532227,629.0177001953,629.7327270508],"2":[455.5192260742,452.2817382812,448.9637756348,446.2298583984,442.6315612793,439.2502441406,436.0810852051,433.4732971191,457.8974914551,461.7090148926,465.4615783691,468.6343688965,472.1407775879,475.0814208984,478.2797241211,479.0836486816],"3":[45.088306427,41.8254508972,37.7292366028,32.8981285095,28.3462352753,23.6943950653,19.4103946686,14.7365474701,41.4528541565,46.133808136,52.5422935486,57.5340766907,62.4581069946,68.4357833862,74.4768600464,80.7082901001],"4":[587.200012207,586.8232421875,587.5294799805,588.5197753906,588.9896240234,590.2944946289,592.0123291016,591.3579101562,624.986328125,624.7843017578,623.8712158203,622.8212280273,621.9431152344,620.7661132812,619.7266235352,619.1802368164],"5":[336.3303222656,339.1194763184,345.4951782227,351.6983947754,357.4794616699,362.130279541,368.2402954102,376.0016784668,387.6352844238,377.8186035156,371.2099304199,363.3517150879,356.7427978516,348.6895141602,340.680480957,334.7227783203],"6":[436.5114746094,431.7353820801,425.0905151367,419.2935180664,413.6047363281,407.9375,403.0174865723,396.7186889648,421.7790222168,427.1005859375,433.9830627441,439.4397888184,445.122467041,450.5957336426,456.4569702148,461.820098877],"7":[506.9389038086,506.7259521484,510.9848327637,509.0585632324,502.2302856445,489.9858093262,478.069732666,465.5623168945,541.9769897461,549.0848388672,552.6126098633,559.5316162109,565.4528198242,575.4294433594,580.2295532227,586.6208496094]},"text":{"0":"HYTTA","1":"NALY","2":"Church","3":"Cisterns","4":"BAB","5":"T","6":"EHPOTTER","7":"HOLA"},"score":{"0":0.9639528394,"1":0.9680287242,"2":0.9462190866,"3":0.9644105434,"4":0.6362326741,"5":0.5621140003,"6":0.7897729278,"7":0.517588675}}