{"polygon_x":{"0":[796.0140380859,817.0743408203,837.5845947266,858.6333618164,878.7318115234,899.0932006836,919.3336791992,937.9203491211,937.7997436523,918.444152832,898.2929077148,877.8634033203,857.397644043,836.9133911133,816.4126586914,795.3803710938],"1":[156.06199646,167.1609039307,178.8447723389,190.6767272949,202.1712799072,214.0205688477,225.0520935059,236.2293701172,236.3248596191,225.67137146,213.9346466064,201.964050293,190.6907348633,178.7048492432,167.2136230469,155.4087677002],"2":[256.9452209473,268.8658752441,281.0128479004,293.0934448242,305.2489318848,317.1846008301,329.0994567871,342.0816650391,341.3631286621,329.2032165527,317.0907287598,305.1286315918,293.1341247559,280.8528442383,268.9708862305,256.4501342773],"3":[763.4784545898,769.3424072266,774.991394043,781.2604370117,789.8040161133,800.1665649414,809.8001708984,819.6918945312,785.5164794922,774.6348876953,762.2061767578,749.6947631836,739.0328979492,731.2782592773,723.8690795898,714.6249389648],"4":[0.0277763959,12.7962503433,26.9364871979,40.6987686157,56.0158119202,70.0407409668,83.9437866211,99.8388900757,122.2832183838,106.865562439,91.2124786377,74.6568756104,60.825214386,46.6501541138,33.0255966187,17.9214363098],"5":[0.032756459,8.5656280518,18.0827980042,27.8014717102,38.1791763306,47.4828834534,57.1002578735,67.1949462891,83.6008148193,74.5259170532,64.4393234253,54.2527809143,45.1369018555,35.0695495605,25.1755390167,15.9811630249],"6":[835.5722045898,840.2827148438,843.9474487305,845.5944824219,848.4032592773,850.8020629883,852.9295654297,857.4292602539,822.1834106445,818.6447753906,814.4020385742,810.4353027344,805.4326171875,802.045715332,798.0479736328,792.7152099609],"7":[62.9047698975,75.0121002197,86.0379180908,96.7928009033,108.3457565308,119.1086425781,129.2422485352,140.5037078857,157.7891235352,147.181930542,136.5759124756,126.1010971069,114.2787704468,103.5038986206,93.8085250854,79.2637863159],"8":[301.5711975098,306.2392578125,312.9707641602,316.2276306152,318.8767700195,318.4715270996,319.9530334473,322.6215515137,269.6024169922,262.9645996094,256.5094604492,249.8421630859,245.8528900146,240.7337036133,239.0411224365,235.5648193359],"9":[437.8502807617,457.9379882812,480.6718139648,502.2747497559,523.5771484375,544.4923095703,566.7440185547,589.1834716797,589.6463012695,569.2992553711,544.8946533203,523.7686767578,501.7749633789,479.7562255859,458.5912475586,436.5472412109],"10":[774.9448242188,777.3970336914,781.5205078125,787.084777832,795.2146606445,802.4702148438,810.6463012695,815.7902832031,781.0458374023,776.2827758789,768.8260498047,761.643371582,753.9334106445,747.7650756836,742.2904663086,737.0831298828],"11":[874.4299316406,877.4924316406,880.9004516602,883.2445678711,884.9222412109,886.0310058594,886.9040527344,889.2007446289,849.3768920898,847.40625,843.3956298828,840.8891601562,837.2509155273,834.4614257812,831.4251098633,827.7734375],"12":[871.5380859375,870.1348266602,871.4343261719,872.4680786133,873.1329956055,873.5954589844,873.7369384766,872.9940185547,839.2036132812,840.8842163086,842.3753051758,841.7510375977,841.3441772461,841.2614135742,841.0646972656,839.7770385742],"13":[141.5971069336,144.6516265869,148.0887145996,151.778717041,155.3558502197,159.5328063965,163.6996307373,166.0009918213,166.9605865479,162.557434082,159.8507843018,156.4027404785,152.8372650146,149.4649200439,145.8911895752,142.9296417236]},"polygon_y":{"0":[223.6630249023,223.6999511719,224.8699493408,225.7502288818,226.0606689453,226.5812988281,228.5455627441,228.9688415527,266.8727722168,266.7903442383,267.0239562988,266.822265625,266.2320251465,266.2286071777,266.1705932617,265.8518676758],"1":[210.450088501,210.5306854248,210.3766784668,210.1119689941,210.3797149658,210.0174255371,209.5560150146,209.9200439453,241.2891998291,241.1638946533,241.2392578125,241.405380249,241.2577667236,241.4060058594,241.7510986328,241.2337188721],"2":[629.7606811523,629.6485595703,630.4214477539,629.9108886719,630.0372314453,629.9685668945,629.8181152344,629.7869262695,663.4016113281,663.6500244141,663.7921142578,663.7913208008,663.6772460938,663.81640625,664.0099487305,663.6385498047],"3":[365.2362060547,392.2418823242,419.5793457031,447.3200378418,474.9650268555,503.0329589844,529.5831298828,554.6343994141,567.7849121094,542.5789794922,513.1237792969,484.3803405762,457.0684509277,431.4253845215,402.1070556641,375.2078552246],"4":[530.4750976562,519.3426513672,509.5043334961,497.6678161621,487.6326904297,479.0350646973,470.0794067383,460.2902526855,492.000213623,501.3945922852,511.0100402832,522.18359375,532.3482666016,541.9903564453,552.4293823242,566.0302124023],"5":[591.6018676758,585.4834594727,580.5766601562,575.6253662109,570.3287963867,565.9003295898,561.1394042969,556.0073852539,586.416015625,592.4907226562,598.4099731445,603.9645385742,609.4318847656,614.9987182617,621.0475463867,626.7329101562],"6":[569.9567260742,581.1305541992,592.2068481445,602.323425293,612.5511474609,624.6613769531,636.8061523438,647.4323120117,657.204284668,646.1126708984,635.6468505859,624.0022583008,613.0150756836,602.4861450195,592.3532104492,581.2484130859],"7":[703.9172363281,699.5310058594,694.0842895508,689.0170288086,683.8549194336,678.0416870117,672.8909301758,665.2194824219,693.1373901367,700.9696655273,706.8287353516,711.0816650391,715.2443237305,716.3837280273,716.801940918,716.9826660156],"8":[174.1446228027,181.2548522949,188.6746826172,194.4402313232,201.4732666016,207.9075317383,216.2610168457,223.129776001,256.5757141113,250.0770874023,244.4112243652,238.6210327148,233.8800354004,226.8300018311,219.1889038086,204.7450561523],"9":[337.6591796875,336.7267456055,336.8659973145,337.2657470703,337.2461853027,338.2820129395,339.2281188965,338.7963256836,376.2594909668,376.2093811035,376.7500610352,377.1021118164,377.0033874512,377.1733093262,377.5610351562,376.9607543945],"10":[579.1934814453,596.9513549805,613.4105834961,631.1423950195,650.2650146484,666.9594116211,684.4822387695,703.8900146484,713.3439941406,695.1099243164,675.1118774414,656.7166748047,640.1488647461,622.7568359375,604.2319335938,584.5844116211],"11":[659.3945922852,668.8272705078,677.2145385742,684.1834106445,690.4451904297,697.5862426758,704.7427368164,715.3492431641,716.9470214844,712.3798828125,705.9064941406,698.7756958008,692.0376586914,685.6975097656,677.9934082031,671.8607177734],"12":[543.6585083008,544.8999023438,547.6272583008,550.2523803711,553.3070068359,557.276550293,561.3488769531,564.6597900391,567.5155639648,564.2093505859,561.6618652344,558.5828857422,554.5881958008,551.0697021484,548.2432250977,544.3265380859],"13":[305.8887634277,305.0424804688,304.7656555176,303.8171081543,302.4138793945,301.5688781738,302.1950073242,302.1236877441,329.6347045898,330.0400085449,330.1772155762,330.5202941895,331.0778503418,331.2143554688,330.9318237305,331.2936401367]},"text":{"0":"Cistert","1":"2621","2":"2619","3":"Hospice","4":"pice","5":"for","6":"for","7":"Kale","8":"E","9":"Cister","10":"Femiae","11":"Ti","12":"7","13":"9"},"score":{"0":0.9637692571,"1":0.9740086794,"2":0.9747564793,"3":0.9741337895,"4":0.979727149,"5":0.983366847,"6":0.9700359702,"7":0.973875165,"8":0.6123752594,"9":0.8640478849,"10":0.9725291133,"11":0.5541753173,"12":0.7658631206,"13":0.5296538472}}