{"polygon_x":{"0":[530.658996582,559.3450317383,588.8564453125,618.6585083008,647.971862793,677.4149169922,706.9498291016,736.3759155273,736.5275268555,706.717590332,677.2103881836,647.916015625,619.0255737305,588.9513549805,558.9110717773,529.0648803711]},"polygon_y":{"0":[377.8067016602,377.1072998047,377.4255371094,378.0845336914,378.5321044922,378.9452209473,379.3782348633,379.4823913574,423.8262939453,424.2328796387,424.7426147461,424.9375305176,425.0957336426,425.3545227051,425.447845459,425.0530090332]},"text":{"0":"Cisterns"},"score":{"0":0.9721621275}}