{"polygon_x":{"0":[662.6245727539,668.555847168,675.7032470703,682.3225708008,688.5673828125,695.4848022461,701.8079223633,708.6119995117,700.4621582031,693.4981689453,686.6251831055,680.7338256836,675.1602783203,668.8359985352,662.1064453125,654.9754638672],"1":[499.641204834,505.7646484375,513.0469970703,519.3968505859,525.6913452148,532.3930664062,538.8756713867,545.3534545898,537.9635009766,531.3546142578,524.9210205078,518.5911254883,513.2111206055,507.1716918945,500.0808410645,492.4926452637],"2":[824.509765625,833.3380737305,840.9215087891,848.854309082,856.2769775391,864.3126220703,872.5640869141,880.6244506836,875.8123779297,867.2319946289,859.5161743164,850.9945678711,843.8389282227,835.7198486328,828.3713378906,818.8208007812],"3":[1.6606105566,13.4709835052,24.6495094299,36.4880485535,48.0132217407,59.2155838013,70.7986679077,82.2705459595,83.2180633545,71.2997055054,60.1036071777,48.3297653198,36.0728378296,24.5674629211,12.7910509109,0.7814468145],"4":[77.99168396,92.386932373,105.4233398438,122.7735290527,139.2933807373,156.075088501,171.2138671875,186.4683685303,154.8855285645,136.9260406494,121.3713150024,106.1251907349,90.2183837891,72.740272522,56.0522537231,39.3354110718],"5":[343.4215393066,354.733001709,364.8198852539,375.8157958984,385.8750915527,397.2987060547,406.0727539062,416.902130127,399.3059692383,387.7400512695,375.6518554688,364.475769043,352.1536560059,340.5520629883,330.0328063965,319.4083862305]},"polygon_y":{"0":[600.0702514648,599.8810424805,600.3695068359,600.8358154297,601.1878662109,601.0454711914,601.7357788086,602.764465332,659.8018188477,659.8890991211,659.8497314453,659.4522705078,659.0638427734,659.2491455078,659.7894287109,660.0805664062],"1":[601.4810791016,601.4051513672,602.0670776367,602.5849609375,603.0197753906,603.1200561523,603.6229858398,604.2857666016,658.8843994141,658.8935546875,658.9118041992,658.5435180664,658.1187133789,658.1502075195,658.3439941406,658.5401000977],"2":[600.2891235352,599.0668945312,598.966796875,598.907043457,598.9016113281,598.5813598633,598.3941650391,598.0641479492,661.9175415039,661.71484375,661.6052856445,661.1325073242,661.0241699219,661.4420776367,661.6951904297,662.5095214844],"3":[262.6816101074,262.674041748,262.3226013184,261.5109863281,261.6828613281,261.8009033203,261.8679504395,262.3139648438,293.0088806152,292.5113220215,292.1397399902,292.3485107422,292.1637878418,292.9613647461,292.9409484863,292.7721862793],"4":[316.1160888672,344.4524841309,375.1452026367,406.0098876953,437.7383728027,471.2886047363,498.7854003906,529.9884033203,546.1087646484,516.6583251953,487.0342102051,456.0573425293,425.0971069336,394.9147949219,364.5964660645,336.0430603027],"5":[568.5994873047,570.9907836914,573.3215942383,575.6823730469,578.1264038086,579.8364257812,581.8121337891,582.8052368164,670.7165527344,669.1839599609,667.7578125,666.9515991211,667.1288452148,666.0731811523,664.8896484375,665.6735839844]},"text":{"0":"S","1":"S","2":"Y","3":"ern","4":"Constlate","5":"A"},"score":{"0":0.9828099012,"1":0.9741355181,"2":0.9794848561,"3":0.5651307106,"4":0.9785997272,"5":0.8655570149}}