{"polygon_x":{"0":[816.3862304688,833.9705200195,851.6723022461,869.2215576172,886.1190185547,903.3782348633,920.48046875,936.8065185547,936.8670654297,921.1620483398,904.0646362305,886.2208251953,869.369140625,851.9346313477,834.4890136719,816.6705932617],"1":[787.6877441406,804.1475219727,821.4545288086,838.9516601562,855.8534545898,873.5524902344,891.5441894531,909.1542358398,913.3465576172,896.267578125,878.6242675781,861.5493164062,844.6047973633,828.0104370117,810.2963867188,793.7554931641],"2":[135.4864196777,147.4861602783,159.6254730225,171.7685241699,183.665435791,195.9185180664,208.5729064941,221.9520263672,226.2637481689,214.3228759766,202.0905914307,189.8561859131,177.733581543,165.1686248779,152.736907959,140.6404876709],"3":[788.9086303711,810.3229980469,832.0524291992,853.9276123047,874.6745605469,895.8481445312,916.4438476562,936.6484375,936.9837646484,919.1975097656,899.5383300781,878.4376220703,857.7424926758,836.2727050781,815.7584838867,793.4176635742],"4":[281.8953857422,288.4420166016,294.9161071777,300.4380187988,305.5676269531,310.9894104004,317.8114013672,324.6371459961,332.9933776855,327.3314208984,320.9461669922,314.6028747559,308.6645202637,302.2215881348,295.848449707,288.8089904785],"5":[1.1059120893,18.1038169861,34.577457428,51.279335022,67.8347015381,84.1346740723,99.9409255981,116.5180053711,121.0528717041,104.7695007324,87.9640197754,71.7192764282,55.1123466492,38.0822486877,21.5865306854,3.9913547039],"6":[342.9491271973,347.6427307129,353.1566162109,358.267578125,363.1983642578,368.2671508789,373.8128662109,380.4111328125,392.5917663574,386.7791442871,381.4353027344,376.0780944824,370.8056335449,365.5935974121,359.9255371094,353.9936523438],"7":[50.2110290527,60.8460273743,71.1434783936,81.1501693726,90.8501663208,100.8957061768,111.370765686,122.8687591553,127.5366973877,116.3842086792,106.4060592651,96.1343078613,86.1082305908,75.4519119263,65.7975311279,54.7498245239],"8":[156.5286102295,173.5324554443,190.3472595215,208.1729278564,224.7971954346,241.2519683838,258.2298583984,275.8625488281,280.6343994141,263.8371582031,246.3982391357,229.478729248,213.0993347168,195.9084014893,178.7208709717,161.8441314697],"9":[394.0685424805,399.7355651855,404.7950134277,410.3386535645,414.9228210449,419.8487243652,425.8859863281,431.4850769043,440.3340759277,434.0381774902,428.6377258301,423.5084533691,418.2102050781,412.5395202637,407.0671081543,400.8661193848],"10":[765.5883178711,789.043762207,811.9703979492,835.4282836914,859.8323364258,884.0629882812,908.8259887695,931.6589355469,936.4008789062,913.1566162109,889.2609863281,865.3887329102,841.2930297852,817.4497070312,794.5963745117,769.8250732422],"11":[242.0444793701,264.6313171387,286.8762207031,309.8563842773,331.8338623047,353.1714172363,374.6365661621,399.0239562988,406.2511901855,381.0692749023,358.8055114746,336.6696777344,314.6473693848,292.2965698242,269.5933837891,247.2593994141],"12":[754.6333618164,780.1239624023,804.7958374023,830.2491455078,856.0950317383,882.2794799805,907.3800048828,933.8237915039,936.696472168,912.2856445312,886.1096191406,860.8636474609,834.9108276367,809.3773803711,784.1923828125,758.4380493164],"13":[4.7373867035,10.3316698074,16.484544754,22.7277317047,28.6106529236,34.74451828,41.2179718018,47.5120887756,51.1377334595,45.5251655579,39.3099212646,33.0995407104,27.0349578857,20.2870082855,13.6448144913,7.3940405846],"14":[564.0700683594,593.2295532227,620.4814453125,649.016418457,677.3321533203,705.0735473633,733.3941650391,760.3490600586,765.9073486328,738.4979248047,710.1159057617,682.0212402344,653.6967773438,626.3553466797,597.7279663086,570.2789306641],"15":[732.9361572266,739.5536499023,746.1274414062,752.9818115234,759.4803466797,766.5268554688,773.4798583984,781.2759399414,783.8559570312,777.696105957,770.3876953125,762.6793212891,756.1585083008,750.0910644531,743.4260253906,736.409362793],"16":[607.6580200195,629.4716186523,648.6656494141,668.3820800781,688.5645141602,707.9483032227,726.9420776367,746.5014038086,750.376953125,731.4485473633,711.8646240234,691.0649414062,672.0588378906,651.4991455078,632.6813964844,613.7451782227],"17":[32.6878471375,34.3852233887,36.1654090881,38.3386039734,40.6782836914,42.4405212402,43.4376182556,44.9161758423,15.1488876343,15.0300827026,13.7712669373,12.0246114731,10.2988004684,9.1817436218,7.4870452881,4.7366518974],"18":[488.9854736328,510.9844360352,534.1577148438,556.9709472656,579.5661010742,601.3989868164,622.1158447266,646.4989013672,652.0372314453,628.1483764648,606.4155273438,584.4033203125,561.9221191406,538.5279541016,514.1912841797,494.9872741699],"19":[85.5907211304,105.7172546387,124.1888046265,141.9208679199,159.6585235596,177.9658203125,195.4134674072,216.0839233398,227.2087860107,208.9199981689,190.3707122803,170.4518890381,151.0945587158,131.682510376,112.7524414062,91.4855728149],"20":[687.4916381836,699.6132202148,711.30078125,723.4080810547,734.4118041992,746.1585693359,757.5413818359,771.1989135742,776.2669677734,765.0235595703,753.1491088867,741.2231445312,729.0264282227,717.1675415039,705.1115722656,692.8317260742],"21":[7.8446011543,10.6227254868,12.6848487854,15.773645401,17.8947181702,21.5610980988,25.8638420105,31.8511657715,36.5797424316,33.7565231323,32.1330299377,29.0180892944,25.4797916412,20.3730297089,15.4017877579,9.7642450333],"22":[35.1588363647,38.9359893799,41.5563850403,43.4440994263,46.4232139587,48.2650527954,51.0593757629,54.0010147095,27.9253768921,26.0924777985,24.0924892426,21.1831970215,18.0234622955,15.9062566757,13.8928413391,10.4633159637],"23":[785.8411254883,801.4727783203,816.0714111328,831.0677490234,846.0599975586,861.5677490234,876.9705810547,892.0926513672,899.807434082,884.2807617188,868.2141113281,852.3492431641,836.7194824219,821.1256103516,805.8434448242,789.6286621094],"24":[109.5855407715,135.7592926025,161.8747711182,188.8841552734,215.6216125488,242.7062225342,269.5052490234,295.2415161133,304.1136169434,276.5198059082,249.4730987549,222.0585327148,195.5842132568,168.9821929932,142.5110473633,115.9824829102],"25":[50.9107055664,68.168182373,82.765335083,97.979057312,113.3279418945,129.9732666016,145.7487030029,158.3947753906,164.1394348145,149.7379760742,132.7362213135,117.9688949585,102.7545394897,87.4925308228,73.3553924561,57.046497345],"26":[174.6075897217,189.2155609131,201.588760376,213.5839538574,225.6243743896,237.8195648193,250.317199707,263.7239990234,267.8835754395,254.4276733398,242.2466888428,229.9219055176,217.6548309326,204.5720825195,191.793258667,179.0229797363],"27":[291.5526733398,306.7784729004,324.3407897949,343.5568847656,358.5364074707,375.8151855469,390.8651123047,408.1415710449,411.6513977051,396.3761901855,380.2621459961,363.8635559082,347.6582641602,331.5890808105,315.5856018066,301.9073791504],"28":[452.0719909668,490.5729064941,537.4956054688,576.1743774414,612.6546020508,646.8040161133,683.8293457031,712.9503173828,719.6035766602,687.6225585938,658.9457397461,617.7330932617,578.7340087891,536.4809570312,497.5650024414,461.9194946289],"29":[469.2844543457,473.6575927734,476.3267822266,480.9534912109,485.8717346191,490.4829711914,495.8557434082,501.3839111328,473.5073242188,470.2713623047,465.9256896973,461.6461181641,456.4721984863,451.9339294434,447.5176391602,442.8575134277],"30":[418.2075500488,424.0470275879,429.6049194336,435.3698120117,440.8634033203,446.6381225586,452.9102783203,458.4399414062,459.5672607422,453.9076843262,448.5376586914,443.1438293457,437.8313598633,432.7197875977,426.7934875488,420.8802185059],"31":[210.7587585449,222.9794769287,255.7011413574,287.3037719727,320.0041503906,351.0469970703,376.0520935059,403.8359680176,411.7570495605,384.6114501953,353.9176940918,325.6999511719,295.0026245117,265.7801513672,231.0179290771,207.2699279785],