{"polygon_x":{"0":[624.7888793945,653.1118774414,682.9352416992,713.1517944336,744.1095581055,773.7223510742,804.2622680664,833.1068115234,832.598449707,802.6576538086,773.2404785156,743.8840332031,713.7215576172,683.3363037109,652.9650878906,623.3875732422]},"polygon_y":{"0":[73.7967300415,74.4351959229,74.8611068726,74.6288757324,75.7277832031,77.8218765259,76.6243896484,77.6742706299,120.0552978516,119.304145813,119.6498565674,120.0184707642,120.1853790283,120.5016021729,120.6523666382,121.4384841919]},"text":{"0":"Cisterns"},"score":{"0":0.9481623173}}