{"polygon_x":{"0":[316.0010070801,321.2100524902,325.8266601562,331.143157959,337.7862548828,345.5270690918,353.9593200684,365.4875488281,333.341583252,320.572845459,310.2278137207,301.5370178223,293.6865844727,285.9766235352,279.4915771484,272.0606079102],"1":[376.5574951172,382.1966552734,386.1015319824,391.0139770508,395.5263366699,400.5876159668,406.638092041,412.237701416,372.0648803711,369.1566162109,363.9636535645,359.3348693848,353.4820861816,347.8744812012,342.5461120605,336.733215332],"2":[564.5420532227,577.0725708008,589.9287109375,602.7037353516,615.4982910156,628.5606689453,641.3952026367,653.6669311523,653.5444335938,640.9821166992,628.3952636719,615.479675293,602.5301513672,589.1560668945,576.5642089844,563.4647827148],"3":[557.0467529297,568.0822753906,578.8270263672,589.0482177734,598.9095458984,609.0181884766,619.3879394531,630.0582885742,629.4199829102,618.3999633789,607.5643920898,596.5936889648,586.2637329102,575.5835571289,565.0524291992,554.0325317383],"4":[660.1709594727,685.1212768555,709.6314697266,734.7286376953,759.0042724609,783.0336914062,807.6002197266,830.8951416016,833.0349731445,809.2784423828,784.2534790039,758.919128418,734.5012817383,708.9708251953,684.2617797852,659.2738647461],"5":[721.1555786133,733.6633300781,746.6992797852,760.2378540039,773.9596557617,787.3120727539,800.0114135742,812.3016357422,814.2548217773,800.5123901367,787.5302734375,773.6890869141,760.4669189453,746.8656005859,734.0012207031,720.1706542969],"6":[384.1412353516,398.2560424805,411.0009765625,422.9858093262,434.4043884277,446.4860229492,457.9805297852,469.9871826172,466.7473754883,453.1471252441,440.9392089844,430.147644043,418.0028686523,406.211151123,394.3065185547,381.2403564453],"7":[748.7435913086,755.6390380859,762.2495117188,769.0347290039,774.7632446289,781.8150024414,788.0665893555,794.8364868164,786.1186523438,780.178527832,772.7973632812,766.4153442383,760.356262207,754.3687744141,748.3594360352,740.8009033203]},"polygon_y":{"0":[460.3175354004,482.4754943848,504.3525085449,526.9782714844,548.7093505859,569.4436645508,591.9102172852,617.4075317383,633.2723999023,609.3670654297,586.3712158203,562.4763183594,539.8697509766,516.2073364258,494.3721923828,471.3365478516],"1":[617.8619995117,633.1610717773,644.6361694336,658.6580810547,671.2922973633,682.624206543,695.3671264648,707.3131713867,716.9928588867,708.6918334961,697.143737793,683.9500732422,672.1071166992,660.4370727539,649.4600219727,637.3341674805],"2":[434.6731567383,433.7063293457,433.4141540527,433.3235168457,433.755279541,433.544128418,433.2016601562,433.3473815918,478.000793457,477.8500366211,477.8449707031,477.3704528809,477.7839660645,478.3448791504,477.9724731445,478.2942810059],"3":[594.3372192383,594.2501220703,594.1801147461,594.3169555664,594.6520996094,595.2731933594,595.7443237305,596.4987182617,649.450012207,650.6063842773,650.9848022461,650.783203125,650.440246582,650.3085327148,650.1608886719,651.1846313477],"4":[431.796081543,431.8848266602,432.7071838379,433.1907043457,433.1276245117,433.2596130371,435.1955566406,434.2637939453,477.2296142578,477.3636169434,478.393737793,478.2936401367,478.3081359863,478.3356018066,478.533996582,478.3469543457],"5":[0.0587473586,0.1697600335,0.1628914773,0.1015748307,0.1022986844,0.0804710835,0.0987766087,0.0465838611,27.4818401337,27.6885433197,26.4295730591,27.0882415771,26.9004135132,26.8422698975,27.4138126373,28.14727211],"6":[594.1106567383,594.6239013672,595.794128418,595.9403686523,595.2693481445,594.9940185547,596.572265625,596.7211914062,652.3021240234,652.7716064453,652.6485595703,651.7450561523,651.6021728516,652.778503418,652.8510742188,651.612487793],"7":[590.713684082,590.3170166016,591.262512207,591.8764038086,592.2396850586,592.3991088867,592.8727416992,593.9078369141,645.7722167969,645.6797485352,645.1617431641,644.77734375,644.2000732422,644.1178588867,644.0545043945,644.1030273438]},"text":{"0":"Russian","1":"Trop","2":"Old","3":"Hu","4":"Cistern","5":"2479","6":"C","7":"S"},"score":{"0":0.9867511988,"1":0.9821603298,"2":0.9812036157,"3":0.9352154732,"4":0.9725349545,"5":0.7781415582,"6":0.983387053,"7":0.9732813835}}