{"polygon_x":{"0":[630.1947631836,647.1689453125,663.2935791016,678.2646484375,694.0775146484,709.5093383789,725.0020751953,739.9705200195,756.2413330078,741.1664428711,727.5326538086,712.9307250977,698.1373291016,681.8779907227,666.1712646484,653.5974121094],"1":[389.3255004883,405.6943969727,422.2317504883,438.7030029297,455.2328796387,471.3486022949,488.2431640625,504.0275878906,505.7272644043,489.5016174316,472.8407287598,455.9904785156,439.3113708496,422.3466796875,406.0352172852,389.2116088867],"2":[551.0895996094,560.2260131836,570.4777832031,580.4400634766,590.5079956055,600.8870849609,610.5393066406,621.4548950195,640.0138549805,629.496887207,619.3798828125,608.9791259766,598.2042236328,587.0935668945,576.5919189453,567.0640869141],"3":[813.5371704102,822.9831542969,831.6278076172,840.6716308594,849.9387207031,858.8208007812,867.9766235352,877.5485839844,883.8479614258,875.5778808594,866.767578125,857.206237793,848.0938110352,839.0886230469,829.875793457,820.2761230469],"4":[293.1377563477,305.8622131348,319.1625976562,331.9307861328,344.9893493652,358.0578613281,370.6335144043,383.2772827148,383.880279541,370.756439209,357.9900817871,345.1766662598,332.3821105957,319.0504455566,306.2463989258,293.0408935547],"5":[595.1657714844,604.4305419922,613.2491455078,621.9357910156,630.7075805664,640.8838500977,648.4774780273,655.9556274414,675.9266357422,665.5602416992,658.6459960938,649.7194213867,639.9322509766,630.8562011719,622.4439697266,615.1689453125],"6":[96.7358703613,112.7208862305,127.0089263916,140.0032196045,154.2272186279,170.6527252197,183.604675293,199.2685394287,226.34375,212.3388214111,198.0161743164,184.3561553955,169.3548278809,154.5444488525,141.161529541,126.1932678223],"7":[690.7734375,696.3428955078,701.7890014648,706.9731445312,711.6105957031,717.1110839844,722.7907714844,728.7611694336,733.9611816406,729.3030395508,723.2421875,718.0094604492,712.5062866211,707.2711791992,702.3550415039,696.2095947266],"8":[307.7304077148,317.7610473633,327.8847351074,337.2604675293,347.5590515137,355.1320800781,365.1745300293,375.2783203125,391.5129699707,382.4272766113,372.2313537598,363.4133911133,354.2384643555,344.361541748,337.0661010742,326.3949890137],"9":[728.3496704102,721.2015380859,718.5731811523,714.4736328125,711.9064941406,709.0561523438,707.251953125,705.7841186523,735.6026000977,739.1232910156,743.831237793,746.0968017578,748.2938232422,750.5574951172,752.6887207031,754.5404052734],"10":[114.1356124878,128.4665374756,142.3100738525,156.5253295898,170.7333831787,184.9728240967,199.0182342529,215.4304199219,216.2354278564,200.1923370361,185.9106750488,171.6395721436,157.5169067383,143.1978149414,129.2507476807,114.7289810181],"11":[52.8722496033,99.3927383423,143.968460083,189.4521789551,233.5910339355,275.6789245605,319.3494262695,360.9370727539,366.8187866211,324.4911499023,278.7350463867,232.7887878418,187.8383789062,142.2153015137,98.3113479614,52.4708518982],"12":[280.71484375,300.9459533691,321.3603820801,341.5268859863,361.36328125,381.7112731934,401.1539611816,423.0060424805,444.4463195801,423.7125549316,403.2074279785,382.8524780273,362.9514160156,340.540435791,320.0611572266,297.7814941406],"13":[575.0278320312,587.1018676758,599.3132324219,611.5587768555,625.524230957,636.729309082,649.0924682617,663.3639526367,667.1386108398,651.7341918945,639.9680786133,628.0443115234,616.45703125,603.4759521484,590.6192016602,578.3038330078],"14":[534.498840332,571.1793212891,608.4561767578,645.1619873047,680.3402709961,715.2219848633,749.2369995117,779.8608398438,782.1700439453,747.5768432617,711.7568359375,677.766784668,641.7487792969,606.3856201172,570.6290283203,534.6877441406],"15":[685.0268554688,702.0316162109,718.7623901367,736.9708251953,754.1307983398,771.2886352539,787.5643310547,804.921081543,810.1954345703,793.7661743164,775.9100341797,759.1853637695,740.8843994141,723.5056152344,705.7397460938,690.1981201172],"16":[795.7734985352,812.7039794922,828.0030517578,843.2802734375,857.9444580078,871.6126708984,885.8010253906,901.3451538086,902.6390380859,887.5491333008,873.1315917969,858.1998291016,843.1644897461,828.1412963867,811.2430419922,798.6352539062],"17":[496.6087646484,515.2049560547,542.9956665039,572.3276977539,601.9694213867,627.6580200195,654.5412597656,677.0368041992,753.1870727539,723.2320556641,698.1390380859,667.5545654297,639.0836791992,616.3110351562,589.7825927734,569.0258178711],"18":[730.7677001953,756.3493041992,784.1566162109,810.5478515625,835.7539672852,861.8945922852,887.7828979492,916.3698120117,923.8759765625,894.3526611328,868.3804321289,842.7950439453,817.591003418,790.6998291016,763.5238037109,736.5197143555]},"polygon_y":{"0":[337.2022399902,320.3424072266,306.5540466309,291.9194335938,276.948425293,263.1354675293,249.100769043,235.7607727051,250.6046295166,266.3109130859,279.6156311035,293.5343322754,307.8749084473,322.0877380371,336.7971191406,351.718963623],"1":[374.1123046875,373.5285339355,373.5253601074,373.303894043,373.2070007324,372.571472168,372.0828552246,372.5031433105,401.4298706055,401.9490966797,402.072052002,401.8340148926,402.1408081055,402.2342529297,402.6614074707,403.1444396973],"2":[407.3593444824,397.9780883789,388.9320678711,379.8784484863,371.1079101562,362.0177307129,352.5595397949,343.1118164062,360.6666870117,370.0661315918,378.9393005371,388.2209472656,398.3272399902,407.5515136719,417.0052185059,426.4838256836],"3":[478.6080627441,477.8743286133,476.8807678223,474.5463867188,472.5418701172,470.6853942871,469.3737487793,466.9614562988,492.1352233887,494.3358764648,496.9873657227,498.8453063965,501.1490478516,503.5053100586,505.8293151855,507.3080444336],"4":[375.3418579102,375.2776489258,374.987121582,374.5130004883,374.1928710938,373.8190612793,373.5141601562,373.3004455566,403.2604675293,403.3068847656,403.4708557129,403.499786377,403.6407165527,403.2697753906,404.0180053711,403.9081420898],"5":[326.8208007812,319.9873352051,313.1833496094,306.3534851074,298.6895141602,291.1736450195,285.1504211426,277.7147216797,286.3991699219,298.3486938477,305.7692871094,313.8428344727,321.7151489258,328.8603515625,336.357635498,343.8656921387],"6":[692.8366699219,679.6381835938,666.2557373047,655.0473022461,642.775390625,630.0158081055,618.0877685547,605.40625,628.6361083984,643.0798950195,655.8869628906,668.2655639648,681.4613647461,694.1148071289,705.401550293,716.8817138672],"7":[481.7743225098,480.158996582,479.019317627,477.681060791,476.3061828613,474.8288269043,473.4847106934,472.3406066895,497.4630737305,499.2500305176,500.0159301758,501.1789550781,502.3410339355,503.6200866699,504.8802185059,506.2650756836],"8":[699.4443969727,689.0167236328,678.8963012695,670.3580322266,662.8378295898,655.6482543945,647.092956543,640.3359375,662.5667724609,672.235534668,680.3051757812,688.3781738281,696.6539306641,704.7799072266,711.7838134766,716.9859008789],"9":[704.283203125,683.5473022461,662.2533569336,640.4045410156,623.7701416016,604.1696166992,585.1134643555,569.0228881836,565.8596801758,583.5788574219,602.4274291992,621.389831543,636.075378418,652.4906005859,668.8527832031,687.6675415039],"10":[560.0838012695,559.5230102539,559.6669311523,558.6786499023,558.3591918945,557.9423828125,557.3557739258,557.2999267578,592.7991943359,592.9715576172,593.4255371094,594.1422119141,594.5025634766,594.7537231445,594.6876220703,594.4138183594],"11":[100.492729187,103.5467605591,104.8676605225,105.8224639893,107.2857131958,107.6209259033,106.6948852539,106.4472045898,152.7436828613,153.0039672852,153.2227935791,152.3484954834,151.5395355225,150.4624786377,150.7217712402,149.4133453369],"12":[676.8936157227,658.5620117188,639.994140625,621.8857421875,605.0565795898,586.4343261719,569.8503417969,550.0181274414,572.5449829102,592.0971679688,609.5963134766,627.3140869141,644.657043457,662.9739990234,680.1082763672,698.0926513672],