{"polygon_x":{"0":[305.8870849609,321.5396118164,337.6295776367,354.2475585938,370.2398071289,386.1161499023,402.5856323242,419.0189208984,419.0469360352,401.833190918,386.3881225586,370.2951660156,355.1116638184,338.7512207031,323.2607727051,306.7989807129],"1":[271.6360473633,283.1554870605,294.6628417969,305.7031860352,317.3843383789,329.0441894531,340.4338989258,352.1513977051,352.1558532715,341.0682373047,329.6322021484,318.2033996582,306.6118774414,294.9164733887,283.8338012695,272.2117614746],"2":[545.8312988281,557.3991699219,569.2048950195,581.0469360352,593.4005126953,605.7188110352,617.7788696289,629.1853637695,628.9245605469,617.729675293,605.6488647461,593.2440795898,581.2111206055,569.0637817383,557.4401855469,545.0326538086],"3":[53.2891311646,74.4334411621,95.0531692505,115.1021270752,135.8595581055,155.8788909912,175.7413787842,195.1024627686,196.5310058594,176.2059936523,156.5337371826,135.9901733398,115.4665298462,95.7709579468,74.1839752197,54.0717773438],"4":[233.9764556885,238.8865814209,243.064666748,245.475769043,249.9194335938,254.1582794189,258.8628845215,263.4344177246,328.8192443848,327.2736816406,323.7243347168,320.3155212402,315.6824951172,309.921081543,303.7584838867,298.4364929199],"5":[201.6240692139,209.7654266357,215.6443481445,221.6171264648,228.1788482666,235.1994781494,242.0767669678,247.8618164062,244.6920623779,240.56690979,233.348526001,226.5699005127,220.1966552734,214.0569915771,208.4270935059,202.3522949219],"6":[245.0633392334,255.5788269043,264.7213439941,273.561340332,283.0942993164,291.3735656738,300.3229980469,310.583404541,309.8112487793,301.9897766113,292.3604125977,283.0062561035,273.8164978027,264.4950866699,254.999130249,244.873336792]},"polygon_y":{"0":[670.4266357422,670.8672485352,670.6412963867,670.5602416992,670.549987793,670.5328369141,670.2327270508,669.3187255859,713.5972290039,715.4231567383,715.518737793,715.1331787109,714.7777099609,715.1081542969,715.1217041016,713.7998657227],"1":[617.6331176758,616.9196777344,616.9456176758,616.422668457,616.3733520508,616.2241821289,616.0240478516,615.2604370117,647.0130004883,647.0896606445,647.1467895508,647.4010620117,647.6254882812,648.1279296875,648.3415527344,648.4277954102],"2":[360.3225402832,359.9544677734,360.2303161621,359.9725036621,359.9873657227,359.8903503418,359.7406311035,359.6181335449,393.867767334,394.0434265137,393.8250732422,393.4119873047,393.4332275391,394.0166625977,394.4582214355,395.2255554199],"3":[672.9909667969,673.1484985352,674.1575317383,673.3551635742,673.3051757812,672.6233520508,672.1483154297,672.5619506836,713.6720581055,714.3427124023,714.8541870117,714.7068481445,714.9683227539,715.1019897461,715.0251464844,714.6947021484],"4":[351.3211364746,341.5486450195,335.4333496094,328.0489807129,318.966583252,309.9734191895,300.0741882324,289.9476928711,317.1097106934,327.0845336914,334.977722168,340.9725036621,350.5346679688,361.1765441895,370.1219177246,378.7951965332],"5":[674.5409545898,673.0118408203,672.1704711914,671.7650146484,671.4380493164,671.1207275391,671.1666259766,671.5311889648,713.4932861328,714.7160644531,715.2030029297,715.2645263672,715.2467041016,715.2231445312,715.1597900391,714.6242675781],"6":[672.4908447266,670.9317626953,670.6138305664,670.2613525391,670.4605712891,670.3048706055,670.9078369141,672.210144043,713.8093261719,714.9404907227,715.2746582031,715.146484375,715.0257568359,714.6792602539,714.4379882812,713.2624511719]},"text":{"0":"Tomb","1":"2279","2":"2281","3":"Church","4":"E","5":"of","6":"the"},"score":{"0":0.9866551161,"1":0.9732744694,"2":0.9627270699,"3":0.9732868075,"4":0.5737662911,"5":0.9676651359,"6":0.9601105452}}