{"polygon_x":{"0":[777.6282958984,789.063293457,799.8503417969,810.717590332,821.2648925781,831.7905273438,842.8072509766,854.233215332,862.0607910156,850.7874145508,840.0140991211,828.5111083984,817.5723266602,806.2939453125,795.5355834961,783.9696655273],"1":[502.9664001465,515.0299072266,526.5955810547,538.0217895508,549.5411376953,560.6267700195,572.8170776367,586.2143554688,595.8137817383,584.4928588867,572.3137817383,559.2550048828,547.9271240234,535.8747558594,523.2624511719,510.465423584],"2":[722.2952880859,728.7924804688,735.5715942383,742.1658935547,748.4860839844,755.3295898438,762.1885986328,769.6021728516,772.7299194336,765.8118286133,759.0228271484,752.1393432617,745.6560668945,738.9561157227,732.4602661133,725.2937011719],"3":[96.092124939,110.4436721802,124.6652526855,138.9151916504,152.8378753662,166.710144043,181.2587738037,196.357131958,196.8162536621,181.8083648682,167.7850646973,153.5826416016,139.1875,124.7706604004,110.8271789551,96.2105255127],"4":[529.3263549805,551.2548217773,572.7700195312,594.0832519531,615.1986694336,636.307800293,657.5556640625,679.5887451172,679.5864868164,657.1789550781,636.2079467773,614.4722900391,593.1184692383,571.6584472656,550.1090087891,528.3148803711],"5":[740.7626342773,749.9544067383,763.5327148438,784.7328491211,805.1983032227,826.8054199219,847.2399902344,870.1585693359,875.7182617188,854.0475463867,832.266784668,811.8053588867,791.0082397461,771.2323608398,751.2770385742,745.7154541016],"6":[881.2494506836,888.8025512695,897.0366210938,905.1198730469,913.0491943359,921.0064086914,929.1795654297,936.7286376953,936.4202880859,927.9151000977,920.2670898438,912.3610229492,904.5916748047,896.9371948242,888.9869995117,880.3726806641],"7":[0.2272166014,6.6671075821,12.9600791931,19.5038089752,26.0144329071,32.5335388184,38.8243179321,45.6453285217,46.0234031677,39.1274528503,32.4163551331,26.0603141785,19.683631897,13.1980171204,6.780330658,0.2882697582],"8":[682.9479980469,688.8958129883,694.2860717773,699.9472045898,705.6485595703,712.1135864258,717.9415283203,723.8717651367,722.7582397461,716.5969238281,710.7643432617,704.917175293,699.3520507812,693.4954833984,688.495300293,682.7166137695],"9":[748.9183959961,769.8212280273,791.9194946289,813.7188110352,834.4064941406,855.8483276367,876.6472167969,897.8236694336,905.7627563477,884.7559204102,862.6317138672,841.8100585938,820.8224487305,798.9672851562,774.4940185547,756.973815918],"10":[788.2749023438,794.3177490234,800.1997070312,805.9143066406,811.3176879883,817.0173950195,823.2209472656,829.4935302734,833.0126342773,826.4478759766,820.2963867188,814.3252563477,809.0590209961,803.25390625,797.2216186523,790.548034668],"11":[60.6364440918,64.2776947021,67.7628250122,71.3816299438,75.0843963623,78.7243347168,82.2799301147,86.1888046265,87.6607284546,83.3723373413,79.3459320068,75.4736633301,71.7182159424,67.7667922974,63.9472160339,60.2958450317],"12":[817.0819702148,826.53125,835.8595581055,845.6485595703,855.6739501953,866.7275390625,875.8966064453,885.309387207,917.2611694336,907.182434082,896.94921875,886.7500610352,876.4095458984,866.4437866211,856.6774902344,848.7034301758],"13":[794.1085205078,798.9113769531,801.2833862305,804.5787353516,810.2860107422,816.0381469727,820.0944824219,823.4583740234,870.0794677734,867.8740234375,865.3524780273,862.3186645508,857.4027709961,852.3461914062,846.0491943359,840.4155273438],"14":[409.5899047852,428.7198486328,440.2837524414,452.6449890137,463.9316101074,475.3974609375,485.5909729004,497.8533935547,502.0253601074,492.3552246094,480.638671875,469.701965332,458.6414794922,447.9394836426,431.4899597168,421.5198364258],"15":[114.9127502441,129.5106658936,145.3929748535,161.2192230225,176.6673126221,192.9159393311,207.7875518799,223.8953399658,225.0896148682,209.5301818848,192.6988830566,177.5345611572,162.374130249,146.8741760254,131.1359863281,116.4346237183],"16":[507.0498657227,524.3555908203,541.5041503906,558.7239990234,575.9112548828,592.6520996094,610.1179199219,628.6563720703,629.3669433594,612.171875,594.0145874023,576.2916870117,558.8221435547,540.7089233398,523.2421875,505.8258666992],"17":[15.0853910446,30.0742702484,42.6858978271,56.6203193665,69.7838516235,82.8621520996,97.2491836548,106.463508606,111.3203811646,97.7858657837,82.9402084351,68.7115859985,55.5135765076,42.127243042,29.1861076355,15.5551300049],"18":[556.1236572266,566.513671875,575.5208129883,584.7230834961,593.1436767578,602.5295410156,611.6448364258,620.3802490234,622.3901977539,610.9550170898,601.0991821289,592.5537719727,582.8706054688,575.1339111328,566.0580444336,556.4113769531]},"polygon_y":{"0":[582.1691894531,580.0169677734,578.048034668,575.862121582,573.2813720703,570.9761352539,568.4891967773,565.373046875,590.5448608398,593.4637451172,596.1995849609,598.6109619141,601.0818481445,603.5372314453,605.7574462891,607.7493896484],"1":[689.3831787109,686.2810668945,684.0424194336,681.5444946289,678.7445068359,675.5967407227,672.7779541016,669.3519287109,692.2294921875,695.3515014648,698.6585693359,701.8735351562,704.7492675781,707.5861206055,710.8930664062,715.3403930664],"2":[591.9196166992,591.3849487305,590.5676879883,589.594909668,588.430847168,586.932800293,586.1302490234,585.2362670898,610.67578125,611.1445922852,612.0260009766,613.2578735352,613.8994140625,614.8355712891,615.7948608398,616.948425293],"3":[619.9552001953,619.6271972656,619.5021362305,619.6588745117,619.4925537109,619.1701049805,619.0538330078,619.3032836914,644.9810791016,644.8366088867,644.9498901367,644.9161987305,644.9414672852,644.657409668,645.1188964844,645.2276000977],"4":[209.7938079834,209.8704833984,210.8251647949,211.5123748779,211.5283508301,212.5915679932,212.323638916,211.6917114258,244.7873077393,244.3065643311,244.5783233643,244.6753692627,245.1644897461,244.7065734863,244.9413299561,244.6030578613],"5":[628.9812011719,627.1309204102,624.0014648438,620.2578735352,616.1271972656,612.2880859375,607.5858764648,602.9046630859,629.4584960938,633.6088256836,637.9371948242,641.6440429688,645.2861328125,649.0736083984,652.5823974609,653.6795043945],"6":[642.6356201172,642.2380981445,641.7059936523,641.7402954102,642.0543212891,641.9025878906,642.2724609375,642.3735351562,673.1872558594,672.3543701172,672.2108764648,672.3106689453,672.255859375,672.0003662109,672.5289306641,672.9482421875],"7":[622.3030395508,621.8280029297,621.5734863281,621.7347412109,621.5243530273,621.5431518555,621.4105834961,621.133605957,645.5768432617,645.5363769531,645.5690917969,645.7180175781,645.5409545898,645.7362670898,646.0090942383,646.0249023438],"8":[217.8879699707,216.7735900879,216.1350402832,215.3113708496,215.1003875732,214.1929168701,214.1304321289,213.7752075195,243.7350006104,243.6379394531,243.0411529541,243.1115875244,243.4169311523,243.5396881104,243.5939483643,243.8145751953],"9":[706.4014282227,703.8004760742,700.9397583008,696.9511108398,693.1685791016,688.4404907227,684.4843139648,680.2769165039,706.3536987305,709.0967407227,713.2092895508,716.3209838867,717.3510131836,717.7703857422,717.7911376953,717.9888916016],"10":[660.0145263672,659.1301269531,658.4993896484,658.0263671875,657.4861450195,656.9086914062,656.1971435547,654.4841918945,683.4075927734,683.5509033203,683.3960571289,683.8016967773,684.4289550781,685.1065063477,685.5761108398,686.4080810547],"11":[620.6506347656,620.4059448242,620.5739746094,620.4723510742,620.201171875,620.0788574219,620.3159179688,620.3846435547,644.9583740234,645.1627197266,645.186706543,645.0787963867,645.0137329102,644.9755249023,645.3396606445,645.5242919922],"12":[165.6242523193,155.6344451904,148.1675872803,139.513458252,131.0496673584,122.4658660889,113.5891723633,105.8807754517,130.639175415,138.1534576416,147.3585205078,156.6578369141,165.5361480713,173.8390350342,183.5867004395,192.4095153809],