{"polygon_x":{"0":[418.0372009277,441.6682128906,465.4446716309,488.481842041,512.0865478516,535.4133300781,560.2775268555,583.1700439453,584.2913818359,559.0846557617,535.3194580078,511.7570800781,487.9489746094,464.1947631836,441.0069885254,416.4826660156],"1":[600.7332763672,622.3792724609,644.7361450195,665.4841918945,687.2202758789,708.8464355469,731.2802124023,753.2045898438,752.9580078125,730.9399414062,708.3850708008,686.9454956055,664.819519043,643.5025024414,621.4769287109,599.2098388672]},"polygon_y":{"0":[177.7032775879,178.6209106445,179.2785186768,179.7038269043,179.1407470703,178.7551116943,178.2261047363,178.6290588379,229.2542266846,231.1159667969,231.3601226807,230.7484893799,229.728805542,230.4611053467,230.661026001,229.3442230225],"1":[544.8530883789,546.0844116211,547.0711669922,546.8356323242,548.1065063477,548.8561401367,550.0334472656,550.4793701172,595.4000854492,595.2191162109,595.2498779297,595.4650268555,595.1094360352,595.2384643555,595.2760009766,594.8732910156]},"text":{"0":"Tomb","1":"Tomo"},"score":{"0":0.9838848114,"1":0.9800220132}}