{"polygon_x":{"0":[606.1088256836,634.1268920898,661.8224487305,689.446105957,717.517578125,745.2747802734,772.7857055664,801.2232055664,791.8487548828,764.7730102539,736.3242797852,708.7188720703,679.0992431641,649.6036987305,619.864074707,590.2778320312],"1":[13.0515184402,20.6459197998,27.8190860748,35.2713050842,43.0021247864,50.4961128235,57.4063644409,64.9814682007,64.6613311768,56.6433029175,49.158405304,41.8153190613,34.3182983398,26.8537445068,19.5202598572,12.340880394],"2":[505.536529541,516.8379516602,528.3167724609,539.3828735352,550.9846191406,562.6237792969,574.1302490234,585.412902832,585.8342895508,574.3214111328,562.784362793,551.3834838867,540.0101928711,528.6011352539,517.5928955078,505.9529724121],"3":[468.3500366211,478.2615356445,487.1142578125,496.2673950195,505.6355895996,515.2104492188,524.5082397461,534.4508666992,533.8598632812,524.9498901367,514.2717895508,504.870880127,495.506652832,485.9260559082,476.4223327637,466.4491882324],"4":[382.600189209,395.6904907227,407.2256774902,419.3746337891,432.0639343262,444.0163879395,455.9800109863,468.4253234863,468.1573791504,455.6170959473,443.5506591797,430.9209289551,418.510559082,405.9512634277,394.0081787109,381.6869812012],"5":[524.6278076172,544.1252441406,563.5444946289,582.95703125,601.7982177734,620.5639648438,639.6382446289,661.1013793945,661.0787963867,640.9086914062,622.0061645508,601.7371826172,582.337097168,562.4778442383,542.7622070312,523.5492553711],"6":[726.7567138672,732.1051025391,737.2762451172,742.5280761719,747.5864868164,753.2048339844,758.6653442383,764.0921630859,762.9478149414,757.7967529297,752.0481567383,746.4815673828,741.4816894531,736.5300292969,731.274597168,724.9105834961],"7":[538.2733154297,545.5889892578,553.0215454102,559.6001586914,565.6885375977,573.5008544922,580.9658813477,588.2998657227,563.5787963867,555.942199707,548.1758422852,540.0624389648,532.5627441406,524.4039306641,516.0230102539,507.3078613281],"8":[537.6365356445,547.4592285156,556.2619018555,565.0867919922,573.7822265625,582.8178710938,592.2218017578,602.1044311523,600.8607177734,591.8921508789,582.7208862305,573.7756347656,564.8259887695,555.6865844727,546.8864135742,537.0775756836],"9":[472.8916015625,479.930267334,486.0805664062,492.4290771484,498.4161071777,505.9128723145,512.4517211914,518.9993896484,518.7443847656,512.6382446289,505.7872314453,498.865234375,492.6141052246,486.2473449707,480.0678405762,472.8733825684],"10":[831.6174316406,837.4832763672,842.8339233398,848.4171142578,853.6088256836,859.084777832,864.5985107422,870.4010620117,869.4884643555,864.0469360352,858.5353393555,852.8909912109,847.5853881836,842.3519287109,836.8074951172,830.6317749023],"11":[285.294128418,298.8990478516,309.750793457,320.329864502,331.9605102539,344.34765625,355.2108764648,365.8246765137,363.6151428223,353.7319335938,341.5362243652,328.7255859375,317.600769043,306.1100158691,295.2967224121,283.3230285645],"12":[675.328918457,682.447265625,687.8220214844,693.8110351562,699.6965942383,704.8469848633,710.6148681641,714.8052368164,713.9828491211,709.1167602539,703.4700927734,697.8569946289,692.8123168945,687.1240844727,681.6186523438,675.5797729492],"13":[285.3427734375,299.1794433594,310.025177002,320.5095825195,332.2019958496,344.6140136719,355.4802246094,365.9709472656,363.7235412598,353.8825378418,341.630279541,328.7863464355,317.6872558594,306.1510925293,295.3827209473,283.4667053223]},"polygon_y":{"0":[485.5497436523,495.5438232422,504.9134216309,511.7431640625,519.2260131836,524.6351928711,528.6709594727,534.2188110352,573.6594238281,571.6370849609,567.662109375,562.6309814453,556.6455688477,549.1503295898,539.6367797852,528.9002685547],"1":[49.9630775452,50.2857475281,50.5901679993,51.2090950012,51.1138000488,51.5129203796,51.8630218506,51.9814147949,78.9695281982,79.1757583618,78.7904052734,78.1656188965,78.2210617065,77.9776382446,77.6832962036,77.6261749268],"2":[556.9315185547,556.9273071289,556.3972167969,556.1225585938,556.3719482422,556.3931884766,556.087097168,555.7401733398,588.7756347656,588.8652954102,588.5889892578,588.6522216797,588.5207519531,588.8745727539,589.1433105469,589.3591918945],"3":[74.0361328125,74.3330307007,74.7421340942,75.3555831909,75.6956176758,75.7511520386,76.1803970337,76.819519043,109.1446380615,110.2646408081,109.8824005127,109.6829071045,109.7376327515,109.5204925537,109.1610870361,108.6889953613],"4":[32.4940261841,31.7390537262,32.8688659668,33.290512085,33.5913009644,33.5047798157,34.0220718384,35.4160957336,69.2157897949,69.6242828369,69.6359405518,69.4002075195,69.2931213379,69.4470748901,69.5380783081,69.3513031006],"5":[32.4605522156,33.0234565735,32.936870575,33.7442932129,33.8062973022,34.2648048401,34.2333374023,34.9949874878,69.0964584351,68.8113937378,69.3613815308,69.4650878906,69.7051010132,69.8891067505,69.7471923828,69.2594299316],"6":[29.7914714813,29.9064769745,30.0822238922,30.5631732941,30.7515525818,30.821390152,30.8088436127,31.1233539581,67.6059875488,67.7674484253,67.6072387695,67.5688476562,67.5487213135,67.4769287109,67.2816619873,67.4481735229],"7":[447.3846435547,453.1596374512,458.3382263184,463.5335083008,468.640625,474.0131835938,480.6898803711,490.2443847656,520.7559204102,516.2767944336,511.2254638672,505.7886657715,500.893737793,495.4146728516,489.6027832031,483.022857666],"8":[73.0006484985,72.899307251,72.8773422241,72.6407928467,72.3634338379,71.9358139038,71.9166030884,72.0616760254,108.9970016479,109.4481048584,109.2887191772,109.3297729492,109.5289382935,109.6807022095,109.7877655029,110.1461715698],"9":[37.3815879822,36.6595039368,36.2354393005,35.8200798035,35.575050354,34.9470100403,34.4020843506,34.1750068665,68.9996032715,69.5917663574,70.0025787354,70.0562591553,70.2738876343,70.1286773682,70.1192092896,69.7900161743],"10":[52.5639724731,52.5867042542,52.6219177246,52.6312255859,52.5363121033,52.4016113281,52.2607192993,52.5812759399,89.8120574951,90.022644043,89.9218826294,89.6627655029,89.7093200684,89.6829299927,89.677230835,89.6707839966],"11":[111.9121627808,110.1833877563,109.9873123169,111.378616333,113.3700637817,113.5743484497,114.436882019,114.7096328735,169.6590270996,171.5380554199,171.2474365234,169.9425811768,169.9345397949,170.21043396,169.8277587891,167.8974151611],"12":[32.3717765808,32.167301178,32.7499160767,32.9524078369,32.8335037231,32.8753623962,33.2359619141,33.7463951111,66.0023117065,66.5752487183,66.5085678101,66.3620529175,66.3490829468,66.2830200195,66.3396911621,66.3984603882],"13":[111.8661499023,110.1330032349,109.9546356201,111.2622528076,113.233039856,113.5316238403,114.4933166504,114.7520828247,169.8327026367,171.6002655029,171.294631958,170.0025482178,170.0136260986,170.2408752441,169.7590484619,167.7936096191]},"text":{"0":"Bethany","1":"665","2":"2258","3":"See","4":"Line","5":"Section","6":"B","7":"To","8":"Pt.","9":"of","10":"B","11":"11","12":"A","13":"11"},"score":{"0":0.9893997312,"1":0.9118751884,"2":0.9826040864,"3":0.9534081221,"4":0.9459936619,"5":0.9838998318,"6":0.5812815428,"7":0.9862906337,"8":0.9775874019,"9":0.9786929488,"10":0.9885869622,"11":0.5523973107,"12":0.6172792912,"13":0.5803151727}}