{"polygon_x":{"0":[35.5155525208,60.7597923279,84.8793411255,110.1775131226,135.7561798096,161.2255249023,185.1196899414,208.9851074219,207.7122955322,182.9268341064,158.0783081055,132.8671722412,107.429397583,82.449256897,57.5851287842,31.9985408783],"1":[45.1454963684,78.6575088501,110.724029541,143.4741668701,176.0898895264,208.8464660645,241.1678771973,273.5704040527,272.7376098633,238.5075683594,205.85887146,173.7204589844,140.9489440918,108.2689971924,75.4944839478,41.6984863281],"2":[285.5578308105,309.6953125,332.9907836914,355.9594116211,379.2727355957,402.0213012695,425.6940002441,449.0417480469,447.1215820312,423.7185974121,400.2798461914,376.9450378418,354.5960998535,331.2109069824,307.8369140625,283.8899230957],"3":[627.4625244141,649.3986816406,671.2161865234,692.8630371094,714.1716308594,735.5889282227,757.6259765625,779.4497680664,779.2426757812,755.7719116211,734.4473876953,712.8231811523,691.6631469727,669.3330688477,647.2723388672,625.0461425781],"4":[216.169418335,248.1111602783,278.5911865234,311.083190918,342.9184570312,374.3191223145,404.7143249512,436.9146118164,434.4700317383,402.01171875,370.5106201172,339.0509643555,307.9071044922,276.4076843262,244.3946533203,213.365814209],"5":[630.7996826172,650.8922119141,670.7363891602,689.8916015625,709.7263183594,729.2409667969,748.994140625,768.4612426758,768.8845214844,747.8007202148,727.8056030273,707.7750854492,688.1205444336,668.0667724609,647.8508300781,627.4418334961],"6":[871.9528198242,880.9633789062,890.4492797852,899.5257568359,908.4465332031,917.6973266602,927.1519165039,936.3815307617,936.4234008789,927.2537841797,918.5427246094,909.3485717773,900.2202758789,890.869934082,881.6438598633,871.4002685547],"7":[0.0124880774,29.1499633789,60.1648216248,90.3625183105,124.4513092041,161.2085571289,200.4501647949,240.3329620361,240.2389678955,201.0721282959,163.9009857178,127.7543411255,92.769203186,60.2197227478,29.5053825378,0.05494982],"8":[29.1684932709,67.6655960083,106.2927856445,145.9026489258,185.4923400879,225.4578857422,263.7557678223,301.5365600586,300.4428405762,259.4305114746,221.0007019043,181.7631530762,141.8180236816,101.6317138672,62.2734985352,25.1043663025],"9":[786.6437988281,794.4121704102,802.5557861328,810.216003418,817.9738769531,825.5219116211,833.3620605469,841.2463989258,836.4031982422,827.4981079102,820.5186767578,812.9669189453,805.9675292969,798.6643066406,791.3693237305,782.3069458008],"10":[302.242401123,325.5416870117,345.5319824219,366.1747131348,386.2932739258,406.823638916,427.6768493652,449.4718017578,447.7216186523,425.891418457,404.7718505859,383.4869689941,363.3286437988,342.3998718262,322.2149047852,301.4457092285],"11":[786.821105957,794.5612182617,802.6726074219,810.2622680664,817.9442138672,825.4187011719,833.2689819336,841.2496337891,836.2357177734,827.432800293,820.521484375,812.9611206055,805.9890136719,798.733215332,791.4649658203,782.3993530273]},"polygon_y":{"0":[610.6215820312,613.85546875,615.5334472656,617.6373291016,619.4314575195,621.7862548828,624.1548461914,625.9395141602,668.9689331055,667.792175293,666.506652832,664.9136962891,663.1495361328,661.190612793,658.4605102539,655.9450683594],"1":[500.1824035645,501.2786254883,502.9336547852,504.6037902832,506.6130371094,507.3341674805,509.2043457031,511.5142822266,562.7501831055,561.4796142578,558.4021606445,556.5478515625,554.5367431641,553.319152832,552.257019043,550.3418579102],"2":[515.4253540039,517.1271972656,518.5672607422,519.4248657227,521.2495117188,522.5110473633,524.2254638672,525.253112793,575.7495727539,575.0003662109,573.3358154297,571.4081420898,569.6528320312,568.2343139648,566.6729736328,565.65625],"3":[334.3541259766,335.561126709,336.5344848633,335.9801635742,335.62109375,335.7229919434,334.6581726074,336.0531311035,383.5632324219,384.3385925293,385.403137207,384.6435241699,384.3847961426,384.2494812012,383.6647949219,382.6894226074],"4":[625.4907836914,630.391784668,630.7459716797,633.4013671875,638.0880737305,640.079284668,642.6911010742,645.6408691406,685.0999145508,684.9637451172,682.8643798828,679.6533203125,676.8735351562,674.547668457,672.4293212891,668.4517822266],"5":[545.7918701172,547.9722900391,548.5109863281,548.5689697266,548.6955566406,548.4586791992,547.9845581055,548.6838989258,595.5723876953,596.239440918,596.282043457,595.6271972656,594.8507080078,594.9829711914,594.451171875,593.1382446289],"6":[675.5592651367,675.5433349609,674.9121704102,674.7322998047,674.6497802734,674.2977905273,674.3217773438,674.2729492188,705.5769042969,705.3173217773,705.9026489258,706.0223388672,705.8663330078,706.1660766602,706.9099121094,706.9628295898],"7":[314.2890014648,312.2140808105,311.3030090332,311.4558410645,311.5762634277,309.8808288574,309.770690918,309.823638916,358.7581481934,359.5009155273,359.7375183105,359.9956665039,359.4196472168,359.8352661133,360.7305603027,360.4748535156],"8":[578.1721191406,579.7168579102,581.5341186523,583.6977539062,585.9606323242,587.5347290039,589.5909423828,590.6279907227,632.8965454102,631.5579223633,628.2526855469,625.9463500977,623.4827270508,621.2803344727,619.0880737305,618.4323120117],"9":[262.2823181152,262.1842041016,262.8096008301,263.1268615723,262.7796936035,262.729309082,262.5382385254,262.8306274414,329.4432373047,330.1004333496,330.3696594238,329.3428344727,329.0874328613,329.0661621094,329.044708252,328.985748291],"10":[595.171081543,596.3198242188,597.530090332,598.1773681641,600.3920288086,601.2448120117,602.6866455078,602.8579711914,647.9008789062,646.5658569336,645.748046875,643.6262817383,641.9173583984,640.6411132812,639.5482788086,639.1782836914],"11":[262.2607421875,262.150604248,262.7948608398,263.1344909668,262.8033752441,262.8220214844,262.5921020508,262.901763916,329.4080200195,330.1627502441,330.229675293,329.2029724121,329.010559082,328.9947509766,329.0048217773,328.9351501465]},"text":{"0":"Birket","1":"UPPER","2":"POOL","3":"Tolnb","4":"Mamilla","5":"Tomb","6":"257","7":"TERY","8":"SERPENTS","9":"F","10":"POOL","11":"F"},"score":{"0":0.9883654118,"1":0.9914157987,"2":0.9911065698,"3":0.9791391492,"4":0.9864374399,"5":0.9883572459,"6":0.981852591,"7":0.9773533344,"8":0.965546906,"9":0.9806188941,"10":0.9734584689,"11":0.9813817739}}