{"polygon_x":{"0":[643.2962036133,651.4917602539,660.2781982422,667.9425048828,675.3541870117,683.65625,691.6672973633,699.4946289062,702.1555786133,693.83203125,686.2271118164,678.1152954102,669.8358154297,661.7796020508,654.6351318359,646.3259887695],"1":[243.9406433105,251.4361724854,260.412902832,268.8145141602,277.1723022461,286.4214782715,294.4712219238,303.1259460449,303.5877685547,295.8290710449,287.1865844727,278.4256896973,270.0821533203,261.7792053223,253.6750488281,245.1715698242],"2":[437.5032043457,445.7397460938,454.5068664551,462.5370483398,469.609588623,478.1766052246,486.5995483398,495.3342895508,497.4742126465,489.2029418945,480.992767334,472.0818481445,464.1506958008,456.2300720215,448.852142334,439.4354248047],"3":[850.7718505859,861.1619873047,870.6763916016,879.9033203125,889.4248046875,899.1916503906,908.7064819336,917.7989501953,919.9807739258,909.9931030273,901.3901367188,891.3472290039,881.9104003906,873.9656982422,865.0386962891,854.6129760742],"4":[42.3954658508,52.3856620789,61.9787406921,72.2755737305,82.5866470337,94.7261199951,103.8374099731,112.2569656372,119.1346206665,107.3335037231,96.8562316895,86.5694503784,76.1608352661,67.3260650635,59.2955932617,48.44008255],"5":[609.4351806641,629.9485473633,652.9730834961,675.4302978516,696.5535888672,717.9677124023,740.0388183594,762.6013183594,764.5383300781,741.9379272461,719.5093383789,697.029296875,674.9479370117,652.5705566406,630.8858642578,608.2903442383]},"polygon_y":{"0":[86.2165679932,84.1005325317,82.6670455933,81.9786529541,80.4987335205,78.8612213135,76.578918457,75.6235275269,141.8169708252,143.7906799316,145.145980835,146.5789337158,148.115737915,149.6281433105,151.2785949707,152.5937042236],"1":[196.2274169922,195.9416351318,195.424697876,194.4979400635,193.251739502,191.8730773926,190.7349700928,190.6260986328,255.0887298584,255.3944091797,255.8264312744,256.974029541,257.8758850098,259.2609863281,260.0771789551,260.6244812012],"2":[140.9202270508,141.0322875977,141.5071563721,140.776763916,138.8930206299,137.8631439209,136.8073730469,136.8217010498,209.5385742188,210.4133758545,210.9354858398,211.9358062744,212.5954437256,213.5576782227,214.0200805664,214.5936889648],"3":[13.1636533737,12.9206314087,10.8783531189,10.5026369095,9.3919916153,8.5555372238,8.1525535583,5.4212970734,79.0101928711,78.7297973633,80.2547454834,81.1279373169,82.5589828491,84.0890426636,85.6131057739,86.6837387085],"4":[227.7183227539,226.3179626465,225.0618743896,224.2655181885,223.9853210449,223.5210723877,223.441696167,223.2254333496,296.8008117676,298.190612793,298.5664672852,299.487487793,300.4089050293,300.9080810547,302.2109069824,301.5867004395],"5":[503.0830078125,503.9906311035,503.5497741699,503.9702758789,503.7213745117,504.1196289062,503.1506652832,503.5829467773,537.9554443359,537.341796875,537.4052734375,538.100402832,538.3931274414,538.2127685547,539.0025634766,539.015625]},"text":{"0":"E","1":"L","2":"L","3":"R","4":"U","5":"Cistern"},"score":{"0":0.9853119254,"1":0.9775380492,"2":0.9622765183,"3":0.9782091379,"4":0.7327393293,"5":0.820219934}}