{"polygon_x":{"0":[557.1888427734,569.1475219727,582.4719238281,594.8572387695,607.8944091797,621.1083374023,634.0271606445,646.2862548828,646.5650024414,633.5615234375,620.7177734375,607.9653320312,594.6875,581.2007446289,568.2418212891,555.6813354492],"1":[345.4380493164,354.3512573242,362.5764770508,371.5283203125,380.3135681152,390.2768859863,400.1901550293,408.9315795898,405.1269836426,395.7230529785,386.5433044434,378.0426635742,369.5263061523,361.3320007324,353.1713562012,343.6104125977],"2":[218.4905090332,226.9208831787,235.8684997559,245.0914611816,253.7682189941,263.5468139648,273.4613647461,282.1930541992,280.8987731934,271.6300354004,261.8296203613,252.7192687988,243.9116973877,234.5367279053,225.5803985596,215.7680664062],"3":[81.171333313,83.8229675293,84.9159240723,83.6006622314,83.9913024902,83.4956359863,81.288269043,82.4129104614,166.598739624,162.1391906738,161.8511962891,162.5110473633,161.1542510986,161.0475769043,158.3588256836,158.7801971436],"4":[86.5893478394,96.676574707,106.6391296387,115.7239456177,125.6427612305,135.7454528809,145.9454498291,156.9609069824,158.1707458496,146.4753570557,135.9152069092,124.9688720703,114.2082519531,104.1772384644,94.9531555176,83.8032989502]},"polygon_y":{"0":[477.4837646484,477.2056884766,477.5485229492,477.1735229492,477.2178955078,477.1238708496,476.5218505859,476.5643005371,509.4371032715,509.0071411133,509.1708374023,509.938293457,509.636138916,510.0503845215,510.4623413086,510.5464477539],"1":[283.8530578613,284.3555603027,285.5359191895,285.5363769531,286.1233215332,286.2900390625,286.9235534668,286.8807373047,350.111541748,351.0098876953,350.7364501953,350.0621948242,350.0986633301,350.2848205566,350.1940612793,350.4157104492],"2":[288.292755127,288.8375854492,289.191192627,289.2438354492,289.2823791504,288.831237793,288.8654174805,288.8338317871,348.6627502441,348.9760131836,348.8564758301,348.567779541,348.7118530273,349.2060852051,349.375579834,349.9910888672],"3":[430.7672729492,421.9580078125,409.2755432129,396.8840332031,385.1172485352,372.6839599609,360.7732849121,350.8435058594,352.7361450195,370.4520874023,384.627532959,395.2095336914,406.5980834961,418.9853210449,431.5237121582,439.4325866699],"4":[285.0524597168,284.5551147461,284.7173461914,285.0447998047,284.8642578125,284.4728393555,284.5735473633,284.9265441895,348.1118469238,348.3642883301,348.199798584,347.4039916992,347.4070129395,348.3360290527,348.6842041016,348.863494873]},"text":{"0":"2296","1":"A","2":"H","3":"H","4":"T"},"score":{"0":0.9741889834,"1":0.8975646496,"2":0.9665883183,"3":0.4938135445,"4":0.9449628592}}