{"polygon_x":{"0":[37.4206237793,47.8200454712,58.3951263428,69.3065032959,80.4653930664,91.1422729492,101.7523574829,112.6915969849,112.6920318604,101.5028152466,90.0248184204,78.7873153687,67.7594604492,57.189540863,46.7903862,36.255771637],"1":[33.1199836731,53.4112205505,72.6205596924,92.6673660278,112.0857391357,131.1389923096,150.9107666016,171.5769195557,178.1143951416,158.2925262451,138.3458099365,117.9268188477,97.026473999,76.9576416016,57.4946174622,37.0677185059],"2":[528.1052246094,540.6711425781,553.6780395508,567.2731323242,580.4077758789,593.3726196289,605.9527587891,619.9669799805,620.8172607422,607.5452880859,594.5546875,581.3792114258,568.2741088867,555.1860961914,542.0742797852,528.6069335938],"3":[322.3245849609,340.04296875,357.3912963867,374.0490112305,391.3222045898,408.9270629883,426.4891052246,443.7909851074,443.7393188477,424.1136474609,407.9878234863,390.8260192871,373.5678710938,355.8192443848,338.8880310059,321.1377563477],"4":[307.8976745605,322.4444580078,336.900390625,351.1502990723,365.5512695312,380.1800537109,394.1778869629,408.8041992188,409.7932128906,395.0619812012,380.6932983398,366.0523376465,351.9408569336,337.4297180176,323.1605529785,308.5055236816],"5":[98.6122283936,107.8710174561,116.5711212158,124.7099227905,133.5067443848,142.0966796875,151.0430603027,160.3994445801,165.6786499023,156.031463623,146.8947753906,137.9212493896,129.0054931641,120.141242981,111.3531036377,102.365272522],"6":[380.0893249512,400.4972229004,420.6789245605,440.209777832,460.2754516602,480.8753356934,500.9193725586,520.6067504883,521.8831176758,502.5509338379,481.629699707,461.1318054199,440.5014038086,419.7165222168,399.5083618164,379.3606567383],"7":[78.1957778931,84.2595748901,89.9353408813,95.788772583,101.7922134399,107.6669311523,113.0151977539,119.0435638428,124.4364852905,117.8272247314,111.7278671265,105.2236633301,99.4863967896,93.6707305908,88.0552902222,80.9313812256],"8":[248.2548065186,254.2501220703,260.154083252,265.5209960938,271.0582580566,276.5345153809,283.7005310059,289.5850830078,294.938293457,288.5567626953,282.4368286133,276.26953125,270.7453613281,264.5471801758,258.3589172363,252.1176300049],"9":[504.6429748535,518.9381103516,532.7443847656,547.1531982422,561.0079345703,575.1726074219,589.2215576172,603.3081665039,605.2407836914,591.4095458984,576.7725830078,562.5047607422,548.4924316406,533.9788208008,519.7164916992,505.5926513672],"10":[179.0614776611,190.7292633057,203.0860595703,214.3379364014,226.3926696777,238.9299163818,251.3068237305,265.3296203613,272.7661132812,259.2400512695,247.4692077637,235.6657867432,223.7350463867,211.271484375,199.1089019775,186.4144134521],"11":[410.4659118652,423.5516052246,436.7967224121,450.2564697266,463.7761230469,477.8956604004,490.4241638184,503.7130737305,503.2253417969,490.4683532715,476.8388366699,463.5355529785,450.3377990723,437.1343078613,423.9545288086,410.6591186523],"12":[31.3228569031,39.8171882629,47.3182449341,55.1415786743,63.5496940613,71.3352279663,78.8148727417,87.4747390747,90.0157928467,82.2171554565,74.2381057739,66.012046814,57.7818527222,49.8157272339,41.9162940979,33.9958953857],"13":[553.6787719727,551.3182373047,551.6865844727,553.2401123047,555.153137207,555.9318237305,555.0855102539,553.3467407227,509.0844421387,509.2730407715,509.1420288086,508.7622375488,508.2351074219,508.1165161133,509.2367248535,508.742980957],"14":[356.894744873,367.113067627,375.5047607422,383.5771179199,392.9363098145,400.8830871582,409.0513305664,417.0187988281,418.1125183105,409.1027526855,400.7966308594,392.2791137695,383.6037902832,374.693572998,365.8827514648,357.542175293],"15":[630.8478393555,638.3115844727,645.9654541016,653.8085327148,661.1986694336,669.6950683594,678.0685424805,686.6779174805,686.2183837891,677.7623291016,669.8200683594,661.4919433594,654.0716552734,646.6830444336,639.7523193359,631.4155273438],"16":[517.6839599609,516.0837402344,517.3219604492,518.4622192383,519.7778320312,521.3966064453,521.5335693359,521.7554321289,480.3347167969,480.2969360352,479.9890136719,480.0944213867,478.172668457,477.7264709473,476.8238525391,475.07421875],"17":[473.681427002,489.1600341797,503.3331298828,518.8643798828,533.2987060547,547.537109375,562.1958618164,579.1641235352,577.8023071289,563.2020263672,548.3568115234,534.2509155273,519.6924438477,504.0791931152,489.4337463379,474.2101745605],"18":[891.0523681641,898.1618041992,905.5663452148,911.7980957031,917.6369628906,923.0463867188,928.9786987305,935.2229614258,936.9786376953,932.6156616211,927.6061401367,922.0620727539,917.0311889648,911.7984619141,905.7584228516,899.5115966797],"19":[758.7606201172,767.0557861328,775.5916748047,783.796875,791.8007202148,799.3978881836,808.7402954102,817.8554077148,823.4743652344,814.89453125,806.6628417969,797.9665527344,789.1784057617,780.7717895508,772.4401855469,763.9111938477],"20":[321.7553710938,343.3963012695,363.3334960938,384.4430541992,405.1665039062,425.8446960449,445.7005004883,468.3106079102,469.6317443848,448.617401123,427.1396789551,406.2587890625,385.6561279297,364.4545288086,343.8747253418,323.2619628906],"21":[305.1891784668,314.7059936523,323.9605712891,333.7961730957,343.7713928223,353.2454833984,362.8812561035,372.8330993652,373.025177002,364.0053100586,353.8101806641,343.4944152832,334.0744018555,324.200592041,314.4094543457,304.1490478516],"22":[508.0030517578,516.9145507812,525.0079345703,533.0300292969,540.990234375,550.6177368164,558.5469970703,566.9855957031,566.4590454102,557.1228637695,548.073059082,539.3587036133,530.9858398438,522.7050170898,514.7923583984,505.8095397949],"23":[1.0791655779,4.3775625229,7.5306181908,10.9808492661,14.2352657318,17.7681083679,22.2083015442,27.6102104187,29.3885173798,23.1945762634,19.0354404449,14.8285942078,11.3723697662,8.201965332,4.7354121208,1.1481597424],"24":[611.948425293,628.4205932617,642.3049926758,656.9114990234,671.3508300781,686.1692504883,699.5532226562,714.5404663086,715.8837280273,701.4302978516,686.3389892578,671.5026855469,656.3545532227,641.5461425781,626.6768188477,612.5455322266],"25":[440.0325622559,464.5591125488,486.5357971191,509.7919311523,532.1051635742,554.5257568359,578.7604370117,601.9371337891,605.6375732422,579.2306518555,555.3409423828,532.5571289062,510.249420166,487.864440918,464.2571411133,440.3135375977],"26":[421.9579772949,427.3144836426,432.2489624023,437.4114074707,443.2088928223,448.2508544922,453.5311279297,458.8888549805,457.7742919922,452.3797912598,445.6038818359,440.5862426758,435.5089111328,430.4358520508,425.4673461914,420.3763122559],"27":[3.5348994732,12.0823574066,19.693819046,27.6554775238,35.2017745972,42.7323455811,49.5767288208,57.5043830872,59.9573822021,52.643737793,44.3706932068,36.3217124939,28.220533371,20.7057209015,12.9462337494,4.0512456894],"28":[165.0608673096,178.0142669678,188.9550933838,202.6882171631,217.1414337158,230.9458618164,243.9467163086,256.395324707,260.2786865234,242.7010803223,232.2071075439,218.4347381592,205.8828430176,192.3508453369,180.5598602295,167.4428100586],"29":[409.0740661621,414.362487793,416.4981079102,420.5332946777,421.6446228027,424.6687927246,427.8045654297,429.8816223145,431.9843444824,429.2647399902,426.1036987305,422.3027648926,417.9870300293,414.763458252,414.0870361328,409.6644897461],"30":[467.8220825195,485.375579834,498.8260192871,512.5665893555,526.4224243164,539.7062988281,554.0842895508,568.6735839844,569.8438110352,557.4607543945,540.6786499023,527.8654174805,514.9903564453,501.6287841797,487.4469909668,472.2558288574],"31":[490.565032959,492.029296875,494.0544433594,494.9438781738,495.9358520508,496.2777099609,496.772644043,498.4335327148,451.4981384277,451.9096984863,451.0867614746,450.7155151367,448.5433654785,448.2489318848,447.6122741699,445.4717712402],