{"polygon_x":{"0":[55.8209457397,91.2543258667,125.5899658203,161.2225494385,196.2741241455,232.5742492676,269.3305969238,305.0274353027,304.5395507812,269.0405883789,232.880859375,197.3824310303,162.3868713379,126.5017929077,91.4564437866,54.8974494934],"1":[47.084186554,84.9445495605,122.9530258179,161.5962524414,199.4476318359,238.5858764648,277.7210083008,315.3609008789,315.9307250977,276.2182617188,237.743850708,198.8508758545,160.1386566162,121.8762435913,84.1148147583,45.7244987488]},"polygon_y":{"0":[301.2993164062,301.6821594238,301.8660583496,302.1942138672,302.7660827637,302.5815124512,301.5818786621,302.850982666,354.4723815918,354.6069641113,355.0752258301,355.9335021973,356.1580810547,355.8660583496,356.7425537109,356.2905578613],"1":[399.4175720215,400.8158569336,401.6345825195,402.3785400391,403.0856628418,403.4147033691,402.2856750488,403.9927368164,462.389251709,461.3381958008,460.8638000488,458.4720458984,457.196472168,456.1055908203,456.4085998535,454.7062988281]},"text":{"0":"Russian","1":"Property"},"score":{"0":0.9855393171,"1":0.9831424356}}