{"polygon_x":{"0":[253.2132568359,274.2220153809,294.890625,314.944732666,335.1421813965,355.3486328125,376.4746704102,397.2532043457,398.045135498,376.851348877,355.044921875,334.4371643066,314.2217712402,293.297454834,272.4258728027,251.6021270752]},"polygon_y":{"0":[89.0812911987,90.4445343018,90.5178527832,89.7528457642,90.0750045776,90.2274932861,89.1088256836,88.0632476807,139.1455535889,140.1972808838,140.6287994385,140.5271148682,139.5754852295,139.8954315186,139.1879882812,138.1322479248]},"text":{"0":"Tomb"},"score":{"0":0.9857926965}}