{"polygon_x":{"0":[10.6726846695,29.920759201,50.2116775513,70.6956481934,91.123550415,110.9896697998,130.7592163086,150.5895996094,155.121887207,136.066619873,115.6029281616,95.410118103,75.2413024902,54.5804672241,33.7677345276,13.4850101471],"1":[493.2629699707,517.1641235352,539.7117919922,562.2528686523,584.6112060547,607.2459106445,629.9754638672,653.8173828125,653.9381103516,630.0780639648,607.2498168945,584.4287109375,561.7482299805,538.4913330078,515.3143920898,491.6386413574],"2":[224.8772888184,243.3119812012,260.8334655762,279.1204223633,296.4394226074,313.9098815918,331.1208496094,350.2305908203,353.9772644043,336.3104248047,318.7203979492,301.1071472168,283.6717529297,265.821685791,247.6357269287,229.5957336426],"3":[260.3166503906,275.2481994629,289.1310119629,303.8000183105,318.2151489258,332.2774047852,346.4464111328,360.815032959,363.358581543,348.7346191406,334.2770690918,320.297088623,306.2814331055,291.5820922852,277.3297729492,262.4966125488],"4":[580.0989990234,593.6939697266,606.7069702148,619.8521118164,633.2005004883,646.7139282227,660.2641601562,671.5679321289,671.3655395508,658.6459960938,645.8349609375,632.5968017578,619.4653320312,606.2451171875,593.7992553711,579.9978637695],"5":[43.2947273254,54.1157264709,64.1190567017,73.8457565308,83.6332702637,92.8189544678,102.6522445679,113.1803131104,115.7378997803,105.630355835,95.1658477783,85.0371932983,75.0166549683,65.1304473877,55.7298202515,45.1500434875],"6":[190.3580474854,200.4983215332,208.2594604492,216.8053588867,226.5597839355,235.8435974121,244.7127990723,253.9777374268,257.4747619629,248.2851104736,238.8495635986,229.6478881836,220.0371398926,210.6007537842,201.0110931396,191.5280761719],"7":[89.2612915039,102.2904510498,114.5019073486,126.6422958374,139.3037567139,151.3433990479,162.9293670654,174.5791778564,177.59815979,165.5870056152,153.4483795166,141.5469818115,129.1101989746,116.7753372192,104.6273269653,92.18409729],"8":[178.2127227783,191.4766082764,204.2214660645,217.0421905518,230.0682678223,243.3510742188,256.02734375,270.1853027344,274.860168457,262.3102111816,247.753112793,234.089630127,220.5156707764,207.4597015381,193.6374664307,181.3219909668],"9":[566.9708251953,566.6197509766,568.8555908203,569.4248657227,570.4865112305,571.5870361328,573.3500976562,575.666809082,528.5148925781,528.2425537109,526.5416870117,526.1376342773,524.5051879883,523.8267822266,522.4276733398,520.6325683594],"10":[431.8117675781,438.3355102539,443.5140380859,448.4899597168,453.8167114258,459.2910766602,464.7272033691,470.2332458496,467.931427002,463.7587585449,457.9794311523,452.5896911621,446.974395752,441.1624145508,435.3950805664,429.7166442871],"11":[678.5015258789,687.5529785156,696.6387329102,705.3505859375,713.80859375,722.4497680664,730.8601074219,739.78125,740.9005737305,730.8980102539,722.0818481445,713.3107910156,704.9349975586,695.8913574219,686.9277954102,677.649230957],"12":[724.8608398438,747.3500976562,768.6351928711,790.7012939453,811.5675048828,832.8456420898,853.9413452148,876.5025634766,877.5697631836,854.5277099609,832.9733886719,811.4635009766,790.5860595703,768.7992553711,747.5010375977,725.3153076172],"13":[740.9840698242,763.1870117188,784.3146972656,806.4076538086,829.2619628906,851.8125,873.1925048828,887.8646240234,893.1545410156,871.5625,850.7440185547,828.5986328125,806.4906005859,784.6514892578,763.1142578125,741.1177368164],"14":[916.5911865234,921.5147705078,923.9360351562,926.4925537109,929.1770629883,931.0424804688,933.5969238281,936.3902587891,936.7638549805,933.8828735352,931.6152954102,928.9927368164,926.4815063477,924.1675415039,921.3318481445,916.2404785156],"15":[365.8721618652,380.3447570801,394.1252746582,408.0058898926,422.9589233398,437.450012207,451.1410217285,465.4682312012,466.7408447266,452.9033203125,437.9350891113,424.0903015137,409.7568969727,395.1706848145,381.0335083008,366.3312072754],"16":[187.7797851562,213.8726806641,239.3028717041,266.2754821777,293.3011779785,318.9076843262,343.956237793,370.7211608887,373.5014038086,346.8222961426,321.3267211914,295.0623779297,269.2636413574,243.1790924072,216.775177002,190.9533996582],"17":[321.9815673828,329.1741333008,336.9680175781,344.0899963379,351.3101806641,358.6078796387,365.7463989258,374.354095459,377.1162414551,369.651763916,361.3695678711,353.747253418,346.4874267578,339.1275634766,331.9355163574,324.0223083496],"18":[418.3808898926,430.9447631836,441.9318847656,453.090423584,464.659362793,475.951751709,485.6922912598,495.1611022949,497.0042724609,487.4393615723,476.8178405762,463.9609375,453.1429748535,440.7365112305,429.6246643066,416.5724487305],"19":[162.4201049805,170.5827178955,178.1225738525,185.5628051758,192.6389923096,199.7755584717,206.7285308838,215.3597106934,220.8960418701,212.8614044189,204.7757110596,195.9841156006,188.8073425293,181.8638305664,174.6478424072,166.4209594727],"20":[155.2797088623,173.8459014893,192.8860168457,211.1425018311,229.5186462402,248.1859283447,266.4685668945,280.8629150391,286.902557373,267.2262878418,248.2328643799,230.4426879883,212.299407959,193.8821563721,175.3916778564,156.6018218994],"21":[403.4281005859,443.5544433594,483.3313598633,525.2746582031,566.5388183594,608.3999633789,648.5372314453,690.0918579102,690.149230957,650.3202514648,608.4285888672,566.6364746094,526.0064086914,484.7485046387,442.6862792969,402.7887878418],"22":[18.9686317444,52.6661567688,86.180770874,120.6704025269,155.6888122559,188.7687225342,222.7434844971,257.738494873,261.736114502,228.0292205811,193.1579284668,159.2103881836,125.3137588501,91.0009613037,58.2796669006,23.3889789581],"23":[187.7801513672,214.3175964355,239.4269866943,266.3340454102,293.2701416016,318.4920654297,343.9660339355,370.7903442383,373.6581726074,346.7376403809,320.8021850586,294.7904663086,268.9514770508,242.956161499,216.6835632324,190.9995269775],"24":[290.9492492676,293.7739257812,301.5929260254,304.2570800781,308.69921875,319.0020141602,332.852355957,342.715423584,345.983581543,332.5620117188,319.1736450195,310.3263244629,302.5077819824,299.2532043457,295.2515258789,288.5514831543],"25":[120.5210723877,148.4433288574,178.8710479736,205.9137573242,234.8825836182,262.5892028809,288.9749450684,316.7194824219,321.6441345215,295.6169128418,265.6375732422,237.4137420654,210.3169250488,182.5445709229,154.383605957,126.6307525635],"26":[623.8350830078,644.5922241211,663.6744384766,684.1323242188,703.8963012695,722.9145507812,740.278137207,760.6996459961,761.6318359375,742.9197998047,722.3944702148,703.0231933594,683.3004150391,662.0513916016,641.3480834961,626.4324951172]},"polygon_y":{"0":[675.3779296875,671.4180908203,668.206237793,664.6251831055,661.4186401367,657.8571166992,654.4598388672,650.9599609375,677.8350830078,680.7725830078,684.1006469727,687.9621582031,691.7839355469,694.6647338867,698.8637084961,702.7826538086],"1":[501.3437805176,502.0782165527,502.4978637695,502.6713562012,502.9624938965,503.4657592773,502.5093994141,501.6661987305,536.196472168,535.9965209961,535.8286743164,536.0533447266,536.2426757812,536.0901489258,535.8529052734,535.3654785156],"2":[638.7635498047,635.0008544922,632.2562255859,629.4369506836,626.4884643555,622.989074707,619.0960083008,615.825378418,644.6899414062,647.5334472656,650.6397094727,653.4123535156,656.2468261719,658.6774291992,661.9819335938,665.8233032227],"3":[408.7334594727,408.1201171875,406.6555175781,404.7769470215,403.3506469727,401.7346496582,400.080078125,397.6150512695,430.7278442383,431.1534118652,433.2827758789,434.9155883789,436.815826416,438.1425170898,438.5388793945,439.7290649414],"4":[262.3302307129,261.388885498,261.1336364746,260.3373413086,260.4556884766,259.949432373,259.6191101074,260.3796691895,293.0411682129,292.9253845215,292.6851196289,292.5961914062,292.9735412598,293.0326538086,294.1655578613,293.3698425293],