{"polygon_x":{"0":[223.1699676514,244.7282867432,266.9961853027,289.3723754883,311.9146118164,334.2457580566,357.1167907715,379.738067627,379.3432617188,357.0837402344,334.0699157715,311.5780639648,289.251159668,266.458404541,243.8498840332,222.0038757324],"1":[0.3848195672,9.4875860214,18.3970012665,27.4796676636,36.5476608276,45.6610336304,54.491191864,63.2961082458,64.2893676758,55.3027534485,45.9019165039,36.9183044434,28.041097641,18.9887161255,10.0301017761,0.5927892327],"2":[112.2509918213,142.015838623,168.8123321533,196.6840209961,224.7579803467,253.536315918,282.0266418457,310.7233276367,311.5885620117,281.9905395508,253.236328125,224.6287994385,196.9323730469,169.6240997314,141.879119873,112.4467315674],"3":[749.229309082,761.3381347656,772.7650756836,784.6135864258,796.2896728516,807.8216552734,819.1352539062,830.4516601562,830.3161621094,818.7119750977,807.4027099609,795.9442749023,784.7596435547,773.0581665039,761.5163574219,749.5825805664],"4":[512.9274291992,513.0549316406,510.8188781738,509.187713623,507.3162536621,506.6884155273,506.3472290039,506.120880127,560.5585327148,558.7161254883,559.1540527344,559.9453125,560.2379150391,560.4920043945,560.8984985352,560.8891601562],"5":[503.807434082,505.3850708008,505.2885742188,504.717010498,504.9373168945,504.7719726562,505.5155639648,507.5188903809,558.1525268555,557.6228637695,556.912109375,557.9084472656,556.5819702148,555.8646850586,555.0073852539,553.7970581055],"6":[84.1059265137,113.0705490112,140.5850372314,168.0697479248,196.750213623,225.1605987549,253.2637176514,281.1927490234,283.3578186035,254.42527771,225.9491424561,197.2662658691,169.2969970703,141.9677124023,113.4658355713,83.8377990723],"7":[487.7269897461,486.4579467773,484.7467346191,483.9644165039,482.2105407715,481.0889587402,480.2995910645,478.9408874512,532.9127197266,534.8992919922,535.6129760742,537.2482910156,537.7362670898,538.2363891602,539.6792602539,540.700012207],"8":[336.6093444824,362.1977233887,392.9252624512,422.781463623,452.9344177246,482.0971374512,512.6661376953,542.2242431641,542.4843139648,512.8666992188,483.2374572754,453.0589904785,422.1597595215,392.4032287598,362.2194824219,334.7348327637],"9":[140.8243255615,160.2225952148,178.8248901367,197.1611785889,216.1684875488,235.1145172119,253.6140594482,272.2853088379,273.6625366211,254.8206481934,235.2612457275,216.0984344482,197.5500183105,178.6464233398,159.6790466309,140.5683288574],"10":[390.0772094727,424.3037109375,459.2638244629,495.9649047852,531.3862915039,566.0018310547,601.6145629883,639.2416992188,639.4112548828,601.9942626953,566.9393310547,531.5994873047,496.280456543,460.4348754883,425.3002929688,390.9005126953],"11":[368.4002685547,391.5469055176,415.1968078613,438.5781860352,461.2110290527,484.1776123047,508.2229003906,532.8403930664,530.948425293,509.6640014648,485.700378418,461.4600524902,437.5089416504,413.6532897949,389.7798156738,367.2216796875],"12":[485.8259277344,490.3558349609,494.8389892578,498.5885925293,503.6745605469,514.0795898438,528.4689941406,539.6712036133,550.7150268555,546.4525146484,541.9786376953,531.2344970703,524.8685913086,518.6758422852,510.3795166016,501.670135498],"13":[284.8853759766,328.0244445801,371.6377868652,413.7127990723,458.4077453613,504.2062988281,548.6099853516,595.9411621094,594.5703125,551.2503662109,505.621307373,460.5581359863,416.0019836426,370.788482666,325.916809082,283.836151123],"14":[280.0526428223,289.1159667969,296.8642578125,304.2238769531,312.3433227539,320.5236816406,327.9575805664,334.7640991211,336.2377929688,327.478302002,318.8398132324,310.7857055664,303.1829833984,295.1050720215,287.1585083008,278.9873046875],"15":[192.574005127,211.5218811035,230.9913635254,249.2381134033,268.9317321777,286.8707580566,306.824432373,321.8745727539,323.8495178223,305.6050415039,285.9922180176,267.2164916992,248.5314941406,229.4728240967,210.1797180176,191.6580963135],"16":[257.9517822266,267.2868347168,273.6374206543,280.0650939941,286.4764099121,294.6874694824,301.8244628906,308.8616943359,309.8206787109,302.3160400391,295.0044250488,287.5196228027,280.3562011719,273.9336853027,266.5580444336,257.9130554199],"17":[342.4923095703,352.5217285156,357.1253356934,362.7891235352,369.9256591797,375.2549133301,379.7375488281,385.347076416,385.622467041,380.6529846191,373.840057373,367.061706543,361.088104248,355.3417358398,347.7439880371,338.6699829102],"18":[226.9949951172,237.2079467773,244.1061859131,251.6353607178,259.1487426758,266.9086303711,273.8010253906,280.4140625,282.4133300781,274.8438110352,267.4389953613,259.2932128906,251.5942077637,245.7562561035,238.3618011475,228.1846008301],"19":[316.6866149902,324.4604492188,331.2472839355,338.2370605469,345.1314086914,352.6233520508,359.5217895508,368.1109924316,367.4986877441,358.3915100098,351.1901855469,344.8944091797,338.3560180664,331.4836120605,324.7995910645,317.0631103516]},"polygon_y":{"0":[380.2054443359,380.001159668,380.2982177734,380.363861084,380.3514709473,380.6760253906,381.3965759277,381.0252380371,422.9162902832,422.896270752,423.5438842773,423.1960144043,423.1714172363,422.8175354004,423.2586364746,423.4697875977],"1":[262.4122314453,262.0462341309,261.4814758301,261.2449035645,261.0794372559,260.8814086914,260.4504699707,260.8327331543,291.8785095215,291.8045959473,291.9105834961,292.4054260254,292.4761047363,293.2421875,293.4266357422,292.807220459],"2":[454.8025512695,455.1781616211,454.8498840332,455.2254333496,454.9030151367,454.6120605469,452.9629211426,453.8269348145,506.1164245605,507.2435913086,507.7919311523,507.5929260254,508.6013793945,507.9130554199,506.8811340332,507.6838378906],"3":[682.8078613281,683.1892089844,682.8447265625,683.2340087891,683.3059082031,683.5679321289,683.7392578125,683.6356811523,714.5133056641,714.1218261719,714.1605834961,714.1803588867,713.9218139648,714.1536254883,714.0371704102,714.2264404297],"4":[363.3181762695,357.3132019043,346.7415771484,338.6726379395,327.1577148438,316.7775878906,305.306427002,295.0120849609,288.9403381348,296.5808410645,305.6968078613,316.9599609375,327.5842895508,337.2244873047,346.9549865723,356.3972167969],"5":[445.1749267578,440.0757141113,431.5762023926,423.2224731445,416.7650756836,410.4397277832,405.4299621582,398.9409179688,399.5399169922,407.0727233887,414.8233337402,422.3605651855,428.7083129883,435.8912658691,443.5178222656,450.2322998047],"6":[116.8310470581,117.4880599976,117.2152786255,116.9314804077,117.4607162476,117.3365402222,115.9497756958,116.5800018311,165.6195373535,165.8678131104,164.6893615723,165.455581665,166.2045593262,164.9281005859,164.2224273682,164.0393829346],"7":[64.8556518555,60.3908348083,51.6498985291,43.4633407593,34.010471344,24.3188323975,16.3720703125,11.4291572571,4.5431098938,11.4299240112,18.9761447906,28.2631416321,35.9350395203,45.0107688904,52.955696106,59.17552948],"8":[166.5697021484,165.0210876465,165.3225250244,166.8771057129,167.1835021973,166.958694458,167.5931243896,167.4721832275,210.4513244629,211.7047729492,212.7364501953,211.996963501,212.5332794189,211.8016052246,212.3650817871,211.8501586914],"9":[165.3602294922,165.8447875977,165.8071899414,164.9170379639,165.0252685547,165.2543487549,164.7655181885,163.6521911621,208.6755981445,210.4311828613,210.4653625488,210.0330810547,209.6565246582,210.8166809082,210.4600067139,210.4183502197],"10":[529.0635375977,530.3034057617,530.7313232422,530.9952392578,531.8148803711,531.5028076172,530.8065185547,530.9287109375,579.6990356445,580.5052490234,580.6495361328,580.030090332,580.327331543,580.5448608398,579.2426757812,578.5651855469],"11":[453.0946044922,454.0723266602,455.4133911133,456.655670166,457.8141784668,459.0587158203,459.9702758789,459.5083618164,505.6106567383,505.2909851074,505.772857666,505.295501709,505.3856201172,505.6726989746,506.0377197266,505.1287231445],