{"polygon_x":{"0":[49.0789756775,65.9023666382,82.3988342285,98.9494628906,115.552520752,132.0861206055,148.5239715576,166.0061645508,169.3748168945,152.4838256836,136.0409088135,119.0430603027,102.2481765747,85.5182113647,68.5656585693,52.3955955505],"1":[0.0414425209,21.1100349426,42.8271217346,64.4884414673,86.2127838135,107.7330932617,128.9755859375,152.3412780762,156.7337799072,134.446182251,113.1596374512,91.5384063721,70.2301101685,48.006275177,25.8259811401,1.4730638266],"2":[456.8118896484,467.551574707,478.0151672363,488.4471435547,499.4473876953,510.5570983887,521.5061035156,533.4174804688,531.4111938477,519.984375,509.1514892578,498.1313781738,487.5808105469,476.6127929688,465.8382263184,454.3307495117],"3":[0.0159993712,13.7834873199,28.7948379517,43.2238121033,58.5794219971,73.9624099731,89.4801864624,105.6832809448,106.5517578125,89.8957519531,74.5638275146,59.134727478,43.1611328125,28.5795688629,13.6127090454,0.0544225946],"4":[290.0532836914,304.4282531738,317.337310791,330.2692871094,344.2856140137,357.8337097168,371.3111572266,384.0015869141,384.2164001465,370.0375366211,356.8728942871,343.1790771484,330.3146972656,316.7152709961,303.0351257324,289.0534057617],"5":[52.8140144348,70.9863052368,88.5180206299,105.5113220215,122.9115982056,140.4031524658,159.6020507812,178.6127319336,179.2279052734,161.4429168701,145.0099334717,126.5255355835,108.6461334229,91.2874984741,74.3526077271,56.8012580872],"6":[312.1116027832,327.0463562012,342.5397644043,357.0056152344,372.0666809082,386.568572998,401.2810058594,417.7170715332,420.6683654785,405.7718811035,391.6931152344,376.1744384766,361.6596374512,347.0771789551,332.1187438965,317.4273681641],"7":[112.550163269,125.6088104248,138.825378418,152.4835357666,165.7055053711,178.7789916992,191.9768981934,204.4503479004,205.2702636719,191.9002990723,178.639175415,165.6950836182,152.4340667725,139.3441162109,126.0177459717,112.4940414429],"8":[685.6853637695,698.5332641602,710.9340209961,723.5866699219,735.7711181641,748.0257568359,760.2606201172,772.4429931641,773.5239257812,760.9232177734,748.7670898438,736.2322998047,724.2356567383,711.7575683594,699.649230957,686.9050292969],"9":[298.9807739258,314.7196044922,330.9570617676,347.201751709,363.2312316895,379.708404541,396.1779174805,411.4389038086,413.181427002,396.6136169434,380.0593566895,363.6815490723,347.5852966309,331.4937438965,315.5765686035,299.2288818359],"10":[258.2995300293,264.5567321777,270.5910949707,276.6132507324,282.376739502,288.8863525391,295.2394714355,300.721862793,304.2294921875,298.5344543457,292.0601196289,285.9413452148,279.7368774414,274.3853149414,268.5260620117,261.7402648926],"11":[216.6121520996,231.31640625,246.3043212891,260.9064331055,275.5947265625,290.8108825684,305.2640075684,319.4054260254,320.6364135742,304.7611694336,291.143157959,276.6246337891,261.9391174316,247.7087249756,233.2003631592,218.4785461426],"12":[538.6213378906,556.4678955078,575.1190795898,594.7831420898,614.3227539062,633.5425415039,653.0335693359,673.1293945312,669.710144043,650.0983276367,631.6396484375,612.5739746094,594.0733642578,575.6608886719,557.0747070312,538.2952880859],"13":[1.5972914696,11.0746011734,19.9507904053,28.9063930511,38.0181045532,47.0525016785,55.3853759766,63.8598022461,64.6864089966,55.4493713379,46.1954994202,37.3089065552,28.4799404144,19.6304473877,10.4168109894,1.0025064945],"14":[515.3265991211,538.2593383789,561.7193603516,584.1920776367,607.4243774414,630.8760986328,652.9307250977,676.9724121094,679.0858764648,655.4226074219,632.1350097656,608.2496337891,584.60546875,561.486328125,537.2545166016,515.9935913086],"15":[429.7086181641,444.4298706055,457.8487243652,470.7089233398,484.3656311035,497.8529052734,511.1229858398,523.7136230469,524.9293212891,511.6149597168,498.0410766602,484.0030212402,470.4325866699,456.2485046387,442.4367370605,429.123260498],"16":[353.732635498,369.4807434082,384.3143005371,397.9157104492,412.2108459473,426.0872192383,438.3811950684,452.3676757812,452.6329650879,439.4932250977,425.9387512207,411.7450256348,397.067565918,382.7708740234,368.9452819824,354.8639221191],"17":[238.4767913818,248.0816650391,258.0220947266,267.9898986816,277.8498840332,288.2303771973,298.1297912598,309.2722167969,313.2053833008,302.5333557129,292.1199035645,281.803527832,271.318359375,260.946685791,251.1104125977,240.9142456055],"18":[312.6773376465,317.1026306152,320.9393920898,325.4818725586,329.8520812988,335.0574645996,339.1229553223,343.3186645508,342.6999206543,338.6473083496,333.7895202637,329.1256713867,324.7870178223,320.6146240234,316.6086120605,311.8350830078],"19":[515.4021606445,528.4416503906,544.7857055664,561.083984375,576.625,592.2612304688,607.4256591797,624.2696533203,625.3450927734,608.2456054688,593.2546386719,578.3552856445,562.9526977539,547.6440429688,532.703125,518.4296264648],"20":[176.8065795898,199.4401550293,222.081161499,245.0471801758,268.436706543,291.6323242188,314.3420410156,338.8399658203,339.2744445801,315.6440734863,291.617767334,269.6648254395,246.4840698242,224.0132141113,200.9834594727,178.0836334229],"21":[167.2086639404,189.244430542,211.2218475342,233.7895202637,258.1714477539,283.393371582,306.5152587891,328.022277832,330.2455749512,309.8050537109,287.0247802734,264.6856689453,239.3927459717,217.1199951172,196.5255737305,172.9742126465],"22":[617.1364135742,625.4664306641,633.5147094727,640.8479614258,648.9156494141,657.3885498047,665.2047729492,674.4296875,682.5372924805,672.8805541992,664.6417236328,657.1504516602,649.6362304688,641.2152709961,633.1026000977,625.2638549805],"23":[1.1931904554,25.599363327,48.3898506165,71.7567977905,94.8943557739,118.4879837036,141.2321014404,165.2775878906,166.4453277588,141.9863891602,118.8703536987,96.2124099731,72.490447998,49.0356369019,25.7918930054,1.7170399427],"24":[467.241027832,489.4615478516,511.3259277344,533.8602905273,555.9775390625,579.3779907227,600.4329223633,623.9138793945,621.9862670898,600.4949951172,578.2459716797,555.8138427734,532.6724243164,510.0848693848,487.6883850098,464.5889282227],"25":[286.9398193359,300.7859191895,314.6772155762,328.4755859375,342.1921386719,355.4366149902,368.4880371094,383.1719055176,387.144317627,373.4363708496,359.8833312988,346.1105957031,332.4754638672,318.3840026855,304.4716186523,291.3470458984],"26":[439.2618408203,450.5820007324,459.4154052734,468.5705566406,477.5824890137,486.9523010254,497.1257629395,510.0667114258,509.2518310547,497.0453491211,487.3421936035,478.0356445312,467.9707946777,459.2795715332,449.4419555664,439.6935119629],"27":[273.8148193359,280.9869384766,286.8958129883,292.8217773438,299.345916748,305.6254272461,312.1153564453,319.2748718262,318.2795715332,311.7642211914,304.1962890625,298.6482849121,292.8841247559,286.259552002,279.9337158203,274.4036560059],"28":[168.3933563232,188.7877960205,208.4822387695,228.181640625,247.4837036133,267.2533874512,286.2302856445,306.0994567871,307.4005126953,288.3754577637,267.5763549805,247.7965698242,228.0890960693,208.8198699951,188.2713317871,169.1851196289],"29":[273.7831420898,280.9602661133,286.8553161621,292.7576293945,299.2230834961,305.6004638672,312.1005554199,319.1751403809,318.2915649414,311.8194274902,304.1355895996,298.6544189453,292.8866271973,286.2825317383,279.9485778809,274.4242858887],"30":[374.0405578613,381.1865234375,385.6351928711,390.9921875,396.1311035156,401.3070983887,406.1875915527,413.2518310547,412.9810791016,406.559967041,400.694732666,395.2612304688,388.9761047363,383.2710876465,378.4552001953,373.1821594238]},"polygon_y":{"0":[93.2050933838,90.8519439697,88.8200683594,86.3155517578,83.7969207764,81.3181610107,78.5530014038,75.2709655762,103.1919555664,106.3476715088,109.8731536865,112.4819030762,114.9306640625,117.9672088623,120.5098114014,123.310798645],