{"polygon_x":{"0":[789.34765625,806.3186035156,822.9598388672,839.9176025391,857.4086303711,874.1618652344,891.8717651367,909.7514648438,912.9952392578,896.2684936523,879.141784668,862.0881347656,845.0944213867,827.7080078125,810.8275146484,793.8548583984],"1":[236.472946167,246.8734893799,257.2207946777,267.9536132812,278.6582641602,288.9583129883,299.4305114746,310.3146362305,311.4575500488,300.410736084,290.3744812012,280.0697631836,269.6051940918,258.9963989258,249.0507965088,237.8370819092],"2":[564.3034667969,578.498046875,591.5114746094,605.255859375,618.5165405273,630.8806762695,644.0252075195,658.4330444336,661.1462402344,647.0490722656,634.5609741211,621.0941162109,607.9153442383,594.3407592773,580.6920166016,568.3262939453],"3":[518.6328125,538.9691772461,558.9757080078,579.4877929688,600.1992797852,620.4562988281,640.7152709961,661.8893432617,664.8444213867,644.6467285156,624.6065063477,604.1282348633,583.4822998047,563.3519897461,542.5130615234,521.978515625],"4":[3.9632761478,14.1843271255,23.7756824493,33.4871826172,43.3726081848,52.9179534912,62.5873794556,72.9536972046,73.3749923706,63.7893753052,53.6504707336,43.5183944702,33.7964363098,23.999912262,13.9420967102,4.3033885956],"5":[187.6167602539,190.53074646,192.5984954834,192.9750061035,192.2959594727,191.8822631836,192.0908508301,190.7480621338,219.7804718018,221.0181732178,221.6638031006,222.5286254883,222.8280334473,223.1642913818,220.7219848633,218.6668395996],"6":[175.8726654053,172.1646270752,170.6852722168,170.8396759033,169.3962554932,169.1465454102,168.6870117188,168.7104492188,210.0827484131,204.6560516357,203.236541748,202.4325408936,203.5555419922,204.8436431885,206.4819335938,208.9532012939],"7":[740.3497314453,749.44921875,758.0132446289,766.4182128906,775.3302001953,784.6571044922,793.7633666992,802.9273681641,808.2805786133,799.4172973633,790.8009033203,781.6054077148,772.4135742188,763.3089599609,754.5052490234,745.8405151367],"8":[531.2197265625,542.0121459961,552.2471313477,562.6408691406,573.0437011719,583.4885253906,593.928527832,603.7548217773,606.1948852539,596.4559936523,586.2420043945,575.3321533203,564.6591186523,554.126159668,543.6529541016,533.2077026367],"9":[722.7919311523,739.5498046875,755.1447753906,771.4317016602,787.3892822266,803.694152832,820.0357055664,836.2658691406,840.9006347656,824.0337524414,807.4863891602,791.1804199219,774.9721679688,758.2451782227,741.9002075195,725.2608032227],"10":[0.2466121614,7.7254452705,14.9663829803,22.083524704,29.5749530792,37.2447166443,44.5463676453,51.9438705444,52.632144928,45.1716346741,37.5313262939,30.0321617126,22.8535232544,15.5681829453,8.0977268219,0.4679325521],"11":[269.5725402832,271.1109008789,274.3441467285,276.729309082,280.2267456055,283.394317627,287.7717285156,291.2610778809,320.936706543,317.0205688477,313.1291809082,310.0582275391,306.7557067871,303.8776855469,301.1865234375,299.2541809082],"12":[0.604100883,18.1472740173,35.5904464722,53.7339324951,71.1521682739,89.0118179321,106.7929534912,124.9522399902,123.0029983521,106.3676528931,89.1012649536,71.5362854004,53.8308525085,36.1025352478,18.8768615723,0.4903500676],"13":[538.7106933594,542.8383178711,545.916809082,549.5455932617,552.4764404297,556.1571655273,559.4406738281,562.7182006836,564.0957641602,560.8298339844,557.6754150391,553.9954223633,549.7756347656,546.1218261719,543.0455932617,539.2416381836],"14":[538.4501342773,546.611328125,552.473815918,558.3862915039,564.8646850586,570.994140625,577.7606811523,584.34765625,588.7443847656,581.2551879883,574.9846801758,567.7735595703,561.116027832,554.0770263672,547.8258666992,540.5006713867],"15":[728.3908081055,755.3853149414,781.2957763672,808.4371948242,834.5217895508,861.132019043,886.4370117188,913.8070678711,917.5512695312,892.3552856445,866.4465332031,840.603515625,814.5812988281,787.3755493164,760.8229980469,733.631652832],"16":[33.0224494934,34.5046310425,35.5630989075,36.4101409912,37.2406425476,39.2668533325,40.9283027649,40.9972572327,74.790687561,73.6566543579,69.7772140503,67.3084335327,66.2647399902,66.203086853,66.0046691895,66.5960083008],"17":[680.1713256836,685.9631958008,691.1189575195,696.2817993164,701.3483886719,707.2640380859,712.1126098633,717.2088623047,721.2537841797,716.8268432617,710.6508178711,704.8355712891,699.2388305664,694.2536621094,689.1832275391,683.3274536133],"18":[846.8544311523,858.8652954102,871.5029907227,883.2171020508,895.5116577148,907.4332275391,920.2462158203,931.9415283203,937.9343261719,926.5376586914,914.2991333008,901.7184448242,889.1500854492,877.1231689453,864.6720581055,852.1627197266],"19":[165.9274749756,168.6708831787,169.1011352539,169.879699707,170.061706543,167.8750457764,166.6541595459,167.031539917,197.1747894287,197.3298034668,198.0801544189,199.3090362549,199.9478912354,201.1598052979,200.5318603516,200.2059631348],"20":[293.0527954102,297.8019714355,301.7755432129,306.129119873,311.2481994629,316.0223083496,320.6793518066,323.8050231934,362.2643127441,356.2330627441,351.6516723633,346.1256408691,339.987701416,335.5947570801,331.4726867676,327.855682373],"21":[667.1119384766,677.65234375,687.7590942383,697.9932861328,708.8479614258,719.7161254883,729.2916870117,739.6588745117,743.2452392578,733.4307861328,722.9973144531,712.0842895508,701.4449462891,691.3161621094,681.1173706055,670.3733520508],"22":[813.3082885742,824.2257080078,834.8345947266,844.0490722656,853.5346069336,861.8247680664,870.5204467773,879.2003173828,894.4865112305,876.5147094727,868.1109619141,857.0308227539,847.5399169922,837.8895874023,828.5371704102,817.5606689453],"23":[779.3052368164,791.2119750977,802.0903320312,812.2557983398,822.0108032227,832.9649047852,843.6292724609,854.0285644531,853.1813354492,838.7478637695,829.5560913086,819.1976318359,808.2058105469,798.7219848633,788.2272949219,776.282043457],"24":[58.356803894,69.7608718872,79.9680633545,89.1695709229,98.9991912842,109.0939331055,118.3658981323,129.3504486084,137.6799468994,127.8991851807,116.5405807495,106.0603561401,96.1760177612,85.71534729,75.5849075317,64.520362854],"25":[451.6551818848,459.8973388672,468.150390625,475.6748657227,483.6529541016,491.0960693359,498.2493591309,507.496887207,508.8955688477,500.3551330566,491.7134094238,484.3306274414,476.2554626465,468.4323425293,460.9680480957,452.4385070801],"26":[408.585723877,429.297088623,456.3911437988,485.8487854004,514.407409668,541.2797241211,565.6390380859,592.6264038086,595.1840209961,567.5471801758,543.1126708984,516.8079833984,490.3563232422,462.1336975098,438.8754882812,414.0688476562],"27":[145.7380371094,147.454208374,149.2940673828,151.0059051514,153.0428466797,154.9583129883,156.0293731689,156.8639984131,130.3739624023,129.2148284912,128.5084381104,127.4373931885,126.3534927368,125.1033401489,124.0667495728,122.9597473145],"28":[238.6794586182,260.4472045898,283.0244750977,306.3190917969,328.8473205566,351.4547729492,373.4973449707,397.1774597168,398.4449768066,376.5537109375,354.2110900879,331.0617675781,308.5786743164,286.5087585449,263.9844665527,241.9276123047],"29":[611.5703735352,647.2509765625,686.1057128906,726.90234375,762.9235229492,799.9826049805,834.9100952148,874.817199707,880.7710571289,843.8421020508,806.0911254883,772.1885986328,732.1597900391,691.1888427734,654.1088867188,620.4936523438],"30":[734.3554077148,763.0596313477,790.5708007812,818.969909668,847.2171020508,875.2056884766,903.140625,929.9071655273,937.0111083984,909.2476806641,881.5023803711,853.174987793,824.9501953125,796.4097290039,767.6973266602,739.6389770508],"31":[376.8492431641,377.4463806152,379.3847351074,380.2154846191,380.4481811523,380.6156921387,381.2688293457,379.2524108887,426.622467041,416.5551147461,413.6875610352,411.0473937988,408.552947998,408.9235839844,406.8907165527,405.9658813477],