{"polygon_x":{"0":[50.0700454712,61.0634460449,72.5761413574,83.8606491089,95.3637237549,106.4935760498,117.8780059814,128.5879364014,129.0018005371,118.1772994995,106.8561706543,95.774055481,84.7068862915,73.6698532104,62.3710899353,51.3230171204]},"polygon_y":{"0":[296.4985961914,295.5074462891,295.2184448242,294.9984741211,295.009765625,294.9317321777,294.617767334,294.6281433105,327.5106201172,327.7655029297,327.7324523926,328.1257019043,327.9951477051,328.958404541,329.2480163574,329.984161377]},"text":{"0":"2184"},"score":{"0":0.9670440555}}