{"polygon_x":{"0":[137.5305633545,151.9291534424,166.3700408936,180.3050384521,194.3287506104,207.8318786621,222.1834106445,235.8576049805,235.4438018799,220.4674224854,206.3360443115,192.2051696777,178.2395477295,163.870513916,149.6106109619,135.9553985596],"1":[654.2477416992,669.0993041992,682.8834228516,696.3708496094,710.2700805664,723.9100952148,737.9305419922,752.5212402344,750.9219360352,736.1706542969,722.1161499023,708.3013305664,694.0772094727,679.6690673828,665.7107543945,651.6434936523],"2":[108.7439651489,140.8830108643,168.9879608154,196.1375732422,225.6768035889,253.07472229,279.5556030273,306.1126403809,308.0884399414,278.4284667969,250.2071685791,225.4387969971,195.4424743652,166.6364746094,136.6329345703,108.3778839111],"3":[0.0915625319,13.0899944305,27.3469028473,41.2205276489,55.3586158752,69.608833313,83.9485168457,96.0872192383,101.5995788574,85.9843597412,70.7810974121,55.9316368103,41.401260376,27.3579425812,13.4273300171,0.1719898134],"4":[426.093170166,443.490020752,465.7619934082,486.1249694824,505.4620056152,525.274230957,545.4889526367,563.9384155273,563.8552246094,546.5895385742,525.658996582,505.3206481934,484.3641662598,464.6511230469,442.2171020508,422.444732666],"5":[204.9244537354,224.9746704102,246.1071472168,266.5152893066,286.233581543,306.3078918457,327.4568481445,348.4208374023,344.1094665527,326.8689575195,304.9877929688,285.1732788086,265.9166259766,244.9196777344,224.7385101318,204.40625],"6":[433.8416137695,458.897857666,485.056640625,510.8000488281,533.7338256836,557.5474853516,582.2858276367,611.9375610352,611.8316040039,583.3420410156,558.9158935547,537.9974365234,511.6242675781,485.5621337891,457.5079345703,433.8846740723],"7":[316.924407959,327.3734130859,333.4083557129,339.7740478516,347.1942138672,355.2462463379,362.2839660645,368.2314453125,368.7955627441,362.9384460449,355.4513244629,347.8015136719,339.3168334961,333.4015197754,326.3913879395,317.6906738281],"8":[380.5780029297,387.6453857422,394.7864685059,401.5296630859,408.1654663086,416.2462463379,423.0463562012,431.5641479492,428.2202453613,421.1555175781,414.0342712402,407.4677734375,400.8639831543,394.3351135254,387.5667114258,380.0077819824]},"polygon_y":{"0":[112.975692749,114.2014007568,114.9108200073,114.8141326904,115.3034057617,115.3388977051,115.2493209839,115.1877746582,153.3719177246,154.1906280518,153.88671875,153.3401031494,153.0171356201,152.5946350098,152.9275054932,151.945892334],"1":[543.8455810547,545.5738525391,547.3239746094,548.1303710938,548.9852905273,549.7532348633,551.2069702148,551.2688598633,589.8096923828,590.4627075195,590.8037719727,590.2056884766,589.7089233398,589.3461303711,588.5739135742,587.2451782227],"2":[284.1666564941,285.6245117188,287.1030883789,287.4005737305,286.8896484375,287.5319824219,287.4927368164,287.6418762207,326.6933288574,327.3194885254,327.3259277344,326.5588684082,325.9541320801,325.3342895508,324.491394043,324.9627075195],"3":[290.425201416,289.937286377,286.9352416992,286.537109375,286.2289123535,284.6094360352,284.0870056152,283.3412475586,323.7800292969,323.5015869141,323.0342102051,323.2106323242,323.1368713379,323.6491699219,324.0528869629,323.3213500977],"4":[380.8501281738,380.631072998,380.8254394531,380.8274536133,380.4778137207,381.2007141113,381.6243896484,382.2788696289,419.2417297363,418.8839416504,419.464050293,419.9296264648,420.1780090332,419.4128112793,419.4583129883,419.793762207],"5":[65.7247467041,66.2051239014,67.251121521,67.2039337158,67.9091720581,69.5635375977,71.5557098389,72.1129608154,105.7090606689,105.7634963989,106.4550018311,105.9953460693,105.930770874,105.3736572266,105.0692138672,104.4314804077],"6":[281.0890197754,281.9782409668,282.4779052734,283.5951843262,284.6039733887,284.7322692871,284.692565918,285.6467285156,329.1673278809,331.1651611328,331.2481994629,330.6790161133,330.6788024902,330.4821166992,330.2690429688,329.3507080078],"7":[284.1455993652,283.4627075195,282.2772216797,281.9018249512,281.8903198242,281.1466369629,280.7473144531,282.0640869141,327.4755554199,328.5420837402,329.4306945801,329.9314575195,330.0088195801,329.9853515625,329.6963195801,329.4225158691],"8":[279.8180541992,279.0425720215,277.958984375,277.0460205078,277.146484375,276.5628356934,276.26171875,275.2731628418,325.9080505371,326.9447631836,327.2546081543,326.9520568848,326.7186584473,326.7474365234,326.9239501953,327.2047424316]},"text":{"0":"Tank","1":"Cave","2":"Convent","3":"reek","4":"Cistep","5":"Cister","6":"George","7":"of","8":"St."},"score":{"0":0.9853922725,"1":0.9834502935,"2":0.8551596403,"3":0.8893751502,"4":0.8134194016,"5":0.8394564986,"6":0.6634096503,"7":0.9410063028,"8":0.8973249197}}