{"polygon_x":{"0":[9.4335927963,28.2386550903,47.7110404968,67.4406738281,87.5298919678,106.640045166,126.9879608154,145.7262268066,146.3605194092,126.0577316284,106.0392532349,86.2770462036,66.4150695801,46.7778549194,27.0390377045,5.1565103531]},"polygon_y":{"0":[0.013363664,0.0356803536,0.0174655933,0.0071690758,0.0087042227,0.0097123403,0.0109046772,0.00717028,29.7466316223,29.1306171417,29.0328674316,29.0577697754,29.3105583191,28.5810222626,29.1288948059,30.0417118073]},"text":{"0":"terns"},"score":{"0":0.5841619968}}