{"polygon_x":{"0":[397.7716064453,420.1191711426,441.5347290039,463.5118103027,485.126739502,506.5413818359,528.8622436523,550.6572875977,550.9511108398,529.4772338867,506.4344482422,484.4731750488,462.6474609375,440.2133483887,418.0342712402,396.8213806152],"1":[898.9928588867,897.6317138672,897.4996948242,897.1399536133,896.4141845703,894.8397216797,896.5633544922,895.4857788086,929.7562255859,930.6726074219,930.0869750977,929.3140258789,929.2158203125,929.8248291016,929.2258300781,929.4776000977],"2":[889.8442993164,898.8475952148,906.2556152344,912.091003418,918.4771118164,924.5219116211,930.6479492188,936.5139770508,936.9380493164,931.9982299805,926.5983276367,920.1497802734,913.8902587891,907.8468017578,901.6944580078,892.2728271484]},"polygon_y":{"0":[636.6508178711,637.7998046875,638.1625976562,638.9016723633,639.8527832031,640.3349609375,640.6926269531,640.4876098633,680.88671875,680.7380371094,680.9724731445,680.5799560547,680.3224487305,679.8544311523,679.6420898438,678.6974487305],"1":[716.5089111328,671.4078979492,622.4025878906,574.1317749023,524.7933959961,473.7317504883,424.338104248,378.472442627,371.6874694824,423.2480163574,472.2889709473,523.0964355469,574.5974121094,621.8807983398,670.2564697266,716.4356689453],"2":[231.0062255859,228.7029724121,228.0156555176,227.5539398193,226.9031982422,226.6364135742,226.0178222656,226.595993042,262.4995727539,262.8791503906,263.9337463379,263.8099365234,263.8874816895,264.0561523438,264.4705200195,265.4436950684]},"text":{"0":"Cistern","1":"reeneen","2":"Ci"},"score":{"0":0.9730414748,"1":0.9476121664,"2":0.5769737959}}