{"polygon_x":{"0":[832.2740478516,848.248840332,864.3616333008,879.8721923828,894.4921264648,909.4926147461,924.5028686523,936.9810180664,936.9851074219,924.6065673828,910.0336914062,894.6514282227,879.6405029297,864.2922973633,848.7846069336,831.9325561523]},"polygon_y":{"0":[269.0901489258,268.8121948242,268.9780883789,269.1065673828,269.4895935059,269.2546081543,270.0807495117,270.5618286133,311.6651916504,312.8592834473,313.1739196777,313.6770019531,313.4360351562,313.872467041,314.1347045898,313.819519043]},"text":{"0":"Ciste"},"score":{"0":0.9627604485}}