{"polygon_x":{"0":[103.5774612427,116.0129165649,128.1876525879,140.7420501709,152.8723297119,164.6316223145,177.5346221924,190.4909515381,190.4729614258,177.3750305176,164.937286377,152.315826416,140.0178985596,128.042175293,115.9203414917,103.3091888428],"1":[3.0017476082,41.9984359741,79.3913726807,117.531463623,154.8760375977,192.5144195557,229.223815918,265.986541748,265.702331543,229.5952606201,192.3160400391,154.8812713623,118.3768310547,80.3413314819,43.2036895752,2.4924740791],"2":[810.4143066406,821.4675292969,831.9381713867,842.6082763672,852.9730224609,863.3957519531,874.1739501953,884.8084716797,884.45703125,874.2923583984,863.0614013672,852.253112793,842.1975708008,832.1243896484,821.7579345703,810.3607177734],"3":[530.0249023438,557.4663085938,585.871887207,615.7686157227,644.3115234375,673.9375,701.7436523438,731.0503540039,731.9286499023,703.2659912109,675.1159667969,645.8474731445,617.2224731445,588.5111694336,560.3151245117,532.0206298828],"4":[0.322401464,9.7917280197,19.2535552979,28.4265975952,36.5671653748,45.1845970154,54.7855415344,63.3865699768,63.9492492676,54.8554267883,45.5069541931,36.268699646,27.3388404846,18.9027957916,10.0579071045,0.3868324757],"5":[748.1762084961,782.0608520508,814.8811035156,850.259765625,884.7686157227,919.3329467773,953.5803222656,992.4481811523,994.9398193359,955.6134033203,921.4010620117,886.375793457,852.2490234375,817.8771972656,783.9978027344,750.1810302734],"6":[465.6188964844,473.051940918,481.0000305176,488.0160522461,495.1049804688,501.6791992188,508.3870849609,514.1989135742,516.6960449219,509.1657714844,501.9989013672,495.3507080078,488.9163513184,482.2004699707,475.4719848633,469.2348937988],"7":[918.3931884766,930.7034301758,943.1851196289,954.7341308594,966.0817871094,977.5768432617,989.0305175781,999.8791503906,999.4232788086,986.0899658203,974.2677001953,963.01953125,951.3984375,940.9158935547,929.8668823242,917.8140869141],"8":[158.8174743652,216.685043335,274.8493652344,333.7294006348,391.6460571289,450.7007141113,509.5390625,570.3161010742,571.3101806641,510.7987670898,453.4266967773,393.7818908691,336.3423156738,278.1946411133,219.3919219971,160.5129241943],"9":[316.356842041,329.8345947266,343.602355957,357.4594421387,370.7917480469,384.5398254395,396.2916564941,407.8847961426,407.7763366699,394.9539489746,381.9707946777,368.8013000488,355.9937133789,343.489440918,331.2886962891,318.7788391113],"10":[0.9940716028,30.0363311768,57.3126068115,85.418586731,112.3064575195,139.8127441406,166.8473052979,194.4726409912,195.2508392334,167.5900268555,140.3127288818,112.7883148193,86.2707977295,58.5739059448,31.5295715332,1.9385038614],"11":[270.1956787109,294.2727966309,318.4335327148,345.0211791992,370.4351196289,395.3863525391,420.1682128906,447.0808105469,448.7791137695,421.9820556641,397.6018981934,372.4586486816,347.3800048828,322.0191650391,296.4348449707,272.6283569336],"12":[478.9959411621,483.6405944824,488.1120605469,492.7781677246,496.7966308594,501.9151611328,507.0771484375,511.2965087891,511.7433166504,507.7263183594,502.7724609375,498.2522277832,493.2758789062,488.7886352539,484.6670227051,480.6636962891],"13":[432.838470459,445.8355102539,457.5238647461,471.3599243164,483.1370544434,496.4552307129,512.0944213867,523.8153686523,525.4086303711,513.4280395508,500.5023803711,486.4644165039,471.9725036621,460.1854248047,447.8012695312,437.1957397461],"14":[431.2370300293,436.3432617188,440.7939453125,445.9410400391,450.6000061035,455.8498840332,460.9420776367,465.8177490234,467.4270324707,463.5256958008,458.6289672852,453.668762207,448.4611816406,443.7007141113,439.3635559082,433.5130615234],"15":[681.8762207031,695.2473144531,706.2476806641,717.1927490234,727.4525146484,738.7364501953,750.9063720703,762.1153564453,766.412902832,754.8448486328,742.3040161133,730.2797851562,720.6340942383,709.9335327148,699.2593383789,685.5203857422],"16":[333.5153198242,345.6304626465,358.0337219238,371.257019043,383.743560791,397.0958251953,410.7232971191,423.8921813965,428.3821105957,415.299621582,401.7770996094,388.2146911621,375.4713439941,362.1926574707,349.7577514648,336.1437988281],"17":[0.1307266653,14.2375955582,28.150188446,42.6737632751,56.4570541382,70.6887741089,85.7643890381,100.842124939,100.8166046143,85.0648193359,69.9824066162,55.4550476074,41.4675064087,27.5662117004,13.5359363556,0.1202013344],"18":[552.9957885742,566.7047729492,580.7130126953,595.2533569336,609.6943359375,622.6484375,641.3986816406,653.0054321289,652.4123535156,641.0733642578,626.5114746094,610.5797119141,595.4121704102,582.8846435547,569.4041748047,554.25390625],"19":[647.4221191406,699.4790039062,750.1633300781,801.7080688477,853.2709350586,905.3662719727,953.9501342773,999.7791137695,999.9565429688,957.0993041992,909.3005371094,858.0404052734,805.4326171875,754.9518432617,704.0888671875,648.6342773438],"20":[502.5846862793,559.0404052734,616.2712402344,675.3870849609,734.9191894531,794.8692626953,853.5381469727,913.0601806641,912.6330566406,854.4615478516,796.3056640625,736.1343994141,677.8253173828,618.7689208984,560.8402099609,500.9409790039]},"polygon_y":{"0":[460.6286010742,459.6883544922,459.390838623,459.6744384766,459.736328125,459.5221557617,459.9035644531,460.2671508789,572.1045532227,573.6530151367,572.9839477539,572.2634887695,572.4632568359,572.4748535156,573.092956543,573.0678710938],"1":[623.6616210938,624.401184082,625.7042236328,626.3728027344,628.2075195312,629.4358520508,629.4378051758,631.0632324219,698.9847412109,698.9352416992,698.3197021484,699.0490722656,698.265625,699.1906738281,700.0358886719,699.6619262695],"2":[462.3450317383,461.8500366211,462.1166687012,462.0199890137,461.0182189941,460.2817993164,460.4650878906,460.7752990723,570.6564331055,570.9765625,570.4525146484,569.3369140625,569.8079223633,570.676940918,571.4232788086,571.8436279297],"3":[953.0202636719,950.5870361328,950.7324829102,950.5904541016,948.2200927734,952.2134399414,952.3306274414,954.2284545898,999.8257446289,999.8927001953,999.8336181641,999.9429321289,999.9417114258,999.9516601562,999.9658813477,999.9765014648],"4":[465.3336791992,464.7864379883,465.521484375,464.6996765137,463.9159545898,463.3641967773,463.5431213379,465.0970153809,569.9766845703,570.1141967773,569.8839111328,569.5121459961,570.1069335938,570.5526123047,571.1069946289,569.9942016602],"5":[940.9194335938,943.0236816406,943.7246704102,943.2655029297,945.4088134766,946.5657958984,945.0826416016,948.5236816406,999.8072509766,999.8756103516,999.8660888672,999.8857421875,999.9320068359,999.9053344727,999.8989257812,999.9014282227],"6":[941.1036376953,940.4999389648,942.0034179688,943.4888916016,944.7615966797,946.12890625,946.5395507812,948.5760498047,999.7284545898,999.8469238281,999.869934082,999.8938598633,999.9224853516,999.9067382812,999.8966064453,999.8586425781],"7":[462.9340820312,462.2587280273,463.2378845215,463.3166809082,462.2915649414,462.7309570312,462.9075927734,463.5754699707,572.7173461914,573.6110229492,573.1174316406,572.4258422852,573.5701293945,573.3743896484,573.4249267578,573.401550293],"8":[841.9246826172,840.1387939453,839.7063598633,839.4357299805,839.0450439453,838.0550537109,837.2126464844,838.2825317383,901.9220581055,902.4561157227,901.9670410156,901.8530883789,902.0248413086,902.1746826172,902.5280151367,902.598815918],"9":[464.162322998,462.2983093262,463.5394287109,463.5485534668,461.9716186523,460.9225769043,460.7294311523,461.1044311523,571.1258544922,571.2893066406,571.3314208984,570.8187255859,571.0171508789,571.8671875,573.1817626953,572.9133300781],"10":[944.0924682617,945.5471801758,946.5396118164,946.9320068359,950.3363647461,952.3676757812,951.7316894531,952.7489624023,999.9294433594,999.9487304688,999.9419555664,999.9387207031,999.9457397461,999.9176025391,999.9232177734,999.9258422852],