{"polygon_x":{"0":[298.3065185547,317.4878234863,336.0149841309,354.8991394043,374.491394043,393.0558776855,411.5940856934,432.0432128906,410.8887329102,391.4645080566,372.9401855469,355.0101013184,336.7752685547,317.9784545898,299.537902832,280.1552429199],"1":[2.7236068249,12.164525032,20.8589820862,29.7448749542,38.7552185059,47.6502799988,56.3889350891,64.9704818726,64.7188644409,55.421043396,46.7360877991,38.4619674683,29.5334587097,20.4712085724,11.0188188553,1.518194437],"2":[343.0127258301,350.0069885254,356.9447631836,363.904296875,370.3287353516,377.2301940918,384.7045898438,392.2618103027,378.0917358398,371.5936279297,363.4655456543,355.7872314453,347.9570007324,340.8003540039,333.2908935547,324.9854125977],"3":[296.8145446777,302.8995056152,308.4089660645,314.5347290039,320.2095947266,326.0372314453,331.6943969727,338.3578796387,321.0205078125,315.0939941406,308.4890441895,302.3506164551,296.3600769043,290.5653076172,284.400604248,277.737487793],"4":[192.6342926025,203.8952026367,215.2422332764,226.4976348877,238.0568237305,249.7198181152,261.0314331055,271.9546813965,267.8265075684,256.5310974121,245.1999511719,234.1670074463,223.5184020996,212.2648468018,200.8848571777,189.9915161133],"5":[288.630645752,291.678894043,295.6016845703,299.268371582,302.5241699219,306.3315734863,309.5705566406,313.333770752,301.7981872559,298.3971862793,294.5746765137,291.0808105469,287.639251709,284.2608642578,280.3011779785,276.2518920898],"6":[245.3408660889,248.6736907959,251.3912353516,254.5369262695,257.7176513672,260.7980041504,264.7368164062,267.6613769531,251.4065551758,248.1190185547,244.3134460449,240.862197876,237.6046600342,234.5869750977,230.2079620361,226.0827331543],"7":[171.3582458496,178.618637085,187.1054382324,195.7569732666,204.0696105957,212.2018585205,220.116394043,229.0748291016,216.2042236328,207.0022583008,198.7169647217,189.8885498047,181.1267700195,172.9902801514,163.6691436768,155.3067321777],"8":[333.2780456543,340.3186340332,347.4146118164,355.1441650391,362.5653076172,369.7604370117,376.490447998,384.3876647949,368.9140319824,362.2979125977,354.9461364746,347.2269897461,338.7994995117,331.1962890625,323.3511657715,316.0523376465],"9":[267.6199951172,271.1960449219,272.87890625,275.1183776855,277.1683959961,279.3695068359,281.9967346191,284.5891723633,268.0820922852,265.1036682129,261.9476013184,258.8388366699,255.9445800781,253.1050415039,249.3539428711,245.8968963623],"10":[923.1773681641,927.0073242188,931.0919799805,935.0216064453,938.6071777344,942.6201171875,946.5540771484,950.7616577148,953.2709960938,949.5310058594,944.6673583984,940.3821411133,936.5960693359,932.8703613281,928.8803100586,924.5108642578],"11":[252.8385009766,257.9642333984,263.0917053223,268.4817199707,273.7474975586,279.4161376953,284.9249572754,291.2869873047,271.1719360352,266.0138244629,261.2537231445,256.890411377,251.7184295654,246.5071411133,240.1286621094,235.1571350098],"12":[457.4009399414,505.2560119629,544.5228881836,579.2296142578,611.5015258789,645.2413330078,680.7105712891,719.293762207,713.1937255859,671.6998901367,635.6380004883,602.2554931641,566.0570068359,528.1461181641,485.8502807617,438.5263671875],"13":[278.0802001953,286.4216308594,294.1302185059,302.6508178711,310.9919128418,319.0841369629,327.1862487793,336.2994384766,320.1458129883,311.5127868652,302.4567871094,293.397857666,284.496673584,276.5178222656,267.8824462891,260.3408508301],"14":[755.5829467773,758.1076049805,760.7359619141,763.5074462891,765.8188476562,768.4296264648,771.4460449219,773.6251220703,776.2109375,773.9962158203,770.7830810547,767.4584350586,764.6414794922,761.8903198242,759.3941650391,755.8393554688],"15":[188.6558837891,197.0632781982,205.5697631836,214.0802764893,222.444732666,230.5600280762,239.2426452637,248.6942443848,233.707824707,224.662399292,215.7650146484,206.5387268066,197.8769073486,189.5980987549,181.5127410889,171.8471069336]},"polygon_y":{"0":[575.9837036133,589.3039550781,603.6834716797,617.7606811523,632.2694091797,647.0236816406,662.0374145508,679.7708740234,703.9989013672,687.6905517578,672.8371582031,658.4012451172,644.4039306641,629.9847412109,616.944519043,603.2641601562],"1":[82.2633972168,81.7580718994,81.8014831543,81.6627655029,81.313873291,81.0892410278,81.0244293213,81.4338607788,121.830329895,121.9111328125,122.1251068115,122.236366272,121.967010498,122.0742111206,121.9571838379,121.7370758057],"2":[488.4443664551,495.7652587891,504.0634765625,511.7536010742,519.497253418,527.8392333984,536.1612548828,544.0544433594,558.1256713867,550.3472290039,542.2322998047,534.2784423828,526.7080688477,519.0897216797,511.8131713867,503.4001464844],"3":[444.2769165039,450.5233459473,456.7119140625,461.7743225098,467.0792236328,472.0588378906,477.5121459961,483.2037658691,499.5449829102,494.5162658691,488.590057373,482.8467102051,477.3574523926,471.4315490723,465.8222961426,460.271270752],"4":[167.7522277832,167.87890625,167.9013366699,168.1785736084,169.0090332031,169.8733673096,171.5195465088,173.3599700928,194.627456665,193.399230957,192.3460235596,191.4555206299,190.2709655762,189.3984680176,188.585067749,188.1609954834],"5":[172.7757110596,173.9774475098,175.7098999023,177.6087036133,179.5480041504,181.8840942383,184.5655212402,187.483581543,204.8757171631,203.36668396,201.7302246094,200.231842041,198.5007629395,196.9766845703,195.3610839844,193.9899291992],"6":[605.5982666016,608.5959472656,611.7697753906,614.4066772461,616.9443969727,620.3217163086,624.3213500977,627.7252807617,644.979309082,641.9611816406,638.8176879883,636.1569824219,633.2589111328,631.1425170898,627.5499267578,624.6403808594],"7":[568.3535766602,573.1970825195,578.4892578125,583.4389648438,588.1946411133,593.2612304688,597.7089233398,603.5895996094,622.9031982422,617.9275512695,613.1321411133,608.8729248047,604.2667236328,599.3359985352,593.8580932617,588.9739379883],"8":[189.9089355469,193.46144104,197.3687591553,201.9439849854,205.9504089355,209.7353820801,215.0346679688,221.1638031006,239.2256164551,234.9939117432,230.7894744873,226.4458465576,222.2076416016,217.8740692139,212.9879455566,208.3410644531],"9":[419.3497924805,422.866027832,425.9132080078,428.9631652832,431.7791137695,434.678894043,438.2937011719,442.4466247559,456.7796630859,453.5408325195,450.3978881836,447.5515136719,444.1287536621,441.1787414551,436.7104492188,433.9805603027],"10":[423.1863708496,422.637298584,422.4407958984,421.7904052734,421.4917297363,421.0797119141,420.8439331055,420.4677124023,439.3788146973,439.8525695801,440.4667358398,441.1396789551,441.5048217773,441.7585449219,441.8397216797,441.7075805664],"11":[545.8361206055,550.107421875,554.3076171875,557.9342041016,561.9820556641,565.5501708984,569.598815918,573.6754760742,597.2212524414,593.6166992188,590.1677856445,586.7280883789,582.8018798828,579.4987182617,575.8597412109,572.0504150391],"12":[730.3607177734,761.0815429688,782.7435913086,794.0967407227,804.4384155273,809.9816894531,811.3977050781,807.3979492188,829.8768310547,831.0981445312,828.0572509766,823.951965332,813.132019043,798.8687744141,777.0928344727,740.9264526367],"13":[626.4763793945,632.83203125,638.3837280273,644.5181274414,650.5062255859,656.4325561523,663.2528686523,672.8175048828,690.0286254883,684.450012207,678.9041137695,673.1173095703,667.8470458984,661.5316772461,653.9086303711,648.9479980469],"14":[678.1126708984,678.4018554688,678.4542236328,678.4063110352,678.473815918,678.078918457,677.5366210938,677.1994628906,696.5777587891,696.2380371094,696.0531005859,696.3480224609,696.8085327148,697.1502685547,697.5426025391,698.3659667969],"15":[367.4502868652,373.5400695801,380.6231994629,387.4885864258,393.34375,399.9273376465,407.0303649902,414.0184326172,430.5207824707,423.9834899902,417.6156921387,411.0559082031,404.6060791016,397.6518554688,391.7191162109,383.6736450195]},"text":{"0":"GUIHON","1":"LE.","2":"Atmar","3":"Cheek","4":"Chemin","5":"de","6":"de","7":"Route","8":"Lifta","9":"de","10":"XV","11":"MT","12":"TERRAINRUS","13":"Jaffa","14":"H",