{"polygon_x":{"0":[427.5988769531,425.6337890625,424.1942749023,423.3717041016,423.1350402832,422.6968994141,422.6182250977,421.2209472656,404.2693786621,403.4589233398,403.4260864258,403.3354492188,403.7924194336,404.6626281738,406.485748291,408.3471374512],"1":[0.3247657716,11.1752948761,22.1458072662,33.4479560852,44.5852432251,55.2526168823,66.4409637451,77.7329330444,76.4425735474,65.0267333984,53.9396247864,43.3585968018,32.5034713745,21.700176239,10.6637992859,0.0922380835],"2":[775.7538452148,788.7370605469,801.3283691406,814.1328125,826.6893310547,839.3580322266,851.5540161133,865.3977050781,856.9273681641,844.1168212891,830.7308349609,818.3033447266,805.1937255859,793.3059082031,780.0106811523,767.7697753906],"3":[572.1258544922,583.3432006836,595.0055541992,606.1303710938,618.2868652344,630.690246582,642.3244628906,653.5962524414,668.0975341797,655.701171875,643.2189331055,632.5861816406,621.0049438477,608.5802612305,595.9556884766,583.2808837891],"4":[659.2368164062,671.9397583008,684.4461669922,697.4282226562,710.7467041016,723.7731933594,735.9709472656,749.3106079102,742.7337036133,729.3675537109,716.6201782227,704.246887207,691.6887207031,678.8800048828,666.2647094727,653.2830810547],"5":[754.3090820312,769.0046386719,782.2092285156,796.10546875,809.5688476562,823.6315307617,836.8609619141,850.7632446289,851.3793945312,837.0071411133,823.6530761719,809.6231079102,796.0466918945,782.2945556641,768.6573486328,754.8337402344],"6":[155.4156494141,166.6212463379,176.7208251953,187.1582794189,198.3225250244,208.3131256104,218.0828552246,228.7683105469,218.9351806641,207.8905487061,195.5851898193,184.4040527344,173.85597229,163.3309783936,153.9332427979,142.535949707],"7":[140.4196166992,151.6770629883,162.5347595215,173.7401580811,183.9496459961,194.5815429688,204.7793884277,215.4713287354,204.6532287598,193.0810394287,183.0205993652,171.9342803955,161.1707458496,150.1311187744,139.7064819336,128.6360015869],"8":[425.4449157715,425.3909912109,425.0143127441,424.7452087402,424.3125,423.8276672363,423.5839233398,424.3434143066,409.0304260254,408.9782409668,408.1813964844,407.779510498,407.3902893066,407.3196716309,406.8863220215,407.3070068359],"9":[157.5971832275,166.6043395996,175.7373352051,184.9742889404,194.4246063232,204.0350341797,213.0352783203,223.1175537109,215.4319458008,205.2772827148,195.6113891602,185.9861602783,176.4423217773,167.2419586182,157.9010009766,148.0974578857],"10":[295.0235595703,300.5318908691,306.5075378418,312.2205200195,317.6221313477,322.6695251465,328.1641845703,334.8587036133,342.1823730469,337.101776123,331.2370300293,325.2761230469,319.0494384766,312.980682373,306.8148498535,301.0740966797],"11":[750.7755126953,760.5308837891,769.7229003906,779.2202148438,788.5341796875,798.2404785156,807.9681396484,816.8074951172,818.0853881836,808.4915771484,798.6547241211,788.9584960938,779.5049438477,770.3565063477,761.2062988281,750.8417358398],"12":[947.3272094727,955.7048339844,963.2393798828,970.6790771484,978.0579833984,985.6502685547,993.2791748047,999.8525390625,999.6312866211,992.2435302734,984.3297729492,976.8255615234,969.0789794922,961.4478759766,953.7826538086,946.3341064453],"13":[959.3856201172,963.8676757812,967.537109375,971.5145263672,975.4699707031,979.33984375,983.3941650391,987.7465209961,988.5403442383,983.7239990234,979.6369628906,975.4800415039,971.5432739258,968.0491943359,963.5171508789,959.2676391602],"14":[926.9479980469,929.8336181641,932.8347167969,935.7797241211,938.6413574219,941.4411621094,944.217590332,946.8433837891,945.9215698242,944.0230712891,941.0523681641,938.0239868164,935.3966064453,932.6165161133,929.3731689453,926.3355102539],"15":[801.6900634766,805.6550292969,808.4603881836,811.08984375,813.4524536133,815.907043457,818.4073486328,821.0981445312,807.9296875,804.8381958008,801.7067871094,798.9263305664,795.5303344727,792.5674438477,789.3293457031,786.1721191406],"16":[929.4136962891,938.2965087891,946.9779052734,955.3385009766,964.3596801758,973.3989257812,982.6612548828,989.1650390625,987.3330078125,979.8590698242,970.6370849609,962.2746582031,953.59765625,945.3970947266,937.3714599609,928.3580322266],"17":[825.3790893555,829.7884521484,833.4136352539,837.1680908203,840.4208984375,844.1368408203,847.4545898438,851.8681640625,851.7462158203,847.6151123047,843.551940918,839.9636230469,836.3345947266,832.9981079102,829.1882324219,824.4426269531],"18":[896.0433959961,895.2875366211,894.1442260742,892.5573120117,891.3635864258,889.8333129883,888.0834960938,884.5913696289,867.9885864258,868.8375244141,869.6229248047,871.1859741211,872.818359375,873.3450317383,874.2406616211,874.7821044922],"19":[227.9030609131,231.9142150879,235.8553924561,239.174407959,242.8445587158,246.1923065186,249.9151306152,253.2569122314,249.7707977295,245.7889556885,241.1488342285,237.8442993164,233.7950134277,230.4550933838,226.9603729248,222.6547241211],"20":[422.9989013672,422.7604675293,422.1957092285,422.2687988281,422.2244567871,422.1475219727,422.3327026367,423.8497314453,406.8339233398,406.5484924316,406.8500976562,406.6508789062,406.7084960938,406.3435058594,406.2875061035,405.9943847656],"21":[430.3234863281,431.8980102539,432.6429748535,432.904296875,433.6786499023,434.4268188477,435.4786682129,436.966217041,418.4655151367,417.8547668457,416.9825744629,416.2917480469,415.7292480469,415.0443115234,413.8142700195,412.6853027344],"22":[275.5521850586,278.6040649414,281.1326293945,283.6039428711,286.6492004395,290.050201416,293.1094970703,295.8097839355,296.9694824219,293.7029724121,290.4713439941,287.7028808594,284.8782958984,282.0503540039,279.4510498047,276.5583496094],"23":[899.0810546875,904.1473999023,909.4841918945,914.1668701172,918.498840332,922.7776489258,927.3145751953,932.8859863281,934.2331542969,929.4639892578,923.780456543,918.853515625,914.1372680664,909.671081543,904.6684570312,899.0938720703],"24":[390.3919677734,394.7462768555,398.0264892578,401.7814941406,405.5953369141,408.9343566895,412.6536254883,415.6775512695,415.6056518555,411.8759155273,408.0328063965,404.3357849121,400.512512207,396.8026733398,393.1419372559,389.1445922852],"25":[0.7621605396,3.6814079285,6.5812964439,9.6204862595,12.1458930969,14.8576259613,17.5077190399,20.3547363281,20.6402416229,17.5200042725,14.6822395325,11.86332798,9.3988962173,6.456114769,3.5704886913,0.3247982562],"26":[339.8255615234,345.9674072266,352.946472168,359.4491271973,365.8340759277,372.1552124023,378.3692626953,384.5484619141,384.8021850586,378.4777526855,371.8129882812,365.6190490723,359.2980957031,353.2727661133,346.6290893555,339.5624389648],"27":[754.127746582,756.6684570312,758.4368286133,760.5054321289,762.3155517578,764.664855957,767.8856201172,769.7263183594,771.5734863281,769.677734375,767.7105712891,765.0902099609,762.4207763672,759.9488525391,757.7068481445,754.6066894531],"28":[478.6430053711,483.2736816406,486.528137207,489.7047119141,493.2581176758,496.1869506836,499.2207641602,502.7433776855,502.3598632812,499.8598632812,495.7190246582,492.0751647949,488.082824707,484.4985656738,481.3883666992,477.4718933105],"29":[394.3679504395,398.8404846191,403.6552124023,408.5419311523,412.7531738281,417.0977478027,421.4499511719,425.5824279785,426.2712097168,422.8450927734,417.6125488281,412.8239746094,408.4346923828,403.9120483398,399.419708252,394.5422363281],"30":[723.8804931641,725.051940918,727.4071655273,729.88671875,733.2079467773,737.3350830078,742.4787597656,745.1547241211,747.2295532227,745.9140014648,744.5477294922,741.5266113281,738.322265625,735.1989135742,729.4229736328,726.3793334961],"31":[954.5618896484,957.6479492188,960.7136230469,963.4735107422,966.2534179688,969.4027709961,972.6293945312,976.1614379883,978.2418823242,974.622253418,970.7486572266,967.0749511719,964.0374755859,961.510925293,958.2802734375,955.4056396484],