{"polygon_x":{"0":[822.0494995117,832.1035766602,842.922668457,854.1773681641,864.3069458008,874.6806640625,885.5986328125,896.8805541992,871.2844238281,861.1427001953,850.7546386719,839.6981201172,828.8543701172,818.7696533203,807.8833007812,796.6553955078],"1":[703.4849853516,714.6049804688,724.6053466797,734.9147949219,745.1444091797,755.8084106445,766.0592041016,777.2948608398,750.8553466797,740.4013061523,729.0794677734,717.1115722656,706.0504760742,695.1810302734,684.2437744141,671.6506347656],"2":[788.3710327148,792.0014648438,795.7302246094,799.2846679688,802.473449707,806.0110473633,809.8461914062,812.8259887695,790.3780517578,785.8426513672,782.1878051758,778.2288208008,774.443359375,770.047668457,765.6743774414,761.2010498047],"3":[951.2436523438,956.832824707,963.0341186523,968.3397827148,973.3727416992,979.9317626953,986.1242675781,990.2490844727,995.2574462891,989.7733154297,984.615234375,978.2999267578,972.8838500977,968.6691894531,963.2209472656,957.205871582],"4":[605.8542480469,608.5006103516,612.7577514648,617.5101928711,621.8215942383,624.8309936523,628.8640136719,633.9922485352,643.9543457031,640.5836181641,637.8601074219,635.1235351562,630.5455322266,626.5935668945,622.4889526367,618.1094970703],"5":[530.6763916016,534.0977783203,537.8882446289,544.0704956055,548.829284668,552.9274902344,556.7359619141,560.2320556641,567.6834716797,564.3285522461,562.135559082,557.6118774414,552.6501464844,548.7286376953,543.9356689453,539.6231689453],"6":[548.4215698242,595.3254394531,639.4495849609,686.0662841797,736.6246948242,781.8374633789,825.0301513672,874.1799926758,879.6149902344,830.3602294922,784.9180908203,741.0733642578,693.5568237305,648.6717529297,606.4948120117,561.9282226562]},"polygon_y":{"0":[290.184753418,298.6622924805,306.5071105957,314.9129943848,323.5081481934,331.6306762695,341.5099487305,353.2612609863,377.4318847656,369.2411804199,360.5160217285,350.7625732422,343.6239929199,336.0781860352,328.4730834961,319.8316650391],"1":[205.463470459,213.8633575439,222.2806396484,230.2442626953,237.7080535889,245.2094726562,253.1206359863,260.8298950195,286.8777160645,279.7560119629,271.6831054688,263.6200561523,255.9773254395,248.0056915283,240.1226959229,232.0679016113],"2":[267.431427002,271.3591918945,274.9503479004,277.734375,281.0090942383,285.0357055664,288.9171142578,293.5559692383,318.1282043457,315.2844543457,312.056427002,308.3193359375,304.8874206543,301.2993164062,297.4107971191,293.7343139648],"3":[602.9246826172,602.4145507812,601.9094238281,601.2196044922,600.591003418,599.1904296875,598.1939086914,597.5065917969,631.08203125,631.4729003906,632.3021240234,633.3325805664,635.1828613281,636.3875732422,636.7963867188,637.3843994141],"4":[438.2518310547,437.7976074219,436.8823547363,435.2415466309,433.6645507812,432.591796875,431.0606689453,429.1645507812,448.0289306641,451.2242126465,453.8558654785,455.5765380859,458.6466064453,460.7712402344,462.7749023438,463.6353759766],"5":[917.5640258789,916.9027099609,915.8240966797,914.3326416016,913.3641967773,912.66796875,911.5088500977,910.3460083008,933.9325561523,935.4547119141,935.6379394531,937.4650878906,939.7341918945,941.6096191406,942.9206542969,943.5628662109],"6":[714.5515136719,694.5309448242,677.8194580078,660.8089599609,644.7302246094,631.7595214844,621.1694335938,613.5504150391,645.0369873047,654.2046508789,664.7814941406,676.6290893555,692.3432006836,709.5286865234,725.3121337891,742.8414306641]},"text":{"0":"Jaffa","1":"Road","2":"to","3":"G","4":"8","5":"8","6":"MOUNT"},"score":{"0":0.9854999185,"1":0.9863578081,"2":0.9734485149,"3":0.5727027059,"4":0.4679190814,"5":0.4922453463,"6":0.9427728653}}