{"polygon_x":{"0":[689.9439697266,699.7551269531,710.7629394531,720.4016113281,730.4262695312,740.2644042969,749.9844360352,759.1806640625,759.4848632812,749.778503418,739.860534668,729.954284668,720.1873779297,710.4281005859,700.5083618164,690.2897949219],"1":[864.6678466797,883.7025146484,903.8945922852,923.9757080078,943.6009521484,963.2261962891,982.4006347656,999.8920898438,999.935546875,982.9259033203,964.0440673828,944.4543457031,925.1146850586,906.1199951172,886.4821777344,865.9702148438],"2":[461.4813537598,467.1132202148,472.191619873,478.2256469727,483.6149902344,489.2067260742,494.5071716309,499.4879760742,499.7959899902,495.3748168945,489.3322143555,483.7701416016,478.0060119629,472.588470459,466.8707885742,461.2015991211],"3":[429.1249084473,433.4407043457,437.2162475586,441.2730712891,445.5039978027,449.5552978516,453.59375,457.5639648438,459.8088989258,455.4736633301,450.2220153809,445.6222839355,441.4907836914,437.6079711914,433.510925293,428.802154541],"4":[809.2592773438,811.7322998047,814.173828125,816.0985717773,818.7200927734,821.8353271484,824.498840332,827.8771362305,798.8465576172,795.5427246094,791.7700195312,789.1391601562,785.6442260742,782.6067504883,780.1636352539,776.3305053711],"5":[636.7259521484,641.9761962891,646.6225585938,651.6812133789,656.5740966797,662.0050048828,667.0112304688,671.4337158203,671.9086303711,667.4731445312,661.7951660156,656.5766601562,651.5394287109,646.8561401367,641.6504516602,636.2463989258],"6":[875.5578613281,879.9919433594,884.0713500977,888.7777099609,892.7109375,897.0386962891,901.5776977539,905.9001464844,907.5286254883,902.8184814453,898.1474609375,893.7757568359,889.5476074219,885.5407104492,881.1292724609,876.5454101562],"7":[348.1734008789,353.8903198242,359.6619262695,365.4712219238,371.0140991211,376.7540283203,382.0296020508,387.4795837402,390.4563903809,383.7802734375,377.8175048828,371.4763793945,365.7735595703,360.1082763672,354.5362548828,348.8623046875],"8":[890.626159668,895.1117553711,900.1916503906,905.5964355469,909.6839599609,914.4103393555,919.2670288086,924.8218994141,930.9973144531,925.7198486328,920.2365722656,915.0694580078,910.5191040039,905.9168701172,901.4842529297,895.6909790039],"9":[412.0430908203,417.4103088379,422.6442871094,427.2504272461,432.8243713379,439.7767333984,445.9427490234,451.2758789062,450.0833129883,444.4735717773,439.3822631836,434.7799682617,429.5635681152,424.0954589844,418.6892700195,413.2528686523],"10":[786.3977050781,794.4452514648,802.2702636719,809.4996337891,816.3282470703,823.8521728516,830.1094970703,834.5635375977,837.427734375,831.3111572266,824.4091186523,817.4841308594,810.6549072266,803.9639282227,795.3012084961,788.4396362305],"11":[918.8369750977,924.1836547852,928.6164550781,932.32421875,936.8218994141,941.2331542969,944.8772583008,949.5079956055,951.417175293,946.2518310547,942.6463623047,938.0137939453,934.2373657227,930.2731933594,926.0852050781,921.4239501953],"12":[410.5214233398,415.6821899414,420.751373291,426.358215332,431.6126708984,437.0555114746,442.2599487305,446.753112793,448.8414306641,444.3681335449,438.5006103516,433.0200500488,427.5854797363,422.4811401367,417.4180297852,412.2445983887],"13":[746.5205078125,748.2274780273,750.3461914062,753.0034179688,755.5252075195,757.9424438477,760.2628173828,763.6019897461,723.5874023438,721.2454833984,718.4111938477,715.8103027344,714.2039794922,712.1612548828,710.9912719727,707.9656982422]},"polygon_y":{"0":[231.9327392578,232.5777587891,234.0332794189,234.4566192627,235.0020751953,235.8187866211,236.2986602783,237.0102539062,263.739440918,263.6748962402,263.4067993164,263.1418457031,263.022277832,262.8955688477,263.0992431641,262.6177368164],"1":[233.0314941406,233.8184967041,233.8343200684,234.2471466064,234.1526184082,233.9422607422,232.8293151855,231.6786499023,261.8146362305,263.4223022461,263.7714233398,263.7722473145,263.9828796387,264.1459350586,264.3446350098,264.5346679688],"2":[746.8483886719,746.8918457031,747.3931274414,747.5296020508,747.7532348633,747.4970703125,747.56640625,747.9503173828,775.8435058594,775.5954589844,775.2133789062,775.1629638672,775.3020019531,775.5425415039,775.7190551758,775.5888671875],"3":[542.7133789062,542.2749023438,542.444519043,542.5534057617,542.6246337891,542.5272827148,542.5905761719,542.5651855469,573.5352783203,573.8587036133,574.0624389648,574.0955810547,573.8974609375,573.8178100586,574.1301269531,574.9140014648],"4":[923.0477294922,927.9995117188,934.3518676758,939.0271606445,944.1782226562,950.5071411133,955.9270629883,961.6759643555,978.2198486328,972.3818359375,966.8124389648,961.3833618164,956.2542724609,951.2712402344,946.5037841797,941.1964111328],"5":[704.9785766602,704.3505249023,704.5374755859,704.4486083984,704.537902832,704.1898193359,704.2645874023,704.38671875,730.5313720703,730.7583007812,730.9912719727,731.0051269531,731.1481933594,731.3898925781,731.6452026367,731.7141113281],"6":[974.1809082031,973.5994873047,973.5973510742,973.6853637695,973.5637207031,973.5760498047,973.6731567383,973.7585449219,997.4719848633,997.6797485352,997.4366455078,997.3536376953,997.2963867188,997.1491699219,997.0794677734,997.1049804688],"7":[231.4305725098,230.7029418945,230.9368133545,231.0165405273,230.6941986084,230.5517425537,231.248626709,230.9874267578,274.0219421387,274.4920043945,274.5389099121,274.7902526855,274.9874267578,274.8551025391,275.816986084,276.6678161621],"8":[658.5034179688,657.3861083984,657.0822753906,656.7742919922,656.4385375977,655.8160400391,655.3957519531,654.9212646484,681.3571777344,682.1680297852,682.6427001953,682.8907470703,683.3596801758,684.0606079102,685.2233276367,685.8448486328],"9":[381.0690917969,380.6469116211,379.9558105469,380.1480102539,380.2338867188,380.1237182617,380.2149658203,381.0457763672,412.770690918,413.3319091797,413.1234741211,412.9504394531,412.9888305664,412.7997436523,412.3144836426,412.3765258789],"10":[239.0594177246,236.0778198242,232.9044189453,233.2396087646,233.4031829834,232.2736206055,231.463394165,230.9550323486,262.7338867188,263.905090332,264.3614196777,264.3863830566,264.2851257324,264.0077819824,265.2510375977,265.3117675781],"11":[158.6134185791,158.5450439453,158.8177947998,158.7323608398,158.2114257812,157.5630493164,156.9967041016,156.2093505859,191.5846252441,191.7490844727,191.158996582,191.2940826416,192.1126708984,192.7153778076,193.0574645996,193.7697601318],"12":[849.0419921875,849.0748291016,849.2010498047,849.1508789062,849.1345825195,848.7889404297,848.5588989258,848.4956054688,874.3459472656,874.0979003906,874.1350097656,874.3154296875,874.6013793945,874.8749389648,875.1407470703,875.2557373047],"13":[827.0650634766,832.2419433594,835.5917358398,838.8806152344,842.5811767578,846.0681762695,850.8184814453,856.1749267578,877.3194580078,872.6329345703,867.0025634766,861.6512451172,856.9741210938,851.9904174805,847.76171875,842.0773925781]},"text":{"0":"Cave","1":"Ireemiah","2":"54","3":"F","4":"N","5":"56","6":"80","7":"E","8":"58","9":"D","10":"of","11":"4","12":"63","13":"E"},"score":{"0":0.9560891986,"1":0.9697796106,"2":0.9213620424,"3":0.8913417459,"4":0.9002988338,"5":0.8709005117,"6":0.681058228,"7":0.9299145937,"8":0.8744248152,"9":0.5641682744,"10":0.7269251943,"11":0.7207095623,"12":0.7766759396,"13":0.577793479}}