{"polygon_x":{"0":[230.5977172852,265.9890136719,302.0003051758,337.8847045898,373.3975524902,409.2504577637,443.6967773438,478.9289855957,477.8248901367,442.5405273438,407.7156066895,372.0608520508,336.6818237305,301.1323547363,265.7639770508,229.9455871582],"1":[277.4524230957,309.0375671387,340.0439453125,371.432220459,404.2019042969,436.5690307617,467.9451904297,499.2755432129,486.0444335938,456.8784790039,427.9822387695,399.0717163086,369.9557495117,340.4679870605,311.1072387695,285.8307189941],"2":[597.1821899414,601.126159668,605.1615600586,609.5346069336,613.3934936523,617.5092773438,621.5424194336,625.1447753906,625.1618041992,621.4530639648,617.3294677734,613.4836425781,609.4611206055,605.0892944336,601.5252075195,597.1143798828],"3":[96.1786804199,101.8524627686,107.5894241333,113.764175415,119.6119766235,125.717666626,131.1228790283,137.703338623,137.6734619141,131.9247131348,125.9589385986,120.1947937012,114.2704925537,108.4350128174,102.6781387329,96.4380340576],"4":[18.2973365784,23.6407241821,28.6130104065,33.7665252686,38.6319961548,43.5995292664,49.0011672974,54.6247825623,54.1990242004,49.1234664917,43.2723464966,38.1583251953,33.2098846436,28.0744361877,23.1457443237,17.4590415955],"5":[99.0867462158,104.3202819824,109.5533447266,115.229675293,120.3617172241,125.6986999512,130.5732269287,135.9269866943,136.892578125,131.5121154785,126.1050262451,120.6589202881,115.5813598633,110.1544876099,104.9749069214,99.4194030762],"6":[0.8250120878,5.6979207993,9.8389053345,14.1519813538,18.2528343201,22.518661499,26.5062408447,30.5305519104,31.5180416107,26.8696594238,22.3179702759,18.1444950104,14.1878833771,10.0792388916,5.8420462608,0.8560413718],"7":[103.6194915771,109.2955627441,115.6684875488,122.2059249878,128.3968505859,134.8014984131,140.7295074463,146.4037017822,147.0052490234,140.8995056152,134.6031036377,128.3553466797,122.4163742065,116.018409729,109.7381668091,103.4174423218],"8":[20.284286499,24.6132183075,28.3182735443,32.2411689758,36.2629508972,40.1893577576,44.1466674805,48.4669532776,48.8943481445,44.7530326843,40.3044090271,35.9779205322,31.8941955566,28.0989723206,24.0376262665,20.0980606079],"9":[889.8790893555,899.0216674805,910.1911010742,922.0059814453,934.3680419922,945.832824707,956.2551269531,967.7413330078,988.2882080078,977.7283935547,965.496887207,954.4093017578,942.5125732422,931.4875488281,921.3862304688,910.2777099609],"10":[595.4776000977,601.3948974609,608.0892333984,614.2487182617,620.2792358398,626.1228027344,632.1765136719,639.8222045898,643.5766601562,635.7371826172,628.1354980469,622.3996582031,616.131652832,609.8049316406,603.6677246094,596.731628418],"11":[567.2918701172,577.9546508789,587.6498413086,599.0308227539,610.5675048828,622.1529541016,633.1732788086,645.7345581055,616.3999633789,603.9592285156,592.4993896484,581.2985839844,571.4141235352,560.5460205078,550.1340332031,538.9772949219],"12":[20.5623226166,25.6733360291,29.782913208,33.8812026978,37.6604576111,42.4020195007,45.9031715393,51.922039032,53.5351409912,47.5569343567,42.5130996704,37.7895774841,33.5042991638,29.3599720001,25.3050117493,20.3192501068],"13":[956.4143066406,961.1795654297,966.6936035156,972.1658935547,978.2241821289,984.0402832031,989.4327392578,994.6930541992,992.3677978516,985.5216064453,980.8516845703,975.0858154297,970.0180664062,965.0744628906,959.207824707,954.9025878906],"14":[498.768737793,503.8369750977,508.4661865234,514.0894165039,518.4953613281,523.7825927734,529.3678588867,535.2232055664,539.6632080078,534.0689697266,528.0867919922,522.7952880859,517.005859375,511.388885498,505.9365539551,500.5800170898],"15":[20.5107002258,26.7104797363,31.8372440338,37.9411010742,43.5374526978,50.1465950012,55.3992156982,60.8808441162,61.8164863586,55.5281028748,49.1904373169,44.3695907593,38.7830352783,33.6004562378,27.8400001526,21.8906497955],"16":[367.4584960938,371.4891357422,375.2072753906,379.4796447754,382.1391296387,386.5608215332,391.0877075195,395.0438842773,399.5187072754,395.9788208008,392.3851013184,388.5297851562,383.5372924805,379.2823791504,374.1089172363,370.355682373],"17":[769.0074462891,773.8896484375,777.8485107422,781.1644287109,785.4474487305,789.5269165039,792.3162841797,795.5313110352,796.1182250977,793.1137695312,790.21875,785.3414306641,780.5172119141,777.2973022461,774.2255859375,770.8081665039],"18":[806.6688232422,811.8796386719,816.3778076172,820.7933349609,825.4644165039,830.2086181641,833.8043823242,837.8210449219,840.5212402344,834.4198608398,829.8873901367,824.7311401367,819.5913696289,814.686340332,809.6947021484,804.8120117188],"19":[673.7713623047,677.0559082031,679.0387573242,681.0422363281,684.2974243164,686.7540893555,689.1145019531,688.9765625,718.6286621094,718.0993652344,714.9199829102,710.4289550781,705.7962036133,702.3413085938,698.4436645508,694.8853759766],"20":[386.7970275879,390.2649536133,393.7856750488,398.4612426758,402.9694213867,408.0645751953,412.2592773438,414.973449707,416.4579467773,412.8314208984,408.8793640137,403.7584838867,399.4325561523,394.9452514648,389.50390625,387.6076660156]},"polygon_y":{"0":[339.4371337891,339.585723877,339.9175415039,339.8771362305,340.1821289062,340.3947753906,340.7264709473,341.2569885254,371.7318115234,371.2169799805,371.2558288574,370.8294372559,370.6013183594,369.8911743164,369.5900878906,369.506652832],"1":[205.5056762695,194.2521820068,189.6167297363,188.9123535156,191.525604248,198.7425994873,211.2597503662,235.1725463867,260.51171875,243.9826202393,231.3682250977,224.3999938965,222.4727630615,225.5368804932,230.6382904053,239.7413635254],"2":[38.1784477234,38.4439506531,38.4574584961,38.3709640503,38.3999176025,38.3619728088,38.3470954895,38.3580055237,59.4967803955,59.3817672729,59.257434845,59.5642166138,59.7680358887,59.626625061,59.7840118408,59.9136734009],"3":[895.5190429688,895.3395996094,895.1229248047,894.9080810547,894.6758422852,894.6185302734,894.3897094727,893.8433837891,918.5936889648,918.5767211914,918.8853759766,918.8530883789,918.8557128906,919.2541503906,919.6547851562,919.5412597656],"4":[194.6503448486,194.6177520752,194.8118591309,194.8628082275,194.8743896484,195.0941314697,195.2845001221,195.5884094238,218.4938964844,218.5486755371,218.1328582764,217.7288818359,217.7082061768,217.7108917236,217.8357696533,217.7324066162],"5":[825.1534423828,824.694519043,824.8897705078,824.6364746094,824.3168945312,824.553527832,824.5821533203,824.4583740234,845.2373657227,844.8280029297,844.7890625,845.3569335938,845.3677978516,845.4880371094,845.7125854492,845.4848632812],"6":[127.2557525635,126.6140060425,126.6131134033,126.9250106812,127.0421295166,127.0007476807,126.9891738892,127.0348205566,148.0479431152,148.366607666,148.1084594727,147.9869995117,147.9541320801,148.0450286865,148.237197876,148.0055389404],"7":[761.1362304688,760.5505981445,760.6350097656,760.4252929688,760.5328979492,760.4296875,760.2619628906,760.6506347656,781.1497802734,781.2111816406,781.3000488281,781.3920898438,781.2618408203,781.2964477539,781.4736938477,781.4752197266],"8":[61.7811584473,61.5121078491,61.6257514954,61.8505134583,61.8583908081,61.6538009644,61.4849433899,61.3908309937,84.3446655273,84.2274856567,84.4294052124,84.511505127,84.5894012451,84.5136642456,84.6450119019,84.8022384644],"9":[597.2823486328,579.5595703125,560.3176269531,543.2308959961,523.4833984375,504.5286865234,486.3792724609,465.7534790039,479.8387145996,497.4329833984,517.1666259766,535.884765625,554.5557250977,574.0067138672,593.7479858398,611.1239013672],"10":[929.8140869141,929.216796875,928.3275146484,927.5045776367,926.6268920898,926.3247070312,925.8979492188,925.6237792969,951.8493041992,952.6453857422,953.0306396484,953.0961914062,953.6140136719,953.9212646484,954.7220458984,955.44921875],"11":[634.2398071289,658.8831787109,679.3822631836,700.9581298828,722.8740844727,744.3233642578,765.653137207,785.6777954102,805.8908691406,782.2270507812,760.6807861328,739.3513183594,718.0858764648,696.6696166992,672.9143676758,648.4998779297],