{"polygon_x":{"0":[796.9615478516,808.9791870117,821.8246459961,834.2727661133,846.8330078125,859.7790527344,872.0160522461,884.7197875977,882.3861694336,870.1412963867,857.971496582,845.3449707031,832.0225830078,819.3047485352,806.9718017578,793.7811279297],"1":[893.6831665039,904.8967285156,915.6002807617,926.4135131836,937.0120849609,948.1199951172,958.6844482422,969.3889160156,972.8424072266,962.0928955078,951.745300293,941.1786499023,929.8309326172,919.3845214844,909.0247802734,898.1851806641],"2":[821.9570922852,830.2603149414,838.5999755859,847.2727050781,856.484375,865.4605712891,874.0103149414,883.0213623047,891.0075683594,881.9982910156,872.7560424805,864.0318603516,855.3408813477,846.8726196289,837.6392211914,829.5346069336],"3":[523.4361572266,528.3852539062,533.1351318359,538.2413330078,541.3880615234,545.9097900391,550.9180297852,556.1452636719,541.6022338867,534.8634033203,529.2292480469,524.4100341797,519.1232910156,514.0783081055,508.4005737305,503.4755249023],"4":[780.5418701172,798.2823486328,816.2572021484,833.9659423828,852.0612792969,870.0397949219,886.7963867188,903.9967041016,901.3226928711,884.6976318359,866.7727050781,848.8676757812,831.0302734375,813.4158325195,795.4208984375,777.6997070312],"5":[567.5834960938,575.6592407227,583.5440063477,591.5830078125,600.1387329102,607.8146972656,616.4454345703,625.637512207,608.3423461914,600.6516723633,592.2921142578,583.6092529297,575.0818481445,566.8369750977,558.1182250977,550.3515014648],"6":[917.4580078125,922.6421508789,927.2353515625,931.7535400391,936.4051513672,940.9888916016,945.5949707031,950.256652832,951.15625,945.9530029297,941.3109741211,936.4874267578,932.0786132812,927.5620117188,922.7954101562,917.1337280273],"7":[523.0294189453,527.3728027344,531.1856689453,535.2384643555,540.489440918,544.4866943359,549.5638427734,553.9819946289,539.0563354492,535.7869262695,531.3205566406,526.1160888672,521.6759643555,517.1317138672,512.1700439453,508.3057861328],"8":[512.2291870117,516.6666259766,520.9033813477,525.9423217773,530.046875,534.7238769531,539.7854003906,543.7808227539,545.2594604492,541.4475708008,536.9963378906,532.2750854492,527.633605957,523.4166870117,518.985534668,514.0705566406],"9":[556.6766967773,578.3142700195,598.9237060547,620.2636108398,641.0747680664,661.1672973633,682.7575683594,704.7227783203,694.2315673828,674.8654785156,651.0384521484,629.9210205078,608.0989990234,587.0648193359,566.1573486328,545.5363769531],"10":[942.4960327148,947.0336303711,951.3804931641,955.6139526367,959.8688354492,964.3438720703,967.2089233398,971.6733398438,972.2081298828,967.7212524414,964.0643920898,959.1968994141,955.3563232422,951.5328369141,947.1810913086,942.3358154297],"11":[795.1799316406,792.0575561523,792.0282592773,791.1520996094,790.2405395508,788.8251953125,787.6311035156,784.9790039062,810.7516479492,810.8380737305,812.6510620117,813.8685302734,815.1758422852,816.3314208984,816.3402099609,816.4859619141],"12":[771.0125732422,778.6654052734,785.29296875,792.0443725586,798.1657714844,804.5214233398,811.3336181641,818.116394043,823.6635742188,819.4514160156,812.4285888672,805.012878418,798.4539794922,791.8288574219,785.2104492188,777.5631103516],"13":[706.3982543945,713.8084716797,723.2463378906,732.2348632812,741.5266113281,749.505859375,757.2414550781,766.4862060547,771.5380859375,762.7336425781,753.1732177734,744.2233886719,734.7556152344,725.8779296875,717.4618530273,708.2934570312],"14":[550.6926269531,558.1754150391,564.2451171875,570.2228393555,575.9268798828,582.1322021484,588.479675293,595.6060180664,586.0839233398,580.3809204102,574.2637939453,567.9963378906,560.7306518555,556.2291870117,550.9285888672,545.1998901367],"15":[637.6882324219,642.6325073242,646.4370727539,651.0029296875,656.8970947266,660.8770751953,665.9423828125,670.3822021484,650.6946411133,645.1677856445,640.235534668,636.8323364258,631.173034668,626.5089111328,621.1486206055,616.7733154297],"16":[613.2232055664,619.5554199219,632.6909790039,647.1376953125,660.823425293,672.7847900391,686.6195068359,702.4332275391,695.3352050781,679.4191894531,662.5773925781,649.725402832,633.7917480469,621.7163085938,615.3696289062,579.8986206055]},"polygon_y":{"0":[222.5914001465,223.6254730225,225.5596008301,227.4658050537,229.5002441406,231.3863525391,233.4601593018,235.1466369629,262.4704589844,261.2855224609,259.7701721191,258.439239502,257.0270080566,255.4426574707,253.7454528809,251.8712615967],"1":[368.6506347656,368.2325744629,367.4178466797,366.2663269043,364.8605651855,363.7438659668,363.3181762695,361.4834594727,391.8739624023,393.7266845703,395.0088500977,396.4039306641,398.6507568359,399.969543457,401.4983520508,402.349609375],"2":[398.872833252,396.1076049805,392.3698120117,388.8827209473,386.3241271973,383.2553100586,379.977142334,377.0497131348,413.4289855957,416.1052856445,419.4744873047,422.0070800781,424.747467041,427.0083618164,430.6096191406,433.2340698242],"3":[382.2233276367,383.4237365723,386.0190124512,387.9658813477,389.9232788086,392.4217529297,395.232421875,398.7217712402,426.7044372559,425.8139343262,423.4967041016,421.655090332,419.9349975586,418.0711364746,416.1367797852,413.842010498],"4":[252.1572113037,256.3345336914,258.7475891113,261.7991638184,264.4299926758,267.2266845703,268.8331298828,270.698059082,299.9545288086,297.9873657227,295.6734313965,293.602935791,290.9808959961,288.7149353027,286.1297912598,282.8418884277],"5":[41.3996086121,45.3791046143,49.9534301758,54.9223518372,60.0601119995,65.2842636108,71.1683120728,77.7324523926,104.7560424805,100.1084060669,95.6255493164,90.3832092285,85.6880264282,81.0782546997,77.2552337646,73.0491943359],"6":[808.0317382812,807.8380737305,808.4973754883,808.6119384766,808.6663818359,808.6572875977,808.6225585938,809.2788696289,839.9503173828,839.9681396484,839.9407348633,839.8715209961,839.9991455078,840.2212524414,840.3948364258,840.6143188477],"7":[27.0701122284,29.3867073059,31.3310222626,32.9364356995,35.3362121582,37.5788650513,40.1872291565,42.9567527771,73.1147460938,71.1360626221,68.7063522339,66.2338409424,64.2406539917,62.4101333618,60.6293487549,57.779083252],"8":[490.8938598633,490.5747070312,490.5626831055,490.3912658691,490.2045898438,489.9786987305,489.9946289062,490.0507202148,523.9583129883,523.7828979492,523.6044921875,523.8159179688,524.337890625,525.1079101562,525.6721801758,526.1000976562],"9":[394.3963928223,402.5131530762,409.5575256348,415.9339599609,422.5604858398,428.2160949707,433.8844604492,440.3175048828,471.2051086426,466.1867980957,459.4306945801,453.5522155762,447.7032165527,440.2236633301,433.6380310059,426.8701477051],"10":[876.9434204102,876.9598388672,876.9149780273,876.7691040039,876.6481933594,876.214050293,875.91015625,876.6159057617,912.5212402344,912.5426025391,912.0601806641,911.989074707,912.3260498047,912.3209228516,912.1890869141,912.1608886719],"11":[398.3589477539,391.7924194336,382.0780944824,370.6790771484,358.9077758789,351.741973877,341.4526672363,338.2963256836,331.2114868164,339.8951416016,350.9197387695,359.5520629883,369.359375,379.2151489258,387.4208374023,394.281463623],"12":[422.5303955078,419.6442260742,417.0570068359,414.6410522461,412.662689209,409.8337097168,407.8680725098,407.0558166504,440.2333374023,442.9611206055,444.977355957,447.2456665039,449.6636657715,452.404296875,454.8001098633,456.251159668],"13":[443.0207519531,441.6270446777,438.943939209,436.1706542969,433.8607177734,431.7307128906,430.2619934082,427.7747802734,462.3480529785,465.0892944336,467.3496704102,469.5617675781,470.9814758301,472.5311889648,474.1195373535,475.0060424805],"14":[244.7924957275,247.1411743164,250.0119781494,252.1479797363,254.635635376,256.3832702637,257.5467834473,259.0979309082,298.6293945312,295.6591186523,294.5019226074,292.8096313477,291.1117858887,289.1357727051,286.9711303711,286.1589355469],