{"polygon_x":{"0":[345.0425415039,354.0044555664,362.9974365234,372.9553833008,383.1700439453,393.1041870117,402.6363525391,412.6445922852,383.1981811523,374.1792297363,363.6934814453,354.1171264648,344.0831298828,333.9727478027,324.8943786621,315.2846679688],"1":[200.5570068359,209.1284790039,216.2317810059,224.5090026855,233.3863677979,242.4960327148,251.4404144287,262.4442749023,232.2451934814,221.5119018555,211.2169036865,202.0559387207,192.3971710205,183.9696502686,176.5186157227,169.2888031006],"2":[186.1242523193,188.0446472168,189.6321105957,192.014465332,194.4871826172,195.7842102051,196.9824981689,198.2903747559,166.5768127441,164.2583312988,162.3852844238,160.9574127197,158.5621032715,156.8056335449,154.853729248,152.7301635742],"3":[821.8835449219,821.7485961914,822.0114746094,822.8017578125,823.4616699219,822.9387817383,822.541809082,821.9450683594,789.9730224609,788.8148193359,788.4495849609,788.1253662109,787.4005737305,788.065246582,789.5656738281,789.6866455078],"4":[879.2514038086,882.7867431641,885.3355712891,890.6909179688,894.4454345703,900.5056762695,905.5152587891,908.3500976562,923.4392700195,919.8804321289,918.3912353516,915.3171386719,910.9992675781,906.2098388672,901.0299072266,895.5225830078],"5":[824.7290649414,825.374206543,826.52734375,827.4895019531,827.7568969727,827.9104614258,828.7591552734,829.6075439453,800.1140136719,799.2829589844,797.7869262695,795.9137573242,794.3397216797,793.3704833984,791.9880371094,790.7875976562],"6":[268.7405395508,278.4318847656,288.1460266113,298.1296691895,309.5871582031,318.1801757812,328.633392334,338.6217651367,306.9696044922,298.9177856445,290.050201416,281.9932861328,272.4710083008,263.9071655273,254.8720092773,246.986831665]},"polygon_y":{"0":[550.0169677734,564.0969238281,578.4278564453,593.1486816406,608.0380249023,622.1119384766,636.0473022461,650.6416015625,667.4949951172,655.0258789062,640.1569824219,627.3497924805,613.8218994141,598.9741210938,584.469543457,570.5842895508],"1":[401.7985229492,416.1058959961,429.7191772461,443.8641967773,458.4337768555,472.6329040527,486.4585571289,498.2796020508,525.8197631836,510.4001464844,493.8936767578,478.3206176758,463.4472045898,447.3948364258,431.6154174805,414.7432250977],"2":[363.582824707,369.2033691406,374.3819580078,379.8863525391,385.1136474609,391.6181640625,393.7969970703,399.3519897461,409.7787780762,405.2461242676,399.9374389648,395.954284668,390.3347473145,384.8642578125,379.3568725586,375.3875427246],"3":[423.6603088379,428.7293701172,433.8336791992,438.5812988281,444.0328674316,448.9934997559,452.3350524902,459.0772094727,459.78125,454.2679443359,448.5620117188,441.9708862305,435.1014404297,429.797088623,423.8384399414,421.2566833496],"4":[227.9026031494,228.5766906738,227.6458129883,223.7589111328,222.0957946777,220.5087280273,217.9767456055,214.5237884521,236.2364807129,241.4318695068,242.0654602051,244.627243042,247.6355285645,249.8118591309,251.2063446045,252.5098571777],"5":[464.8717041016,485.1094970703,504.0361938477,524.2403564453,541.8811645508,561.2766723633,582.1979980469,601.4177246094,603.1912841797,584.1334228516,563.6105957031,544.2996826172,524.8188476562,503.1271972656,483.2196350098,463.7805786133],"6":[498.4344177246,503.8284606934,508.6396484375,514.3449707031,521.1107177734,525.4530029297,531.6553955078,539.8493041992,569.4593505859,564.4095458984,558.9533691406,553.2695922852,547.708190918,541.775390625,536.5924072266,531.5754394531]},"text":{"0":"Jeriche","1":"Bethary","2":"Ta","3":"R","4":"a","5":"Bethany","6":"and"},"score":{"0":0.9760504365,"1":0.9509931803,"2":0.7347493172,"3":0.8666784167,"4":0.5009523034,"5":0.9055997729,"6":0.5793987513}}