{"polygon_x":{"0":[377.1815490723,400.0767822266,423.3493041992,447.1586303711,470.1201782227,493.3465576172,517.0505371094,540.4172363281,540.6052246094,517.055847168,494.0191955566,470.6845397949,447.4064941406,423.6294250488,400.4741210938,376.8966674805],"1":[894.4072875977,911.915222168,926.6912841797,942.7761230469,957.6740722656,974.1335449219,988.5122680664,999.9755859375,986.3806152344,970.7631835938,954.8784790039,939.1091918945,922.4612426758,906.2232666016,889.9834594727,874.3879394531],"2":[276.6402893066,278.8589782715,282.1762390137,284.6068115234,287.6522216797,291.8508911133,295.6657409668,300.1083068848,330.4253845215,327.4371948242,322.3719482422,319.5067138672,316.5245666504,313.8866882324,310.4677734375,306.0869750977],"3":[785.0721435547,815.6016845703,845.6315917969,876.276184082,906.5065917969,936.6365966797,966.1458740234,998.0444946289,998.2925415039,966.5473022461,937.3192138672,906.4343261719,876.3240966797,845.9880981445,816.1270751953,785.6244506836],"4":[656.3787841797,671.5827636719,686.7233276367,702.0129394531,716.9102783203,731.8004760742,746.8455810547,761.7059936523,761.809753418,745.9692993164,730.9714355469,716.29296875,701.5615844727,686.0527954102,671.0620727539,655.0525512695],"5":[641.4270019531,660.2545166016,683.2522583008,706.4696044922,727.4020996094,748.7134399414,769.7071533203,793.5391845703,777.442565918,756.3866577148,734.1018676758,713.6675415039,692.1656494141,668.4351196289,643.9273681641,621.0748901367],"6":[26.8009662628,32.849357605,38.8778572083,44.2567977905,51.0187072754,57.8805847168,64.6986694336,72.4087295532,98.6110687256,90.752243042,84.6365356445,77.1461334229,71.6806030273,66.3980331421,62.2851219177,57.6494293213],"7":[329.3484802246,339.3704833984,349.6382141113,360.2121582031,370.5526733398,381.7951049805,391.7698669434,403.3535461426,426.1160888672,415.3172302246,405.705871582,396.1193237305,384.8065185547,374.6405334473,365.3071899414,356.8200073242],"8":[307.9238891602,309.840423584,311.529510498,313.2861633301,316.2384338379,318.6363830566,321.1932373047,323.9032287598,354.488861084,351.8104553223,348.5635681152,344.9533081055,341.5236816406,339.0036315918,336.4793701172,334.725982666],"9":[112.4678039551,123.9169692993,133.5991516113,144.068939209,154.9740753174,165.7791137695,174.7298583984,187.5979003906,211.261428833,201.4688415527,192.9307861328,182.0101013184,171.1161499023,159.486038208,146.845123291,135.0799255371],"10":[567.2926025391,576.4273681641,584.4243774414,593.5638427734,601.90234375,610.6463012695,619.1605834961,628.1250610352,628.7093505859,619.875793457,610.7348022461,602.7167358398,594.0075683594,585.5805664062,576.9143676758,567.7369384766],"11":[83.597114563,86.5534973145,89.6078491211,93.1017227173,96.416557312,99.4967269897,102.4515533447,106.1069030762,130.2667236328,127.1011657715,123.6825256348,119.9602584839,115.6056671143,111.8004989624,108.4753417969,105.3566131592],"12":[189.7994995117,190.8756103516,191.7610168457,192.3898620605,193.1960754395,194.8342590332,196.9923706055,198.2559814453,231.8541717529,231.4361572266,230.3806304932,228.1856994629,227.1114959717,225.556854248,224.3337860107,225.6669616699],"13":[40.5363273621,45.8327178955,50.5481185913,55.4132919312,59.8646202087,64.8722991943,69.1655578613,74.2630004883,75.4660263062,70.9747467041,66.2865219116,61.1720352173,56.232509613,51.5852546692,47.0856933594,40.6945037842],"14":[910.7969970703,923.6911010742,938.5830078125,951.6397094727,964.7722167969,976.8317871094,989.75,999.9716186523,999.6168212891,986.3288574219,973.9208374023,961.3820800781,947.6162719727,933.1444091797,917.8433837891,909.6713867188],"15":[622.5158081055,627.6116333008,633.3540039062,638.3157958984,642.5517578125,647.5811157227,654.0664672852,660.4669799805,667.3714599609,661.6906738281,656.378112793,651.5996704102,646.0751342773,641.9183349609,636.7575683594,630.9195556641],"16":[919.7600708008,923.2756347656,928.3399658203,933.6211547852,938.0540771484,942.8029785156,947.9678955078,955.526184082,969.1635742188,963.3507080078,958.1978759766,953.1513061523,948.6457519531,944.2816162109,938.8104858398,934.1794433594],"17":[599.3822021484,602.2632446289,603.3198242188,604.991027832,607.3355102539,609.2467651367,612.005859375,614.7405395508,595.0106201172,593.3530273438,590.7288818359,587.6978149414,584.7640380859,582.6467895508,580.9177246094,579.4325561523],"18":[824.5698242188,829.7496948242,835.3491210938,840.7031860352,846.0806884766,851.8536376953,856.7880249023,863.8143920898,844.9545288086,838.3074951172,832.4295043945,826.5198364258,820.0009155273,814.5856933594,808.6663818359,803.3127441406],"19":[263.7599182129,267.0239868164,269.3918151855,270.7141723633,273.3656005859,275.4838256836,276.7211608887,278.6507263184,312.3336486816,310.8788757324,308.1724243164,306.4059753418,303.4014587402,302.1368408203,299.4429321289,297.775604248],"20":[701.6668701172,706.0061035156,709.7808837891,713.1685791016,716.494140625,720.6799926758,724.5153808594,728.3724975586,729.1624755859,725.8543701172,721.3947753906,716.9370117188,713.0074462891,709.405456543,705.5358276367,702.1003417969],"21":[477.2115783691,482.5587463379,486.1405639648,489.7131652832,493.4166259766,497.4829711914,500.962890625,505.0941772461,503.1838378906,499.7743225098,495.6766357422,490.4069213867,486.0806884766,482.1156616211,478.5101318359,475.5179138184],"22":[661.9979858398,664.1348266602,666.7766723633,669.9154663086,674.8012695312,676.7578735352,679.1516723633,685.8333740234,649.8467407227,649.623046875,646.4654541016,645.5107421875,640.6575927734,637.3651733398,634.7219848633,629.4786987305],"23":[705.8240966797,707.8751220703,709.6603393555,712.842956543,717.1499633789,719.2247924805,722.5120849609,726.8883056641,702.6221923828,699.0005493164,697.1771240234,694.0793457031,689.1649780273,685.8618164062,682.7362060547,678.5301513672]},"polygon_y":{"0":[920.5772705078,920.8447875977,920.9667358398,921.0305175781,921.0248413086,920.3492431641,920.5754394531,920.4047851562,959.8624267578,960.2624511719,959.7978515625,959.4509277344,959.7302856445,958.8436279297,959.3145141602,958.8267822266],"1":[679.5366821289,693.7196044922,708.8764648438,722.2362060547,735.6154785156,751.5611572266,767.1987304688,780.5825195312,805.4672241211,789.6817626953,775.9475708008,761.712890625,749.2725830078,735.9030151367,722.6266479492,708.1275634766],"2":[925.4217529297,905.19140625,882.0415649414,862.5933837891,839.1264648438,814.2976074219,788.2756347656,762.2000732422,775.9667358398,799.3569946289,822.2806396484,845.9970703125,868.2528686523,891.3591918945,914.2450561523,940.9246826172],"3":[928.1873168945,927.2201538086,927.3519287109,927.6653442383,927.9418334961,928.2080078125,928.2473144531,929.4028320312,966.1223754883,965.8217773438,965.9897460938,965.7774658203,965.6356811523,965.4331054688,965.3961791992,965.5844726562],"4":[924.3199462891,924.390625,924.5081176758,924.8272094727,925.0341186523,924.8763427734,925.2026977539,926.1959838867,962.7359619141,962.5420532227,961.8383789062,961.6439819336,961.4838256836,960.9864501953,960.5557250977,959.8865356445],"5":[528.4086914062,536.7635498047,545.3313598633,555.4559326172,564.6669311523,577.4165039062,588.8245849609,603.5904541016,629.5250244141,617.3685302734,608.2346191406,598.1427001953,589.0667114258,580.4114990234,573.926940918,567.126159668],"6":[957.3059692383,938.6756591797,920.1225585938,901.71484375,882.7322998047,863.8610839844,845.1630859375,828.7036743164,845.2411499023,862.9863891602,880.6567993164,900.6090698242,917.8121337891,935.5228271484,952.673034668,970.9961547852],"7":[668.7312011719,654.974609375,640.9124145508,627.7805175781,615.0889892578,601.5862426758,588.9587402344,575.1129760742,597.96875,611.8265380859,625.3607788086,637.2707519531,651.84375,666.0522460938,679.327331543,692.7995605469],