{"polygon_x":{"0":[244.5404815674,267.9301452637,292.6095275879,317.6312866211,342.1691589355,366.7762451172,391.3837890625,416.0228271484,415.3542480469,390.7049560547,366.4284667969,341.7989807129,317.5748596191,293.0783691406,268.7377929688,244.6058807373],"1":[3.1016793251,18.4118556976,33.9555130005,50.1679420471,65.231590271,80.8811798096,96.1635971069,111.9389419556,111.8982086182,96.6375045776,81.1651992798,65.7775268555,50.3188285828,34.541343689,18.8065795898,2.568505764],"2":[898.2366943359,910.7630615234,923.6243896484,936.7353515625,949.5205688477,962.4675292969,975.4002685547,988.3016967773,988.0844116211,976.6384887695,963.7368774414,950.6186523438,937.6036376953,925.0023803711,912.0134277344,899.2006835938],"3":[106.1465835571,112.4553070068,118.4183197021,124.8544998169,130.8958740234,137.18800354,142.6918182373,148.8705596924,149.2094116211,143.2583312988,137.2300720215,131.3942108154,125.007598877,119.017250061,112.616317749,106.226348877],"4":[588.5674438477,597.9953613281,606.9377441406,616.6468505859,626.7528076172,636.0092163086,644.5256958008,653.6486816406,652.6864013672,644.8076782227,634.836730957,625.1990966797,616.125,606.8140869141,597.6702270508,588.08984375],"5":[13.6571445465,20.552980423,26.9605731964,33.5307769775,40.0837516785,46.4612121582,52.8279953003,59.4164810181,59.5489959717,53.427696228,46.7639694214,40.5289649963,33.8805961609,27.312707901,21.0196094513,14.1471252441],"6":[193.6507568359,199.6429138184,205.8150939941,212.3056640625,218.7247924805,225.1986846924,231.1351318359,236.8784942627,236.6879577637,230.9304656982,224.7247009277,218.4585876465,212.3890838623,206.3714294434,200.2028808594,193.5200195312],"7":[149.9190368652,158.7238769531,167.7023620605,176.8285522461,185.7285919189,194.5709381104,203.1228027344,212.1441650391,211.8248901367,203.0240020752,193.9889831543,185.7115936279,176.7679443359,167.7578887939,158.8533325195,149.9691009521],"8":[638.0140380859,644.7763061523,651.6351318359,658.8085327148,666.2329101562,673.2257080078,679.9893188477,686.5516357422,686.6455688477,679.827331543,672.9420166016,666.3283691406,659.0842285156,652.4763183594,645.7306518555,638.5137329102],"9":[552.0842895508,558.555847168,564.5620727539,571.0843505859,577.6226196289,584.2338867188,590.3614501953,596.3425292969,596.2001953125,590.5091552734,584.0599365234,577.9340209961,571.3524169922,565.3427734375,559.1069335938,551.7644042969],"10":[463.3965454102,469.9320068359,476.1770019531,483.090057373,490.2325439453,497.2148132324,503.9059143066,509.9306030273,510.5068359375,504.0432739258,497.5221557617,491.0665893555,483.8453979492,477.2009277344,470.6073303223,463.3179016113],"11":[730.6741333008,737.0336914062,743.3942871094,750.162902832,756.8505249023,763.6501464844,769.9899291992,776.2658081055,776.9058227539,770.5463867188,763.7688598633,757.4539794922,750.6124267578,744.0922851562,737.619934082,730.6397705078],"12":[905.2597045898,912.6343994141,919.7006225586,926.9146118164,934.143737793,941.1340332031,948.34765625,955.3931884766,955.9315185547,949.5704345703,942.2515258789,934.7301025391,927.2112426758,920.0020751953,912.8793334961,904.7353515625],"13":[687.1060791016,694.9016113281,702.4208984375,711.008605957,718.5885009766,726.3665771484,734.0828857422,741.8743896484,742.4625244141,735.6004638672,726.9072265625,718.9118041992,710.5959472656,703.1236572266,694.8436889648,687.3906860352],"14":[283.6272888184,289.5617980957,295.6438903809,301.9772033691,308.6322631836,315.3109436035,321.0723876953,326.9259643555,327.0741577148,321.270324707,315.0791625977,308.7737426758,302.1870727539,296.0781555176,289.9444274902,283.4039611816],"15":[742.6972045898,750.9133911133,760.3671264648,770.4468994141,780.7095336914,791.5860595703,802.5233154297,812.9761352539,807.590637207,797.3721923828,787.8295288086,779.0172119141,770.1425170898,761.9995117188,752.2699584961,743.2994384766],"16":[372.3553161621,378.2353515625,384.3129882812,390.5880126953,396.8673095703,403.2273864746,409.2077636719,415.3796691895,415.4742736816,409.5913391113,403.4938354492,397.335357666,390.9411315918,384.9392700195,378.9155578613,372.1663818359],"17":[819.9147949219,826.8319702148,833.3789672852,840.7396850586,847.5114746094,854.5927734375,860.7126464844,867.146484375,867.0236816406,860.6773681641,854.1161499023,847.3218994141,840.319152832,833.2718505859,826.3754272461,819.2075195312],"18":[502.138671875,507.0463867188,511.319519043,515.3455810547,519.8745727539,524.3082885742,528.0325317383,532.5646972656,531.8642578125,528.4160766602,524.1697998047,519.1140136719,514.3662719727,510.4083862305,506.1966247559,500.3113098145],"19":[178.5617828369,184.467086792,189.4599151611,194.5843353271,199.7091674805,204.7006072998,209.1606750488,213.503112793,217.9588012695,213.2049560547,208.9540710449,201.9976501465,196.2853393555,190.7901763916,184.5610809326,178.3328399658],"20":[656.1233520508,660.0924072266,663.8392333984,667.7379760742,670.8519287109,673.7470703125,677.1602783203,680.8653564453,682.0625,679.1607055664,676.3806152344,672.9202880859,670.1526489258,666.8515014648,663.4149169922,659.1779174805],"21":[845.9819946289,854.8934326172,862.2972412109,869.5539550781,876.3558959961,883.6166992188,890.7746582031,898.0194091797,897.7444458008,891.1340332031,883.3549804688,875.9546508789,868.4382324219,860.9711914062,852.8399658203,848.8732910156]},"polygon_y":{"0":[229.0826263428,229.215423584,229.7675170898,229.3803405762,229.2760925293,228.8949279785,228.7060699463,229.3236541748,267.2541809082,266.5229797363,266.1470947266,266.0044555664,265.5891113281,264.9266967773,264.8057250977,264.5560302734],"1":[227.1998291016,226.4968566895,226.6494750977,227.0637359619,226.6278686523,226.1198577881,225.9143371582,226.1265411377,260.6185913086,260.4344177246,260.1386108398,259.8276672363,259.4536743164,259.2862548828,259.3871154785,259.4194335938],"2":[84.1394958496,85.1001358032,85.6746520996,86.4122848511,86.5542755127,87.4886398315,88.1231613159,88.3901519775,119.3893356323,118.7033462524,119.1851196289,119.3735427856,119.202041626,119.1843109131,119.5600204468,119.8100662231],"3":[307.9573364258,307.2723693848,307.4772338867,307.5798950195,307.3219299316,307.2445068359,307.0778503418,307.3836364746,332.068359375,332.2696533203,332.2073669434,332.0608825684,332.0268249512,332.2929077148,332.5286254883,332.3281555176],"4":[75.3312988281,76.2653121948,77.39894104,78.6059036255,79.1356506348,79.7727661133,80.6975860596,81.5586166382,119.9766693115,119.381111145,118.1602325439,117.1932678223,116.5754089355,115.2824020386,113.8373947144,112.9068069458],"5":[306.2497253418,305.9807739258,305.9506835938,306.1131286621,305.6635742188,305.5491027832,305.4296264648,305.6528015137,329.7743530273,329.7333374023,329.6284179688,329.7272338867,329.6481933594,329.9967651367,329.8952636719,329.4462585449],"6":[309.0897216797,308.6850891113,308.9719238281,309.3270263672,309.0462036133,308.9369506836,308.8357849121,308.8928222656,333.515625,333.3791503906,333.0003051758,332.859954834,332.7397155762,332.6228637695,332.6008605957,332.3562011719],"7":[227.5923919678,227.6783447266,227.9559631348,227.932723999,227.7645874023,227.2961273193,227.2803649902,226.8905944824,260.8181762695,261.1302185059,261.2080688477,261.1450195312,260.8890075684,260.6939697266,260.8725280762,261.3059692383],"8":[318.1504516602,317.6871948242,317.633026123,317.8582458496,317.5267028809,317.1404724121,316.6513977051,317.137878418,342.9370117188,342.7764892578,342.6873474121,342.6819458008,342.634765625,342.8489379883,343.1669921875,343.0712585449],"9":[315.7708740234,315.2814331055,315.1647644043,315.3707580566,315.2002868652,315.0166015625,314.7256164551,314.9356384277,340.4427490234,340.1920166016,340.032409668,339.7764282227,339.9877319336,340.2357788086,340.3210144043,340.3131408691],