{"polygon_x":{"0":[17.6780929565,32.4389724731,47.9936447144,63.6543464661,78.8455352783,94.1775360107,109.438331604,125.0956802368,125.6485595703,110.1767883301,94.7124862671,79.3040618896,64.4089126587,49.2139015198,33.4491653442,18.8636245728],"1":[915.2165527344,928.4898681641,941.0433349609,953.8697509766,965.7019042969,977.589050293,989.5792236328,999.9071655273,999.9567260742,989.6918945312,977.9586791992,966.2096557617,953.9313354492,941.5373535156,929.095703125,915.4499511719],"2":[836.8084716797,842.8870239258,849.1246948242,855.6332397461,861.6507568359,868.0227661133,874.0057373047,880.0994262695,880.1455688477,874.2385864258,868.1143798828,861.9571533203,855.5610351562,849.3454589844,843.0103759766,836.4558105469],"3":[110.2563552856,125.2514266968,140.3348236084,156.0607452393,171.1768341064,186.1312866211,200.6190490723,216.0908660889,215.751953125,200.2281799316,185.3826141357,170.6838378906,155.6629943848,140.8240814209,125.7587509155,110.0776290894],"4":[925.9478759766,932.7426757812,938.8787231445,945.7080078125,952.5208740234,959.299621582,965.2197265625,971.1981811523,971.8415527344,966.0640869141,959.5297241211,953.2005615234,946.3905029297,939.9334106445,933.5421142578,926.5617675781],"5":[484.8387145996,488.8139038086,492.7657775879,497.5028076172,501.5380554199,506.0405883789,509.7497558594,513.9141845703,513.3568725586,509.9879150391,505.7143554688,501.2738647461,496.9338684082,492.9906921387,488.7711181641,483.7864379883],"6":[1.6684167385,20.1228485107,38.2439842224,57.3804893494,75.4906692505,93.7538833618,111.5680084229,130.509475708,129.9621429443,112.5807037354,94.2962799072,76.0696716309,58.0186538696,39.2371673584,21.3879375458,2.1961629391],"7":[525.9723510742,530.6714477539,534.6893920898,539.2363891602,543.9925537109,548.7374267578,552.7830810547,557.2260131836,557.21484375,553.7018432617,548.4298095703,543.8255615234,539.0457763672,534.7448730469,530.5573730469,525.3368530273],"8":[746.4409179688,752.9986572266,759.57421875,766.8475952148,773.3878173828,780.3055419922,786.3571777344,792.6150512695,792.1964111328,785.7724609375,779.1651000977,772.9044189453,766.0674438477,759.5267333984,752.7177734375,746.0069580078],"9":[0.0100007802,14.4017419815,30.7634391785,46.8905944824,63.4763259888,80.3052902222,97.5336151123,115.7917709351,115.6556243896,98.0110321045,80.8926086426,64.3017044067,47.5045852661,31.0124855042,14.4483833313,0.0301352665],"10":[667.4221801758,671.9154052734,676.0314941406,680.9102783203,685.5463867188,690.1557617188,693.9901123047,698.6170654297,699.0297851562,694.6392822266,690.0494995117,685.6384277344,681.0042724609,676.7908935547,672.1975097656,667.227722168],"11":[182.5414123535,186.6484069824,191.4786987305,195.7701873779,199.5068969727,203.6899414062,207.4501190186,211.3005065918,213.3880462646,208.7818908691,204.4634399414,199.9505310059,195.8414001465,191.5502166748,186.7839660645,182.0345306396],"12":[515.7601318359,520.5084228516,524.5498046875,528.897277832,533.6022338867,537.951171875,541.7598266602,546.2557373047,547.1558227539,542.9535522461,538.5314331055,533.9005126953,529.133605957,524.8767089844,520.9029541016,515.2631835938],"13":[847.9014892578,853.1342773438,857.6522827148,862.1383056641,866.4688720703,871.2192382812,875.5810546875,880.2123413086,881.7031860352,877.2445068359,872.5786132812,867.2887573242,863.0774536133,858.5874023438,853.7572021484,848.3126831055],"14":[0.0534832701,8.0973329544,15.8089008331,24.1811408997,32.4299468994,41.1823043823,49.8604278564,58.601020813,59.5785865784,51.7763748169,41.6977005005,32.6614532471,24.1562767029,16.1042575836,7.9897127151,0.041181948],"15":[126.4937515259,153.3577270508,180.5460205078,208.1087341309,236.1672821045,263.9196166992,291.015045166,317.8292236328,319.2760620117,294.2409973145,266.0206298828,237.2654724121,210.2319946289,182.4078521729,155.5828857422,128.5376281738],"16":[75.2834014893,79.6721191406,83.752822876,87.6533050537,91.2978286743,95.1689529419,98.9260864258,103.180847168,105.2376480103,100.6460266113,96.670539856,92.7338409424,88.8552856445,85.0046539307,80.7565612793,77.4575958252]},"polygon_y":{"0":[561.7022705078,561.6944580078,562.0262451172,561.7794799805,561.1422119141,560.9296875,560.842956543,561.0603637695,602.274230957,602.1441040039,601.8411865234,601.5679321289,601.3982543945,601.0659790039,601.0914916992,600.3843994141],"1":[224.7537536621,224.5892486572,225.0108337402,225.1341400146,225.0055847168,225.245300293,225.6809082031,225.6080322266,258.3243103027,258.7041931152,258.3618164062,258.235748291,258.2191772461,258.6373291016,258.9228515625,259.3199462891],"2":[304.111907959,303.5239868164,303.643157959,303.9149169922,303.670501709,303.7249450684,303.5783691406,303.8474121094,327.6206054688,327.6022644043,327.1099243164,326.9509277344,326.9113769531,327.1995544434,327.2581787109,326.7047729492],"3":[51.4471435547,50.7346496582,51.4388656616,52.504940033,53.2275352478,53.9580993652,55.1446533203,57.2198562622,98.1637420654,95.7404174805,94.2624511719,92.901008606,91.8144836426,90.5401535034,89.5509338379,89.652015686],"4":[304.9692382812,304.5587768555,304.6991577148,304.567199707,304.345489502,304.2690429688,304.2399597168,304.5903320312,328.664855957,328.7746887207,328.5155944824,328.5192565918,328.5936889648,329.0520629883,329.4460754395,329.4781188965],"5":[299.0313415527,298.9653930664,299.3530273438,299.5698547363,299.583770752,299.3600463867,299.6083984375,300.1827392578,323.7415771484,323.6399841309,322.7990722656,322.4564208984,322.6015625,322.7624206543,322.7557373047,322.6602783203],"6":[384.9573059082,383.5175170898,382.2771911621,382.2245788574,381.9023132324,381.3645019531,381.3648071289,383.0422973633,418.8610229492,418.5955810547,418.5864257812,418.4877319336,418.392791748,418.3366699219,418.7327270508,419.4984436035],"7":[300.5737915039,300.8284912109,301.095916748,300.9898681641,300.9946899414,300.8108825684,300.6752319336,300.6009216309,323.8178710938,323.706817627,323.2869873047,323.1663208008,323.196105957,322.9267578125,323.1469421387,323.4652099609],"8":[302.5730285645,301.9521484375,302.258026123,302.6620788574,302.5978393555,302.6650695801,302.6294250488,303.3810119629,327.9025268555,327.8120117188,327.116973877,326.7870483398,326.6662902832,326.6642456055,326.6363830566,326.165802002],"9":[473.2428283691,472.421081543,472.2164611816,472.0025024414,471.6241760254,471.0388183594,470.479095459,470.5955200195,505.3424682617,505.3389892578,505.7937011719,505.2360229492,504.7639160156,504.6760559082,505.1541748047,504.8416137695],"10":[301.8234863281,301.3438110352,301.6030883789,301.7012329102,301.5339355469,301.3563537598,301.0600585938,301.4762573242,325.6126098633,325.5419311523,325.1265869141,324.8960876465,325.1458740234,325.1628112793,325.3195495605,325.436706543],"11":[912.7271728516,913.1475830078,913.9234008789,914.0236816406,913.8381958008,913.3472900391,912.3737792969,912.7346191406,949.0829467773,949.6467285156,949.3789672852,949.436340332,949.6239013672,950.0526123047,950.7763671875,951.1480712891],"12":[913.3720703125,913.2048950195,913.4442749023,913.4151611328,913.3118896484,912.8827514648,912.6099853516,912.8262939453,950.9234619141,951.1807250977,950.5295410156,950.6124267578,950.7009277344,951.0568847656,951.2975463867,951.7403564453],"13":[915.8427734375,915.5070800781,915.5612182617,915.5808105469,915.4033813477,915.2796020508,915.3464355469,915.7037353516,953.2736206055,953.4081420898,953.0693969727,953.1317749023,953.3029174805,953.6544799805,953.9228515625,954.6510009766],"14":[51.5846290588,51.7485427856,51.6806793213,51.3671417236,50.9787902832,50.4088439941,49.7290992737,49.9076271057,85.7713394165,86.4777755737,87.0178909302,87.2917251587,87.4197006226,87.2610092163,86.9952774048,86.7095184326],"15":[474.9138183594,472.5827331543,471.267364502,470.1467285156,469.2598876953,468.7409057617,468.088684082,468.6380615234,512.3420410156,512.0017700195,512.0193481445,513.1798706055,514.8524169922,514.9723510742,516.1920166016,520.3572998047],