{"polygon_x":{"0":[301.7946166992,324.4233398438,346.9923706055,369.925567627,392.8968505859,416.0523071289,438.9951782227,461.8210449219,463.2429504395,441.5975646973,417.877532959,394.1259460449,371.1220092773,348.6203308105,325.445526123,302.8155822754],"1":[143.3915863037,164.7232208252,187.0234527588,209.9478912354,232.6948852539,255.7624816895,278.407043457,300.4114990234,298.9408874512,277.66796875,255.8318786621,232.7915039062,210.5517272949,188.1239013672,165.2859649658,143.2891082764],"2":[328.2365722656,348.7112121582,370.1403503418,392.3760681152,414.379119873,436.2943725586,457.9672851562,479.3410949707,480.0700378418,459.9154663086,437.9790649414,415.2088928223,393.3421325684,371.7270202637,349.8133850098,327.655090332],"3":[3.5124514103,31.3407173157,60.4111289978,91.2636413574,119.8115692139,150.5415496826,180.3784332275,208.5547027588,208.9356079102,180.5039367676,151.3044586182,121.0920410156,92.226348877,61.811882019,32.4717483521,1.9070612192],"4":[364.7312011719,374.5843811035,383.5412902832,392.4684448242,400.3366088867,409.6361694336,419.0756225586,427.3846130371,427.7072143555,419.4903869629,410.652130127,401.7698364258,393.132019043,384.2254943848,374.5679321289,364.2103881836],"5":[233.7590942383,243.5534057617,253.0810852051,262.7068481445,271.1526489258,280.8570251465,290.7274475098,299.1502075195,299.1837463379,290.8755493164,281.0430603027,271.8983764648,262.8479614258,253.7010955811,243.7317657471,232.8716278076],"6":[105.4686355591,115.3129196167,123.888885498,132.5457458496,139.8945007324,148.2175140381,156.4965515137,164.424987793,166.075668335,157.4857940674,149.0159454346,141.0249786377,132.6596221924,124.4827194214,114.767829895,105.1134414673],"7":[139.9651184082,184.806640625,232.3256530762,279.984375,326.8169555664,374.3903198242,421.3083190918,467.0706176758,467.7902526855,420.8835144043,374.1335449219,326.5729370117,280.0944213867,234.405670166,186.3771820068,139.2647399902],"8":[1.8512362242,6.9399299622,11.4305257797,16.1957511902,20.1122112274,24.2732391357,30.4452629089,34.2799568176,35.1219596863,31.3437957764,26.1684246063,21.4864139557,17.575334549,13.1065568924,8.4565391541,2.2468366623]},"polygon_y":{"0":[135.4784240723,135.1836853027,134.572769165,134.2603302002,133.620513916,132.917755127,132.6141815186,132.5845031738,170.884979248,170.8243103027,170.9407653809,170.7384643555,170.8968200684,170.9870147705,171.6222381592,171.6981811523],"1":[136.3073577881,136.236328125,135.8323822021,135.7590332031,135.6480560303,135.2446899414,134.7725524902,134.9204864502,172.3597412109,172.0304870605,171.4191589355,171.6682434082,172.2543945312,171.8487854004,172.3538970947,172.5637207031],"2":[174.8434143066,174.9809112549,175.2633361816,175.1055297852,174.921875,174.2983398438,173.9655303955,174.1986694336,227.3662719727,228.2106323242,227.8857574463,227.8952941895,227.8950805664,227.6504669189,228.1370391846,228.0725250244],"3":[173.2332611084,171.6480865479,171.7979125977,172.5223083496,172.6970062256,172.5364074707,173.088973999,174.1450500488,230.0238189697,229.7883911133,230.1144714355,230.4687805176,230.4300842285,230.4802703857,229.8815155029,232.032989502],"4":[0.3539891243,0.4116153121,0.419177115,0.2931519747,0.3933044076,0.4582379758,0.3867897093,0.1585560739,37.0925865173,35.9861106873,35.8004837036,35.7124938965,35.524810791,35.7070121765,36.0167312622,35.7988624573],"5":[0.1272217184,0.1367636323,0.1610705256,0.1387234032,0.219717145,0.3819687963,0.3556802869,0.1926436424,36.683631897,36.0780487061,36.2068481445,36.4380073547,36.1199264526,35.9593353271,36.4831047058,36.2647590637],"6":[0.1575553566,0.1287761629,0.1541340649,0.1052958369,0.1540293097,0.1844553798,0.1789428145,0.0751581341,35.8943023682,35.504573822,35.4842071533,35.7554931641,35.8032455444,35.9390335083,36.4572219849,36.5365524292],"7":[39.4515304565,39.8400535583,41.2170791626,40.5127906799,41.4282798767,40.1406517029,37.7107391357,38.07837677,130.6593170166,131.9178924561,132.6343994141,132.533782959,132.3906860352,132.6974487305,132.336517334,132.3585510254],"8":[0.152093336,0.2229756266,0.2123539448,0.1438197941,0.1108663082,0.1263310313,0.1991286576,0.064803943,34.6092262268,34.1858901978,34.1273765564,34.2047805786,34.3603477478,34.6547431946,34.5733032227,35.0255661011]},"text":{"0":"PRODUCT","1":"LICENSED","2":"Black","3":"3\/Color","4":"119","5":"118","6":"17","7":"Kodak","8":"6"},"score":{"0":0.989842236,"1":0.9877447486,"2":0.9892727137,"3":0.9831616879,"4":0.9475112557,"5":0.9084926844,"6":0.9634033442,"7":0.9906793237,"8":0.9579607844}}