{"polygon_x":{"0":[925.5634765625,937.1776733398,948.9458618164,959.9553833008,970.4763183594,981.3233642578,991.8323364258,999.9738769531,999.9880981445,992.1114501953,981.7768554688,971.1060791016,960.1314697266,949.6455078125,938.0139160156,926.1971435547]},"polygon_y":{"0":[42.482711792,42.6989707947,43.6659812927,44.3008995056,44.5782051086,44.6137084961,45.3506278992,46.3851966858,85.1891479492,86.2995529175,86.4448699951,86.0648193359,86.1849594116,86.6945800781,86.5522918701,86.2055892944]},"text":{"0":"Cer"},"score":{"0":0.9429495931}}