{"polygon_x":{"0":[254.349609375,297.3842773438,341.4122009277,385.6317138672,429.2218017578,473.1139526367,516.1924438477,562.5620727539,561.8025512695,516.6965332031,474.216003418,430.0986022949,386.2937927246,342.9440612793,299.09375,255.174407959],"1":[328.4934082031,351.4073486328,373.7899169922,395.9161376953,417.9346313477,440.3494262695,463.4183959961,487.041015625,486.8771362305,463.3067016602,441.0912475586,418.6413574219,396.3192138672,373.9178771973,351.3975830078,327.2039489746],"2":[171.4263153076,186.7554016113,202.0635070801,217.5250091553,233.008605957,248.4991455078,264.1951904297,279.2663879395,279.0042724609,263.3496704102,248.1255950928,233.0705566406,217.8938903809,202.5966033936,187.3441314697,171.5739593506],"3":[780.5242919922,812.73828125,839.6127929688,868.9041137695,898.3680419922,927.2989501953,956.7891845703,990.931640625,965.4672851562,935.4576416016,907.6109619141,878.609375,850.2930908203,821.2058105469,791.2975463867,760.0706787109],"4":[146.3392028809,156.7416229248,167.3446655273,178.4014282227,189.6504974365,200.4478607178,211.3071899414,220.0139007568,220.5406188965,210.7649841309,199.6870422363,189.2378234863,178.3748474121,167.8218688965,157.0791015625,146.0778656006],"5":[324.3793945312,344.7828979492,364.9721984863,385.8427429199,406.7086486816,428.0200195312,449.8181152344,470.0268859863,471.1627197266,450.6185302734,428.7301635742,408.3476257324,387.2412719727,366.4683837891,345.2534484863,323.2621765137],"6":[277.9696655273,284.8120727539,290.8082580566,296.6049499512,303.3385009766,309.7256469727,316.2272949219,322.4229736328,321.8322143555,314.8157043457,308.2471313477,302.3793945312,296.5419616699,290.6975097656,284.8276977539,277.784576416],"7":[388.4808044434,394.6571655273,399.9548950195,405.4323730469,410.7077026367,416.1006469727,421.988067627,426.7619628906,426.5749816895,422.4551696777,416.2229003906,410.9056396484,405.8578491211,400.8134765625,395.484161377,389.2321472168],"8":[927.7999267578,932.6898193359,936.7941894531,940.8612670898,944.977722168,949.6481933594,953.6249389648,957.0810546875,955.3866577148,951.4393310547,947.7003173828,944.041809082,940.2897949219,936.2551879883,932.4461669922,926.9461669922],"9":[285.6541137695,306.1670532227,326.0257568359,346.2601928711,366.4839477539,386.8556213379,407.3261108398,427.4065856934,428.4942626953,407.5787963867,387.0777587891,366.8284606934,346.5686035156,326.1114807129,305.6924133301,285.154083252],"10":[436.1622924805,440.0037231445,443.2530212402,446.608001709,450.1351318359,454.076171875,457.6416625977,461.3313598633,461.4263916016,458.6536254883,454.739654541,450.5433959961,447.0340576172,443.5387878418,440.2798461914,435.7605285645],"11":[505.654876709,533.7878417969,562.1896362305,590.1757202148,618.2126464844,646.5798950195,675.7947998047,703.6975708008,703.721862793,675.5797729492,646.9019165039,618.5921630859,590.201965332,562.2498168945,533.9916381836,505.6222229004],"12":[812.7985229492,824.0394287109,834.4968261719,844.6369018555,855.3347167969,865.930847168,876.5489501953,887.8040161133,888.6899414062,877.2751464844,866.9797363281,856.6070556641,845.9282226562,835.4547729492,825.065246582,814.0169677734],"13":[230.2280578613,235.5339050293,241.1455688477,246.5282897949,252.0722351074,257.0450134277,262.4010009766,267.970916748,267.6466369629,263.3741455078,256.8188171387,251.667388916,246.3274230957,240.9580078125,235.6829223633,230.1234436035],"14":[469.7769470215,495.7442932129,520.6364746094,546.0184326172,571.1834106445,596.8400878906,622.374206543,648.2984619141,648.3079833984,622.9282226562,597.3859863281,571.7166137695,546.6107177734,521.5909423828,496.1996765137,470.4124755859],"15":[972.5726318359,977.7601318359,980.6953125,984.5246582031,987.7977905273,990.8920898438,994.8170166016,999.524597168,999.5885620117,995.2954711914,991.6864013672,987.7554931641,983.9336547852,980.5950927734,976.8728027344,970.3561401367],"16":[529.3939208984,534.3474731445,539.4154663086,544.9677734375,550.2368774414,556.0399169922,561.7808227539,566.4108276367,565.5484008789,561.1846923828,555.5269775391,550.2863769531,544.6715087891,539.6306762695,534.7821044922,528.4267578125]},"polygon_y":{"0":[617.0914306641,616.1912231445,615.8104858398,615.578125,614.7471313477,613.6400756836,612.4409790039,612.9747314453,651.9681396484,652.0648803711,652.3481445312,652.7166748047,653.3316040039,653.4097900391,654.1262207031,655.4552612305],"1":[665.9301147461,665.4788208008,665.2294311523,664.6454467773,664.2725219727,663.9141845703,662.6278076172,662.4125976562,701.7537841797,701.6069335938,701.2830200195,701.5064086914,701.7657470703,701.7036132812,702.7155761719,702.8167114258],"2":[541.6577758789,540.6657714844,541.2427978516,540.6538696289,540.5080566406,540.6528930664,540.2564086914,539.8471679688,576.451965332,576.2186279297,576.2006835938,576.2801513672,576.260925293,576.2673339844,576.7900390625,577.0639648438],"3":[665.6634521484,685.9682617188,705.3637084961,725.9686279297,747.2271118164,766.0413208008,786.4549560547,807.3080444336,831.654296875,812.829284668,793.3434448242,773.5210571289,753.4229125977,733.9482421875,714.6986083984,691.8472290039],"4":[666.9970092773,667.1380004883,667.7343139648,668.1326293945,668.3871459961,668.2752685547,668.1964111328,669.2083740234,705.9892578125,705.9086914062,705.4688720703,705.4000244141,705.2490844727,705.3675537109,705.7977905273,705.7164306641],"5":[710.2142944336,710.075012207,710.5032958984,709.5946044922,710.2321777344,710.2237548828,709.1118774414,708.4676513672,753.0573120117,752.4210205078,752.4895629883,753.551940918,754.0034179688,754.1820678711,755.5949707031,755.758605957],"6":[666.7178344727,666.9361572266,666.6691894531,666.5183105469,666.4893188477,666.1276855469,665.4467773438,665.5881347656,703.7457275391,703.4711914062,703.1458129883,703.1948852539,703.3107910156,703.2318725586,703.3276977539,703.1926269531],"7":[576.8628540039,576.7224731445,577.0144042969,576.880859375,576.9681396484,576.6439208984,576.7236328125,577.1199951172,604.8226928711,604.4196166992,604.5064086914,604.4034423828,604.5338134766,604.2224731445,604.6381835938,604.6578369141],"8":[544.3934326172,544.1409301758,544.1276855469,543.7719726562,543.3078613281,543.049987793,542.9172363281,542.6856079102,580.3091430664,579.8167724609,579.5893554688,579.8165283203,580.2691650391,580.6547851562,581.246887207,581.8732299805],"9":[539.0125732422,539.1889648438,539.3393554688,539.0990600586,538.8696899414,538.1118164062,537.6776733398,537.3133544922,573.8758544922,573.658203125,574.034362793,574.0459594727,574.5128173828,575.16015625,575.3674316406,575.5043945312],"10":[538.1597290039,538.2467041016,538.4001464844,538.6405639648,538.4861450195,538.149230957,537.9904785156,537.844909668,575.3244628906,574.7722167969,574.3142089844,574.0877685547,574.1602172852,574.455078125,574.7579956055,574.7559814453],"11":[664.1372680664,663.9060058594,663.6072387695,663.7866210938,663.5260620117,662.9031982422,662.6184692383,662.7111206055,703.138671875,702.6013793945,702.5026855469,702.4027099609,702.5676879883,702.3879394531,702.7109375,702.528137207],"12":[558.5546264648,557.5861816406,555.9899902344,554.7261962891,553.4583740234,552.5676269531,551.3829956055,549.1226196289,589.1141967773,588.5193481445,589.3725585938,590.4591064453,591.2374267578,591.9569091797,593.6348876953,594.5041503906],"13":[667.287902832,667.1857910156,667.7581176758,668.1815185547,668.1845092773,668.5847167969,668.658996582,669.9721679688,706.0870361328,706.1597900391,706.2569580078,706.0192871094,705.7155761719,705.7437744141,705.4946289062,704.8695068359],"14":[538.0422973633,537.5631103516,537.1834716797,536.9705810547,536.3558959961,535.2378540039,534.4598999023,534.7162475586,574.7718505859,574.1716308594,574.1696166992,574.2536010742,574.2078857422,573.9715576172,574.2704467773,574.5007324219],