{"polygon_x":{"0":[351.8235778809,363.3168029785,373.8566589355,382.592010498,392.8200683594,401.0559387207,410.3494567871,420.1640625,396.0076599121,388.2970581055,379.6209106445,369.870880127,360.5217895508,350.0093078613,339.7170715332,328.4202880859],"1":[0.0157047287,17.5877075195,36.6571464539,55.6622276306,74.5254745483,93.7950286865,112.3701477051,131.8017120361,130.9243621826,112.120300293,93.034286499,74.2779693604,54.9498176575,36.4129562378,17.277929306,0.0224467572],"2":[500.5331726074,512.1458129883,523.1616821289,534.9240722656,547.0303344727,558.4736328125,569.887878418,581.3206787109,581.1069335938,569.9210205078,558.040222168,546.0541992188,534.5924072266,522.7705078125,511.2729492188,499.6797485352],"3":[437.3410339355,446.0787658691,454.7198486328,463.4824829102,472.5825195312,481.7383117676,490.317565918,499.4406738281,500.1705322266,491.1565551758,482.0787353516,472.8320007324,463.8164672852,454.4733886719,445.7145996094,436.8209838867],"4":[649.3018188477,660.9327392578,673.6599121094,686.370300293,699.1436767578,711.2549438477,723.3008422852,735.6619873047,735.8072509766,723.7084350586,711.0633544922,698.609375,686.2619628906,673.2235717773,660.5630493164,648.5659790039],"5":[402.9048461914,407.0100097656,411.2311096191,416.2756958008,421.3177185059,426.0246582031,430.6718444824,435.7702941895,436.1728210449,430.7553710938,425.8424072266,421.2834472656,416.3687438965,411.5409851074,406.8359375,401.2515869141],"6":[583.9244384766,589.7901000977,595.4020996094,601.2125854492,607.237487793,613.1773071289,618.9270629883,625.0328369141,625.3852539062,619.2638549805,613.1119384766,607.2241210938,601.4165039062,596.0016479492,590.2272338867,584.0442504883],"7":[312.0992736816,324.9008483887,335.9792785645,346.8372192383,357.3116455078,368.5947875977,378.918762207,390.0096435547,390.4165039062,379.6827392578,368.9798583984,357.7917175293,346.8216247559,335.3515014648,324.5155639648,312.2931213379],"8":[629.4586791992,632.2535400391,634.6298828125,637.1851806641,639.9628295898,643.2376708984,645.7045898438,648.3576049805,648.2021484375,647.3316040039,643.8524780273,640.0002441406,637.0332641602,634.5223388672,631.83984375,629.3811645508],"9":[196.6181182861,204.61328125,211.7204437256,219.2950134277,227.9608764648,236.0511932373,242.9862976074,250.3016815186,252.5531311035,244.38331604,236.9220733643,228.5589752197,220.2986755371,212.1631469727,204.6261444092,197.0828094482],"10":[194.6720275879,201.6510009766,208.5869140625,216.315826416,223.8773803711,231.7510070801,239.5264282227,246.896484375,254.225769043,246.9753875732,239.3525848389,231.5058288574,223.8074493408,216.4716949463,209.2723388672,201.5148773193],"11":[195.1756286621,201.5751037598,207.5162658691,214.3888244629,221.0808410645,228.4476928711,234.8924102783,240.6627502441,244.8614349365,239.1848907471,232.6443786621,225.6988372803,219.6692504883,212.3054504395,206.2458648682,198.5409240723],"12":[194.0832519531,200.8673400879,207.1608581543,213.7383422852,221.0641326904,228.4616699219,234.6913909912,241.7057800293,244.131652832,237.4936828613,230.798828125,223.786315918,217.0402374268,210.4329833984,204.0610046387,196.8290405273]},"polygon_y":{"0":[0.0193556547,2.9316477776,8.2297592163,15.5612077713,27.3445415497,37.2488327026,49.4569015503,62.1120223999,78.0511474609,67.3384094238,56.7156219482,45.5451965332,36.5031890869,27.2520465851,19.6798171997,11.4742736816],"1":[154.1165008545,154.5167999268,154.2711029053,154.4237365723,154.2016143799,154.0298919678,153.7883605957,153.2323913574,181.5846405029,181.0646209717,181.0090026855,181.2815856934,180.9835968018,180.8780517578,181.3909606934,181.6454772949],"2":[744.0100097656,744.0811157227,744.2978515625,743.9960327148,744.2154541016,744.1033935547,744.2313232422,744.2320556641,766.9976806641,766.1703491211,765.1447143555,765.1284179688,764.8797607422,764.5916137695,764.6638183594,764.934387207],"3":[744.3353881836,744.3220214844,744.4549560547,744.4466552734,744.3789672852,743.9877319336,743.9063720703,743.3565673828,764.5025634766,763.9303588867,764.0446777344,764.00390625,764.0426025391,764.3564453125,764.7321166992,764.8033447266],"4":[744.5380249023,744.4024658203,744.430847168,744.6977539062,744.7038574219,744.5538330078,744.3011474609,743.9761962891,767.3402099609,767.1417236328,766.314453125,766.4429321289,765.9525146484,765.7403564453,765.6282958984,765.1605834961],"5":[744.419921875,743.7246704102,743.5786132812,744.0531005859,744.1747436523,743.7575683594,743.5684204102,743.4443359375,764.3940429688,764.2210693359,763.8485717773,764.0229492188,764.1688232422,764.4583129883,764.9874267578,764.7796020508],"6":[744.4404296875,744.3714599609,744.4765625,744.5020141602,744.2609863281,744.0793457031,743.9299316406,743.9232788086,766.0834960938,765.6750488281,765.3104248047,765.5462036133,765.6341552734,765.791015625,766.0721435547,765.8212890625],"7":[98.7404174805,98.5743865967,99.0386886597,98.8671264648,98.5913543701,98.3628082275,99.2088775635,99.1917877197,147.0649414062,147.1566619873,147.1188049316,147.7378997803,148.3603057861,148.9283599854,150.2291412354,151.0],"8":[745.9184570312,745.6262817383,745.4314575195,745.2202148438,745.4217529297,745.0706787109,744.7525024414,744.7834472656,764.7443847656,764.4736328125,764.3033447266,764.3045043945,764.2850341797,764.5581665039,764.6943359375,764.1205444336],"9":[137.1219482422,136.5734710693,136.7468261719,136.2864379883,135.664276123,135.5081481934,135.8625183105,136.1320800781,169.921081543,169.1022949219,168.9108886719,168.9059753418,169.9559783936,169.7827453613,170.8262634277,170.6339263916],"10":[364.9999389648,362.6684265137,361.0115356445,360.2273864746,359.135559082,356.1257324219,354.7062683105,352.856628418,387.9172363281,388.6019897461,389.7352905273,390.5177307129,391.9285583496,393.4253540039,395.5523376465,398.8315124512],"11":[330.4981079102,329.2724914551,327.267791748,325.9485168457,325.2661132812,324.1546020508,323.3839111328,323.0897827148,357.7686767578,359.208190918,359.1772766113,359.7322387695,360.6361083984,361.912902832,363.1491394043,364.3305664062],"12":[169.9136199951,169.7054901123,169.722076416,168.5308685303,167.1903839111,165.1479492188,164.372543335,163.1655273438,200.1572875977,200.8287658691,201.3955841064,202.392791748,203.4622497559,204.0249938965,205.4172973633,206.037902832]},"text":{"0":"HANIE","1":"CANDALE","2":"University.","3":"Hebrew","4":"Geography","5":"The","6":"Dept","7":"(I)","8":"of","9":"(a","10":"(h","11":"(9","12":"(b"},"score":{"0":0.9863306284,"1":0.9847721457,"2":0.9714473486,"3":0.9659568667,"4":0.9800468087,"5":0.9695107341,"6":0.962069273,"7":0.9514473677,"8":0.9494233131,"9":0.9636402726,"10":0.9276744723,"11":0.5940960646,"12":0.9320305586}}